num__cgpa,num__tenth_pct,num__twelfth_pct,num__backlogs,num__leetcode_solved,num__contest_rating,num__dsa_proficiency,num__num_languages_known,num__dbms_score,num__oop_score,num__os_score,num__cn_score,num__num_projects,num__num_ml_projects,num__github_commits,num__has_internship,num__internship_months,num__aptitude_score,num__communication_score,num__resume_score,num__interview_prep_score,num__certifications_count,num__extracurricular_score
0.4864085746376978,-0.07829012274553124,-0.7295833266007102,2.0417519586691513,1.878528059912281,-1.3973633304704451,-1.2705110675886295,-0.8671714989853299,-1.4014681278853909,-1.3735254526097533,1.435306478470724,1.451052073706214,0.9553986932150462,1.785921221465718,1.3581687210157858,1.1314284304186495,0.8401669368964422,2.6920519135969445,0.8015825042747549,-1.0061886004419012,0.1317688149267146,-1.1002666261015883,1.2425943389844003
1.4258611138012722,-0.15374182433599146,-0.5412350020319123,1.0816805047494875,-0.8133433578603334,-1.272710617415819,1.4733616584030114,-0.8671714989853299,-1.4014681278853909,-1.3735254526097533,1.435306478470724,0.019765387570446186,2.2117150712686446,-0.8068437734032816,0.36910091161965947,-0.8838384939911589,-0.6311139667204612,-0.14192703422809946,0.6421109953114534,0.7156572564513968,1.7118039866965065,-1.1002666261015883,-0.2388647411105467
-0.21271889636775232,0.5378987735765671,0.16784104340356154,0.12160905082982407,1.340153776357758,0.1388971331217049,-0.9275269768396744,1.4705180361484222,0.02964447535279087,-0.6653488136506367,0.7140469415507622,-1.4115212985653218,-0.9290758738653516,0.4895387240312183,-0.3773653596227,-0.8838384939911589,-0.6311139667204612,-1.2728576002615677,1.8888882472063542,-1.4176591177141966,0.4558785937512874,-1.1002666261015883,-1.065843611163548
0.180540306072813,-0.44297334709942643,1.1317412926674082,0.12160905082982407,0.9621463006705399,-0.6696610056110057,1.4733616584030114,0.8860956523649842,1.4607570785909727,1.459181103226713,-0.7284721322891611,-0.6958779554974378,0.9553986932150462,0.4895387240312183,-0.9372150630544697,-0.8838384939911589,-0.6311139667204612,1.5345112165979826,-0.5466766169604285,1.0068517763671747,1.4629339779562096,0.7608368091085088,-0.14246843110436871
0.0166823050559111,-0.05313955554871057,0.6885687642702375,-0.8384624030898393,-1.1913508335475516,0.08162426496147124,-0.9275269768396744,-0.8671714989853299,-0.6859118262663001,-0.6653488136506367,-0.007212595369199463,0.7354087306383301,0.3272405041882469,0.4895387240312183,-0.8252451223681158,1.1314284304186495,0.46048154241466055,0.37031798685764766,1.8671421323477224,0.3928111582839029,0.4211525460200831,0.7608368091085088,-2.1515704712331325
-0.9118463673732035,1.7451259990239412,-1.8485939608035657,0.12160905082982407,-1.0882578856328557,0.9979901555252099,-0.9275269768396744,0.8860956523649842,1.4607570785909727,0.7510044642675964,1.435306478470724,-0.6958779554974378,0.3272405041882469,0.4895387240312183,-1.2171399147703545,1.1314284304186495,0.8876276112066649,0.4767585107196217,-0.7568890605938708,0.3231776861301302,-0.8405605215470033,0.7608368091085088,0.2278963389193679
-0.1362518292265318,0.06003799683697975,1.7521828324234467,-0.8384624030898393,-0.297878618286854,-0.9897152688593702,-0.9275269768396744,-1.4515938827687678,0.02964447535279087,0.04282782530847982,-0.007212595369199463,0.7354087306383301,-0.30091768483855236,0.4895387240312183,0.9476122718324881,1.1314284304186495,0.6503242396555514,1.9868834430113707,-1.1918113577665106,-1.3986681707631679,0.641084181651043,0.7608368091085088,2.566775229069267
0.7704291097336619,1.9589058201969143,0.8436791492092462,-0.8384624030898393,-0.3207881622678976,-1.7005726324952117,1.4733616584030114,1.4705180361484222,0.02964447535279087,-1.3735254526097533,-1.4497316692091227,0.7354087306383301,-0.9290758738653516,1.785921221465718,1.5447852888263758,1.1314284304186495,1.0774703084475556,-0.2683251563141929,0.27967574766758696,0.10794695401846807,-1.210971697346515,-0.16971490849653975,-0.11202749110241768
-0.5732064986049378,1.7577012826223506,-1.3500248663567487,-0.8384624030898393,-0.04587363449537527,-1.6028718573983425,-1.6134951583375847,-1.4515938827687678,0.02964447535279087,-0.6653488136506367,-0.007212595369199463,1.451052073706214,0.3272405041882469,-0.8068437734032816,-0.8439067791491747,-0.8838384939911589,-0.6311139667204612,1.2883675051671697,-0.7858838804053806,1.7981412326600505,1.2835160646783215,-0.16971490849653975,-1.0506231411625726
-0.3656530306501952,0.38699537039564486,-1.571611130555334,1.0816805047494875,0.5841388249833217,1.6145157363089018,1.1303775676540562,-1.4515938827687678,-1.4014681278853909,1.459181103226713,0.7140469415507622,-0.6958779554974378,0.3272405041882469,0.4895387240312183,0.0331910895605977,-0.8838384939911589,-0.6311139667204612,0.5366313053919812,0.5696239457826802,1.2980462962829535,0.6295088324073089,-0.16971490849653975,0.7758332589544854
-0.40934849758803593,0.8019797291431796,-0.8071385190702138,0.12160905082982407,-0.9508006217465945,1.422483178359883,1.4733616584030114,-0.28274911520189183,0.02964447535279087,0.7510044642675964,-1.4497316692091227,-0.6958779554974378,-0.9290758738653516,-0.8068437734032816,-1.3477715122377674,1.1314284304186495,0.31809951948399257,0.1507844063923275,-0.0030237454946287715,-0.5060936640648037,0.14913183879231695,-0.16971490849653975,-0.8273895811482654
-2.01515690755368,-1.3986949005785976,0.7328860171099536,-0.8384624030898393,-0.8935267617939857,1.041787054706565,0.10142529540719089,0.30167326858154614,1.4607570785909727,-1.3735254526097533,1.435306478470724,1.451052073706214,-0.9290758738653516,-0.8068437734032816,-0.19074879181211016,-0.8838384939911589,-0.6311139667204612,0.43684331427138107,-0.6626558962064658,-0.7466456587778378,2.0590644640085487,1.6913885267135573,0.16194096891514093
-0.20179502963329238,0.009736862443340207,1.5638345078546487,0.12160905082982407,2.6803620992488044,-0.1811571301266597,-0.5845428860907194,-1.4515938827687678,-1.4014681278853909,1.459181103226713,-1.4497316692091227,0.7354087306383301,1.5835568822418453,-0.8068437734032816,-0.6759518681196438,-0.8838384939911589,-0.6311139667204612,0.5432838381333551,0.881318258756405,-0.6263696614213208,0.9246802381225444,-0.16971490849653975,-1.2434157611749288
-1.4471158373617516,0.5881999079702066,2.2064346740305463,-0.8384624030898393,-0.7102504099456375,-0.7067199203029215,1.4733616584030114,-0.8671714989853299,-0.6859118262663001,1.459181103226713,-0.007212595369199463,1.451052073706214,-0.9290758738653516,-0.8068437734032816,-1.0491850037408235,1.1314284304186495,0.27063884517376985,-0.055444108590245726,0.29417315757334184,-0.6770121866240647,1.1330365245097693,3.552491961923655,0.5323057389388776
0.3334744403552559,-1.2477914973976754,0.5999342585908021,1.0816805047494875,0.46959110507810403,-1.2019617802767069,-0.24155879534176422,-1.4515938827687678,0.7452007769718818,0.7510044642675964,-0.7284721322891611,0.7354087306383301,2.2117150712686446,-0.8068437734032816,0.8169806743650752,1.1314284304186495,1.267313005688446,-0.3015878200210596,-0.133500434646421,-0.7149940805261228,0.994132333584953,-1.1002666261015883,-0.5838620611326578
-0.7807599665596814,-0.8579577058469612,1.907293217362457,2.0417519586691513,0.36649815716340817,-1.5018020900567537,-0.5845428860907194,0.30167326858154614,-0.6859118262663001,-1.3735254526097533,-0.007212595369199463,0.019765387570446186,-0.30091768483855236,-0.8068437734032816,1.8060484837612014,-0.8838384939911589,-0.6311139667204612,-0.08870677229711244,-0.184241369316562,0.24721389832601395,0.28803602971713377,1.6913885267135573,-1.6543684512012664
-0.8899986339042826,-1.6753511397436214,1.3311689304461347,-0.8384624030898393,-0.03441886250485351,0.8329095355339482,0.10142529540719089,0.8860956523649842,0.02964447535279087,-1.3735254526097533,0.7140469415507622,-0.6958779554974378,-0.30091768483855236,0.4895387240312183,1.3954920345779038,-0.8838384939911589,-0.6311139667204612,0.4967161089437415,-0.952604094321559,-0.8922429187357273,-0.1344642176791841,1.6913885267135573,-0.3454080311173751
0.5737995085133792,-0.5058497650914773,0.012730658464551143,-0.8384624030898393,0.5497745090117564,-1.1076299974245571,-0.24155879534176422,-1.4515938827687678,-0.6859118262663001,-0.6653488136506367,-1.4497316692091227,0.7354087306383301,-0.9290758738653516,-0.8068437734032816,-0.19074879181211016,-0.8838384939911589,-0.6311139667204612,0.9357832698743818,0.054965894128389654,1.532267975345644,0.34591277593580744,-0.16971490849653975,-1.5326046911934628
0.10407323893159152,-0.6316026010755788,-0.13130041326452904,-0.8384624030898393,0.7903247208127134,-0.44730751745951025,-0.24155879534176422,0.30167326858154614,1.4607570785909727,0.7510044642675964,-1.4497316692091227,-0.6958779554974378,-0.30091768483855236,0.4895387240312183,-0.7879218088059977,-0.8838384939911589,-0.6311139667204612,0.9224782043916359,0.9103130785679148,0.36748989568253143,1.4745093271999445,-1.1002666261015883,-0.07143957109981654
1.3712417801289707,0.638501042363848,-1.2059937946276684,1.0816805047494875,-0.16042135440059288,-0.026183486869556835,-0.24155879534176422,0.30167326858154614,1.4607570785909727,-1.3735254526097533,-1.4497316692091227,-0.6958779554974378,0.9553986932150462,0.4895387240312183,-0.8065834655870567,-0.8838384939911589,-0.6311139667204612,-3.1089566368806105,-1.2208061775780203,0.6460237842976232,0.7973513964414621,-1.1002666261015883,0.5982611089431048
0.6830381758579805,-0.2543440931232741,-0.7849798926503565,-0.8384624030898393,0.27485998123923405,1.9749979064939018,0.444409386156146,0.8860956523649842,0.7452007769718818,1.459181103226713,-1.4497316692091227,-0.6958779554974378,0.3272405041882469,1.785921221465718,-0.452011986746936,-0.8838384939911589,-0.6311139667204612,0.8359952787537817,0.4898881913010299,1.3803403997374124,0.6295088324073089,-1.1002666261015883,0.7859802389551359
-0.05978476208531036,-0.8705329894453706,-0.05374522079502384,-0.8384624030898393,0.09158362939088588,-1.9195571284019874,-1.2705110675886295,-1.4515938827687678,0.7452007769718818,-1.3735254526097533,-1.4497316692091227,0.019765387570446186,-1.5572340628921508,-0.8068437734032816,0.14516103024695162,-0.8838384939911589,-0.6311139667204612,0.21730973380606095,0.9175617835207917,0.0509741131653811,-0.7479577275971254,2.621940244318606,0.7758332589544854
0.6830381758579805,0.32411895240359406,0.5888549453808735,0.12160905082982407,-0.41242633819207164,-1.1783788345636694,0.444409386156146,1.4705180361484222,1.4607570785909727,0.04282782530847982,0.7140469415507622,0.019765387570446186,0.3272405041882469,0.4895387240312183,-1.0491850037408235,1.1314284304186495,1.3147736799986687,-1.3593405258994211,-0.8003812903111349,0.10794695401846807,1.2487900169471169,-0.16971490849653975,0.13657351891351513
-0.3656530306501952,-0.07829012274553124,-0.5633936284517711,-0.8384624030898393,-0.6071574620309417,0.3983095359651162,1.4733616584030114,-0.28274911520189183,-0.6859118262663001,0.7510044642675964,-0.007212595369199463,-0.6958779554974378,0.3272405041882469,-0.8068437734032816,2.421883157536148,1.1314284304186495,1.9317624460315639,-0.21510489438320632,-1.2135574726251428,0.7789604129548269,-0.12288886843544959,-0.16971490849653975,-0.7309932711420875
-0.5513587651360179,1.6067978794414302,0.12352379056384383,-0.8384624030898393,-0.6529765499930287,-0.6730299978557253,-0.5845428860907194,0.8860956523649842,1.4607570785909727,0.04282782530847982,-1.4497316692091227,1.451052073706214,1.5835568822418453,0.4895387240312183,-1.3477715122377674,1.1314284304186495,0.3655601937942153,0.3969281178231414,-0.4669408624787777,0.016157377088494743,0.38063882366701174,-0.16971490849653975,-1.979071811222077
1.0872212450330068,-0.2417688095248629,-0.21993491894396286,-0.8384624030898393,-1.2028056055380734,0.4252614739228732,1.1303775676540562,-0.28274911520189183,-1.4014681278853909,-1.3735254526097533,-0.007212595369199463,0.7354087306383301,0.3272405041882469,0.4895387240312183,1.7314018566369656,-0.8838384939911589,-0.6311139667204612,2.2795948836317974,1.6496809837614026,0.5637296808431643,-0.3196698055789401,1.6913885267135573,-1.3601060311824074
2.889659256218934,-2.8448525143957655,1.2979309908163472,0.12160905082982407,-1.0997126576233773,1.5909327905958643,-1.6134951583375847,1.4705180361484222,0.02964447535279087,-1.3735254526097533,-0.7284721322891611,-1.4115212985653218,-0.30091768483855236,3.082303718900218,0.8356423311461342,1.1314284304186495,-0.29888924654890237,0.21730973380606095,-1.1338217181434922,-0.26554166935176926,0.0854674179517758,0.7608368091085088,-0.624449981135259
-1.6218977051131136,0.3995706539940543,-1.1949144814177382,2.0417519586691513,-0.6186122340214634,0.3578816290284807,1.4733616584030114,0.8860956523649842,0.7452007769718818,0.04282782530847982,1.435306478470724,0.019765387570446186,-0.30091768483855236,0.4895387240312183,-0.07877885112575622,-0.8838384939911589,-0.6311139667204612,0.9490883353571287,0.12020423870428551,-0.6453606083723497,-0.5396014412099,-0.16971490849653975,-0.7614342111440384
0.13684483913497228,-0.21661824232804222,-1.1284386021581632,0.12160905082982407,-1.2028056055380734,-0.8616935635600245,-0.24155879534176422,0.30167326858154614,0.02964447535279087,-1.3735254526097533,1.435306478470724,0.7354087306383301,1.5835568822418453,1.785921221465718,-1.3664331690188263,-0.8838384939911589,-0.6311139667204612,0.7694699513400483,0.35216279719636023,0.8359332538079134,2.0822151624960186,-0.16971490849653975,-0.2946731311141235
-1.0538566349211855,-1.3986949005785976,1.4862793153851437,-0.8384624030898393,-0.6644313219835505,-1.53549201250395,0.7873934769051011,-1.4515938827687678,-0.6859118262663001,-1.3735254526097533,-0.007212595369199463,0.7354087306383301,1.5835568822418453,-0.8068437734032816,0.7423340472408392,1.1314284304186495,0.31809951948399257,-1.6121367700716083,-0.017521155400383636,-0.45545113886205946,0.06810439408617386,-1.1002666261015883,1.0751691689736695
0.8359723101404234,-1.272942064594496,0.44482387365179327,-0.8384624030898393,0.423772017116017,1.5168149612120325,0.7873934769051011,0.30167326858154614,0.02964447535279087,-1.3735254526097533,0.7140469415507622,-0.6958779554974378,2.2117150712686446,-0.8068437734032816,0.984935585394606,1.1314284304186495,0.033335473622656396,0.004428686082114264,-0.6771533061122207,0.8106119912065419,1.202488619972178,-1.1002666261015883,1.0700956789733447
-0.3656530306501952,-0.9334094074374214,-1.6491663230248392,0.12160905082982407,-0.6186122340214634,2.0760676738354906,1.1303775676540562,1.4705180361484222,0.7452007769718818,-0.6653488136506367,1.435306478470724,0.7354087306383301,-0.30091768483855236,0.4895387240312183,2.4405448143172066,-0.8838384939911589,-0.6311139667204612,0.017733751564860668,-1.0323398488032096,0.4054717895845891,0.6584472055166457,1.6913885267135573,0.6287020489450555
0.2679312399484944,-0.16631710793440269,0.6553308246404485,-0.8384624030898393,2.256535535599499,-0.9021214704966599,0.444409386156146,0.8860956523649842,1.4607570785909727,-0.6653488136506367,-1.4497316692091227,1.451052073706214,-0.30091768483855236,0.4895387240312183,0.23846931415224656,1.1314284304186495,0.9825489598271102,-0.2749776890555663,0.787085094369,1.7158471292055917,1.5034477003092814,0.7608368091085088,-0.5128332011281057
-1.0429327681867255,-1.876555677318183,0.7328860171099536,0.12160905082982407,-0.17187612639111466,1.557242868148668,-1.6134951583375847,0.30167326858154614,0.02964447535279087,-0.6653488136506367,-0.007212595369199463,0.7354087306383301,-1.5572340628921508,0.4895387240312183,-0.8439067791491747,-0.8838384939911589,-0.6311139667204612,1.4280706927360096,0.04771718917551222,-0.012329043338048967,0.8668034919038707,0.7608368091085088,-0.5990825311336332
1.6771100486938566,0.7391033111511288,-1.4165007456163237,-0.8384624030898393,-0.8820719898034639,1.3618413179549296,-0.24155879534176422,0.8860956523649842,-1.4014681278853909,0.04282782530847982,-0.7284721322891611,1.451052073706214,-0.30091768483855236,0.4895387240312183,-0.414688673184818,1.1314284304186495,0.033335473622656396,0.4967161089437415,-0.1552465495050528,0.26620484527704324,-1.430903332977475,-1.1002666261015883,-1.5731926111960641
-0.3110336969778946,0.29896838520677343,-0.12022110005460039,0.12160905082982407,-0.022964090514331743,0.16584907107946192,1.4733616584030114,-1.4515938827687678,0.02964447535279087,-1.3735254526097533,-0.7284721322891611,0.019765387570446186,-0.9290758738653516,0.4895387240312183,0.44374753874389544,-0.8838384939911589,-0.6311139667204612,-0.6940872517620867,-0.9815989141330682,0.12693790096949692,-0.9215879662531464,-0.16971490849653975,-2.5067147712558935
-0.20179502963329238,0.09776384763221165,-0.5855522548716284,0.12160905082982407,-0.35515247823946283,-0.4809974399067065,1.1303775676540562,0.30167326858154614,0.7452007769718818,0.04282782530847982,-0.7284721322891611,1.451052073706214,0.3272405041882469,0.4895387240312183,-0.8439067791491747,1.1314284304186495,1.0774703084475556,1.0422237937363559,0.43189855167801044,1.5132770283946153,-1.55244450003669,-0.16971490849653975,-1.6087070411983402
-1.1521714355313268,0.2235166836163132,-0.4969177491921946,0.12160905082982407,-1.0538935696612903,1.1293808530692753,1.1303775676540562,0.8860956523649842,-1.4014681278853909,1.459181103226713,1.435306478470724,-0.6958779554974378,-0.30091768483855236,-0.8068437734032816,1.3208454074536677,-0.8838384939911589,-0.6311139667204612,-0.5543840641932465,0.5696239457826802,-1.797478056734777,0.1780702119016538,-1.1002666261015883,-2.009512751224028
0.44271310769985717,1.6948248646303,0.6996480774801661,1.0816805047494875,-0.08023795046694056,-0.558484261535258,0.7873934769051011,-1.4515938827687678,0.7452007769718818,0.7510044642675964,1.435306478470724,-0.6958779554974378,-1.5572340628921508,0.4895387240312183,0.07051440312271567,-0.8838384939911589,-0.6311139667204612,0.18404707009919424,-0.6699046011593432,-0.18957788154765343,-0.34282050406640946,-0.16971490849653975,0.7758332589544854
-0.5185871649326371,-2.1154860656879766,-0.5412350020319123,-0.8384624030898393,-0.8133433578603334,1.1462258142928734,0.444409386156146,1.4705180361484222,0.7452007769718818,1.459181103226713,-0.7284721322891611,0.7354087306383301,1.5835568822418453,1.785921221465718,-0.5453202706522309,1.1314284304186495,0.6503242396555514,0.4967161089437415,1.2147586865887627,0.278865476577729,-0.44121097263815495,-1.1002666261015883,0.23804331892001834
1.600642981552635,0.8271302963400002,-2.2474492363610197,0.12160905082982407,0.11449317337192941,-0.4776284476619869,-1.2705110675886295,1.4705180361484222,0.02964447535279087,-0.6653488136506367,-0.007212595369199463,0.7354087306383301,1.5835568822418453,1.785921221465718,-1.1238316308650595,-0.8838384939911589,-0.6311139667204612,-0.6076043261242334,-1.9456766728657533,-0.4301298762606875,0.05652904484243895,-0.16971490849653975,2.2572923390494326
0.25700737321403444,-1.876555677318183,-0.4193625567226894,-0.8384624030898393,-0.687340865964594,0.7048878302346023,-0.5845428860907194,-1.4515938827687678,-0.6859118262663001,1.459181103226713,-0.007212595369199463,0.7354087306383301,0.3272405041882469,-0.8068437734032816,-0.19074879181211016,-0.8838384939911589,-0.6311139667204612,-0.5942992606414866,0.8015825042747549,-1.0188492317425875,-0.6900809813784516,1.6913885267135573,-0.17290937110631974
-1.2177146359380884,0.34926951960041475,-0.20885560573403422,-0.8384624030898393,-1.0538935696612903,1.132749845313995,0.444409386156146,0.30167326858154614,0.7452007769718818,-0.6653488136506367,-1.4497316692091227,1.451052073706214,-0.9290758738653516,1.785921221465718,-1.0865083173029415,1.1314284304186495,3.9251107670609167,-0.22840995986595272,-0.0030237454946287715,0.016157377088494743,1.4282079302250057,-0.16971490849653975,-0.9085654211534681
0.6393427089201398,0.28639310160836395,-1.7045628890744855,0.12160905082982407,-1.168441289566508,0.7419467449265182,-0.24155879534176422,-0.8671714989853299,-0.6859118262663001,0.04282782530847982,0.7140469415507622,0.019765387570446186,-0.30091768483855236,0.4895387240312183,1.6194319159506116,1.1314284304186495,0.12825682224310186,0.12417427542683425,-2.235624870980846,-1.2973831203576796,0.03916602097683701,1.6913885267135573,-1.7051033512045182
-0.5513587651360179,0.852280863536821,1.2868516776064172,0.12160905082982407,-1.0653483416518121,-0.6090191452060524,1.1303775676540562,-1.4515938827687678,-0.6859118262663001,0.7510044642675964,1.435306478470724,0.019765387570446186,0.9553986932150462,0.4895387240312183,-0.7319368384628208,-0.8838384939911589,-0.6311139667204612,1.9935359757527438,0.9320591934265465,-1.0631614412949881,-0.33124515482267497,-1.1002666261015883,0.4663503689346506
0.6393427089201398,-1.3358184825865467,-1.7599594551241318,-0.8384624030898393,-1.168441289566508,-0.3563447268520803,0.10142529540719089,1.4705180361484222,1.4607570785909727,1.459181103226713,1.435306478470724,-0.6958779554974378,1.5835568822418453,-0.8068437734032816,-0.8065834655870567,1.1314284304186495,0.9350882855168874,1.2750624396844228,1.3162405559290449,0.3928111582839029,-0.19812863851972523,-0.16971490849653975,0.3699540589284726
0.0057584383214501975,0.7642538783479496,0.8769170888390337,2.0417519586691513,0.7788699488221916,-0.33949976562848216,-0.24155879534176422,-0.8671714989853299,-0.6859118262663001,1.459181103226713,1.435306478470724,-1.4115212985653218,-0.30091768483855236,-0.8068437734032816,-0.9932000333976466,-0.8838384939911589,-0.6311139667204612,-0.32154541824517946,-0.19149007426943943,0.20290168877361317,-0.5338137665880329,-0.16971490849653975,-1.6087070411983402
-0.4967394314637173,-0.7573554370596803,0.721806703900025,0.12160905082982407,0.4008624731349735,-0.7740997651973142,-0.5845428860907194,0.8860956523649842,-0.6859118262663001,-1.3735254526097533,-1.4497316692091227,0.7354087306383301,-0.30091768483855236,-0.8068437734032816,-0.8252451223681158,-0.8838384939911589,-0.6311139667204612,-0.9402309631929006,0.6348622903585764,0.7852907286051695,-0.25600538473839896,-0.16971490849653975,-0.1069540011020928
0.748581376264742,-0.10344068994235191,-0.19777629252410403,2.0417519586691513,-0.8820719898034639,-0.585436199493015,1.1303775676540562,0.30167326858154614,0.7452007769718818,-0.6653488136506367,-0.7284721322891611,1.451052073706214,-1.5572340628921508,1.785921221465718,-1.1798166012082365,-0.8838384939911589,-0.6311139667204612,-2.0844665947091157,0.7435928646517365,1.741168391806964,0.8725911665257378,-1.1002666261015883,-0.9795942811580203
0.06037777199375179,1.9086046858032728,1.8629759645227393,-0.8384624030898393,-0.5957026900404199,-0.3293927888943233,0.10142529540719089,-1.4515938827687678,0.7452007769718818,-1.3735254526097533,-0.007212595369199463,-1.4115212985653218,0.3272405041882469,0.4895387240312183,0.3131159412764825,1.1314284304186495,2.026683794652009,-0.04213904310749932,0.6131161754999437,1.8614443891634807,-1.6739856670959046,-1.1002666261015883,-0.685331861139161
0.9779825776884055,0.34926951960041475,-0.3085694246233967,0.12160905082982407,-0.6987956379551157,1.6987405424268924,-0.24155879534176422,-0.28274911520189183,0.7452007769718818,0.7510044642675964,-1.4497316692091227,1.451052073706214,0.9553986932150462,-0.8068437734032816,-0.7505984952438798,-0.8838384939911589,-0.6311139667204612,1.9336631810803833,-0.024769860353261067,-1.3037134360080227,0.2822483550952663,0.7608368091085088,0.13657351891351513
0.180540306072813,-1.7508028413340815,-0.9068523379595779,-0.8384624030898393,1.7525255680165417,0.15911108659002268,-0.24155879534176422,-1.4515938827687678,1.4607570785909727,1.459181103226713,-1.4497316692091227,1.451052073706214,-0.30091768483855236,0.4895387240312183,-0.02279388078257926,-0.8838384939911589,-0.6311139667204612,1.0422237937363559,-0.9091118646042949,0.2408835826756713,0.03916602097683701,-0.16971490849653975,0.20760237891806732
0.13684483913497228,1.0157595503161527,0.8436791492092462,2.0417519586691513,-0.7789790418887681,-0.26201294399993075,-0.5845428860907194,1.4705180361484222,-1.4014681278853909,0.04282782530847982,1.435306478470724,0.019765387570446186,1.5835568822418453,0.4895387240312183,-0.8439067791491747,-0.8838384939911589,-0.6311139667204612,-0.28163022179693975,-1.090329488426228,-1.0441704943439594,0.6584472055166457,-1.1002666261015883,-1.3296650911804564
-0.5841303653393987,0.23609196721472264,0.16784104340356154,1.0816805047494875,-0.5384288300878111,-0.3731896880756785,-0.9275269768396744,-1.4515938827687678,0.02964447535279087,-1.3735254526097533,0.7140469415507622,0.019765387570446186,1.5835568822418453,0.4895387240312183,0.6863490768976622,-0.8838384939911589,-0.6311139667204612,-0.42133340936577957,1.9613752967351274,-0.07563219984147904,1.190913270728443,-0.16971490849653975,0.2583372789213189
1.7208055156316964,-0.9837105418310628,-0.7628212662304976,-0.8384624030898393,1.8441637439407157,0.9103963571624996,-1.6134951583375847,-0.8671714989853299,-1.4014681278853909,1.459181103226713,-0.7284721322891611,0.7354087306383301,0.3272405041882469,-0.8068437734032816,-0.5453202706522309,1.1314284304186495,4.1149534643018075,0.42353824878863516,0.982800128096688,-1.9557359479933523,0.4790292922387568,-0.16971490849653975,0.6236285589447307
-0.1362518292265318,-1.0717375270199343,-0.37504530388297325,-0.8384624030898393,2.5199952913814996,-1.670251702292735,0.7873934769051011,1.4705180361484222,0.7452007769718818,-1.3735254526097533,0.7140469415507622,-0.6958779554974378,-0.30091768483855236,-0.8068437734032816,0.5370558226491904,1.1314284304186495,2.3114478405133454,-0.06874917407299261,-1.6267336549391505,-0.8922429187357273,-0.7190193544877885,2.621940244318606,-0.1069540011020928
0.0057584383214501975,0.8648561471352304,-0.21993491894396286,-0.8384624030898393,-1.1569865175759861,0.6711979077874061,1.1303775676540562,0.30167326858154614,0.02964447535279087,1.459181103226713,0.7140469415507622,-0.6958779554974378,0.9553986932150462,-0.8068437734032816,-0.9932000333976466,1.1314284304186495,0.3655601937942153,-0.7672651119171936,0.35216279719636023,0.4054717895845891,-1.1357319272622393,-1.1002666261015883,0.41054197893107375
0.9779825776884055,-0.279494660320093,-0.984407530429083,-0.8384624030898393,0.05721931341932059,0.23996690046329372,-1.6134951583375847,0.8860956523649842,-0.6859118262663001,0.7510044642675964,0.7140469415507622,-0.6958779554974378,-0.30091768483855236,0.4895387240312183,-0.8998917494923516,1.1314284304186495,-0.6311139667204612,0.004428686082114264,2.744235431645879,0.016157377088494743,0.8494404680382688,-1.1002666261015883,-0.07651306110014176
-1.2067907692036275,0.5504740571749765,-0.5523143152418409,-0.8384624030898393,-0.8018885858698116,-1.9195571284019874,1.4733616584030114,1.4705180361484222,-0.6859118262663001,-0.6653488136506367,1.435306478470724,0.7354087306383301,-0.30091768483855236,-0.8068437734032816,5.221131674694996,-0.8838384939911589,-0.6311139667204612,0.45680091249550187,-0.4379460426672685,1.4246526092898137,0.5832074354323693,-0.16971490849653975,-0.7411402511427378
0.4099415074964764,-0.0657148391471218,-0.34180736425318575,1.0816805047494875,-1.0080744816992033,-0.03629046360371572,-1.2705110675886295,0.30167326858154614,0.02964447535279087,-0.6653488136506367,-1.4497316692091227,0.7354087306383301,-0.9290758738653516,1.785921221465718,0.2757926277143645,-0.8838384939911589,-0.6311139667204612,0.6563768947367021,0.8958156686621599,0.016157377088494743,0.2012209103891232,-0.16971490849653975,0.9381849389648907
1.4149372470668125,0.6510763259622574,-1.0398040964787294,2.0417519586691513,0.16031226133401646,-0.17105015339250082,1.1303775676540562,-0.8671714989853299,0.7452007769718818,1.459181103226713,1.435306478470724,-1.4115212985653218,0.3272405041882469,-0.8068437734032816,0.8729656447082521,-0.8838384939911589,-0.6311139667204612,-0.8537480375550469,-0.749640355640994,-0.27820230065245544,0.1317688149267146,-0.16971490849653975,-0.49761273112712995
0.8468961768748834,0.2235166836163132,-0.3085694246233967,0.12160905082982407,0.3206790692013211,-0.2316920137974541,0.444409386156146,-1.4515938827687678,-0.6859118262663001,0.04282782530847982,-0.7284721322891611,-1.4115212985653218,0.3272405041882469,3.082303718900218,1.040920555737783,1.1314284304186495,1.1249309827577783,0.6364192965125813,-1.880438328289857,1.310706927583639,-0.8405605215470033,-0.16971490849653975,1.0041403089691177
-0.7698360998252214,-0.2417688095248629,0.034889284884409996,-0.8384624030898393,-0.7904338138792898,-0.15083619992418304,-1.6134951583375847,-0.28274911520189183,0.02964447535279087,-1.3735254526097533,0.7140469415507622,1.451052073706214,0.3272405041882469,1.785921221465718,-0.28405707571740507,-0.8838384939911589,-0.6311139667204612,1.8804429191493968,-0.24947971389245785,-0.25921135370142656,-0.7132316798659211,-0.16971490849653975,0.4003949989304233
1.1199928452363865,0.5504740571749765,-0.39720393030283213,0.12160905082982407,-0.687340865964594,-0.41698658725703364,0.444409386156146,0.8860956523649842,-1.4014681278853909,1.459181103226713,1.435306478470724,0.7354087306383301,0.9553986932150462,-0.8068437734032816,1.134228839643078,-0.8838384939911589,-0.6311139667204612,-1.4059082550890345,1.3162405559290449,-1.2973831203576796,0.9362555873662793,-1.1002666261015883,-0.8324630711485906
-0.7479883663563006,0.5881999079702066,1.142820605877337,0.12160905082982407,-0.2635143023152888,0.3983095359651162,0.444409386156146,-0.28274911520189183,-1.4014681278853909,0.7510044642675964,-1.4497316692091227,1.451052073706214,-0.9290758738653516,-0.8068437734032816,0.6863490768976622,1.1314284304186495,-0.014125200687566225,-0.32819795098655286,-1.9601740827715075,-2.1139938392519273,-0.5685398143192368,-1.1002666261015883,-0.8375365611489158
-0.4639678312603365,0.676226893159078,-0.4193625567226894,0.12160905082982407,0.05721931341932059,0.44210643514647135,0.10142529540719089,-0.28274911520189183,-1.4014681278853909,1.459181103226713,-1.4497316692091227,0.7354087306383301,-0.9290758738653516,-0.8068437734032816,-1.3291098554567085,-0.8838384939911589,-0.6311139667204612,0.12417427542683425,-1.2498009973895297,1.0954761954719772,-0.22127933700719463,0.7608368091085088,-1.5934865711973647
0.2897789734174152,-0.36752164550896443,-1.4940559380858287,-0.8384624030898393,0.18322180531505997,0.35451263678376105,0.444409386156146,-0.28274911520189183,1.4607570785909727,1.459181103226713,1.435306478470724,0.7354087306383301,0.3272405041882469,0.4895387240312183,1.7687251701990836,1.1314284304186495,1.7893804231008956,-0.6940872517620867,-0.17699266436368455,0.2345532670253282,-0.3659712025538789,-0.16971490849653975,-0.07651306110014176
0.180540306072813,0.2235166836163132,1.2646930511865582,1.0816805047494875,-0.17187612639111466,-0.2822268974682485,-1.2705110675886295,-0.8671714989853299,0.02964447535279087,0.04282782530847982,-0.7284721322891611,-0.6958779554974378,-0.30091768483855236,1.785921221465718,-0.5826435842143489,-0.8838384939911589,-0.6311139667204612,-1.066629085278994,0.9465566033323014,-1.6138989028748298,-0.08237514608237784,-1.1002666261015883,-2.171864431234433
-0.6824451659495401,-0.6944790190676295,0.6664101378503786,1.0816805047494875,-0.10314749444798409,-0.27211992073408964,-1.2705110675886295,-1.4515938827687678,0.02964447535279087,-1.3735254526097533,-1.4497316692091227,-0.6958779554974378,-0.30091768483855236,-0.8068437734032816,-1.4224181393620032,1.1314284304186495,2.4538298634440134,0.45014837975412797,1.077033292484093,0.44978399913699035,0.0160153224893672,1.6913885267135573,0.4308359389323743
-1.2395623694070081,-0.5561508994851168,0.2232376094532079,-0.8384624030898393,-1.0195292536897251,-0.5214253468433421,-0.5845428860907194,0.8860956523649842,-1.4014681278853909,0.04282782530847982,0.7140469415507622,-0.6958779554974378,0.3272405041882469,0.4895387240312183,-0.3027187324984641,-0.8838384939911589,-0.6311139667204612,-0.773917644658567,-0.017521155400383636,-0.8289397622322972,0.8552281426601358,-1.1002666261015883,0.7758332589544854
-1.8512989065367769,0.27381781800995275,0.12352379056384383,-0.8384624030898393,0.12594794536245116,-0.21484705257385597,1.1303775676540562,1.4705180361484222,0.02964447535279087,1.459181103226713,-0.7284721322891611,0.019765387570446186,-1.5572340628921508,0.4895387240312183,-1.0305233469597646,1.1314284304186495,1.8368410974111185,1.7740023952874235,0.45364466653664326,0.3928111582839029,-1.0141907602030245,0.7608368091085088,-0.32004058111574935
-0.3438052971812744,0.4624470719861051,-1.5937697569751927,-0.8384624030898393,0.5955935969738434,-0.1811571301266597,0.7873934769051011,-0.28274911520189183,-0.6859118262663001,0.04282782530847982,-1.4497316692091227,-1.4115212985653218,4.7243478273758415,-0.8068437734032816,-0.526658613871172,1.1314284304186495,1.884301771721341,-0.6076043261242334,-0.8511222249812764,-0.18957788154765343,-0.7595330768408602,-1.1002666261015883,-1.0556966311628977
-0.17994729616437252,2.235562059361938,-0.9733282172191529,-0.8384624030898393,0.7445056328506263,-0.5888051917377346,0.7873934769051011,0.8860956523649842,-0.6859118262663001,-0.6653488136506367,1.435306478470724,1.451052073706214,0.3272405041882469,-0.8068437734032816,-0.17208713503105116,1.1314284304186495,0.5079422167248833,-0.7672651119171936,-1.0540859636618414,0.7979513599058558,-1.2630607689433213,-0.16971490849653975,-1.1419459611684255
0.2351596397451136,0.09776384763221165,-0.8514557719099315,2.0417519586691513,-1.0882578856328557,0.6206630241166117,-1.6134951583375847,1.4705180361484222,-0.6859118262663001,0.7510044642675964,-0.007212595369199463,1.451052073706214,-0.9290758738653516,-0.8068437734032816,0.25713097093330556,-0.8838384939911589,-0.6311139667204612,0.12417427542683425,0.3666602071021151,-1.2594012264556214,-0.036073749107439046,-0.16971490849653975,-0.8629040111505417
-0.6059780988083185,0.8774314307336398,0.8104412095794589,1.0816805047494875,-0.5957026900404199,-0.6797679823451646,0.444409386156146,-0.28274911520189183,0.7452007769718818,0.04282782530847982,-0.7284721322891611,-0.6958779554974378,-0.9290758738653516,0.4895387240312183,-0.5453202706522309,-0.8838384939911589,-0.6311139667204612,0.07760654623722113,0.4681420764423971,0.6207025216962517,-0.0997381699479802,-1.1002666261015883,2.4500849590617886
1.2620031127843694,-0.7699307206580898,0.8990757152588926,-0.8384624030898393,-0.16042135440059288,-0.002600541156519445,-1.6134951583375847,-1.4515938827687678,1.4607570785909727,1.459181103226713,0.7140469415507622,-0.6958779554974378,-0.30091768483855236,1.785921221465718,-0.39602701640375904,-0.8838384939911589,-0.6311139667204612,-0.9069682994860339,-0.35096158323274085,-0.4048086136593156,0.6468718562729109,-0.16971490849653975,-0.7106993111407869
1.8191203162418377,0.9025819979304605,0.25647554908299536,0.12160905082982407,-0.8477076738318986,-0.956025346412174,0.10142529540719089,0.30167326858154614,1.4607570785909727,0.04282782530847982,1.435306478470724,0.7354087306383301,0.9553986932150462,-0.8068437734032816,-0.526658613871172,-0.8838384939911589,-0.6311139667204612,0.011081218823487702,0.9610540132380563,1.2474037710802088,0.2012209103891232,2.621940244318606,0.3242926489255459
-0.3219575637123545,0.06003799683697975,-0.1866969793141754,0.12160905082982407,-1.1111674296138991,1.321413411018294,0.10142529540719089,0.30167326858154614,0.7452007769718818,1.459181103226713,0.7140469415507622,0.019765387570446186,0.3272405041882469,-0.8068437734032816,0.0331910895605977,1.1314284304186495,-0.203967897928457,-1.6786620974853417,-1.0685833735675963,0.6903359938500244,1.596050494259159,-1.1002666261015883,0.030030228906686683
-0.8463031669664419,-0.8328071386501406,-0.6187901945014175,-0.8384624030898393,-0.8591624458224204,-0.25190596726577186,-0.5845428860907194,-0.28274911520189183,0.7452007769718818,1.459181103226713,1.435306478470724,-1.4115212985653218,-0.9290758738653516,-0.8068437734032816,0.7983190175840161,1.1314284304186495,-0.6311139667204612,-1.3926031896062878,-0.06826209007052463,0.01932253491366607,-0.33703282944454205,-0.16971490849653975,-0.18812984110729508
-0.40934849758803593,-0.44297334709942643,1.054186100197903,1.0816805047494875,0.8017794928032351,-0.9930842611040899,1.1303775676540562,-0.8671714989853299,0.7452007769718818,0.04282782530847982,0.7140469415507622,0.019765387570446186,-0.30091768483855236,-0.8068437734032816,-0.4893353003090539,-0.8838384939911589,-0.6311139667204612,1.374850430805023,-0.8801170447927856,-1.810138688035463,-0.036073749107439046,-0.16971490849653975,0.1061325789115641
2.179607918479023,0.34926951960041475,-0.6963453869709211,0.12160905082982407,-0.8591624458224204,-1.9195571284019874,1.1303775676540562,-0.28274911520189183,1.4607570785909727,-1.3735254526097533,0.7140469415507622,-0.6958779554974378,-0.9290758738653516,-0.8068437734032816,-0.6386285545575259,-0.8838384939911589,-0.6311139667204612,-0.9734936268997674,1.7511628531016845,0.09528632271778188,-0.3138821309570726,0.7608368091085088,1.6941349490133393
-0.4421200977914167,0.9528831323241018,-0.1534590396843879,-0.8384624030898393,-0.2749690743058105,0.2803948073999293,-1.6134951583375847,0.30167326858154614,0.7452007769718818,-0.6653488136506367,-1.4497316692091227,0.019765387570446186,0.9553986932150462,-0.8068437734032816,1.190213809986255,1.1314284304186495,0.7927062625862195,-0.40137581114165977,0.2506809278560772,-0.8669216561343549,-1.1646703003715762,-0.16971490849653975,0.4359094289326995
1.0762973782985468,-0.5310003322882961,-2.7238597043879778,1.0816805047494875,0.022854997447755307,0.5869731016694153,-1.2705110675886295,0.8860956523649842,1.4607570785909727,-0.6653488136506367,-0.7284721322891611,0.7354087306383301,-0.30091768483855236,-0.8068437734032816,-0.17208713503105116,-0.8838384939911589,-0.6311139667204612,-0.7539600464344467,1.7439141481488076,2.0260325960723993,-1.008403085581157,-1.1002666261015883,0.826568158957737
0.5082563081066177,-0.3172205111153249,1.0985033530376191,0.12160905082982407,-0.3207881622678976,-0.7168268970370805,1.4733616584030114,1.4705180361484222,-1.4014681278853909,1.459181103226713,-0.007212595369199463,1.451052073706214,-1.5572340628921508,-0.8068437734032816,-0.1161021646878742,-0.8838384939911589,-0.6311139667204612,-0.2084523616418329,-0.0030237454946287715,0.6270328373465943,-0.44121097263815495,1.6913885267135573,0.7859802389551359
0.06037777199375179,-1.738227557735672,-0.00942796795530771,0.12160905082982407,-0.3436977062489411,-1.0267741835512862,-1.6134951583375847,-0.8671714989853299,0.02964447535279087,1.459181103226713,-0.007212595369199463,0.7354087306383301,-1.5572340628921508,-0.8068437734032816,0.23846931415224656,1.1314284304186495,-0.014125200687566225,0.48341104346099467,-0.8511222249812764,1.6145620788001038,-0.2791560832258683,-0.16971490849653975,1.9224419990279715
2.3653136529648457,-0.11601597354076135,1.1538999190872654,2.0417519586691513,0.6528674569264522,0.4825343420831069,1.4733616584030114,-0.8671714989853299,-1.4014681278853909,0.04282782530847982,-1.4497316692091227,-1.4115212985653218,-0.9290758738653516,-0.8068437734032816,-0.8812300927112927,1.1314284304186495,1.8368410974111185,-1.2196373383305807,0.6348622903585764,-1.6835323750286029,1.1735502468628412,-0.16971490849653975,0.1568674789148157
-0.3001098302434337,-0.2920699439185042,-0.6077108812914873,-0.8384624030898393,0.03430976943827707,-0.04976643258259423,0.10142529540719089,-1.4515938827687678,0.02964447535279087,-0.6653488136506367,0.7140469415507622,1.451052073706214,0.9553986932150462,-0.8068437734032816,1.7687251701990836,1.1314284304186495,0.6028635653453287,-0.1751896979349662,-0.5901688466776925,-0.30352356325382734,-0.817409823059534,-1.1002666261015883,0.9736993689671662
-1.0757043683901053,0.6133504751670273,0.3783479943922167,-0.8384624030898393,-0.5155192861067676,-1.831963330039277,0.10142529540719089,-0.8671714989853299,0.02964447535279087,0.7510044642675964,-0.7284721322891611,1.451052073706214,0.9553986932150462,-0.8068437734032816,1.8620334541043784,-0.8838384939911589,-0.6311139667204612,0.15743693913370096,-1.2280548825308972,0.8549242007589432,-0.5801151635629718,-1.1002666261015883,-1.0455496511622473
1.4477088472701922,1.1163618191034335,0.47806181328158076,-0.8384624030898393,-0.5155192861067676,0.32419170658128443,-0.24155879534176422,0.8860956523649842,-0.6859118262663001,-0.6653488136506367,0.7140469415507622,-1.4115212985653218,-0.30091768483855236,0.4895387240312183,-0.8439067791491747,-0.8838384939911589,-0.6311139667204612,-0.14857956696947291,-0.48868697733741,0.728317887752083,-3.051452227100339,-1.1002666261015883,-0.8273895811482654
0.25700737321403444,-0.6441778846739882,0.7882825831596,-0.8384624030898393,-0.1947856703721582,-0.9964532533488095,1.1303775676540562,0.30167326858154614,-0.6859118262663001,0.7510044642675964,-0.007212595369199463,0.019765387570446186,-0.30091768483855236,1.785921221465718,-0.8439067791491747,1.1314284304186495,0.22317817086354722,2.3793828747523973,-0.4234486327615142,-1.7594961628327188,0.6584472055166457,-1.1002666261015883,-0.9034919311531429
0.759505242999202,-0.9334094074374214,2.4169416250192026,-0.8384624030898393,-0.5727931460593764,-0.9054904627413796,-0.5845428860907194,0.8860956523649842,1.4607570785909727,0.7510044642675964,-0.7284721322891611,-0.6958779554974378,2.2117150712686446,1.785921221465718,-0.02279388078257926,-0.8838384939911589,-0.6311139667204612,-2.250779913243449,0.7943337993218769,1.532267975345644,-0.08237514608237784,-1.1002666261015883,0.02495673890636145
1.7317293823661561,-0.46812391429624534,-1.4608179984560412,0.12160905082982407,-1.0195292536897251,0.8295405432892285,-0.5845428860907194,-1.4515938827687678,-0.6859118262663001,-0.6653488136506367,-0.7284721322891611,0.019765387570446186,0.3272405041882469,-0.8068437734032816,0.1824843438090696,1.1314284304186495,0.6028635653453287,-1.3792981241235414,-1.9094331481013667,-0.664351555323379,-0.26179305936026637,0.7608368091085088,-0.3657019911186757
-0.4967394314637173,-1.0843128106183437,1.4641206889652862,0.12160905082982407,0.04576454142879883,-0.2822268974682485,-0.5845428860907194,0.8860956523649842,-1.4014681278853909,1.459181103226713,0.7140469415507622,-0.6958779554974378,-1.5572340628921508,-0.8068437734032816,0.5930407929923673,-0.8838384939911589,-0.6311139667204612,-0.9335784304515272,-0.843873520028399,0.06363474446606684,0.7973513964414621,0.7608368091085088,0.5931876189427796
-0.7261406328873807,-2.0023085133022844,-0.6409488209212748,-0.8384624030898393,0.10303840138140764,1.3281513955077333,-1.2705110675886295,0.8860956523649842,-0.6859118262663001,0.7510044642675964,-0.007212595369199463,0.019765387570446186,0.9553986932150462,-0.8068437734032816,-1.1238316308650595,1.1314284304186495,1.7893804231008956,-2.6698894759499696,1.294494441070413,0.17125011052189815,1.2777283900564536,-0.16971490849653975,0.3699540589284726
0.322550573620795,0.1480649820258512,-0.4969177491921946,1.0816805047494875,-0.3436977062489411,-1.5995028651536227,-0.24155879534176422,-0.8671714989853299,0.7452007769718818,-0.6653488136506367,-0.007212595369199463,-0.6958779554974378,-0.9290758738653516,-0.8068437734032816,-1.0678466605218826,1.1314284304186495,3.1182793037871313,0.5831990345815948,-0.336464173326986,0.006661903612979874,0.39221417291074623,-1.1002666261015883,-1.507237241191837
0.4864085746376978,0.13548969842744177,1.6746276399539415,2.0417519586691513,1.0308749326136704,-0.3765586803203981,0.7873934769051011,0.30167326858154614,1.4607570785909727,-1.3735254526097533,-0.7284721322891611,1.451052073706214,-0.9290758738653516,-0.8068437734032816,0.6303641065544853,1.1314284304186495,2.501290537754236,-0.9136208322274073,-0.2059874841751943,1.9247475456669108,0.7452623248446563,-0.16971490849653975,0.7200248689509087
-1.8731466400056977,-0.141166540737582,-1.3500248663567487,1.0816805047494875,0.022854997447755307,-0.019445502380117583,-1.6134951583375847,0.8860956523649842,0.7452007769718818,-0.6653488136506367,0.7140469415507622,0.7354087306383301,-1.5572340628921508,-0.8068437734032816,1.3954920345779038,1.1314284304186495,0.9350882855168874,-0.30824035276243306,-1.4020238013999535,0.4371233678363041,-0.18655328927599074,1.6913885267135573,-1.0201822011606216
-1.3488010367516095,-1.1471892286103944,-1.1284386021581632,-0.8384624030898393,-1.0195292536897251,1.5976707750853036,-1.6134951583375847,1.4705180361484222,-1.4014681278853909,0.7510044642675964,1.435306478470724,0.019765387570446186,-0.30091768483855236,-0.8068437734032816,-1.0678466605218826,-0.8838384939911589,-0.6311139667204612,0.21730973380606095,-1.061334668614719,0.016157377088494743,1.3645435093844642,-1.1002666261015883,0.7352453389518839
0.47548470790323794,2.2481373429603475,1.8297380248929518,1.0816805047494875,0.4352267891065387,-0.026183486869556835,-0.24155879534176422,-0.28274911520189183,1.4607570785909727,-0.6653488136506367,1.435306478470724,-1.4115212985653218,-0.30091768483855236,0.4895387240312183,0.21980765737118757,-0.8838384939911589,-0.6311139667204612,-0.055444108590245726,0.7363441596988585,1.000521460716832,-0.9852523870936876,-0.16971490849653975,0.26848425892196937
-0.21271889636775232,-0.10344068994235191,0.4226652472319344,0.12160905082982407,-0.48115497013520225,-0.8987524782519404,-0.24155879534176422,0.8860956523649842,-0.6859118262663001,1.459181103226713,-0.7284721322891611,0.019765387570446186,0.9553986932150462,-0.8068437734032816,0.984935585394606,1.1314284304186495,0.6028635653453287,0.7561648858573022,-0.7423916506881165,-1.5379351150707137,1.5034477003092814,0.7608368091085088,-1.2992241511785054
1.1199928452363865,-0.5561508994851168,-0.47475912277233573,2.0417519586691513,0.44668156109706053,2.5679405415645564,0.7873934769051011,0.8860956523649842,0.7452007769718818,1.459181103226713,0.7140469415507622,0.7354087306383301,0.9553986932150462,-0.8068437734032816,-0.1161021646878742,-0.8838384939911589,-0.6311139667204612,0.9224782043916359,1.4539659500337145,-0.5630665049178907,0.06810439408617386,-0.16971490849653975,0.46127687893432534
0.8032007099370426,0.34926951960041475,-1.9372284664829995,0.12160905082982407,0.2061313492961035,0.06141031149315348,1.1303775676540562,-0.28274911520189183,0.7452007769718818,0.04282782530847982,-1.4497316692091227,1.451052073706214,2.2117150712686446,0.4895387240312183,-1.0865083173029415,-0.8838384939911589,-0.6311139667204612,-0.10201183777985931,0.685603225028717,1.823462495261423,0.8552281426601358,-0.16971490849653975,0.12642653891286468
0.47548470790323794,0.8397055799384098,0.20107898303334903,-0.8384624030898393,0.5841388249833217,-0.9324424006991366,1.1303775676540562,1.4705180361484222,-0.6859118262663001,1.459181103226713,-0.007212595369199463,-1.4115212985653218,0.3272405041882469,-0.8068437734032816,0.8729656447082521,1.1314284304186495,-0.203967897928457,-0.5942992606414866,0.23618351795032339,0.31051705482944403,0.21279625963285811,-1.1002666261015883,0.5830406389421291
0.6393427089201398,-0.01541370475348046,0.0792065377241277,2.0417519586691513,-0.5269740580972893,0.9272413183860977,1.4733616584030114,-0.8671714989853299,-1.4014681278853909,0.7510044642675964,0.7140469415507622,0.019765387570446186,0.3272405041882469,0.4895387240312183,-1.2358015715514135,1.1314284304186495,-0.014125200687566225,0.48341104346099467,-0.8293761101226441,0.12693790096949692,-1.1993963481027805,-0.16971490849653975,-1.1673134111700514
-0.8135315667630622,-0.5813014666819374,-0.9954868436390117,-0.8384624030898393,-0.5040645141162458,-1.0503571292643235,-1.2705110675886295,0.30167326858154614,1.4607570785909727,0.7510044642675964,-1.4497316692091227,0.019765387570446186,0.3272405041882469,-0.8068437734032816,-0.004132224001520273,1.1314284304186495,0.22317817086354722,-0.5809941951587402,-0.9960963240388231,0.06363474446606684,-0.11131351919171469,1.6913885267135573,-1.3601060311824074
0.07130163872821173,-0.2543440931232741,0.16784104340356154,-0.8384624030898393,-1.122622201604421,-0.3159168199154448,1.4733616584030114,-0.8671714989853299,1.4607570785909727,-0.6653488136506367,-1.4497316692091227,0.019765387570446186,1.5835568822418453,0.4895387240312183,0.4997325090870724,1.1314284304186495,-0.1565072236182343,0.802732615046915,-2.402345084897025,-0.4807724014634318,-0.12288886843544959,-0.16971490849653975,0.6236285589447307
2.201455651947943,0.33669423600200354,-0.2642521717836806,0.12160905082982407,-1.0195292536897251,-0.9796082921252114,0.444409386156146,0.8860956523649842,0.02964447535279087,0.7510044642675964,1.435306478470724,0.7354087306383301,0.3272405041882469,0.4895387240312183,-1.2171399147703545,1.1314284304186495,-0.29888924654890237,0.43684331427138107,-1.257049702342407,0.016157377088494743,0.8378651187945338,1.6913885267135573,1.9579564290302478
-0.0379370286163905,-1.0591622434215229,-0.5079970624021248,0.12160905082982407,1.821254199959672,-1.9195571284019874,-0.24155879534176422,-0.28274911520189183,-1.4014681278853909,-1.3735254526097533,-0.007212595369199463,0.7354087306383301,0.3272405041882469,-0.8068437734032816,-1.0678466605218826,-0.8838384939911589,-0.6311139667204612,0.07760654623722113,-0.9163605695571723,-0.39214798235862935,0.9709816350974833,1.6913885267135573,-0.12217447110306814
0.03853003852483096,-0.8579577058469612,0.6553308246404485,-0.8384624030898393,-1.030984025680247,-0.41698658725703364,-0.24155879534176422,-0.28274911520189183,-0.6859118262663001,-1.3735254526097533,1.435306478470724,-0.6958779554974378,-0.9290758738653516,-0.8068437734032816,-0.9932000333976466,1.1314284304186495,-0.39381059516934774,-3.142219300587477,0.23618351795032339,-2.227939520958101,1.7407423598058434,-1.1002666261015883,0.21774935891871777
1.8737396499141392,0.8774314307336398,-0.9954868436390117,-0.8384624030898393,0.12594794536245116,0.2635498461763311,-1.6134951583375847,0.8860956523649842,-1.4014681278853909,-1.3735254526097533,-0.007212595369199463,0.019765387570446186,-0.9290758738653516,0.4895387240312183,-1.3850948257998854,1.1314284304186495,0.08079614793287912,0.5432838381333551,0.08396071393989887,-0.6200393457709777,-0.2502177101165315,-1.1002666261015883,-0.9034919311531429
0.748581376264742,0.6259257587654368,1.242534424766701,-0.8384624030898393,0.3206790692013211,-0.1542051921689027,0.444409386156146,-0.8671714989853299,-1.4014681278853909,0.04282782530847982,1.435306478470724,0.019765387570446186,-0.30091768483855236,-0.8068437734032816,-0.6572902113385848,-0.8838384939911589,-0.6311139667204612,-0.5344264659691266,0.5986187655941898,0.2282229513749851,-1.3267251897838623,0.7608368091085088,-0.01563118109623969
1.1309167119708483,-0.9837105418310628,1.1538999190872654,0.12160905082982407,0.4123172451254952,0.3679886057626396,1.4733616584030114,-0.8671714989853299,1.4607570785909727,-1.3735254526097533,0.7140469415507622,0.019765387570446186,-0.9290758738653516,-0.8068437734032816,-0.1161021646878742,-0.8838384939911589,-0.6311139667204612,0.2904875939611678,1.5409504094682427,-0.11361409374353716,0.4906046414824917,1.6913885267135573,-0.2337912511102218
-1.5345067712374332,-1.3358184825865467,-0.2974901114134681,-0.8384624030898393,0.2061313492961035,-1.3704113925126882,-0.5845428860907194,-0.28274911520189183,0.7452007769718818,1.459181103226713,-0.007212595369199463,1.451052073706214,-0.30091768483855236,0.4895387240312183,1.6754168862937886,-0.8838384939911589,-0.6311139667204612,-0.04879157584887276,1.598940049091261,1.1904309302271223,1.0983104767785656,-0.16971490849653975,0.6033345989434297
-1.7748318393955564,0.990608983119332,-0.06482453400495405,-0.8384624030898393,2.7720002751729784,1.7998103097684812,-1.6134951583375847,0.30167326858154614,-0.6859118262663001,-0.6653488136506367,0.7140469415507622,0.019765387570446186,-0.9290758738653516,-0.8068437734032816,-0.9185534062734106,1.1314284304186495,1.9792231203417865,-0.6741296535379669,1.990370116546636,0.17758042617224123,0.6526595308947779,-1.1002666261015883,1.2476678289847252
0.4099415074964764,-0.6441778846739882,-2.6795424515482607,-0.8384624030898393,-1.0195292536897251,0.2803948073999293,-0.9275269768396744,-1.4515938827687678,-0.6859118262663001,-1.3735254526097533,-0.7284721322891611,-1.4115212985653218,1.5835568822418453,-0.8068437734032816,0.25713097093330556,-0.8838384939911589,-0.6311139667204612,-0.9734936268997674,-1.1120756032848604,-1.8924327914899222,0.9420432619881464,-0.16971490849653975,1.338990648990578
-1.3160294365482297,-0.8202318550517311,0.27863417550285424,0.12160905082982407,0.5154101930401911,-0.49447340888558505,-0.5845428860907194,0.8860956523649842,0.7452007769718818,-1.3735254526097533,1.435306478470724,-0.6958779554974378,1.5835568822418453,-0.8068437734032816,-0.7132751816817618,1.1314284304186495,0.033335473622656396,0.802732615046915,0.1419503535629173,1.4499738718911852,0.5947827846761042,-0.16971490849653975,1.5571507190045597
-1.7529841059266356,-0.40524749630419454,1.242534424766701,-0.8384624030898393,0.13740271735297294,0.09846922618506938,0.444409386156146,0.8860956523649842,-1.4014681278853909,-1.3735254526097533,1.435306478470724,-0.6958779554974378,-0.30091768483855236,-0.8068437734032816,-0.07877885112575622,1.1314284304186495,1.4571557029293372,-0.6940872517620867,-0.05376468016477028,0.20923200442395626,1.011495357450555,-0.16971490849653975,0.3851745289294479
1.0762973782985468,1.770276566220762,-2.0701802250021513,0.12160905082982407,1.0194201606231486,-0.6056501529613327,-0.5845428860907194,-1.4515938827687678,0.02964447535279087,-1.3735254526097533,-0.007212595369199463,1.451052073706214,-0.30091768483855236,-0.8068437734032816,1.078243869299901,-0.8838384939911589,-0.6311139667204612,0.4301907815300081,0.6058674705470668,-0.5060936640648037,-0.614841211294176,-0.16971490849653975,0.5779671489418039
0.42086537423093634,1.1540876698986635,-0.818217832280144,-0.8384624030898393,0.09158362939088588,0.3780955824967985,0.10142529540719089,0.30167326858154614,-0.6859118262663001,-1.3735254526097533,-0.7284721322891611,-0.6958779554974378,0.3272405041882469,-0.8068437734032816,-0.526658613871172,-0.8838384939911589,-0.6311139667204612,0.3969281178231414,0.011473664411125578,-1.4556410116162548,-0.7190193544877885,1.6913885267135573,-0.22871776110989658
0.322550573620795,-1.348393766184956,0.40050662081207555,2.0417519586691513,-0.7217051819361593,0.246704884952733,-1.2705110675886295,-1.4515938827687678,0.7452007769718818,-1.3735254526097533,-0.007212595369199463,0.019765387570446186,-0.9290758738653516,-0.8068437734032816,-0.526658613871172,-0.8838384939911589,-0.6311139667204612,1.2284947104948092,1.5626965243268744,0.9625395668147735,2.2789960996395093,-1.1002666261015883,2.379056099057236
-1.829451173067857,-1.2980926317913166,-1.2281524210475272,-0.8384624030898393,-0.8820719898034639,0.48927232657254616,0.10142529540719089,-0.8671714989853299,0.7452007769718818,-1.3735254526097533,-0.7284721322891611,-1.4115212985653218,-0.30091768483855236,0.4895387240312183,0.1824843438090696,-0.8838384939911589,-0.6311139667204612,-0.2084523616418329,0.21443740309169057,-1.9494056323430091,-0.37175887717574635,0.7608368091085088,1.1563450089788725
-1.818527306333397,0.38699537039564486,-1.3167869267269612,2.0417519586691513,0.11449317337192941,-0.24516798277633262,0.7873934769051011,-0.28274911520189183,-1.4014681278853909,-1.3735254526097533,0.7140469415507622,-1.4115212985653218,-0.30091768483855236,0.4895387240312183,3.0563794880921535,1.1314284304186495,2.5962118863746815,-0.16853716519359274,-1.3150393419654254,0.44978399913699035,-0.007135375998102197,0.7608368091085088,0.26848425892196937
-0.2236427631022132,1.0534854011113828,-0.9954868436390117,-0.8384624030898393,0.03430976943827707,-1.488326121077875,0.10142529540719089,0.30167326858154614,-1.4014681278853909,-0.6653488136506367,0.7140469415507622,0.7354087306383301,-0.9290758738653516,1.785921221465718,-1.0118616901787056,-0.8838384939911589,-0.6311139667204612,0.18404707009919424,-0.749640355640994,0.42446273653561795,1.179337921484709,-1.1002666261015883,-0.5483476311303815
0.9889064444228653,0.7265280275527194,-0.17561766610424676,0.12160905082982407,0.8017794928032351,0.327560698826004,1.1303775676540562,-1.4515938827687678,-0.6859118262663001,-1.3735254526097533,0.7140469415507622,-0.6958779554974378,0.9553986932150462,-0.8068437734032816,-1.0305233469597646,1.1314284304186495,0.31809951948399257,-0.4745536712967666,1.5554478193739965,0.016157377088494743,-0.2849437578477358,0.7608368091085088,0.5323057389388776
0.7048859093269013,0.04746271323857031,-1.1284386021581632,1.0816805047494875,-0.7560694979077245,0.07151728822731236,0.444409386156146,0.30167326858154614,0.7452007769718818,-0.6653488136506367,0.7140469415507622,-0.6958779554974378,-0.30091768483855236,-0.8068437734032816,0.8543039879271932,1.1314284304186495,-0.1565072236182343,-1.1331544126927275,0.07671200898702195,1.500616397093929,-0.16340259078852093,-0.16971490849653975,0.9736993689671662
-1.0538566349211855,-0.36752164550896443,-0.20885560573403422,2.0417519586691513,-0.3780620222205064,0.9440862796096958,0.7873934769051011,-0.28274911520189183,0.7452007769718818,-1.3735254526097533,-0.007212595369199463,0.7354087306383301,0.9553986932150462,1.785921221465718,-0.340042046060582,-0.8838384939911589,-0.6311139667204612,1.1154016538914622,-1.1628165379550015,1.4816254501429003,0.9073172142569425,0.7608368091085088,-0.27437917111282295
1.2073837791120678,0.6888021767574876,0.33403074155250057,-0.8384624030898393,0.22904089327714702,-0.8212656566233889,-0.5845428860907194,-1.4515938827687678,0.02964447535279087,0.7510044642675964,1.435306478470724,-0.6958779554974378,-1.5572340628921508,0.4895387240312183,-0.4893353003090539,-0.8838384939911589,-0.6311139667204612,1.7606973298046766,-1.7354642292323104,0.9562092511644309,2.2674207503957744,0.7608368091085088,-0.15768890110534442
0.12592097240051237,-0.2920699439185042,1.4973586285950737,-0.8384624030898393,-0.5269740580972893,-0.6999819358134823,-0.9275269768396744,-0.8671714989853299,-0.6859118262663001,0.7510044642675964,1.435306478470724,1.451052073706214,-0.9290758738653516,1.785921221465718,2.272589903287676,-0.8838384939911589,-0.6311139667204612,-0.06874917407299261,0.888566963709283,1.2980462962829535,-0.8347728469251359,-0.16971490849653975,0.6743634589479822
0.3334744403552559,-0.84538242224855,-1.172755854997881,0.12160905082982407,-0.25205953032476697,0.9306103106308173,-1.6134951583375847,-0.28274911520189183,-0.6859118262663001,1.459181103226713,0.7140469415507622,-1.4115212985653218,-0.30091768483855236,-0.8068437734032816,1.3954920345779038,1.1314284304186495,2.026683794652009,1.3881554962877698,1.2727483262117811,0.016157377088494743,0.9073172142569425,-1.1002666261015883,0.8062741989564361
-0.9555418343110441,-0.8705329894453706,-0.9622489040092242,0.12160905082982407,-0.733159953926681,-0.9021214704966599,0.10142529540719089,-1.4515938827687678,0.02964447535279087,1.459181103226713,-1.4497316692091227,0.019765387570446186,0.3272405041882469,0.4895387240312183,0.3504392548386005,-0.8838384939911589,-0.6311139667204612,0.9956560645467423,1.4249711302222048,-0.17691725024696722,1.5439614226623533,0.7608368091085088,-0.5077597111277804
-1.4580397040962116,-1.5747488709563404,0.6664101378503786,2.0417519586691513,-1.1340769735949427,0.16921806332418154,0.444409386156146,-0.28274911520189183,0.7452007769718818,0.7510044642675964,-0.007212595369199463,-1.4115212985653218,0.3272405041882469,-0.8068437734032816,-0.6946135249007028,1.1314284304186495,1.3622343543088917,0.06430148075447426,-0.4814382723845326,-0.936555128288128,0.6295088324073089,-1.1002666261015883,0.02495673890636145
-0.2673382300400539,1.1918135206938938,-0.6852660737609925,-0.8384624030898393,-0.7446147259172028,0.9103963571624996,-0.24155879534176422,0.30167326858154614,0.7452007769718818,0.04282782530847982,-0.7284721322891611,-0.6958779554974378,-0.9290758738653516,0.4895387240312183,-0.9185534062734106,-0.8838384939911589,-0.6311139667204612,0.1374793409095811,-0.061013385117647714,1.0891458798216336,0.7336869756009214,-0.16971490849653975,-0.9745207911576952
-1.2504862361414681,-1.9142815281134131,1.5305965682248612,-0.8384624030898393,-1.2028056055380734,-0.757254803973716,-1.2705110675886295,1.4705180361484222,0.7452007769718818,0.7510044642675964,0.7140469415507622,0.019765387570446186,0.3272405041882469,0.4895387240312183,-0.39602701640375904,-0.8838384939911589,-0.6311139667204612,0.3037926594439142,-1.0685833735675963,-2.576106881726967,1.931735622327467,-0.16971490849653975,-0.020704671096564924
-0.9009225006387435,-1.4992971693658783,1.5638345078546487,1.0816805047494875,-1.1111674296138991,-0.7909447264209123,0.10142529540719089,-1.4515938827687678,-1.4014681278853909,0.7510044642675964,0.7140469415507622,0.019765387570446186,0.9553986932150462,-0.8068437734032816,-0.8439067791491747,-0.8838384939911589,-0.6311139667204612,0.8825630079433953,-0.0030237454946287715,-0.8289397622322972,2.510503084514204,-1.1002666261015883,0.5881141289424544
-1.807603439598937,-0.34237107831214375,0.25647554908299536,0.12160905082982407,2.7720002751729784,-0.8718005402941833,1.1303775676540562,0.30167326858154614,1.4607570785909727,0.04282782530847982,-0.007212595369199463,-0.6958779554974378,0.9553986932150462,-0.8068437734032816,-0.8439067791491747,1.1314284304186495,1.5520770515497821,0.6962920911849418,-1.155567833002124,0.15858947922121194,-0.8231974976814014,-1.1002666261015883,1.1157570889762713
0.47548470790323794,-0.09086540634394068,-2.180973357101444,1.0816805047494875,0.8819628967368874,1.8031793020132008,1.4733616584030114,-0.28274911520189183,-0.6859118262663001,1.459181103226713,1.435306478470724,0.7354087306383301,1.5835568822418453,-0.8068437734032816,-1.0678466605218826,-0.8838384939911589,-0.6311139667204612,0.3969281178231414,0.7218467497931036,-0.12627472504422335,-0.522238417344298,-0.16971490849653975,-0.3098936011150992
-1.8622227732712378,0.17321554922267188,-0.8514557719099315,2.0417519586691513,0.7215960888695828,0.36461961351791994,1.1303775676540562,-0.8671714989853299,0.7452007769718818,-0.6653488136506367,-0.7284721322891611,1.451052073706214,0.9553986932150462,-0.8068437734032816,0.9662739286135471,-0.8838384939911589,-0.6311139667204612,-1.1797221418823411,-0.9960963240388231,1.1397884050243785,0.5716320861886351,1.6913885267135573,1.6231060890087874
-0.824455433497522,-0.04056427195030113,-0.4304418699326196,0.12160905082982407,-0.9851649377181598,0.698149845745163,1.1303775676540562,1.4705180361484222,0.7452007769718818,-1.3735254526097533,1.435306478470724,-1.4115212985653218,-0.9290758738653516,-0.8068437734032816,-0.09744050790681522,1.1314284304186495,0.8876276112066649,0.210657201064688,1.1205255222013566,-0.0059987276877063195,0.7452623248446563,-0.16971490849653975,0.20760237891806732
1.480480447473572,-1.0591622434215229,0.31187211513264174,2.0417519586691513,0.25195043725819055,0.6206630241166117,0.7873934769051011,-0.8671714989853299,-0.6859118262663001,0.7510044642675964,-1.4497316692091227,-0.6958779554974378,-0.9290758738653516,-0.8068437734032816,0.14516103024695162,1.1314284304186495,1.409695028619114,1.2950200379085426,0.9465566033323014,-0.9745370221901861,-0.3891219010413487,-0.16971490849653975,2.566775229069267
-1.6218977051131136,0.7013774603558988,0.1899996698234204,-0.8384624030898393,-0.6758860939740722,1.186653721229509,-1.6134951583375847,-1.4515938827687678,1.4607570785909727,-1.3735254526097533,-1.4497316692091227,1.451052073706214,-0.30091768483855236,-0.8068437734032816,-0.7505984952438798,1.1314284304186495,0.08079614793287912,0.09756414446134097,-0.024769860353261067,-0.4237995606103444,0.5137553399699611,-0.16971490849653975,0.28370472892294474
-1.7311363724577158,-1.4992971693658783,0.045968598094338634,-0.8384624030898393,0.25195043725819055,-0.25190596726577186,-0.24155879534176422,0.30167326858154614,0.7452007769718818,0.04282782530847982,-0.7284721322891611,0.7354087306383301,-0.30091768483855236,-0.8068437734032816,1.0035972421756651,-0.8838384939911589,-0.6311139667204612,0.31044519218528815,0.6783545200758401,0.10794695401846807,-0.8463481961688708,-0.16971490849653975,0.34966009892717165
0.180540306072813,-2.7819760964037146,0.4115859340220058,-0.8384624030898393,0.21758612128662527,1.1731777522506306,-0.9275269768396744,1.4705180361484222,1.4607570785909727,-1.3735254526097533,-0.007212595369199463,0.7354087306383301,-1.5572340628921508,-0.8068437734032816,-0.1161021646878742,1.1314284304186495,-0.3463499208591251,0.011081218823487702,1.1567690469657432,0.17758042617224123,-0.047649098351173536,0.7608368091085088,0.9077439989629393
0.10407323893159152,0.31154366880518286,0.622092885010661,-0.8384624030898393,-0.36660725022998464,1.405638217136285,-0.24155879534176422,0.30167326858154614,-0.6859118262663001,0.04282782530847982,-1.4497316692091227,-0.6958779554974378,-0.9290758738653516,0.4895387240312183,-0.9185534062734106,-0.8838384939911589,-0.6311139667204612,-0.4412910075898999,2.012116231405269,0.3231776861301302,-0.7190193544877885,-1.1002666261015883,-1.6137805311986653
-0.24549049657113306,1.2169640878907144,-1.970466406112788,0.12160905082982407,-0.44679065416363695,0.246704884952733,-0.24155879534176422,-0.28274911520189183,1.4607570785909727,0.04282782530847982,0.7140469415507622,-1.4115212985653218,-0.30091768483855236,-0.8068437734032816,2.1232966490392045,-0.8838384939911589,-0.6311139667204612,0.270529995737048,-0.22773359903382606,-0.8922429187357273,-0.3949095756632157,0.7608368091085088,-2.0551741612269545
1.043525778095167,-1.7633781249324927,0.4115859340220058,-0.8384624030898393,0.5268649650307129,0.21638395475025635,-0.5845428860907194,-0.8671714989853299,-0.6859118262663001,-0.6653488136506367,1.435306478470724,1.451052073706214,-1.5572340628921508,0.4895387240312183,-1.0491850037408235,-0.8838384939911589,-0.6311139667204612,0.270529995737048,0.6058674705470668,0.35482926438184526,0.5774197608105023,-0.16971490849653975,0.4663503689346506
-0.8135315667630622,-0.8831082730437819,-1.33894555314682,2.0417519586691513,-1.2715342374812038,-1.8656532524864733,0.10142529540719089,-1.4515938827687678,0.02964447535279087,-1.3735254526097533,0.7140469415507622,-1.4115212985653218,0.3272405041882469,-0.8068437734032816,-0.7692601520249388,1.1314284304186495,0.46048154241466055,0.5632414363574749,-0.8873657497456631,0.6776753625493382,-1.477204729952414,-0.16971490849653975,0.2278963389193679
-0.6059780988083185,-0.34237107831214375,0.6110135718007322,-0.8384624030898393,0.27485998123923405,-1.3501974390443705,0.7873934769051011,-0.8671714989853299,-0.6859118262663001,1.459181103226713,0.7140469415507622,1.451052073706214,-0.30091768483855236,0.4895387240312183,1.227537123548373,-0.8838384939911589,-0.6311139667204612,-0.5610365969346198,0.6203648804528216,0.12060758531915382,-0.8984372677656771,1.6913885267135573,-0.7157728011411121
1.0216780446262452,-1.1094633778151644,-0.7739005794404263,0.12160905082982407,-0.6644313219835505,1.2742475195922194,0.10142529540719089,0.8860956523649842,1.4607570785909727,1.459181103226713,-0.007212595369199463,0.019765387570446186,0.3272405041882469,-0.8068437734032816,0.6303641065544853,-0.8838384939911589,-0.6311139667204612,-0.5543840641932465,0.7435928646517365,-0.7656366057288672,1.3008790885439234,-0.16971490849653975,-1.6137805311986653
-0.7698360998252214,-0.5184250486898867,-0.10914178684467019,-0.8384624030898393,-0.01150931852380998,-0.029552479114276463,-1.2705110675886295,0.8860956523649842,-0.6859118262663001,1.459181103226713,-0.007212595369199463,0.7354087306383301,-0.30091768483855236,-0.8068437734032816,-0.340042046060582,-0.8838384939911589,-0.6311139667204612,0.4767585107196217,0.43189855167801044,0.05730442881572375,0.38063882366701174,-0.16971490849653975,-2.5067147712558935
-0.7589122330907605,1.2295393714891256,-0.24209354536382172,2.0417519586691513,-0.6758860939740722,-0.3731896880756785,-0.24155879534176422,-0.28274911520189183,1.4607570785909727,1.459181103226713,-0.007212595369199463,-1.4115212985653218,0.9553986932150462,-0.8068437734032816,0.10783771668483365,1.1314284304186495,0.31809951948399257,-0.8005277756240603,0.45364466653664326,0.3738202113328741,-0.7826837753283297,0.7608368091085088,-1.7051033512045182
1.589719114818175,-0.2417688095248629,0.44482387365179327,1.0816805047494875,-0.8706172178129422,-0.1542051921689027,-0.9275269768396744,-0.8671714989853299,-0.6859118262663001,-0.6653488136506367,0.7140469415507622,0.019765387570446186,0.3272405041882469,-0.8068437734032816,-0.7692601520249388,1.1314284304186495,-0.39381059516934774,-0.8005277756240603,1.9831214115937592,0.7979513599058558,1.231426993081515,-1.1002666261015883,-1.248489251175254
0.12592097240051237,-0.9585599746342421,-0.8292971454900726,-0.8384624030898393,-1.2829890094717256,1.331520387752453,-0.5845428860907194,-0.8671714989853299,0.7452007769718818,-0.6653488136506367,-1.4497316692091227,1.451052073706214,-0.30091768483855236,-0.8068437734032816,-0.2467337621552871,1.1314284304186495,1.1249309827577783,-0.5676891296759933,-0.5756714367719377,-0.5630665049178907,-1.1067935541529024,-0.16971490849653975,1.4049460189948049
-0.14717569596099175,0.34926951960041475,-0.652028134131205,-0.8384624030898393,0.3779529291539299,2.1501855032193227,-0.9275269768396744,-0.28274911520189183,0.02964447535279087,0.7510044642675964,1.435306478470724,0.7354087306383301,-0.30091768483855236,0.4895387240312183,-0.6386285545575259,1.1314284304186495,2.4063691891337906,0.43684331427138107,-0.5611740268661833,0.38648084263356025,0.5311183638355634,-0.16971490849653975,0.9280379589642402
-2.1790149085705828,1.103786535505024,-1.0508834096886581,-0.8384624030898393,1.053784476594714,-1.3872563537362863,-1.6134951583375847,-0.28274911520189183,-0.6859118262663001,0.04282782530847982,-1.4497316692091227,0.7354087306383301,0.3272405041882469,-0.8068437734032816,0.5557174794302494,-0.8838384939911589,-0.6311139667204612,-0.08870677229711244,-0.41619992780863674,-2.0127087888464392,-0.5338137665880329,-0.16971490849653975,-1.1825338811710266
1.4367849805357322,-1.0465869598231134,-1.1284386021581632,-0.8384624030898393,1.191241740480975,-0.29907185869184666,0.444409386156146,-0.8671714989853299,1.4607570785909727,1.459181103226713,-0.7284721322891611,0.7354087306383301,-0.9290758738653516,-0.8068437734032816,1.0035972421756651,-0.8838384939911589,-0.6311139667204612,-0.4612486058140197,0.2506809278560772,-0.17691725024696722,0.11440579106111265,0.7608368091085088,-1.8623815412145985
-1.545430637971893,1.2169640878907144,0.9766309077283979,1.0816805047494875,-0.8247981298508551,0.6779358922768453,0.10142529540719089,1.4705180361484222,1.4607570785909727,-0.6653488136506367,0.7140469415507622,0.7354087306383301,0.9553986932150462,-0.8068437734032816,-0.15342547824999217,-0.8838384939911589,-0.6311139667204612,2.5257385950626112,0.30867056747909666,-1.2720618577563076,-0.1344642176791841,-0.16971490849653975,-0.8831979711518423
-0.0379370286163905,0.7013774603558988,-0.031586594375164985,-0.8384624030898393,-0.04587363449537527,-0.8583245713153048,-1.6134951583375847,1.4705180361484222,-1.4014681278853909,0.7510044642675964,0.7140469415507622,0.019765387570446186,-0.30091768483855236,0.4895387240312183,0.44374753874389544,-0.8838384939911589,-0.6311139667204612,1.1154016538914622,-0.49593568229028745,0.08895600706743878,1.8275574791338538,-0.16971490849653975,-0.6092295111342836
1.786348716038458,-0.2417688095248629,-0.08698316042481133,2.0417519586691513,-0.21769521435320172,-1.127843950892875,-0.9275269768396744,0.8860956523649842,-0.6859118262663001,1.459181103226713,-0.7284721322891611,1.451052073706214,-0.9290758738653516,0.4895387240312183,-0.32138038927952306,-0.8838384939911589,-0.6311139667204612,-0.9934512251238872,0.2434322229032003,0.006661903612979874,1.9433109715712011,1.6913885267135573,0.2786312389226195
0.4536369744343171,-0.7196295862644484,1.1871378587170547,-0.8384624030898393,1.7868898839881069,0.7217327914582005,0.10142529540719089,0.8860956523649842,-0.6859118262663001,-0.6653488136506367,1.435306478470724,-0.6958779554974378,0.3272405041882469,-0.8068437734032816,-0.9372150630544697,1.1314284304186495,-0.014125200687566225,-0.5676891296759933,0.9610540132380563,-0.9302248126377849,1.3298174616532603,-1.1002666261015883,-0.528053671129081
0.322550573620795,-0.354946361910555,2.0180863494617496,1.0816805047494875,-0.5040645141162458,-1.2558656561922208,-0.9275269768396744,-1.4515938827687678,0.7452007769718818,-0.6653488136506367,-1.4497316692091227,1.451052073706214,-0.9290758738653516,-0.8068437734032816,-0.7505984952438798,-0.8838384939911589,-0.6311139667204612,-0.3814182129175399,-0.22773359903382606,-0.10095346244285142,0.7047486024915846,-1.1002666261015883,-0.6396704511362347
1.2620031127843694,0.4624470719861051,1.4862793153851437,1.0816805047494875,0.04576454142879883,-0.6595540288768468,0.444409386156146,0.8860956523649842,-1.4014681278853909,0.04282782530847982,0.7140469415507622,-1.4115212985653218,-0.9290758738653516,-0.8068437734032816,-0.3773653596227,-0.8838384939911589,-0.6311139667204612,0.40358065056451436,0.18544258328018187,0.987860829416146,-0.8579235454126053,-1.1002666261015883,-0.7360667611424127
-0.8681509004353627,1.594222595843019,-0.10914178684467019,0.12160905082982407,-0.5269740580972893,1.4426971318282007,-0.5845428860907194,0.30167326858154614,0.7452007769718818,0.7510044642675964,-0.7284721322891611,-0.6958779554974378,0.3272405041882469,0.4895387240312183,3.317642683026979,-0.8838384939911589,-0.6311139667204612,1.4347232254773825,1.5481991144211196,1.209421877178151,-0.0418614237293065,-1.1002666261015883,-0.1373949411040435
-1.5017351710340523,0.6007751915686178,-1.33894555314682,-0.8384624030898393,0.13740271735297294,-0.6494470521426879,-1.2705110675886295,0.8860956523649842,0.7452007769718818,1.459181103226713,0.7140469415507622,0.019765387570446186,-0.9290758738653516,1.785921221465718,-0.6013052409954078,1.1314284304186495,0.555402891035106,-0.9601885614170205,1.287245736117536,0.34849894873150217,1.4455709540906077,0.7608368091085088,-1.1115050211664745
0.2679312399484944,0.07261328043539099,-0.33072805104325553,-0.8384624030898393,-0.24060475833424522,-0.9728703076357721,0.444409386156146,0.8860956523649842,1.4607570785909727,-0.6653488136506367,-0.7284721322891611,-0.6958779554974378,-0.30091768483855236,-0.8068437734032816,0.08917605990377467,1.1314284304186495,0.27063884517376985,-1.2462474692960746,0.7508415696046133,0.11427726966881117,-1.7492254371801803,1.6913885267135573,2.079720189038052
-0.5622826318704779,0.7516785947495382,2.1399587947709713,1.0816805047494875,-0.20624044236267994,-0.005969533401239072,-0.9275269768396744,-1.4515938827687678,-0.6859118262663001,0.04282782530847982,-0.007212595369199463,1.451052073706214,-0.9290758738653516,-0.8068437734032816,-1.2917865418945904,1.1314284304186495,1.4571557029293372,-1.2329424038133276,-1.7572103440909426,-0.36049640410691436,-0.5338137665880329,0.7608368091085088,-1.0100352211599712
0.5956472419822991,2.009206954590554,-0.530155688821982,-0.8384624030898393,4.329849265883938,0.7149948069687612,0.10142529540719089,-0.8671714989853299,-1.4014681278853909,-1.3735254526097533,-1.4497316692091227,0.019765387570446186,0.9553986932150462,-0.8068437734032816,0.3131159412764825,-0.8838384939911589,-0.6311139667204612,-0.6342144570897268,-0.4669408624787777,-0.8036184996309248,-1.2688484435651886,-1.1002666261015883,-1.248489251175254
-1.6874409055198751,-1.0968880942167532,-0.14237972647445768,-0.8384624030898393,-0.4582454261541587,1.1226428685798362,-1.6134951583375847,-0.8671714989853299,-0.6859118262663001,0.7510044642675964,-0.007212595369199463,0.019765387570446186,-0.30091768483855236,-0.8068437734032816,1.4888003184831988,-0.8838384939911589,-0.6311139667204612,-1.0001037578652605,-1.046837258708964,0.8042816755561983,-1.4945677538180162,-1.1002666261015883,-0.33526105111672505
0.9015155105471839,0.022312146041749647,-0.3196487378333269,1.0816805047494875,-0.9049815337845074,2.012056821185818,-0.24155879534176422,0.8860956523649842,-1.4014681278853909,-0.6653488136506367,0.7140469415507622,-0.6958779554974378,0.3272405041882469,0.4895387240312183,-1.1798166012082365,-0.8838384939911589,-0.6311139667204612,-1.938110874398902,-0.07551079502340206,-0.7023334492254371,-0.42963562339442,-1.1002666261015883,2.313100729053009
-0.016089295147469665,1.6193731630398398,0.6331721982205911,0.12160905082982407,0.5726840529927999,0.8834444192047426,-0.24155879534176422,0.30167326858154614,0.02964447535279087,0.7510044642675964,-0.007212595369199463,-0.6958779554974378,0.9553986932150462,-0.8068437734032816,-0.5826435842143489,-0.8838384939911589,-0.6311139667204612,1.2018845795293156,2.1498416255099375,-0.7782972370295529,-0.9968277363374225,0.7608368091085088,2.566775229069267
0.180540306072813,-1.9645826625070546,-2.2031319835213026,0.12160905082982407,-0.022964090514331743,-0.6427090676532486,-0.9275269768396744,0.30167326858154614,-0.6859118262663001,0.7510044642675964,-0.7284721322891611,-0.6958779554974378,0.3272405041882469,-0.8068437734032816,-1.1798166012082365,1.1314284304186495,0.46048154241466055,0.7495123531159283,-1.5397491955046227,0.7979513599058558,0.3864264982888792,-0.16971490849653975,-2.1769379212347584
-0.6715212992150801,-0.0028384211550710197,1.2646930511865582,-0.8384624030898393,-0.9851649377181598,-0.784206741931473,-0.9275269768396744,0.30167326858154614,0.02964447535279087,0.04282782530847982,-1.4497316692091227,0.7354087306383301,-0.9290758738653516,0.4895387240312183,0.6863490768976622,-0.8838384939911589,-0.6311139667204612,0.2771825284784214,-0.6481584863007109,-0.1515959876455953,-0.8116221484376666,0.7608368091085088,0.5830406389421291
0.9015155105471839,-0.3800969291073757,-0.08698316042481133,1.0816805047494875,1.7067064800544545,1.675157596713855,1.4733616584030114,-0.28274911520189183,-1.4014681278853909,-0.6653488136506367,-1.4497316692091227,0.7354087306383301,0.3272405041882469,0.4895387240312183,-0.9558767198355287,1.1314284304186495,3.403043349648467,0.34370785589215486,-0.691650716017975,0.016157377088494743,-1.008403085581157,-1.1002666261015883,-0.3657019911186757
-0.398424630853576,-0.354946361910555,-0.8403764587000029,-0.8384624030898393,0.4810458770686258,0.09846922618506938,-0.9275269768396744,-0.8671714989853299,-0.6859118262663001,1.459181103226713,1.435306478470724,1.451052073706214,-0.9290758738653516,-0.8068437734032816,0.6117024497734264,-0.8838384939911589,-0.6311139667204612,1.248452308718929,-0.4669408624787777,0.551069049542478,0.004439973245632708,-0.16971490849653975,-0.00041071109526435323
-0.7152167661529208,1.380442774670046,0.5777756321709447,0.12160905082982407,-0.8247981298508551,1.3652103101996493,0.444409386156146,-1.4515938827687678,-0.6859118262663001,0.7510044642675964,-0.7284721322891611,-1.4115212985653218,0.9553986932150462,-0.8068437734032816,-0.2467337621552871,-0.8838384939911589,-0.6311139667204612,-0.3947232784002863,-0.2784745337039676,-0.44279050756137367,1.0867351275348307,-0.16971490849653975,-0.6345969611359095
-0.9227702341076633,-0.1788923915328121,-0.48583843598226595,0.12160905082982407,1.191241740480975,0.8295405432892285,-0.24155879534176422,1.4705180361484222,0.02964447535279087,-1.3735254526097533,0.7140469415507622,-1.4115212985653218,-0.30091768483855236,-0.8068437734032816,-0.8812300927112927,1.1314284304186495,-0.39381059516934774,0.5033686416851145,-1.706469409420801,-0.39847829800897244,0.994132333584953,1.6913885267135573,0.3699540589284726
0.6830381758579805,0.34926951960041475,0.23431692266313653,2.0417519586691513,1.2599703724241056,0.46232038861478914,-1.2705110675886295,-0.28274911520189183,-0.6859118262663001,0.7510044642675964,-0.007212595369199463,0.019765387570446186,-0.30091768483855236,0.4895387240312183,-1.1051699740840006,-0.8838384939911589,-0.6311139667204612,0.9357832698743818,-0.8511222249812764,0.07629537576675303,-1.604533571633496,-0.16971490849653975,-0.37077548111900094
0.4536369744343171,-0.6693284518708089,-1.172755854997881,-0.8384624030898393,1.6723421640828893,1.1765467444953501,-0.5845428860907194,-1.4515938827687678,1.4607570785909727,0.7510044642675964,-0.7284721322891611,-0.6958779554974378,-0.30091768483855236,0.4895387240312183,1.4514770049210808,1.1314284304186495,-0.014125200687566225,-0.002223846659259173,-0.0030237454946287715,0.44978399913699035,-1.1067935541529024,-0.16971490849653975,0.21774935891871777
-1.3051055698137688,-0.3297957947137343,0.8215205227893875,-0.8384624030898393,-0.20624044236267994,0.1624800788347423,1.4733616584030114,0.8860956523649842,-0.6859118262663001,-1.3735254526097533,-1.4497316692091227,0.019765387570446186,-0.9290758738653516,-0.8068437734032816,-0.7879218088059977,-0.8838384939911589,-0.6311139667204612,1.6542568059427036,0.34491409224348335,1.35501913713604,-0.4643616711256243,-1.1002666261015883,-0.24901172111119715
-0.3219575637123545,0.31154366880518286,-1.1062799757383044,-0.8384624030898393,-1.1111674296138991,-0.8482175945811459,0.7873934769051011,0.8860956523649842,1.4607570785909727,1.459181103226713,-0.7284721322891611,-0.6958779554974378,-0.30091768483855236,1.785921221465718,-0.8998917494923516,-0.8838384939911589,-0.6311139667204612,0.323750257668035,0.7943337993218769,1.019512407667861,0.2359469581203275,0.7608368091085088,-0.4570248111245288
0.3334744403552559,0.27381781800995275,-0.6741867605510639,1.0816805047494875,0.2977695252202776,0.762160698394836,1.1303775676540562,1.4705180361484222,0.7452007769718818,0.04282782530847982,-0.7284721322891611,-0.6958779554974378,-0.9290758738653516,0.4895387240312183,-0.9185534062734106,-0.8838384939911589,-0.6311139667204612,0.9291307371330089,1.2799970311646582,-0.5377452423165188,1.02307070669429,-1.1002666261015883,0.7098778889502582
-1.1958669024691675,0.8774314307336398,0.5002204397014396,-0.8384624030898393,0.6986865448885393,-0.3731896880756785,-0.5845428860907194,-1.4515938827687678,0.7452007769718818,1.459181103226713,-0.007212595369199463,1.451052073706214,0.3272405041882469,0.4895387240312183,1.1528904964241369,-0.8838384939911589,-0.6311139667204612,-0.062096641331619164,1.1132768172484797,1.2727250336815812,-1.4193279837337403,-0.16971490849653975,-1.0303291811612718
-0.14717569596099175,0.16064026562426242,-0.16453835289431654,-0.8384624030898393,-0.4582454261541587,-1.2390206949686227,-1.2705110675886295,1.4705180361484222,-1.4014681278853909,-1.3735254526097533,-1.4497316692091227,-1.4115212985653218,-0.30091768483855236,-0.8068437734032816,2.8884245770626227,-0.8838384939911589,-0.6311139667204612,-0.6874347190207133,-2.3588528551797605,-1.67720205937826,1.9085849238399972,-0.16971490849653975,-0.624449981135259
-0.027013161881929596,-1.210065646602445,1.5195172550149327,2.0417519586691513,0.4008624731349735,0.8228025587997893,0.10142529540719089,1.4705180361484222,0.7452007769718818,0.04282782530847982,0.7140469415507622,-0.6958779554974378,-0.30091768483855236,-0.8068437734032816,1.078243869299901,-0.8838384939911589,-0.6311139667204612,-0.5610365969346198,0.5841213556884349,-0.5883877675192627,-0.24443003549466444,-1.1002666261015883,0.8113476889567617
0.35532217382417575,1.3049910730795857,1.9294518437823143,2.0417519586691513,0.05721931341932059,-0.5214253468433421,-1.2705110675886295,1.4705180361484222,1.4607570785909727,0.04282782530847982,1.435306478470724,0.7354087306383301,-1.5572340628921508,-0.8068437734032816,-0.7132751816817618,-0.8838384939911589,-0.6311139667204612,0.5366313053919812,0.1636964684215501,1.0574943015699185,0.6121458085417061,-1.1002666261015883,-0.8578305211502164
0.9124393772816439,-0.0028384211550710197,0.3894273076021469,2.0417519586691513,-0.08023795046694056,0.3073467453576863,-0.24155879534176422,-0.8671714989853299,0.7452007769718818,1.459181103226713,0.7140469415507622,-0.6958779554974378,-0.30091768483855236,0.4895387240312183,0.36910091161965947,1.1314284304186495,0.9825489598271102,-0.21510489438320632,-1.4962569657873586,0.4434536834866477,-0.7653207514627277,-0.16971490849653975,-0.5534211211307069
1.0762973782985468,0.07261328043539099,-0.7074247001808514,0.12160905082982407,-0.30933339027737583,0.8733374424705836,1.1303775676540562,0.8860956523649842,-0.6859118262663001,-1.3735254526097533,-0.007212595369199463,0.019765387570446186,0.9553986932150462,0.4895387240312183,2.8137779499383866,1.1314284304186495,0.7927062625862195,2.6920519135969445,0.3956550269136238,-0.575727136218577,0.1664948626579189,-1.1002666261015883,-1.5021637511915118
-0.6824451659495401,-0.2543440931232741,0.5445376925411557,2.0417519586691513,0.10303840138140764,0.41515449718871433,-1.2705110675886295,-0.28274911520189183,0.02964447535279087,1.459181103226713,-0.7284721322891611,0.019765387570446186,1.5835568822418453,0.4895387240312183,1.8060484837612014,-0.8838384939911589,-0.6311139667204612,0.5898515673229687,0.5478778309240483,2.0260325960723993,1.2603653661908518,-0.16971490849653975,-2.5067147712558935
0.4099415074964764,0.6259257587654368,-1.0841213493184456,0.12160905082982407,-0.21769521435320172,-1.380518369246847,-1.6134951583375847,-0.28274911520189183,1.4607570785909727,0.7510044642675964,-0.7284721322891611,0.7354087306383301,-0.30091768483855236,-0.8068437734032816,-1.1424932876461185,1.1314284304186495,0.6028635653453287,-1.8915431452092883,0.09845812384565374,-0.6200393457709777,-0.8347728469251359,0.7608368091085088,0.009736268905386113
0.6611904423890607,-2.153211916483207,0.7107273906900947,1.0816805047494875,-1.076803113642334,-1.3232455010866133,-1.2705110675886295,-0.28274911520189183,-1.4014681278853909,-0.6653488136506367,-1.4497316692091227,-0.6958779554974378,-0.30091768483855236,0.4895387240312183,0.07051440312271567,1.1314284304186495,3.687807395509803,0.1374793409095811,0.7798363894161231,-0.7719669213792097,-1.5929582223897614,-1.1002666261015883,-0.3758489711193262
0.3443983070897158,0.33669423600200354,1.3533275568659937,-0.8384624030898393,0.4123172451254952,-0.2552749595104915,-1.6134951583375847,-0.28274911520189183,-1.4014681278853909,1.459181103226713,1.435306478470724,-0.6958779554974378,0.9553986932150462,0.4895387240312183,-0.6572902113385848,1.1314284304186495,0.27063884517376985,-0.8071803083654338,-0.59741755163057,0.01932253491366607,-0.030286074485571593,-0.16971490849653975,-0.3809224611196514
-0.7261406328873807,-0.19146767513122334,-0.47475912277233573,0.12160905082982407,0.19467657730558174,-0.3563447268520803,-1.6134951583375847,0.30167326858154614,-0.6859118262663001,0.04282782530847982,-1.4497316692091227,-1.4115212985653218,-0.30091768483855236,0.4895387240312183,-0.4893353003090539,-0.8838384939911589,-0.6311139667204612,0.37697051959902156,-1.4745108509287268,0.3991414739342465,-0.614841211294176,1.6913885267135573,0.9889198389681424
-0.19087116289883244,1.8960294022048634,0.6774894510603072,2.0417519586691513,-1.0424387976707685,-1.0941540284456788,-0.9275269768396744,1.4705180361484222,1.4607570785909727,0.04282782530847982,-1.4497316692091227,0.7354087306383301,-0.30091768483855236,-0.8068437734032816,-0.19074879181211016,1.1314284304186495,0.08079614793287912,-0.7473075136930738,1.2220073915416396,-0.3541660884565717,0.8320774441726668,1.6913885267135573,2.0898671690387016
-1.3706487702205303,0.7391033111511288,1.9405311569922445,0.12160905082982407,1.580703988158715,-0.02281449462483721,1.1303775676540562,-1.4515938827687678,1.4607570785909727,-0.6653488136506367,-0.007212595369199463,-0.6958779554974378,-0.30091768483855236,-0.8068437734032816,-0.35870370284164105,1.1314284304186495,-0.25142857223867965,0.1507844063923275,-1.155567833002124,0.8802454633603146,0.9304679127444114,-1.1002666261015883,0.25326378892099366
-0.7589122330907605,0.47502235558451633,-0.984407530429083,-0.8384624030898393,0.6986865448885393,-0.7808377496867533,-0.5845428860907194,0.30167326858154614,1.4607570785909727,-1.3735254526097533,1.435306478470724,0.019765387570446186,0.3272405041882469,-0.8068437734032816,-0.3773653596227,1.1314284304186495,2.6436725606849043,0.6164616982884615,0.1347016486100404,0.8296029381575707,-1.2167593719683825,1.6913885267135573,-0.3454080311173751
-0.3547291639157353,1.4433191926620967,-0.3861246170929019,0.12160905082982407,-0.7446147259172028,0.8800754269600229,-0.5845428860907194,-1.4515938827687678,0.02964447535279087,-1.3735254526097533,-1.4497316692091227,0.019765387570446186,-0.30091768483855236,0.4895387240312183,0.3131159412764825,-0.8838384939911589,-0.6311139667204612,1.3615453653222762,-0.3437128782798634,-0.012329043338048967,-1.4251156583556077,0.7608368091085088,1.3288436689899275
-0.27826209677451386,0.6133504751670273,-0.10914178684467019,0.12160905082982407,-0.7904338138792898,-0.9155974394755385,0.10142529540719089,-1.4515938827687678,1.4607570785909727,-1.3735254526097533,0.7140469415507622,1.451052073706214,0.3272405041882469,3.082303718900218,-0.7505984952438798,-0.8838384939911589,-0.6311139667204612,0.5698939690988479,-0.48868697733741,-0.5883877675192627,-0.7711084260845947,0.7608368091085088,-0.177982861106645
0.09314937219713158,-0.3926722127057851,0.8547584624191765,-0.8384624030898393,1.3974276363103668,0.29387077637880776,1.1303775676540562,-0.28274911520189183,0.02964447535279087,0.7510044642675964,0.7140469415507622,0.7354087306383301,2.8398732602954437,0.4895387240312183,-0.17208713503105116,-0.8838384939911589,-0.6311139667204612,-1.6187893028129814,0.3666602071021151,0.9752001981154598,-0.238642360872797,-1.1002666261015883,0.8874500389616391
0.49733244137215776,-0.2543440931232741,-0.40828324351276074,2.0417519586691513,-0.9508006217465945,0.2702878306657704,-1.2705110675886295,-1.4515938827687678,1.4607570785909727,-1.3735254526097533,0.7140469415507622,-1.4115212985653218,0.3272405041882469,0.4895387240312183,-0.6013052409954078,-0.8838384939911589,-0.6311139667204612,0.25057239751292765,-0.37270769809137266,-0.816279130931611,-3.0746029255878082,-0.16971490849653975,-0.2642321911121725
1.3166224464566711,0.31154366880518286,-0.9179316511695065,0.12160905082982407,2.9552766270213264,-1.9195571284019874,0.7873934769051011,-0.28274911520189183,0.02964447535279087,0.7510044642675964,1.435306478470724,-1.4115212985653218,3.4680314493222433,-0.8068437734032816,0.07051440312271567,-0.8838384939911589,-0.6311139667204612,0.17074200461644784,-1.87318962333698,0.456114314787333,-0.26179305936026637,-0.16971490849653975,0.1822349289164415
-0.1362518292265318,0.5001729227813352,0.6110135718007322,0.12160905082982407,0.8475985807653222,-0.7673617807078749,0.444409386156146,-1.4515938827687678,-1.4014681278853909,0.7510044642675964,0.7140469415507622,-0.6958779554974378,-1.5572340628921508,-0.8068437734032816,-1.0305233469597646,1.1314284304186495,1.2198523313782237,1.2351472432361823,-0.7061481259237299,-0.9238944969874423,0.5889951100542371,-1.1002666261015883,-0.01563118109623969
-1.0429327681867255,1.103786535505024,0.43374456044186305,0.12160905082982407,-0.33224293425841933,-1.9195571284019874,-1.2705110675886295,-0.28274911520189183,0.02964447535279087,0.7510044642675964,1.435306478470724,0.019765387570446186,-0.30091768483855236,0.4895387240312183,0.3877625684007185,-0.8838384939911589,-0.6311139667204612,1.614341609494463,0.49713689625390683,-0.19590819719799651,-0.2154916623853276,0.7608368091085088,0.35980707892782215
-0.5622826318704779,-0.707054302666039,-0.5190763756120534,-0.8384624030898393,1.1797869684904534,2.298421161986986,-0.5845428860907194,-0.28274911520189183,0.7452007769718818,-0.6653488136506367,-0.007212595369199463,1.451052073706214,-0.30091768483855236,-0.8068437734032816,-0.09744050790681522,-0.8838384939911589,-0.6311139667204612,-1.2928151984856875,-0.05376468016477028,0.31051705482944403,-0.07658747146051038,1.6913885267135573,-0.6143030011346089
-0.9664657010455041,-1.1471892286103944,-0.042665907585095204,2.0417519586691513,-0.3780620222205064,-1.5287540280145107,0.7873934769051011,-0.28274911520189183,0.02964447535279087,0.7510044642675964,-0.7284721322891611,0.7354087306383301,-0.30091768483855236,-0.8068437734032816,1.5074619752642577,1.1314284304186495,0.08079614793287912,0.33040279040940795,0.5043856012067838,-0.936555128288128,1.2372146677033828,-0.16971490849653975,-0.7005523311401364
1.7098816488972364,0.638501042363848,1.0320274737780442,-0.8384624030898393,-0.33224293425841933,0.48927232657254616,0.444409386156146,1.4705180361484222,0.02964447535279087,-0.6653488136506367,1.435306478470724,0.7354087306383301,0.9553986932150462,-0.8068437734032816,-0.04145553756363825,1.1314284304186495,0.9350882855168874,-0.5410789987105,0.1419503535629173,-0.1579263032959384,0.7973513964414621,-0.16971490849653975,-0.8273895811482654
1.0107541778917852,-0.3926722127057851,1.375486183285851,-0.8384624030898393,0.7788699488221916,-1.9195571284019874,-0.9275269768396744,-1.4515938827687678,-1.4014681278853909,-0.6653488136506367,1.435306478470724,1.451052073706214,-0.9290758738653516,-0.8068437734032816,1.3395070642347269,-0.8838384939911589,-0.6311139667204612,-0.427985942107153,-2.627054938436222,0.7473088347031118,0.1780702119016538,0.7608368091085088,-0.9643738111570449
1.895587383383059,0.563049340773386,-0.4304418699326196,0.12160905082982407,-0.492609742125724,0.6610909310532471,1.1303775676540562,0.30167326858154614,0.7452007769718818,-1.3735254526097533,-0.007212595369199463,-0.6958779554974378,-0.9290758738653516,1.785921221465718,0.5370558226491904,1.1314284304186495,0.8401669368964422,-0.32819795098655286,-0.11900302474066614,-1.3163740673087085,-1.88234195348313,2.621940244318606,1.2375208489840748
1.2401553793154496,2.084658656181016,-1.8264353343837068,-0.8384624030898393,-0.9393458497560727,-0.757254803973716,-0.5845428860907194,0.30167326858154614,-0.6859118262663001,-1.3735254526097533,-0.7284721322891611,1.451052073706214,2.2117150712686446,-0.8068437734032816,2.1606199626013223,-0.8838384939911589,-0.6311139667204612,-1.645399433778475,-0.10450561483491128,-0.17691725024696722,-0.47593702036935925,-1.1002666261015883,-2.0298067112253286
0.2351596397451136,-1.7130769905388514,0.7882825831596,-0.8384624030898393,0.3321338411918429,-0.4237245717464729,0.10142529540719089,-0.8671714989853299,1.4607570785909727,1.459181103226713,-0.7284721322891611,-1.4115212985653218,-0.30091768483855236,-0.8068437734032816,-0.6013052409954078,1.1314284304186495,0.555402891035106,-2.4570084282260227,1.3524840806934315,-0.25921135370142656,0.9304679127444114,-0.16971490849653975,1.5114893090016337
-0.8463031669664419,0.27381781800995275,0.4669825000716521,-0.8384624030898393,1.5234301282061062,1.7560134105871261,1.4733616584030114,0.8860956523649842,-1.4014681278853909,-1.3735254526097533,0.7140469415507622,1.451052073706214,-1.5572340628921508,3.082303718900218,-1.1984782579892954,-0.8838384939911589,-0.6311139667204612,-0.9069682994860339,-0.3437128782798634,-1.0061886004419012,0.16070718803605144,-0.16971490849653975,-0.040998631097865494
-0.1362518292265318,-0.0028384211550710197,-0.05374522079502384,-0.8384624030898393,-0.11460226643850584,1.3348893799971726,0.10142529540719089,-1.4515938827687678,0.7452007769718818,-0.6653488136506367,1.435306478470724,-0.6958779554974378,-1.5572340628921508,-0.8068437734032816,-0.9745383766165876,-0.8838384939911589,-0.6311139667204612,0.6763344929608219,0.2651783377618321,-1.886102475839579,0.9651939604756162,0.7608368091085088,-0.4773187711258294
-1.5345067712374332,0.4624470719861051,-0.47475912277233573,-0.8384624030898393,0.3206790692013211,-0.7437788349948374,-0.5845428860907194,1.4705180361484222,0.02964447535279087,-0.6653488136506367,-1.4497316692091227,0.019765387570446186,0.9553986932150462,-0.8068437734032816,0.984935585394606,-0.8838384939911589,-0.6311139667204612,0.3170977249266611,2.236826084944466,-0.664351555323379,-1.8997049773487322,-0.16971490849653975,-0.2337912511102218
-0.5513587651360179,-0.4178227799026058,-1.9150698400631414,-0.8384624030898393,-1.168441289566508,0.9440862796096958,1.1303775676540562,1.4705180361484222,0.7452007769718818,0.7510044642675964,-0.7284721322891611,-1.4115212985653218,2.2117150712686446,-0.8068437734032816,1.022258898956724,-0.8838384939911589,-0.6311139667204612,0.7628174185986752,1.6569296887142795,0.6460237842976232,0.021802997111234654,-1.1002666261015883,-0.2388647411105467
-0.1580995626954517,0.890006714332051,-0.45260049635247845,0.12160905082982407,-0.33224293425841933,0.11868317965338714,0.7873934769051011,-0.28274911520189183,0.02964447535279087,0.7510044642675964,-1.4497316692091227,0.019765387570446186,-0.30091768483855236,-0.8068437734032816,-0.3773653596227,1.1314284304186495,0.08079614793287912,0.5831990345815948,0.9175617835207917,-1.9494056323430091,1.4976600256874144,0.7608368091085088,-0.9542268311563944
0.09314937219713158,1.6822495810318905,0.5999342585908021,-0.8384624030898393,-0.6071574620309417,0.5364382179986209,1.1303775676540562,-0.8671714989853299,-0.6859118262663001,0.04282782530847982,-0.007212595369199463,-0.6958779554974378,-0.30091768483855236,0.4895387240312183,-0.9372150630544697,-0.8838384939911589,-0.6311139667204612,2.0267986394596105,0.011473664411125578,-0.3794873510579436,0.617933483163574,-0.16971490849653975,-0.33526105111672505
0.049453905259290894,-0.11601597354076135,-2.613066572288685,0.12160905082982407,0.8017794928032351,0.5431762024880602,0.10142529540719089,-1.4515938827687678,0.02964447535279087,0.04282782530847982,0.7140469415507622,0.019765387570446186,-0.9290758738653516,0.4895387240312183,-0.47067364352799496,1.1314284304186495,-0.25142857223867965,-0.60095179338286,-0.05376468016477028,-0.4364601919110306,0.48481696686062425,-1.1002666261015883,0.009736268905386113
-2.6050457112145287,-1.1471892286103944,-1.3943421191964662,-0.8384624030898393,0.03430976943827707,-0.2182160448185756,0.7873934769051011,-0.28274911520189183,1.4607570785909727,1.459181103226713,-0.7284721322891611,-0.6958779554974378,-0.30091768483855236,-0.8068437734032816,-0.004132224001520273,1.1314284304186495,-0.39381059516934774,0.6962920911849418,-0.30022064856259933,1.0638246172202621,-1.2167593719683825,-1.1002666261015883,1.3085497089886273
-0.47489169799479647,-0.40524749630419454,1.4862793153851437,0.12160905082982407,0.10303840138140764,0.762160698394836,0.444409386156146,-1.4515938827687678,0.7452007769718818,0.7510044642675964,-0.7284721322891611,-1.4115212985653218,-0.30091768483855236,0.4895387240312183,-0.8065834655870567,1.1314284304186495,1.5520770515497821,-0.255020090831446,-1.65572847475066,1.551258922296674,-1.182033324237178,0.7608368091085088,-0.2845261511134734
0.1914641728072729,-0.6693284518708089,-1.0619627228985882,-0.8384624030898393,0.10303840138140764,-0.5652222460246972,0.7873934769051011,0.8860956523649842,-0.6859118262663001,-0.6653488136506367,1.435306478470724,0.019765387570446186,-0.30091768483855236,1.785921221465718,-0.5079969570901129,-0.8838384939911589,-0.6311139667204612,1.1619693830810758,1.0335410627668296,-2.4811521469718216,-1.6624103178521699,0.7608368091085088,0.3445866089268468
0.8359723101404234,0.210941400017902,-0.363965990673043,0.12160905082982407,-0.24060475833424522,-0.8145276721339496,0.7873934769051011,1.4705180361484222,-1.4014681278853909,1.459181103226713,-0.007212595369199463,1.451052073706214,0.9553986932150462,0.4895387240312183,-1.3104481986756493,-0.8838384939911589,-0.6311139667204612,0.23726733203018127,-0.539427912007551,-1.3100437516583654,-0.504875393478696,-0.16971490849653975,-0.020704671096564924
-1.807603439598937,-0.07829012274553124,0.40050662081207555,2.0417519586691513,3.2416459267843707,0.3578816290284807,0.10142529540719089,1.4705180361484222,0.02964447535279087,0.04282782530847982,-0.007212595369199463,-0.6958779554974378,-1.5572340628921508,0.4895387240312183,-0.340042046060582,-0.8838384939911589,-0.6311139667204612,0.1640894718750744,-1.0178424388974547,0.9435486198637447,0.47324161761688976,0.7608368091085088,1.6281795790091123
-1.7529841059266356,1.204388804292305,-1.5826904437652634,0.12160905082982407,-0.6644313219835505,1.9547839530255842,-0.24155879534176422,1.4705180361484222,0.7452007769718818,0.7510044642675964,-0.007212595369199463,-1.4115212985653218,-0.30091768483855236,-0.8068437734032816,0.7423340472408392,1.1314284304186495,3.830189418440472,-0.07540170681436603,0.3956550269136238,-0.1452656719952522,-0.7537454022189928,-1.1002666261015883,0.7200248689509087
0.09314937219713158,1.455894476260508,-0.042665907585095204,0.12160905082982407,-0.30933339027737583,0.3949405437203966,-0.24155879534176422,-0.8671714989853299,1.4607570785909727,0.04282782530847982,-1.4497316692091227,1.451052073706214,0.9553986932150462,-0.8068437734032816,0.984935585394606,-0.8838384939911589,-0.6311139667204612,0.2771825284784214,0.40290373186650175,0.6333631529969379,-0.08237514608237784,-1.1002666261015883,0.319219158925221
-0.398424630853576,-1.3609690497833675,1.242534424766701,-0.8384624030898393,0.05721931341932059,0.3477746522943218,-1.6134951583375847,-0.28274911520189183,0.02964447535279087,-0.6653488136506367,1.435306478470724,-1.4115212985653218,0.9553986932150462,-0.8068437734032816,2.1606199626013223,-0.8838384939911589,-0.6311139667204612,-0.8737056357791672,0.37390891205499205,-0.7403153431274947,-0.724807029109656,-0.16971490849653975,1.3034762189883018
0.7704291097336619,0.31154366880518286,-0.363965990673043,-0.8384624030898393,-1.0538935696612903,-0.13736023094530453,1.4733616584030114,1.4705180361484222,-0.6859118262663001,-1.3735254526097533,1.435306478470724,0.019765387570446186,0.3272405041882469,-0.8068437734032816,4.1014322678314565,-0.8838384939911589,-0.6311139667204612,0.7095971566676887,0.38840632196074687,0.3738202113328741,0.1780702119016538,-0.16971490849653975,-0.6751848811385106
1.4258611138012722,0.5127482063797464,-0.8292971454900726,1.0816805047494875,-0.5727931460593764,1.0316800779724062,-1.2705110675886295,1.4705180361484222,0.7452007769718818,-0.6653488136506367,0.7140469415507622,-0.6958779554974378,0.3272405041882469,-0.8068437734032816,-0.7505984952438798,1.1314284304186495,0.7927062625862195,0.05764894801310082,0.14919905851579524,0.1459288479205262,-1.2977868166745254,-0.16971490849653975,-0.18812984110729508
-1.1849430357347075,0.27381781800995275,-0.5855522548716284,1.0816805047494875,0.16031226133401646,1.2472955816344624,0.7873934769051011,-1.4515938827687678,-0.6859118262663001,-0.6653488136506367,0.7140469415507622,0.7354087306383301,0.3272405041882469,-0.8068437734032816,0.5743791362113083,-0.8838384939911589,-0.6311139667204612,2.6920519135969445,0.7943337993218769,1.2600644023808951,-0.036073749107439046,-1.1002666261015883,1.6281795790091123
1.5787952480837133,-0.2920699439185042,-1.4386593720361824,-0.8384624030898393,-0.9164363057750292,0.6004490706482939,-0.5845428860907194,-0.28274911520189183,0.02964447535279087,0.7510044642675964,-0.7284721322891611,0.7354087306383301,0.3272405041882469,1.785921221465718,-0.6946135249007028,-0.8838384939911589,-0.6311139667204612,0.26387746299567455,1.700421918431543,0.25987452962670016,2.2674207503957744,0.7608368091085088,-0.3454080311173751
-0.4967394314637173,0.7391033111511288,1.4308827493354972,1.0816805047494875,1.2714251444146274,0.843016512268107,1.1303775676540562,0.8860956523649842,0.02964447535279087,0.7510044642675964,-1.4497316692091227,1.451052073706214,0.9553986932150462,-0.8068437734032816,0.4250858819628364,-0.8838384939911589,-0.6311139667204612,-0.32819795098655286,0.7653389795103682,-1.5569260620217429,-1.3151498405401278,0.7608368091085088,-0.2845261511134734
0.21331190627619373,-0.6316026010755788,-0.47475912277233573,-0.8384624030898393,-0.733159953926681,0.33429868331544327,0.444409386156146,-1.4515938827687678,0.02964447535279087,-0.6653488136506367,-1.4497316692091227,-1.4115212985653218,-1.5572340628921508,-0.8068437734032816,-0.5826435842143489,1.1314284304186495,0.8401669368964422,-0.2084523616418329,-0.5611740268661833,0.905566725961687,0.9246802381225444,-1.1002666261015883,-0.6143030011346089
0.8032007099370426,-1.235216213799266,0.7993618963695301,-0.8384624030898393,0.6757770009074958,0.472427365348948,1.1303775676540562,-0.8671714989853299,1.4607570785909727,1.459181103226713,1.435306478470724,0.7354087306383301,0.3272405041882469,0.4895387240312183,-0.7879218088059977,-0.8838384939911589,-0.6311139667204612,-0.9069682994860339,-0.6191636664892017,-0.7782972370295529,-0.3891219010413487,0.7608368091085088,-0.005484201095589586
-0.05978476208531036,0.7642538783479496,-1.33894555314682,-0.8384624030898393,1.099603564556801,0.8598614734917052,0.444409386156146,0.8860956523649842,0.7452007769718818,-0.6653488136506367,-0.7284721322891611,-0.6958779554974378,0.9553986932150462,-0.8068437734032816,-0.7692601520249388,-0.8838384939911589,-0.6311139667204612,-0.3614606146934196,0.3014218625262187,-0.5504058736172045,1.9375232969493341,-0.16971490849653975,-1.1673134111700514
-2.364720643056405,-0.8705329894453706,-0.20885560573403422,2.0417519586691513,-1.2028056055380734,-0.16431216890306155,0.7873934769051011,-1.4515938827687678,0.02964447535279087,1.459181103226713,-0.007212595369199463,0.019765387570446186,-0.30091768483855236,0.4895387240312183,-0.07877885112575622,-0.8838384939911589,-0.6311139667204612,-0.04213904310749932,0.25792963280895514,0.4054717895845891,-0.2791560832258683,-0.16971490849653975,-1.6492949612009415
-0.0379370286163905,0.4372965047892844,-0.07590384721488269,2.0417519586691513,-0.8935267617939857,-1.0099292223276881,-0.5845428860907194,1.4705180361484222,0.02964447535279087,0.7510044642675964,-0.7284721322891611,0.7354087306383301,1.5835568822418453,-0.8068437734032816,-0.7132751816817618,-0.8838384939911589,-0.6311139667204612,-0.22840995986595272,0.27967574766758696,-0.8922429187357273,-0.3891219010413487,-0.16971490849653975,0.7149513789505834
0.8578200436093433,1.0534854011113828,-1.4608179984560412,0.12160905082982407,-5.454653328821902e-05,-0.7606237962184356,-0.5845428860907194,-1.4515938827687678,-1.4014681278853909,-0.6653488136506367,-0.007212595369199463,0.019765387570446186,0.3272405041882469,-0.8068437734032816,-1.1611549444271776,1.1314284304186495,0.6028635653453287,1.1885795140465696,-0.6988994209708524,-0.1515959876455953,-1.1067935541529024,1.6913885267135573,-1.2129748211729776
-1.807603439598937,-1.1849150794056245,-1.3611041795666772,1.0816805047494875,0.7674151768316698,-0.1205152697217064,-1.2705110675886295,-1.4515938827687678,1.4607570785909727,-1.3735254526097533,1.435306478470724,-1.4115212985653218,-0.9290758738653516,4.378686216334717,0.5183941658681314,-0.8838384939911589,-0.6311139667204612,2.3328151455627837,1.0262923578139516,0.26620484527704324,-1.9402186997018036,0.7608368091085088,0.6439225189460313
0.12592097240051237,1.1163618191034335,1.5970724474844362,-0.8384624030898393,0.11449317337192941,-0.39677263378871586,1.4733616584030114,-0.28274911520189183,-1.4014681278853909,0.7510044642675964,0.7140469415507622,0.019765387570446186,-0.9290758738653516,0.4895387240312183,-1.0678466605218826,1.1314284304186495,-0.6311139667204612,-0.2084523616418329,-0.5104330921960418,-1.4366500646652254,0.17228253727978635,1.6913885267135573,0.36488056892814735
-1.0429327681867255,0.4624470719861051,0.034889284884409996,0.12160905082982407,-0.8706172178129422,-1.1851168190531087,0.444409386156146,0.30167326858154614,-1.4014681278853909,-1.3735254526097533,-1.4497316692091227,0.7354087306383301,-0.9290758738653516,0.4895387240312183,-0.9745383766165876,1.1314284304186495,5.064166950506261,0.1507844063923275,-0.6191636664892017,0.6207025216962517,0.4790292922387568,-0.16971490849653975,0.8214946689574115
0.6939620425924404,0.8774314307336398,0.8104412095794589,-0.8384624030898393,-0.0687831784764188,-1.5489679814828283,-0.24155879534176422,1.4705180361484222,0.7452007769718818,0.7510044642675964,-0.007212595369199463,0.019765387570446186,-0.9290758738653516,0.4895387240312183,0.9476122718324881,1.1314284304186495,-0.1565072236182343,2.6920519135969445,-1.2860445221539163,-1.1834374386515052,-0.5511767904536349,0.7608368091085088,0.7504658089528596
0.11499710566605242,0.9151572815288718,-1.2724696738872434,1.0816805047494875,2.0274400957890637,1.3618413179549296,0.10142529540719089,-0.28274911520189183,0.7452007769718818,0.04282782530847982,-1.4497316692091227,1.451052073706214,0.3272405041882469,-0.8068437734032816,-0.19074879181211016,-0.8838384939911589,-0.6311139667204612,-0.35480808195204616,0.685603225028717,0.4054717895845891,0.12598114030484756,-1.1002666261015883,-0.9136389111537933
-0.7698360998252214,-0.6567531682723976,0.31187211513264174,0.12160905082982407,0.16031226133401646,-1.3704113925126882,0.444409386156146,0.8860956523649842,0.7452007769718818,0.04282782530847982,0.7140469415507622,0.7354087306383301,-0.30091768483855236,0.4895387240312183,0.8916273014893111,1.1314284304186495,0.31809951948399257,-0.7140448499862071,0.6421109953114534,1.5955711318490742,-0.5743274889411043,0.7608368091085088,-0.42151038112225253
2.2233033854168647,1.2295393714891256,-0.2531728585737504,-0.8384624030898393,-0.5384288300878111,-1.9195571284019874,-0.24155879534176422,-0.28274911520189183,1.4607570785909727,0.04282782530847982,0.7140469415507622,0.7354087306383301,0.3272405041882469,-0.8068437734032816,-0.6946135249007028,1.1314284304186495,1.3147736799986687,1.0089611300294892,1.1422716370599895,-1.1897677543018483,0.7394746502227885,-0.16971490849653975,0.41054197893107375
-1.5126590377685123,0.5756246243717972,-0.14237972647445768,1.0816805047494875,-1.0882578856328557,0.9205033338966585,-0.24155879534176422,0.30167326858154614,0.02964447535279087,-1.3735254526097533,1.435306478470724,0.019765387570446186,-0.9290758738653516,1.785921221465718,-1.4224181393620032,-0.8838384939911589,-0.6311139667204612,0.5166737071678614,0.9103130785679148,0.20923200442395626,-0.9852523870936876,-1.1002666261015883,0.17716143891611627
0.9998303111573253,-2.266389468868899,-1.6491663230248392,1.0816805047494875,2.302354623561586,0.5398072102433406,1.1303775676540562,-0.8671714989853299,0.7452007769718818,-1.3735254526097533,-1.4497316692091227,1.451052073706214,-0.9290758738653516,0.4895387240312183,-1.1238316308650595,-0.8838384939911589,-0.6311139667204612,-0.7073923172448336,0.3956550269136238,0.17758042617224123,-0.7942591245720646,-1.1002666261015883,-1.0100352211599712
-0.8463031669664419,2.2481373429603475,-0.06482453400495405,-0.8384624030898393,-0.6644313219835505,1.3719482946890886,-0.5845428860907194,-0.8671714989853299,-0.6859118262663001,1.459181103226713,1.435306478470724,-1.4115212985653218,0.3272405041882469,-0.8068437734032816,-0.9932000333976466,1.1314284304186495,1.409695028619114,-0.6408669898311001,-0.9453553893686816,1.8297928109117656,1.4108449063594037,-1.1002666261015883,-0.43165736112290304
1.9502067170553608,1.9337552530000937,-0.34180736425318575,-0.8384624030898393,-0.14896658241007113,1.3483653489760512,-1.6134951583375847,-0.8671714989853299,1.4607570785909727,0.04282782530847982,-0.7284721322891611,1.451052073706214,-0.9290758738653516,0.4895387240312183,-0.7132751816817618,1.1314284304186495,0.7927062625862195,1.0821389901845955,-1.1990600627193881,0.03831348186469491,0.5658444115667673,-0.16971490849653975,-0.12217447110306814
-0.8681509004353627,-0.707054302666039,2.4169416250192026,2.0417519586691513,1.5463396721871498,0.3376676755601629,-0.9275269768396744,-0.28274911520189183,-1.4014681278853909,0.04282782530847982,-0.7284721322891611,-0.6958779554974378,0.3272405041882469,-0.8068437734032816,-1.1984782579892954,-0.8838384939911589,-0.6311139667204612,0.37031798685764766,1.3814789005049413,-1.5949079559238006,-0.08237514608237784,-0.16971490849653975,-1.2992241511785054
1.3603179133945107,0.5378987735765671,-0.28641079820353943,0.12160905082982407,-1.2829890094717256,-1.9195571284019874,0.444409386156146,0.8860956523649842,0.7452007769718818,-0.6653488136506367,-0.7284721322891611,-1.4115212985653218,-1.5572340628921508,0.4895387240312183,0.7796573608029572,-0.8838384939911589,-0.6311139667204612,-0.04213904310749932,1.4322198351750826,0.842263569458257,-0.49330004423496115,-1.1002666261015883,-0.010557691095914458
1.1309167119708483,0.23609196721472264,-0.34180736425318575,0.12160905082982407,-0.8477076738318986,0.7958506208420323,0.7873934769051011,-0.28274911520189183,1.4607570785909727,-1.3735254526097533,0.7140469415507622,0.7354087306383301,-0.9290758738653516,1.785921221465718,-0.5079969570901129,-0.8838384939911589,-0.6311139667204612,1.4147656272532627,0.7725876844632451,0.22189263572464202,-0.614841211294176,1.6913885267135573,-0.48239226112615463
-1.0320089014522646,-0.10344068994235191,-0.7406626398106388,-0.8384624030898393,-1.0538935696612903,-0.0834563550297905,1.1303775676540562,0.30167326858154614,0.02964447535279087,0.7510044642675964,-0.7284721322891611,0.7354087306383301,-0.30091768483855236,0.4895387240312183,0.6676874201166033,-0.8838384939911589,-0.6311139667204612,-0.4479435403312733,0.27967574766758696,-0.34783577280622857,0.8089267456851971,-0.16971490849653975,-0.3098936011150992
1.5678713813492533,-0.5184250486898867,-0.8403764587000029,0.12160905082982407,-1.168441289566508,-0.1440982154347438,0.7873934769051011,-1.4515938827687678,-0.6859118262663001,1.459181103226713,-0.7284721322891611,0.019765387570446186,-0.30091768483855236,1.785921221465718,-0.8065834655870567,-0.8838384939911589,-0.6311139667204612,-0.7140448499862071,-1.460013441022972,-0.25921135370142656,0.5484813877011654,0.7608368091085088,0.892523528961964
-2.1790149085705828,0.4624470719861051,-0.3861246170929019,1.0816805047494875,0.17176703332453822,-0.8515865868258655,-1.6134951583375847,-0.28274911520189183,1.4607570785909727,0.7510044642675964,1.435306478470724,-0.6958779554974378,0.3272405041882469,1.785921221465718,0.8356423311461342,-0.8838384939911589,-0.6311139667204612,-0.4412910075898999,-1.5904901301747636,-0.9871976534908724,0.03337834635496956,-1.1002666261015883,-0.40121642112095196
-0.1253279624920719,1.0031842667177413,1.209296485136912,-0.8384624030898393,-0.1260570384290276,-1.7578455006554452,-0.24155879534176422,-0.28274911520189183,-1.4014681278853909,-1.3735254526097533,-0.007212595369199463,-1.4115212985653218,0.3272405041882469,0.4895387240312183,-0.4893353003090539,-0.8838384939911589,-0.6311139667204612,0.9291307371330089,-0.10450561483491128,0.8612545164092857,0.5600567369449003,-1.1002666261015883,-0.00041071109526435323
1.6443384484904748,-1.8639803937197736,-2.5355113798191806,0.12160905082982407,0.6070483689643652,0.9946211632804902,-1.2705110675886295,-0.28274911520189183,-0.6859118262663001,0.04282782530847982,-0.007212595369199463,-1.4115212985653218,-0.30091768483855236,0.4895387240312183,-0.07877885112575622,-0.8838384939911589,-0.6311139667204612,1.1819269813051956,0.6348622903585764,-1.1960980699521915,0.5021799907262265,-1.1002666261015883,0.319219158925221
1.491404314208032,-1.3609690497833675,-0.5079970624021248,-0.8384624030898393,1.2485156004335838,0.31745372209184514,1.4733616584030114,-0.28274911520189183,0.02964447535279087,1.459181103226713,-0.7284721322891611,1.451052073706214,-0.30091768483855236,-0.8068437734032816,1.7500635134180245,1.1314284304186495,0.22317817086354722,1.0488763264777288,-0.29297194360972195,0.044643797515038004,1.3761188586281992,-0.16971490849653975,1.4810483689996823
0.13684483913497228,-0.0657148391471218,0.5445376925411557,-0.8384624030898393,-0.6071574620309417,-1.7915354231026417,0.7873934769051011,-0.28274911520189183,0.02964447535279087,-1.3735254526097533,-0.7284721322891611,-0.6958779554974378,-1.5572340628921508,0.4895387240312183,0.5930407929923673,1.1314284304186495,0.9350882855168874,-0.5543840641932465,1.3524840806934315,-0.6960031335750939,1.3934818824938011,-1.1002666261015883,0.8874500389616391
1.1309167119708483,-0.9459846910358326,0.4226652472319344,-0.8384624030898393,0.5497745090117564,-0.15083619992418304,-0.5845428860907194,-0.28274911520189183,-1.4014681278853909,0.7510044642675964,-1.4497316692091227,-0.6958779554974378,0.9553986932150462,-0.8068437734032816,0.4250858819628364,1.1314284304186495,0.6503242396555514,-1.4790861152441415,0.6783545200758401,-1.2783921734066503,-0.4354232980162875,-1.1002666261015883,-0.9542268311563944
0.5956472419822991,-1.210065646602445,1.5305965682248612,-0.8384624030898393,-0.927891077765551,0.08499325720619087,0.444409386156146,0.8860956523649842,0.02964447535279087,-1.3735254526097533,0.7140469415507622,1.451052073706214,-0.30091768483855236,-0.8068437734032816,-0.4893353003090539,1.1314284304186495,0.22317817086354722,-2.0245938000367554,-0.7351429457352391,1.2600644023808951,-2.7794315198725723,-1.1002666261015883,-0.41136340112160247
1.480480447473572,1.9966316709921443,-0.031586594375164985,0.12160905082982407,-0.7102504099456375,-1.407470307204604,-1.6134951583375847,-1.4515938827687678,0.7452007769718818,-0.6653488136506367,0.7140469415507622,-0.6958779554974378,1.5835568822418453,-0.8068437734032816,-0.8812300927112927,-0.8838384939911589,-0.6311139667204612,0.270529995737048,-0.9453553893686816,-1.2467405951549353,0.9246802381225444,0.7608368091085088,-0.14754192110469394
0.5410279083099985,1.6193731630398398,0.5223790661212985,0.12160905082982407,0.16031226133401646,1.766120387321285,-1.6134951583375847,-0.8671714989853299,-0.6859118262663001,0.7510044642675964,-0.7284721322891611,0.7354087306383301,-0.30091768483855236,-0.8068437734032816,-0.7505984952438798,1.1314284304186495,1.267313005688446,0.6164616982884615,0.2506809278560772,0.7346482034024256,1.6886532882090375,-0.16971490849653975,-1.1165785111667996
-1.1412475687968668,-1.3609690497833675,-0.10914178684467019,-0.8384624030898393,3.6769272624241975,-0.5382703080669402,-1.2705110675886295,0.30167326858154614,0.7452007769718818,0.04282782530847982,0.7140469415507622,0.7354087306383301,-1.5572340628921508,3.082303718900218,1.3208454074536677,-0.8838384939911589,-0.6311139667204612,-0.00887637940063261,1.7801576729131943,-1.08848270389636,-1.3151498405401278,1.6913885267135573,-0.061292591099166065
0.47548470790323794,-0.6693284518708089,0.5888549453808735,-0.8384624030898393,-1.2257151495191168,0.42863046616759287,-1.2705110675886295,0.8860956523649842,-0.6859118262663001,0.7510044642675964,1.435306478470724,0.7354087306383301,0.9553986932150462,-0.8068437734032816,-0.7132751816817618,-0.8838384939911589,-0.6311139667204612,0.8759104752020223,1.178515161824376,0.016157377088494743,-1.2456977450777194,0.7608368091085088,2.33339468905431
-0.016089295147469665,0.009736862443340207,0.5445376925411557,1.0816805047494875,0.05721931341932059,-1.7847974386132024,0.444409386156146,-0.28274911520189183,0.7452007769718818,0.04282782530847982,-0.007212595369199463,0.019765387570446186,-0.9290758738653516,0.4895387240312183,-1.1798166012082365,-0.8838384939911589,-0.6311139667204612,-0.04879157584887276,-0.24223100893958094,-1.4872925898679699,0.07967974332990835,0.7608368091085088,0.704804398949933
0.49733244137215776,-0.07829012274553124,0.9323136548886801,-0.8384624030898393,0.3321338411918429,-0.1676811611477812,-1.6134951583375847,0.8860956523649842,-1.4014681278853909,-0.6653488136506367,1.435306478470724,-1.4115212985653218,-0.9290758738653516,-0.8068437734032816,0.20114600059012858,-0.8838384939911589,-0.6311139667204612,-1.2129848055892078,-1.5687440153161318,-0.17691725024696722,-0.30809445633520516,-1.1002666261015883,1.207079908982124
-0.40934849758803593,0.31154366880518286,-0.16453835289431654,1.0816805047494875,2.3252641675426298,1.4999699999884344,-1.2705110675886295,0.30167326858154614,-1.4014681278853909,-1.3735254526097533,0.7140469415507622,0.7354087306383301,-0.9290758738653516,-0.8068437734032816,-1.1238316308650595,1.1314284304186495,-0.39381059516934774,0.1507844063923275,-0.5829201417248151,0.8485938851085996,1.0751597782910958,0.7608368091085088,0.33443962892619633
-1.0647805016556453,0.31154366880518286,0.7772032699496714,0.12160905082982407,-1.2715342374812038,1.5606118603933876,1.4733616584030114,-0.8671714989853299,-1.4014681278853909,0.04282782530847982,0.7140469415507622,-0.6958779554974378,1.5835568822418453,0.4895387240312183,0.3131159412764825,1.1314284304186495,-0.014125200687566225,0.40358065056451436,0.21443740309169057,0.4307930521859615,-0.20970398776346014,-0.16971490849653975,-0.208423801108596
0.8468961768748834,0.5881999079702066,-0.00942796795530771,0.12160905082982407,0.19467657730558174,0.6779358922768453,0.7873934769051011,0.8860956523649842,1.4607570785909727,1.459181103226713,-0.007212595369199463,0.7354087306383301,0.3272405041882469,0.4895387240312183,-1.0491850037408235,1.1314284304186495,-0.014125200687566225,-0.2749776890555663,-0.5104330921960418,-1.3037134360080227,0.6873855786259826,-0.16971490849653975,1.1969329289814736
1.7317293823661561,-0.4555486306978359,0.5002204397014396,1.0816805047494875,-0.492609742125724,0.3107157376024059,-0.5845428860907194,-0.28274911520189183,-1.4014681278853909,1.459181103226713,1.435306478470724,0.019765387570446186,-0.30091768483855236,-0.8068437734032816,0.7050107336787212,-0.8838384939911589,-0.6311139667204612,-0.7938752428826868,-0.184241369316562,0.20923200442395626,-1.2804237928089235,-1.1002666261015883,1.866633609024395
0.60657110871676,0.16064026562426242,-0.2531728585737504,0.12160905082982407,3.0583695749360227,1.857083177928715,-0.9275269768396744,0.8860956523649842,0.7452007769718818,-0.6653488136506367,-1.4497316692091227,0.019765387570446186,-0.9290758738653516,-0.8068437734032816,-0.6386285545575259,-0.8838384939911589,-0.6311139667204612,0.05099641527172738,0.787085094369,-0.6453606083723497,-0.8116221484376666,-1.1002666261015883,-0.7462137411430627
-2.3101013093841045,1.4684697598589176,1.2868516776064172,-0.8384624030898393,2.2908998515710643,0.3578816290284807,0.7873934769051011,0.30167326858154614,0.02964447535279087,0.04282782530847982,-0.7284721322891611,0.7354087306383301,0.9553986932150462,0.4895387240312183,-0.6572902113385848,-0.8838384939911589,-0.6311139667204612,0.6364192965125813,1.0407897677197064,-0.30352356325382734,0.36906347442327686,-1.1002666261015883,0.7250983589512339
-1.261410102875929,-0.09086540634394068,0.4226652472319344,2.0417519586691513,-0.22914998634372347,-0.9762392998804917,1.1303775676540562,-0.8671714989853299,0.02964447535279087,1.459181103226713,-0.7284721322891611,-1.4115212985653218,0.3272405041882469,-0.8068437734032816,-0.6946135249007028,-0.8838384939911589,-0.6311139667204612,0.6297667637712084,-0.046515975211892845,-1.1960980699521915,0.03916602097683701,0.7608368091085088,-0.4519513211242036
1.5787952480837133,1.279840505882765,0.6664101378503786,-0.8384624030898393,-0.25205953032476697,0.15911108659002268,-1.2705110675886295,-1.4515938827687678,0.02964447535279087,-1.3735254526097533,1.435306478470724,0.019765387570446186,0.9553986932150462,1.785921221465718,-0.39602701640375904,-0.8838384939911589,-0.6311139667204612,0.017733751564860668,2.1570903304628155,0.01299221926332297,-0.7479577275971254,1.6913885267135573,0.8671560789603382
-0.8681509004353627,0.33669423600200354,0.023809971674481355,-0.8384624030898393,-1.2257151495191168,0.33429868331544327,1.1303775676540562,-1.4515938827687678,0.02964447535279087,-1.3735254526097533,-1.4497316692091227,0.7354087306383301,-0.9290758738653516,1.785921221465718,-1.2731248851135315,-0.8838384939911589,-0.6311139667204612,0.5166737071678614,1.1277742271542346,-0.993527969141215,-0.2791560832258683,0.7608368091085088,1.6992084390136648
-0.6278258322772394,-1.134613945011985,-2.2142112967312313,0.12160905082982407,0.8475985807653222,0.5094862800408639,0.10142529540719089,0.30167326858154614,-0.6859118262663001,-1.3735254526097533,-0.7284721322891611,0.7354087306383301,-0.9290758738653516,-0.8068437734032816,-0.13476382146893318,-0.8838384939911589,-0.6311139667204612,1.6875194696495703,0.4246498467251335,-0.20223851284833916,1.978037019302406,-0.16971490849653975,0.41561546893139895
-0.2673382300400539,-1.4238454677754182,-0.7074247001808514,0.12160905082982407,-0.1260570384290276,0.04456535026955534,-0.5845428860907194,-0.8671714989853299,-1.4014681278853909,-0.6653488136506367,-0.007212595369199463,-1.4115212985653218,0.9553986932150462,0.4895387240312183,0.3877625684007185,-0.8838384939911589,-0.6311139667204612,0.19735213558194112,-0.0030237454946287715,0.0509741131653811,-0.6495672590253804,-0.16971490849653975,-1.2028278411723274
-0.016089295147469665,-1.210065646602445,2.051324289091537,-0.8384624030898393,1.0766940205757574,0.18606302454777968,0.444409386156146,0.8860956523649842,1.4607570785909727,-1.3735254526097533,-0.007212595369199463,-0.6958779554974378,1.5835568822418453,-0.8068437734032816,0.7050107336787212,-0.8838384939911589,-0.6311139667204612,-0.3481555492106732,-1.1410704230963695,0.4434536834866477,-1.3151498405401278,-0.16971490849653975,-1.3550325411820823
-0.3875007641191151,1.0283348339145622,-0.5412350020319123,0.12160905082982407,-1.030984025680247,-1.35356643128909,-1.2705110675886295,-0.28274911520189183,1.4607570785909727,0.7510044642675964,-0.007212595369199463,1.451052073706214,-0.30091768483855236,-0.8068437734032816,-0.15342547824999217,1.1314284304186495,1.5520770515497821,0.1308268081682077,0.45364466653664326,0.27253516092738633,0.06810439408617386,-0.16971490849653975,0.4511298989336749
-0.09255636228869113,-0.5813014666819374,0.1899996698234204,1.0816805047494875,-0.6071574620309417,-0.6528160443874075,1.1303775676540562,0.30167326858154614,1.4607570785909727,1.459181103226713,1.435306478470724,-1.4115212985653218,-0.30091768483855236,-0.8068437734032816,1.4701386617021397,1.1314284304186495,0.27063884517376985,-0.8071803083654338,0.3304166823377285,0.18391074182258388,1.0693721036692287,1.6913885267135573,-0.5077597111277804
-0.05978476208531036,0.9780336995209226,1.8962139041525268,-0.8384624030898393,1.2828799164051492,0.03108938129067683,-0.9275269768396744,-1.4515938827687678,0.7452007769718818,-1.3735254526097533,0.7140469415507622,1.451052073706214,-0.30091768483855236,-0.8068437734032816,-0.35870370284164105,1.1314284304186495,0.6028635653453287,1.4014605617705158,1.5844426391855062,1.9247475456669108,-0.26758073398213383,-1.1002666261015883,0.6946574189492828
-1.0429327681867255,-0.7699307206580898,1.0320274737780442,0.12160905082982407,-0.4582454261541587,1.7694893795660045,-1.6134951583375847,0.8860956523649842,0.02964447535279087,-1.3735254526097533,-0.007212595369199463,1.451052073706214,1.5835568822418453,0.4895387240312183,-0.9185534062734106,1.1314284304186495,-0.25142857223867965,0.4767585107196217,-1.4020238013999535,-1.5695866933224287,0.062316719464306405,-0.16971490849653975,1.1106835989759458
-0.9009225006387435,-0.2040429587296328,-0.33072805104325553,1.0816805047494875,0.17176703332453822,1.3618413179549296,0.444409386156146,1.4705180361484222,1.4607570785909727,-1.3735254526097533,-0.007212595369199463,-0.6958779554974378,-0.9290758738653516,0.4895387240312183,0.5743791362113083,1.1314284304186495,0.7927062625862195,0.011081218823487702,0.4608933714895202,-0.7782972370295529,0.0507413702205715,0.7608368091085088,-0.19827682110794556
-0.9446179675765842,-0.22919352592645345,1.7743414588433055,-0.8384624030898393,-0.492609742125724,-1.9195571284019874,-0.5845428860907194,1.4705180361484222,1.4607570785909727,1.459181103226713,-1.4497316692091227,-0.6958779554974378,2.2117150712686446,-0.8068437734032816,-0.7505984952438798,-0.8838384939911589,-0.6311139667204612,-1.6187893028129814,1.3887276054578181,0.551069049542478,1.028858381316157,1.6913885267135573,0.7758332589544854
0.25700737321403444,-2.731674962010074,-0.20885560573403422,-0.8384624030898393,-1.122622201604421,0.8261715510445089,-1.6134951583375847,-1.4515938827687678,1.4607570785909727,-0.6653488136506367,-1.4497316692091227,1.451052073706214,0.3272405041882469,-0.8068437734032816,1.9366800812286145,-0.8838384939911589,-0.6311139667204612,0.19069960284056767,-1.98192019763014,-0.6516909240226927,1.3298174616532603,-0.16971490849653975,-0.6751848811385106
-2.1462433083672017,-0.493274481493066,1.3200896172362044,-0.8384624030898393,-0.05732840648589703,0.6139250396271724,0.444409386156146,-0.8671714989853299,1.4607570785909727,0.04282782530847982,-1.4497316692091227,0.019765387570446186,0.9553986932150462,-0.8068437734032816,1.134228839643078,-0.8838384939911589,-0.6311139667204612,0.7295547548918085,0.04771718917551222,-0.24655072240074039,-0.7016563306221866,-0.16971490849653975,-0.4418043411235531
1.4040133803323525,0.6510763259622574,0.7882825831596,-0.8384624030898393,-0.6300670060119852,-0.2822268974682485,-0.5845428860907194,0.8860956523649842,1.4607570785909727,1.459181103226713,0.7140469415507622,0.019765387570446186,-0.9290758738653516,-0.8068437734032816,-0.340042046060582,1.1314284304186495,0.8876276112066649,0.25057239751292765,-1.6774745896092917,0.987860829416146,0.03337834635496956,0.7608368091085088,-0.7614342111440384
-1.1412475687968668,0.3995706539940543,0.4669825000716521,-0.8384624030898393,0.36649815716340817,1.4864940310095558,-1.2705110675886295,1.4705180361484222,1.4607570785909727,0.04282782530847982,-0.007212595369199463,0.7354087306383301,0.3272405041882469,0.4895387240312183,-0.340042046060582,-0.8838384939911589,-0.6311139667204612,-0.18184223067633962,1.997618821499514,2.032362911722742,1.231426993081515,-1.1002666261015883,-1.6188540211989906
0.8359723101404234,0.1857908328210813,1.40872412291564,1.0816805047494875,0.8246890367842786,0.2500738771974526,1.1303775676540562,0.30167326858154614,1.4607570785909727,-1.3735254526097533,0.7140469415507622,0.019765387570446186,0.9553986932150462,-0.8068437734032816,-0.7505984952438798,-0.8838384939911589,-0.6311139667204612,-0.6142568588656069,1.7366654431959296,0.5890509434445367,-1.22254704659025,0.7608368091085088,-0.4773187711258294
-0.16902342942991258,-0.11601597354076135,1.7300242060035878,-0.8384624030898393,-0.1833308983816364,0.42189248167815363,-0.5845428860907194,0.8860956523649842,-1.4014681278853909,-0.6653488136506367,-1.4497316692091227,-1.4115212985653218,1.5835568822418453,0.4895387240312183,1.3021837506726088,1.1314284304186495,4.352256835852921,-1.5389589099165015,0.22168610804456854,-0.11361409374353716,2.0648521386304166,-1.1002666261015883,-0.8679775011508669
2.474552320309447,-0.5561508994851168,0.6664101378503786,-0.8384624030898393,-0.9393458497560727,-1.6668827100480155,0.444409386156146,1.4705180361484222,-1.4014681278853909,0.04282782530847982,1.435306478470724,0.7354087306383301,2.8398732602954437,1.785921221465718,-0.7879218088059977,1.1314284304186495,-0.39381059516934774,-0.8071803083654338,-0.16974395941080764,0.41180210523493266,-1.0257661094467594,-0.16971490849653975,1.54700373900391
-0.20179502963329238,0.6510763259622574,1.4641206889652862,1.0816805047494875,0.12594794536245116,-1.2255447259897443,1.1303775676540562,-0.8671714989853299,0.7452007769718818,0.7510044642675964,-0.7284721322891611,-0.6958779554974378,-0.30091768483855236,3.082303718900218,-0.8625684359302337,-0.8838384939911589,-0.6311139667204612,-0.04879157584887276,-0.0030237454946287715,2.2349330125337183,-1.9286433504580691,-0.16971490849653975,-0.22364427110957136
0.7813529764681219,-1.6753511397436214,-0.16453835289431654,0.12160905082982407,-0.5727931460593764,1.0721079849090418,-0.24155879534176422,-0.28274911520189183,1.4607570785909727,0.04282782530847982,-0.7284721322891611,1.451052073706214,0.3272405041882469,-0.8068437734032816,-0.15342547824999217,1.1314284304186495,0.413020868104438,-0.5211214004863797,1.3452353757405544,-1.2024283856025344,1.1330365245097693,0.7608368091085088,1.780384279018867
0.60657110871676,-0.40524749630419454,1.475200002175215,-0.8384624030898393,0.09158362939088588,-0.5012113933750243,0.10142529540719089,0.30167326858154614,-1.4014681278853909,-0.6653488136506367,-0.7284721322891611,0.7354087306383301,-1.5572340628921508,-0.8068437734032816,3.2803193694648614,1.1314284304186495,0.46048154241466055,0.9690459335812485,-0.4814382723845326,-1.461971327266598,-1.0431291333123613,-1.1002666261015883,-0.005484201095589586
-0.9446179675765842,0.9528831323241018,-0.5855522548716284,0.12160905082982407,-0.927891077765551,-1.3704113925126882,-1.6134951583375847,0.30167326858154614,-0.6859118262663001,1.459181103226713,-0.7284721322891611,1.451052073706214,2.8398732602954437,-0.8068437734032816,-1.2358015715514135,1.1314284304186495,0.31809951948399257,-1.1131968144686075,-1.4310186212114628,-0.4111389293096587,-0.36018352793201186,0.7608368091085088,-1.5884130811970396
1.5569475146147935,-0.2669193767216836,-0.20885560573403422,-0.8384624030898393,-0.41242633819207164,-0.6595540288768468,-0.24155879534176422,-0.28274911520189183,-0.6859118262663001,1.459181103226713,-1.4497316692091227,0.7354087306383301,-0.9290758738653516,0.4895387240312183,3.0563794880921535,1.1314284304186495,-0.061585874997788954,0.07095401349584769,0.8305773240862635,-1.5379351150707137,-1.5929582223897614,0.7608368091085088,0.19238190891709198
-1.3269533032826895,-1.0717375270199343,0.9433929680986104,-0.8384624030898393,0.11449317337192941,0.7924816285973126,1.1303775676540562,-0.8671714989853299,0.7452007769718818,-1.3735254526097533,-1.4497316692091227,-0.6958779554974378,0.3272405041882469,-0.8068437734032816,-0.04145553756363825,1.1314284304186495,1.0774703084475556,-1.6121367700716083,-2.38784767499127,0.08262569141709614,-1.2688484435651886,0.7608368091085088,-0.7563607211437132
-2.386568376525325,1.0409101175129734,0.11244447735391519,1.0816805047494875,0.46959110507810403,-1.4950641055673144,-0.24155879534176422,-0.28274911520189183,-0.6859118262663001,0.7510044642675964,-0.7284721322891611,1.451052073706214,-0.30091768483855236,0.4895387240312183,-0.19074879181211016,-0.8838384939911589,-0.6311139667204612,-0.8138328411068072,0.9465566033323014,-1.6012382715741438,-0.007135375998102197,-0.16971490849653975,1.1106835989759458
-0.14717569596099175,-1.210065646602445,-1.6159283833950508,-0.8384624030898393,0.5612292810022781,0.6577219388085275,-1.6134951583375847,-0.8671714989853299,1.4607570785909727,0.7510044642675964,1.435306478470724,-1.4115212985653218,0.3272405041882469,-0.8068437734032816,-1.2358015715514135,1.1314284304186495,0.033335473622656396,-0.43463847484852647,0.01872236936400301,-0.6200393457709777,-0.8810742439000752,-1.1002666261015883,0.9635523889665165
-2.255481975711803,0.2486672508131321,-0.3196487378333269,-0.8384624030898393,0.4123172451254952,-0.4237245717464729,0.444409386156146,-0.8671714989853299,0.02964447535279087,1.459181103226713,-0.7284721322891611,-0.6958779554974378,-1.5572340628921508,1.785921221465718,2.0486500219149684,-0.8838384939911589,-0.6311139667204612,0.9756984663226224,-1.2280548825308972,-0.9682067065398431,-0.707444005244054,2.621940244318606,-1.3550325411820823
0.30070284015187515,-1.348393766184956,-0.40828324351276074,0.12160905082982407,1.1797869684904534,-0.865062555804744,1.1303775676540562,1.4705180361484222,0.02964447535279087,-1.3735254526097533,-1.4497316692091227,0.7354087306383301,-0.9290758738653516,0.4895387240312183,-0.22807210537422812,1.1314284304186495,0.22317817086354722,-0.7872227101413134,-1.061334668614719,0.8612545164092857,0.35748812517954237,-0.16971490849653975,1.4049460189948049
0.22423577301065367,0.36184480319882417,-0.07590384721488269,-0.8384624030898393,-0.8706172178129422,-0.612388137450772,1.4733616584030114,-0.28274911520189183,0.02964447535279087,1.459181103226713,1.435306478470724,0.7354087306383301,-0.30091768483855236,-0.8068437734032816,0.4624091955249544,-0.8838384939911589,-0.6311139667204612,1.5478162820807295,-0.5104330921960418,-1.0441704943439594,-2.0443968428954165,-0.16971490849653975,-0.6904053511394863
-0.6387496990116993,-0.10344068994235191,-0.3196487378333269,-0.8384624030898393,-0.8247981298508551,1.203498682453107,-1.2705110675886295,0.8860956523649842,1.4607570785909727,0.04282782530847982,0.7140469415507622,0.7354087306383301,0.9553986932150462,0.4895387240312183,-1.2917865418945904,1.1314284304186495,0.27063884517376985,-1.745187424899075,0.29417315757334184,1.133458089374035,0.9131048888788096,-1.1002666261015883,-0.41136340112160247
-1.38157263695499,0.27381781800995275,0.5777756321709447,1.0816805047494875,-0.5040645141162458,-1.5220160435250714,0.7873934769051011,-0.8671714989853299,-1.4014681278853909,-0.6653488136506367,-0.007212595369199463,0.019765387570446186,-0.30091768483855236,0.4895387240312183,-0.1161021646878742,1.1314284304186495,1.267313005688446,0.34370785589215486,1.8816395422534762,0.01299221926332297,0.10283044181737774,-0.16971490849653975,-1.5275312011931377
-1.1412475687968668,-0.15374182433599146,-0.2753314849936092,0.12160905082982407,0.6299579129454087,0.7688986828842752,0.444409386156146,-0.8671714989853299,-1.4014681278853909,0.7510044642675964,1.435306478470724,-1.4115212985653218,-0.9290758738653516,-0.8068437734032816,-1.1798166012082365,-0.8838384939911589,-0.6311139667204612,0.26387746299567455,2.2585721998030976,0.7156572564513968,-0.16340259078852093,-1.1002666261015883,0.7707597689541599
1.3712417801289707,-0.1788923915328121,-1.7710387683340605,1.0816805047494875,0.11449317337192941,0.3376676755601629,0.10142529540719089,0.8860956523649842,-1.4014681278853909,-0.6653488136506367,-1.4497316692091227,-0.6958779554974378,0.9553986932150462,0.4895387240312183,-0.7319368384628208,-0.8838384939911589,-0.6311139667204612,-0.4479435403312733,0.1636964684215501,-1.1517858603997901,-0.42963562339442,0.7608368091085088,-0.2642321911121725
-0.693369032684,-0.3046452275169137,-0.44152118314254823,-0.8384624030898393,-0.6529765499930287,1.4460661240729202,1.4733616584030114,0.8860956523649842,-0.6859118262663001,1.459181103226713,0.7140469415507622,0.7354087306383301,-0.30091768483855236,0.4895387240312183,-1.3104481986756493,-0.8838384939911589,-0.6311139667204612,-0.035486510366125885,-0.5611740268661833,1.7348380761566204,0.5484813877011654,0.7608368091085088,-0.22871776110989658
1.054449644829627,-0.6567531682723976,-0.00942796795530771,-0.8384624030898393,-0.7102504099456375,0.23322891597385448,0.444409386156146,-1.4515938827687678,0.02964447535279087,0.04282782530847982,0.7140469415507622,0.019765387570446186,0.3272405041882469,-0.8068437734032816,-0.2467337621552871,-0.8838384939911589,-0.6311139667204612,0.6962920911849418,0.011473664411125578,-0.36682671975725745,1.1330365245097693,-0.16971490849653975,0.7859802389551359
-0.1253279624920719,-0.5058497650914773,-0.6409488209212748,0.12160905082982407,1.2599703724241056,2.2478862783161917,-0.5845428860907194,1.4705180361484222,1.4607570785909727,-0.6653488136506367,-0.007212595369199463,-0.6958779554974378,-0.30091768483855236,0.4895387240312183,-0.35870370284164105,-0.8838384939911589,-0.6311139667204612,1.0821389901845955,0.7073493398873498,-0.08829283114216523,-1.2688484435651886,-0.16971490849653975,0.9280379589642402
1.0762973782985468,0.06003799683697975,0.8215205227893875,-0.8384624030898393,0.44668156109706053,1.6818955812032943,-1.6134951583375847,-1.4515938827687678,0.02964447535279087,0.04282782530847982,-0.7284721322891611,-1.4115212985653218,-0.9290758738653516,1.785921221465718,0.4997325090870724,1.1314284304186495,0.6028635653453287,0.7095971566676887,1.7221680332901759,-2.626749406929711,-1.4656293807086793,-0.16971490849653975,-0.3098936011150992
-1.3160294365482297,-0.3800969291073757,1.6857069531638718,0.12160905082982407,0.17176703332453822,0.23996690046329372,-1.2705110675886295,1.4705180361484222,-1.4014681278853909,-0.6653488136506367,1.435306478470724,-0.6958779554974378,0.9553986932150462,0.4895387240312183,-0.22807210537422812,-0.8838384939911589,-0.6311139667204612,-1.7119247611922084,-0.0030237454946287715,-1.3923378551128247,0.16070718803605144,-1.1002666261015883,1.4709013889990326
1.2292315125809896,1.946330536598503,-0.08698316042481133,0.12160905082982407,0.5612292810022781,0.024351396801237574,-0.5845428860907194,1.4705180361484222,0.7452007769718818,0.7510044642675964,-1.4497316692091227,-0.6958779554974378,-0.30091768483855236,0.4895387240312183,3.317642683026979,1.1314284304186495,-0.6311139667204612,0.12417427542683425,0.033219779269757874,0.9752001981154598,-1.2977868166745254,-1.1002666261015883,-1.0810640811645233
0.30070284015187515,0.06003799683697975,0.5777756321709447,0.12160905082982407,-0.5727931460593764,-0.2788579052235289,-0.5845428860907194,0.8860956523649842,-0.6859118262663001,-0.6653488136506367,-1.4497316692091227,1.451052073706214,0.3272405041882469,-0.8068437734032816,-1.2171399147703545,1.1314284304186495,0.22317817086354722,-0.15523209971084587,1.08428199743697,-0.993527969141215,0.6989609278697166,-0.16971490849653975,1.7600903190175663
1.5678713813492533,2.1349597905746553,0.1899996698234204,-0.8384624030898393,0.2977695252202776,-0.49447340888558505,-1.2705110675886295,0.8860956523649842,-0.6859118262663001,0.7510044642675964,-0.7284721322891611,-1.4115212985653218,0.9553986932150462,0.4895387240312183,0.44374753874389544,1.1314284304186495,2.358908514823568,0.19735213558194112,-0.1552465495050528,-1.620229218525173,1.4108449063594037,-0.16971490849653975,0.24311680892034357
1.4367849805357322,1.0660606847097922,0.44482387365179327,2.0417519586691513,-0.6415217780025069,-0.3563447268520803,-1.2705110675886295,0.30167326858154614,-1.4014681278853909,1.459181103226713,-1.4497316692091227,-1.4115212985653218,-0.30091768483855236,-0.8068437734032816,-0.7132751816817618,1.1314284304186495,0.413020868104438,-1.2861626657443141,0.33766538729060536,0.13326821661984,-1.2399100704558519,-0.16971490849653975,0.1061325789115641
0.5847233752478391,-1.348393766184956,1.309010304026276,-0.8384624030898393,-0.5498836020783329,0.5869731016694153,1.1303775676540562,1.4705180361484222,0.7452007769718818,1.459181103226713,-0.007212595369199463,1.451052073706214,-0.30091768483855236,0.4895387240312183,-1.1424932876461185,-0.8838384939911589,-0.6311139667204612,-1.5988317045888614,0.2506809278560772,-0.8036184996309248,0.7221116263571865,-0.16971490849653975,1.8615601190240694
-1.1084759685934862,1.669674297433481,0.023809971674481355,0.12160905082982407,-0.42388111018259345,-1.1783788345636694,-0.5845428860907194,-0.28274911520189183,0.7452007769718818,1.459181103226713,-1.4497316692091227,1.451052073706214,-0.30091768483855236,0.4895387240312183,-1.1238316308650595,-0.8838384939911589,-0.6311139667204612,1.4413757582187563,0.576872650735557,-1.7911477410844339,0.4674539429950223,-0.16971490849653975,0.8823765489613136
-1.1521714355313268,-2.153211916483207,0.31187211513264174,2.0417519586691513,-0.08023795046694056,0.9103963571624996,0.10142529540719089,-0.8671714989853299,-1.4014681278853909,0.7510044642675964,1.435306478470724,0.7354087306383301,-0.30091768483855236,-0.8068437734032816,1.190213809986255,-0.8838384939911589,-0.6311139667204612,-0.4545960730726463,-1.4020238013999535,-1.860781213238207,1.596050494259159,-1.1002666261015883,2.120308109040653
-0.4311962310569558,-0.46812391429624534,-0.12022110005460039,0.12160905082982407,-0.5384288300878111,0.5734971326905368,0.10142529540719089,-1.4515938827687678,0.7452007769718818,-0.6653488136506367,1.435306478470724,0.7354087306383301,0.9553986932150462,3.082303718900218,-0.414688673184818,1.1314284304186495,1.1723916570680006,-0.7273499154689534,-0.640909781347834,1.1018065111223199,1.2893037393001885,-1.1002666261015883,-0.3454080311173751
0.6611904423890607,-0.354946361910555,0.43374456044186305,0.12160905082982407,-0.01150931852380998,-0.24516798277633262,1.1303775676540562,-0.8671714989853299,0.02964447535279087,0.7510044642675964,-0.007212595369199463,-0.6958779554974378,-1.5572340628921508,1.785921221465718,3.1683494287785074,-0.8838384939911589,-0.6311139667204612,0.323750257668035,-0.47418956743165513,-0.9618763908894999,-0.5974781874285737,-0.16971490849653975,-0.38599595111997664
0.6830381758579805,-0.279494660320093,1.54167588143479,-0.8384624030898393,-0.20624044236267994,-1.6466687565796976,-0.9275269768396744,0.8860956523649842,-0.6859118262663001,-1.3735254526097533,-1.4497316692091227,1.451052073706214,-0.9290758738653516,-0.8068437734032816,1.4141536913589627,1.1314284304186495,-0.203967897928457,-1.9913311363298887,-0.0030237454946287715,0.3295080017804733,1.0751597782910958,-1.1002666261015883,0.31414566892489576
0.42086537423093634,-0.84538242224855,0.44482387365179327,1.0816805047494875,-0.3436977062489411,0.5802351171799761,1.4733616584030114,0.30167326858154614,1.4607570785909727,0.7510044642675964,1.435306478470724,-1.4115212985653218,-0.9290758738653516,0.4895387240312183,-0.5639819274332899,1.1314284304186495,2.738593909305349,0.5432838381333551,1.613437458997016,0.5890509434445367,0.4095771967763486,-0.16971490849653975,-1.9892187912227275
-0.6496735657461593,-0.07829012274553124,-0.8957730247496493,0.12160905082982407,0.6986865448885393,1.5639808526381074,1.1303775676540562,-1.4515938827687678,-0.6859118262663001,-0.6653488136506367,-1.4497316692091227,0.019765387570446186,-0.30091768483855236,-0.8068437734032816,0.12649937346589263,-0.8838384939911589,-0.6311139667204612,-0.4479435403312733,-0.9091118646042949,0.342168633081159,0.247522307364062,-1.1002666261015883,-0.8375365611489158
-0.1253279624920719,-0.9334094074374214,-0.08698316042481133,1.0816805047494875,-0.8820719898034639,1.5606118603933876,1.1303775676540562,1.4705180361484222,1.4607570785909727,0.7510044642675964,0.7140469415507622,0.7354087306383301,-0.30091768483855236,0.4895387240312183,-0.8252451223681158,1.1314284304186495,1.0300096341373328,0.6630294274780751,0.5333804210182934,-0.10095346244285142,-0.8000467991939316,3.552491961923655,0.05539767890831249
0.13684483913497228,-0.5813014666819374,0.8325998359993176,2.0417519586691513,1.1339678805283662,-0.28896488195768777,-1.2705110675886295,1.4705180361484222,1.4607570785909727,-1.3735254526097533,-0.7284721322891611,-0.6958779554974378,-0.30091768483855236,0.4895387240312183,0.25713097093330556,-0.8838384939911589,-0.6311139667204612,-0.5876467279001132,-0.7206455358294842,1.8044715483103941,-0.8347728469251359,-0.16971490849653975,0.2583372789213189
-1.272333969610389,-0.8328071386501406,0.8215205227893875,0.12160905082982407,-1.2829890094717256,-0.6662920133662861,-1.2705110675886295,0.8860956523649842,0.02964447535279087,0.7510044642675964,-1.4497316692091227,0.019765387570446186,-0.9290758738653516,-0.8068437734032816,-1.0865083173029415,1.1314284304186495,1.8368410974111185,-1.006756290606634,1.0335410627668296,1.6398833414014755,-0.1576149161666539,-1.1002666261015883,-0.7056258211404616
1.174612178908688,0.33669423600200354,0.09028585093405633,-0.8384624030898393,-0.8247981298508551,-0.5618532537799776,-1.6134951583375847,-0.28274911520189183,-0.6859118262663001,0.7510044642675964,0.7140469415507622,1.451052073706214,-0.9290758738653516,-0.8068437734032816,-0.340042046060582,-0.8838384939911589,-0.6311139667204612,1.1087491211500893,0.7218467497931036,0.6586844155983094,-0.504875393478696,-0.16971490849653975,-1.1013580411658241
0.5628756417789194,-0.5813014666819374,0.6996480774801661,0.12160905082982407,1.0766940205757574,0.014244420067078692,-1.2705110675886295,-1.4515938827687678,1.4607570785909727,1.459181103226713,-1.4497316692091227,0.019765387570446186,0.3272405041882469,-0.8068437734032816,-0.5826435842143489,-0.8838384939911589,-0.6311139667204612,0.44349584701275496,-1.2932932271067936,-0.08829283114216523,0.062316719464306405,-0.16971490849653975,2.373982609056911
0.7267336427958212,0.37442008679723365,-0.21993491894396286,-0.8384624030898393,-0.2749690743058105,-0.4809974399067065,-1.2705110675886295,-0.28274911520189183,0.02964447535279087,-0.6653488136506367,-0.7284721322891611,1.451052073706214,0.3272405041882469,0.4895387240312183,1.7500635134180245,1.1314284304186495,1.267313005688446,0.25057239751292765,-1.0105937339445774,-0.8922429187357273,-3.1845687434032883,0.7608368091085088,1.6231060890087874
0.1914641728072729,0.16064026562426242,-0.652028134131205,-0.8384624030898393,1.3516085483482798,-1.0705710827326413,-1.6134951583375847,1.4705180361484222,0.7452007769718818,-1.3735254526097533,-0.007212595369199463,1.451052073706214,-0.30091768483855236,-0.8068437734032816,2.0673116786960275,1.1314284304186495,-0.061585874997788954,0.5765465018402218,0.5913700606413119,-1.6138989028748298,-0.15182724154478644,-0.16971490849653975,-0.061292591099166065
1.174612178908688,-0.8956835566421913,0.16784104340356154,0.12160905082982407,-1.1340769735949427,-0.2788579052235289,1.4733616584030114,-0.28274911520189183,1.4607570785909727,0.04282782530847982,0.7140469415507622,0.7354087306383301,-0.9290758738653516,-0.8068437734032816,0.8356423311461342,1.1314284304186495,2.2639871662031226,-0.9335784304515272,-0.3944538129500044,0.8296029381575707,1.0751597782910958,-1.1002666261015883,-0.49761273112712995
-1.0429327681867255,-0.7699307206580898,-0.24209354536382172,-0.8384624030898393,-0.7904338138792898,-1.9195571284019874,-0.9275269768396744,1.4705180361484222,-0.6859118262663001,0.04282782530847982,-0.7284721322891611,0.7354087306383301,-0.30091768483855236,1.785921221465718,0.3317775980575415,1.1314284304186495,0.555402891035106,-0.4146808766244066,-0.7423916506881165,-1.0948130195467032,-1.2514854196995868,-0.16971490849653975,-1.4362083811872848
1.2073837791120678,0.32411895240359406,-0.44152118314254823,-0.8384624030898393,1.3057894603861926,-1.9195571284019874,-0.9275269768396744,1.4705180361484222,-0.6859118262663001,-0.6653488136506367,-0.7284721322891611,-0.6958779554974378,-1.5572340628921508,-0.8068437734032816,0.10783771668483365,-0.8838384939911589,-0.6311139667204612,1.3282827016154093,0.7943337993218769,1.196761245877465,-1.193608673480913,-1.1002666261015883,-0.2895996411137983
-1.7529841059266356,-0.141166540737582,-0.984407530429083,-0.8384624030898393,0.22904089327714702,-0.7336718582606786,0.7873934769051011,-0.8671714989853299,0.02964447535279087,0.04282782530847982,0.7140469415507622,0.7354087306383301,-1.5572340628921508,-0.8068437734032816,0.5557174794302494,-0.8838384939911589,-0.6311139667204612,-0.38807074565891286,-0.14799784455217535,0.03831348186469491,0.6526595308947779,-0.16971490849653975,-0.2642321911121725
-0.37657689738465516,-0.7447801534612691,-0.2974901114134681,2.0417519586691513,0.4123172451254952,-0.8549555790705852,-1.6134951583375847,-0.8671714989853299,0.02964447535279087,-1.3735254526097533,0.7140469415507622,0.019765387570446186,0.9553986932150462,-0.8068437734032816,0.014529432779538715,1.1314284304186495,-0.25142857223867965,0.9756984663226224,-1.3150393419654254,-0.6010483988199489,0.641084181651043,-0.16971490849653975,1.8311191790221188
1.775424849303998,0.6259257587654368,-0.9400902775893654,1.0816805047494875,-0.10314749444798409,1.2978304653052568,-0.9275269768396744,1.4705180361484222,0.02964447535279087,0.04282782530847982,-0.7284721322891611,-0.6958779554974378,-0.30091768483855236,1.785921221465718,-0.3027187324984641,-0.8838384939911589,-0.6311139667204612,-1.5855266391061145,-0.0030237454946287715,0.6523540999479668,2.6031058784640817,-1.1002666261015883,0.2278963389193679
-0.1362518292265318,0.776829161946359,-1.3611041795666772,0.12160905082982407,-0.733159953926681,-1.9195571284019874,0.7873934769051011,0.30167326858154614,1.4607570785909727,1.459181103226713,1.435306478470724,1.451052073706214,-0.9290758738653516,-0.8068437734032816,-1.0865083173029415,-0.8838384939911589,-0.6311139667204612,-1.4790861152441415,1.2654996212589034,0.8106119912065419,-0.1576149161666539,-1.1002666261015883,-0.177982861106645
0.6284188421856799,-0.7447801534612691,-0.9290109643794368,0.12160905082982407,-0.6758860939740722,0.48927232657254616,-0.9275269768396744,0.30167326858154614,-0.6859118262663001,-1.3735254526097533,-1.4497316692091227,0.7354087306383301,-0.9290758738653516,0.4895387240312183,-0.8625684359302337,1.1314284304186495,-0.6311139667204612,-0.5410789987105,-1.1120756032848604,-0.5250846110158326,-0.9042249423875445,1.6913885267135573,-0.624449981135259
-2.255481975711803,2.2481373429603475,0.8215205227893875,0.12160905082982407,1.5119753562155847,0.49937930330670505,-0.24155879534176422,1.4705180361484222,-1.4014681278853909,1.459181103226713,0.7140469415507622,-0.6958779554974378,0.9553986932150462,0.4895387240312183,-0.32138038927952306,-0.8838384939911589,-0.6311139667204612,-0.4479435403312733,-1.503505670740236,1.032173038968547,-0.8752865692782077,-0.16971490849653975,2.1406020690419534
0.4536369744343171,1.9211799694016842,1.3976448097057097,-0.8384624030898393,1.191241740480975,-0.6629230211215664,-1.2705110675886295,0.8860956523649842,-1.4014681278853909,0.7510044642675964,0.7140469415507622,0.7354087306383301,0.9553986932150462,-0.8068437734032816,0.8729656447082521,-0.8838384939911589,-0.6311139667204612,-1.006756290606634,0.6348622903585764,-0.22755977544971157,1.6076258435028938,-0.16971490849653975,0.2278963389193679
0.9779825776884055,0.9151572815288718,-0.6741867605510639,1.0816805047494875,0.4581363330875823,1.115904884090397,0.444409386156146,-0.8671714989853299,1.4607570785909727,0.7510044642675964,-0.007212595369199463,-0.6958779554974378,0.9553986932150462,-0.8068437734032816,-1.2917865418945904,-0.8838384939911589,-0.6311139667204612,0.09756414446134097,0.43189855167801044,0.27253516092738633,-0.5801151635629718,-1.1002666261015883,-0.14754192110469394
-1.119399835327946,-2.190937767278437,0.6442515114305197,-0.8384624030898393,1.0308749326136704,-0.08682534727451013,0.444409386156146,-1.4515938827687678,-1.4014681278853909,-0.6653488136506367,-0.7284721322891611,-1.4115212985653218,0.9553986932150462,-0.8068437734032816,-0.8812300927112927,1.1314284304186495,0.17571749655332447,0.5965041000643416,0.7290954547459816,1.2663947180312385,-0.7711084260845947,0.7608368091085088,-1.7101768412048437
-1.4908113042995923,-0.40524749630419454,0.721806703900025,0.12160905082982407,-1.1111674296138991,1.3113064342841352,-1.6134951583375847,0.30167326858154614,-1.4014681278853909,0.7510044642675964,-0.7284721322891611,-0.6958779554974378,1.5835568822418453,-0.8068437734032816,-0.8065834655870567,1.1314284304186495,0.8876276112066649,-0.5078163350036333,-0.8366248150755216,0.728317887752083,0.4211525460200831,-0.16971490849653975,0.4562033889340001
-0.2236427631022132,-0.21661824232804222,1.3422482436560634,0.12160905082982407,-0.7560694979077245,-1.9195571284019874,-1.6134951583375847,0.30167326858154614,1.4607570785909727,0.7510044642675964,-1.4497316692091227,0.7354087306383301,-0.30091768483855236,-0.8068437734032816,-0.6386285545575259,1.1314284304186495,1.1723916570680006,-0.13527450148672604,0.2434322229032003,-0.8605913404840122,1.758105383671446,0.7608368091085088,-2.5067147712558935
1.032601911360705,0.29896838520677343,0.1899996698234204,1.0816805047494875,-0.8591624458224204,0.44884441963591065,0.7873934769051011,-0.28274911520189183,-0.6859118262663001,0.04282782530847982,0.7140469415507622,-1.4115212985653218,-1.5572340628921508,-0.8068437734032816,1.171552153205196,-0.8838384939911589,-0.6311139667204612,-1.339382927675301,-0.184241369316562,-1.2594012264556214,0.35748812517954237,-1.1002666261015883,0.5576731889405033
0.4317892409653972,0.8648561471352304,0.4559031868617219,-0.8384624030898393,-0.04587363449537527,-0.7336718582606786,-0.24155879534176422,0.8860956523649842,-0.6859118262663001,1.459181103226713,-1.4497316692091227,-1.4115212985653218,1.5835568822418453,-0.8068437734032816,0.8543039879271932,-0.8838384939911589,-0.6311139667204612,0.1507844063923275,-0.5466766169604285,0.551069049542478,1.4513586287124747,0.7608368091085088,-0.5128332011281057
-0.45304396452587664,-0.7573554370596803,1.8629759645227393,1.0816805047494875,-0.6415217780025069,-0.6797679823451646,-1.2705110675886295,-0.28274911520189183,0.7452007769718818,0.7510044642675964,1.435306478470724,0.019765387570446186,-0.9290758738653516,1.785921221465718,-0.6946135249007028,1.1314284304186495,-0.061585874997788954,-0.3814182129175399,-0.19873877922231686,-0.3351751415055424,-0.5280260919661655,-1.1002666261015883,0.9635523889665165
-0.5295110316670971,-0.8579577058469612,0.11244447735391519,-0.8384624030898393,0.21758612128662527,-0.12388426196642603,0.7873934769051011,-1.4515938827687678,1.4607570785909727,-0.6653488136506367,-0.7284721322891611,0.019765387570446186,0.3272405041882469,0.4895387240312183,-0.47067364352799496,1.1314284304186495,2.3114478405133454,-1.6387469010371016,0.4681420764423971,-0.24655072240074039,0.23015928349846004,0.7608368091085088,-1.4514288511882603
-0.21271889636775232,1.3678674910716366,-0.5855522548716284,2.0417519586691513,1.1568774245094098,-0.026183486869556835,1.4733616584030114,1.4705180361484222,0.7452007769718818,-1.3735254526097533,-0.007212595369199463,-1.4115212985653218,0.9553986932150462,-0.8068437734032816,-1.2544632283324724,-0.8838384939911589,-0.6311139667204612,0.23061479928880782,0.990048833049565,1.0574943015699185,0.843652793416401,-1.1002666261015883,-1.349959051181757
1.480480447473572,1.1918135206938938,0.25647554908299536,1.0816805047494875,-0.5155192861067676,1.2742475195922194,1.1303775676540562,-0.28274911520189183,-1.4014681278853909,-0.6653488136506367,-0.7284721322891611,-0.6958779554974378,0.3272405041882469,3.082303718900218,1.9740033947907325,-0.8838384939911589,-0.6311139667204612,-0.2417150253486996,-0.48868697733741,0.2282229513749851,0.3864264982888792,0.7608368091085088,0.17716143891611627
0.4099415074964764,-0.6567531682723976,-1.006566156848942,2.0417519586691513,2.164897359675325,-0.7404098427501179,1.4733616584030114,0.8860956523649842,1.4607570785909727,1.459181103226713,-0.007212595369199463,0.019765387570446186,0.9553986932150462,-0.8068437734032816,-0.07877885112575622,1.1314284304186495,0.12825682224310186,-1.605484237330235,-1.0323398488032096,0.6840056781996817,-1.7550131118020478,0.7608368091085088,1.6028121290074866
-0.977389567779964,0.11033913123062108,-1.6824042626546267,2.0417519586691513,-1.122622201604421,1.4359591473387614,0.7873934769051011,0.8860956523649842,0.7452007769718818,0.7510044642675964,-1.4497316692091227,0.019765387570446186,2.8398732602954437,1.785921221465718,-0.7879218088059977,1.1314284304186495,-0.6311139667204612,1.381502963546396,1.6496809837614026,0.46244463043767653,0.6931732532478496,0.7608368091085088,0.04017720890733715
-1.0101611679833447,0.29896838520677343,0.8104412095794589,-0.8384624030898393,-0.7904338138792898,0.6914118612557238,0.10142529540719089,1.4705180361484222,-1.4014681278853909,0.04282782530847982,-1.4497316692091227,-0.6958779554974378,-0.30091768483855236,0.4895387240312183,0.14516103024695162,1.1314284304186495,0.31809951948399257,0.20400466832331454,-0.03926727025901541,-1.7594961628327188,-0.10552584456984723,-0.16971490849653975,-0.8679775011508669
-0.4858155647292564,-0.44297334709942643,-0.2531728585737504,-0.8384624030898393,-1.0195292536897251,1.132749845313995,-1.2705110675886295,-0.8671714989853299,1.4607570785909727,0.04282782530847982,0.7140469415507622,1.451052073706214,-0.30091768483855236,-0.8068437734032816,-0.9745383766165876,1.1314284304186495,1.267313005688446,-0.8537480375550469,0.6783545200758401,0.38015052698321716,2.498927735270469,-1.1002666261015883,0.608408088943755
-0.33288143044681445,0.44987178838769565,1.8629759645227393,0.12160905082982407,0.1488574893434947,-1.2289137182344638,1.1303775676540562,1.4705180361484222,-0.6859118262663001,-0.6653488136506367,-0.007212595369199463,1.451052073706214,0.9553986932150462,-0.8068437734032816,2.365898187192971,-0.8838384939911589,-0.6311139667204612,0.9224782043916359,-0.07551079502340206,-1.2404102795045926,-0.5453891158317674,0.7608368091085088,1.014287288969768
0.8250484434059625,-0.8202318550517311,-0.5966315680815586,-0.8384624030898393,1.0308749326136704,1.2843544963263782,1.1303775676540562,-0.28274911520189183,0.02964447535279087,0.7510044642675964,-0.007212595369199463,1.451052073706214,-1.5572340628921508,-0.8068437734032816,0.5743791362113083,-0.8838384939911589,-0.6311139667204612,-0.08870677229711244,-1.4310186212114628,-2.2785820461608455,0.432727895263818,-0.16971490849653975,-0.39614293112062676
1.2401553793154496,0.8397055799384098,-1.1949144814177382,0.12160905082982407,-0.297878618286854,1.0215731012382472,1.1303775676540562,1.4705180361484222,-1.4014681278853909,0.7510044642675964,0.7140469415507622,-0.6958779554974378,-0.30091768483855236,-0.8068437734032816,0.3317775980575415,-0.8838384939911589,-0.6311139667204612,-0.00887637940063261,-0.4669408624787777,-0.10095346244285142,-0.26758073398213383,0.7608368091085088,-0.7411402511427378
1.8191203162418377,1.7954271334175826,0.7661239567397411,-0.8384624030898393,-1.2257151495191168,0.07151728822731236,-0.5845428860907194,-0.8671714989853299,0.02964447535279087,0.04282782530847982,-0.007212595369199463,0.019765387570446186,0.9553986932150462,-0.8068437734032816,1.3768303777968447,-0.8838384939911589,-0.6311139667204612,-1.0400189543135008,-0.061013385117647714,-0.7086637648757798,-0.632204235159778,-1.1002666261015883,-0.8426100511492411
-1.7202125057232558,-0.09086540634394068,-0.042665907585095204,-0.8384624030898393,-0.35515247823946283,-0.4304625562359121,0.444409386156146,-0.8671714989853299,1.4607570785909727,-0.6653488136506367,-1.4497316692091227,-0.6958779554974378,1.5835568822418453,-0.8068437734032816,-0.20941044859316912,-0.8838384939911589,-0.6311139667204612,0.9490883353571287,0.1129555337514086,-1.2657315421059645,0.38063882366701174,-1.1002666261015883,0.5069382889372517
0.1914641728072729,2.2481373429603475,0.13460310377377405,1.0816805047494875,-0.5040645141162458,1.80991728650264,-0.9275269768396744,0.8860956523649842,0.02964447535279087,-1.3735254526097533,0.7140469415507622,-1.4115212985653218,-1.5572340628921508,-0.8068437734032816,1.09690552608096,1.1314284304186495,0.22317817086354722,0.8892155406847692,-1.7934538688553292,1.2663947180312385,-0.11710119381358214,-0.16971490849653975,1.1918594389811488
1.9939021839932003,2.0343575217873746,-0.3861246170929019,0.12160905082982407,1.2599703724241056,1.8267622477262382,1.4733616584030114,0.8860956523649842,-0.6859118262663001,0.7510044642675964,-0.007212595369199463,1.451052073706214,-1.5572340628921508,-0.8068437734032816,0.25713097093330556,-0.8838384939911589,-0.6311139667204612,0.10421667720271441,-0.2784745337039676,0.0003315879626367773,0.6700225547603799,-1.1002666261015883,-0.10188051110176757
1.469556580739112,-4.429338247795445,-1.2059937946276684,-0.8384624030898393,-0.7789790418887681,-1.1918548035425478,0.10142529540719089,-0.8671714989853299,-0.6859118262663001,0.7510044642675964,-0.7284721322891611,0.019765387570446186,1.5835568822418453,-0.8068437734032816,-0.7319368384628208,1.1314284304186495,1.6469984001702276,0.210657201064688,-2.6343036433890994,0.1459288479205262,-0.8116221484376666,0.7608368091085088,1.080242658973995
-0.7152167661529208,-0.7322048698628597,-2.568749319448968,-0.8384624030898393,-0.6758860939740722,0.4656893808595088,1.4733616584030114,-0.8671714989853299,1.4607570785909727,-0.6653488136506367,-0.7284721322891611,1.451052073706214,1.5835568822418453,0.4895387240312183,0.10783771668483365,1.1314284304186495,0.46048154241466055,-0.3015878200210596,0.4174011417722566,-0.664351555323379,1.1735502468628412,-0.16971490849653975,-0.9491533411560694
-1.4471158373617516,1.6067978794414302,-0.3085694246233967,-0.8384624030898393,-0.8247981298508551,-0.3900346492992766,-1.2705110675886295,-1.4515938827687678,0.7452007769718818,0.04282782530847982,-0.007212595369199463,0.7354087306383301,2.2117150712686446,1.785921221465718,0.2757926277143645,-0.8838384939911589,-0.6311139667204612,-0.2683251563141929,-0.3944538129500044,-0.36682671975725745,-0.0650121222167759,-0.16971490849653975,1.1005366189752952
0.9998303111573253,1.1289371027018429,-0.9400902775893654,2.0417519586691513,-0.36660725022998464,0.9777762020568921,-1.6134951583375847,0.8860956523649842,0.7452007769718818,0.04282782530847982,-1.4497316692091227,-1.4115212985653218,-0.30091768483855236,1.785921221465718,-0.5826435842143489,-0.8838384939911589,-0.6311139667204612,1.0621813919604757,0.49713689625390683,0.08895600706743878,-0.9794647124718202,-1.1002666261015883,-0.24901172111119715
-0.27826209677451386,1.4307439090636873,0.10136516414398498,-0.8384624030898393,0.5039554210496693,0.14226612536642452,-1.2705110675886295,1.4705180361484222,-1.4014681278853909,-0.6653488136506367,-1.4497316692091227,-1.4115212985653218,-0.9290758738653516,1.785921221465718,-0.9932000333976466,1.1314284304186495,-0.061585874997788954,0.41023318330588826,-0.12625172969354356,-0.5124239797151469,0.6989609278697166,1.6913885267135573,-0.781728171145339
0.39901764076201646,0.7516785947495382,-0.06482453400495405,0.12160905082982407,-0.9164363057750292,-1.7679524773896043,1.4733616584030114,-0.8671714989853299,0.7452007769718818,0.04282782530847982,-0.007212595369199463,0.7354087306383301,0.3272405041882469,-0.8068437734032816,2.6458230389088557,-0.8838384939911589,-0.6311139667204612,-0.32154541824517946,2.4760333483894175,0.3168473704797871,1.0925228021566984,0.7608368091085088,1.080242658973995
0.39901764076201646,0.28639310160836395,0.5888549453808735,-0.8384624030898393,-0.2864238462963323,-0.3327617811390429,1.4733616584030114,-0.8671714989853299,1.4607570785909727,-0.6653488136506367,-1.4497316692091227,1.451052073706214,-0.30091768483855236,-0.8068437734032816,-0.6572902113385848,1.1314284304186495,2.6436725606849043,-0.04213904310749932,-1.1193243082377373,1.386670715387755,-0.1923409638978578,-0.16971490849653975,-0.5382006511297315
0.9124393772816439,1.2672652222843557,0.27863417550285424,1.0816805047494875,0.10303840138140764,-0.6191261219402112,-0.5845428860907194,-0.28274911520189183,-0.6859118262663001,-1.3735254526097533,-0.7284721322891611,0.019765387570446186,-0.9290758738653516,0.4895387240312183,0.25713097093330556,-0.8838384939911589,-0.6311139667204612,0.8293427460124086,-0.640909781347834,0.10161663836812497,0.5947827846761042,-0.16971490849653975,-0.21349729110892088
1.7098816488972364,0.37442008679723365,-0.5966315680815586,2.0417519586691513,-0.24060475833424522,1.0552630236854434,0.444409386156146,-0.28274911520189183,-0.6859118262663001,-0.6653488136506367,-0.007212595369199463,1.451052073706214,-0.9290758738653516,-0.8068437734032816,-1.2171399147703545,1.1314284304186495,-0.29888924654890237,1.72743466609781,2.229577379991589,-0.06297156854079329,-1.182033324237178,0.7608368091085088,-1.4412818711876099
-0.9555418343110441,-0.7699307206580898,-0.5079970624021248,-0.8384624030898393,0.6757770009074958,-1.2322827104791834,0.10142529540719089,-0.8671714989853299,0.02964447535279087,-1.3735254526097533,-0.007212595369199463,0.7354087306383301,-0.30091768483855236,-0.8068437734032816,-0.20941044859316912,-0.8838384939911589,-0.6311139667204612,-0.04879157584887276,2.1498416255099375,0.12693790096949692,0.7568376740883904,-0.16971490849653975,-1.3042976411788307
-0.3547291639157353,1.9966316709921443,0.5445376925411557,0.12160905082982407,-0.8820719898034639,-0.3563447268520803,-1.6134951583375847,-0.28274911520189183,1.4607570785909727,-1.3735254526097533,0.7140469415507622,-1.4115212985653218,-0.9290758738653516,0.4895387240312183,-1.2917865418945904,1.1314284304186495,0.413020868104438,-0.8005277756240603,0.4463959615837653,-0.39214798235862935,0.623721157785441,0.7608368091085088,0.030030228906686683
-0.7916838332941413,-1.5873241545547498,-1.8596732740134951,-0.8384624030898393,-0.16042135440059288,1.7054785269163317,1.4733616584030114,0.30167326858154614,-0.6859118262663001,-0.6653488136506367,-0.007212595369199463,-0.6958779554974378,0.3272405041882469,0.4895387240312183,-0.7319368384628208,-0.8838384939911589,-0.6311139667204612,-0.9734936268997674,-1.5252517855988679,-0.9618763908894999,0.843652793416401,-0.16971490849653975,0.17716143891611627
-0.47489169799479647,-1.2477914973976754,1.4198034361255687,1.0816805047494875,1.0652392485852358,-0.33613077338376257,0.10142529540719089,0.8860956523649842,1.4607570785909727,-1.3735254526097533,-0.7284721322891611,-0.6958779554974378,0.3272405041882469,-0.8068437734032816,1.2461987803294319,1.1314284304186495,1.5520770515497821,-0.5211214004863797,1.4539659500337145,1.3930010310380987,0.5774197608105023,-0.16971490849653975,-0.020704671096564924
0.4536369744343171,0.04746271323857031,0.9766309077283979,-0.8384624030898393,-0.733159953926681,-0.6258641064296505,0.10142529540719089,-1.4515938827687678,-0.6859118262663001,0.7510044642675964,-0.007212595369199463,0.7354087306383301,0.9553986932150462,0.4895387240312183,-1.0491850037408235,-0.8838384939911589,-0.6311139667204612,-0.6874347190207133,1.3234892608819226,-0.02498967463873516,-0.48751236961309374,-1.1002666261015883,0.7961272189557856
-0.21271889636775232,-0.3926722127057851,0.20107898303334903,0.12160905082982407,2.497085747400456,2.44328782850993,-1.6134951583375847,-0.28274911520189183,0.02964447535279087,0.7510044642675964,-0.7284721322891611,-0.6958779554974378,0.3272405041882469,1.785921221465718,1.3021837506726088,-0.8838384939911589,-0.6311139667204612,1.0821389901845955,1.3162405559290449,2.304566484687491,-0.10552584456984723,2.621940244318606,0.7149513789505834
0.20238803954173382,2.2481373429603475,-0.34180736425318575,-0.8384624030898393,-0.38951679421102814,1.0215731012382472,0.10142529540719089,-0.28274911520189183,0.02964447535279087,1.459181103226713,0.7140469415507622,0.019765387570446186,1.5835568822418453,-0.8068437734032816,-1.0118616901787056,1.1314284304186495,0.8401669368964422,-0.7805701773999405,-2.054407247158913,-0.9998582847915581,-0.047649098351173536,-0.16971490849653975,-0.5382006511297315
0.3880937740275565,0.04746271323857031,1.2203757983468422,0.12160905082982407,-0.14896658241007113,0.2635498461763311,1.1303775676540562,0.30167326858154614,0.02964447535279087,1.459181103226713,-0.007212595369199463,1.451052073706214,-0.30091768483855236,0.4895387240312183,-0.6572902113385848,1.1314284304186495,-0.014125200687566225,2.2263746217008107,1.2365048014473945,-1.1454555447494474,0.7568376740883904,-1.1002666261015883,0.8012007089561113
-0.23456662983667315,0.23609196721472264,2.0291656626716783,-0.8384624030898393,-0.297878618286854,-1.9195571284019874,-0.5845428860907194,0.30167326858154614,0.7452007769718818,-0.6653488136506367,-0.007212595369199463,0.7354087306383301,2.2117150712686446,0.4895387240312183,-1.0305233469597646,-0.8838384939911589,-0.6311139667204612,1.4613333564428763,1.707670623384421,1.146118720674721,0.1780702119016538,-0.16971490849653975,0.8316416489580619
-0.7370644996218406,0.852280863536821,-0.7074247001808514,2.0417519586691513,1.8556185159312375,0.08499325720619087,0.444409386156146,0.8860956523649842,0.7452007769718818,1.459181103226713,-1.4497316692091227,-0.6958779554974378,-0.9290758738653516,-0.8068437734032816,-0.8439067791491747,-0.8838384939911589,-0.6311139667204612,-0.062096641331619164,0.22168610804456854,-1.4556410116162548,-1.55244450003669,2.621940244318606,0.3851745289294479
-0.016089295147469665,-0.279494660320093,1.2979309908163472,1.0816805047494875,-0.7904338138792898,-0.3934036415439962,-0.5845428860907194,0.30167326858154614,-0.6859118262663001,0.7510044642675964,-1.4497316692091227,0.7354087306383301,0.3272405041882469,0.4895387240312183,-1.1611549444271776,-0.8838384939911589,-0.6311139667204612,0.5033686416851145,-0.0030237454946287715,-0.6580212396730358,0.36906347442327686,0.7608368091085088,0.9686258789668414
-1.2832578363448488,-0.44297334709942643,-0.9511695907992955,0.12160905082982407,3.310374558727501,-0.5247943390880617,-0.24155879534176422,0.30167326858154614,-0.6859118262663001,-0.6653488136506367,-0.007212595369199463,-0.6958779554974378,0.9553986932150462,1.785921221465718,0.08917605990377467,-0.8838384939911589,-0.6311139667204612,-0.43463847484852647,1.4467172450808365,-0.27820230065245544,-0.8694988946563402,-1.1002666261015883,0.6540694989466813
-0.9009225006387435,-0.34237107831214375,-0.24209354536382172,0.12160905082982407,-0.297878618286854,0.17932504005834043,-0.9275269768396744,-1.4515938827687678,-1.4014681278853909,0.04282782530847982,0.7140469415507622,-0.6958779554974378,0.9553986932150462,0.4895387240312183,-0.8065834655870567,-0.8838384939911589,-0.6311139667204612,-0.9934512251238872,-0.046515975211892845,1.7031864979049054,-0.10552584456984723,-0.16971490849653975,0.4967913089366016
0.2897789734174152,-0.4178227799026058,-2.169894043891514,0.12160905082982407,1.145422652518888,0.5734971326905368,-0.24155879534176422,0.30167326858154614,-1.4014681278853909,0.7510044642675964,-0.7284721322891611,-0.6958779554974378,-0.9290758738653516,0.4895387240312183,-0.7319368384628208,1.1314284304186495,0.31809951948399257,0.7229022221504355,-0.0030237454946287715,0.1395985322701831,1.9143725984618642,1.6913885267135573,0.014809758905711345
-0.09255636228869113,-0.19146767513122334,1.8962139041525268,-0.8384624030898393,-0.10314749444798409,0.31745372209184514,-0.9275269768396744,0.8860956523649842,0.7452007769718818,-0.6653488136506367,-0.007212595369199463,-0.6958779554974378,-0.30091768483855236,-0.8068437734032816,0.23846931415224656,1.1314284304186495,5.064166950506261,0.43684331427138107,0.8668208488506501,1.1587793519754073,-0.8579235454126053,0.7608368091085088,0.15179398891449047
0.8796677770782642,-0.6190273174771675,1.209296485136912,2.0417519586691513,-0.13751181041954938,-0.05987340931675311,0.10142529540719089,0.30167326858154614,-1.4014681278853909,1.459181103226713,0.7140469415507622,-0.6958779554974378,2.2117150712686446,-0.8068437734032816,1.8247101405422606,-0.8838384939911589,-0.6311139667204612,-0.37476568017616646,1.1422716370599895,-0.3794873510579436,0.004439973245632708,-1.1002666261015883,-0.04607212109819073
-1.0757043683901053,1.0157595503161527,0.9766309077283979,1.0816805047494875,0.022854997447755307,0.10520721067450862,1.1303775676540562,-1.4515938827687678,0.7452007769718818,0.7510044642675964,-0.007212595369199463,-0.6958779554974378,0.9553986932150462,0.4895387240312183,-0.340042046060582,-0.8838384939911589,-0.6311139667204612,-1.5256538444337546,0.9538053082851783,0.5194174712907631,-1.604533571633496,-0.16971490849653975,-1.248489251175254
-0.7589122330907605,-0.279494660320093,-2.435797560929817,-0.8384624030898393,-0.1833308983816364,0.7015188379898827,-1.2705110675886295,1.4705180361484222,0.7452007769718818,-1.3735254526097533,0.7140469415507622,0.7354087306383301,0.3272405041882469,-0.8068437734032816,-0.2653954189363461,-0.8838384939911589,-0.6311139667204612,-3.321837684604557,0.040468484222635305,-1.1517858603997901,0.062316719464306405,1.6913885267135573,0.26341076892164417
-0.47489169799479647,1.1163618191034335,0.33403074155250057,2.0417519586691513,-0.21769521435320172,1.0384180624618453,0.444409386156146,-1.4515938827687678,-1.4014681278853909,0.04282782530847982,1.435306478470724,1.451052073706214,-0.9290758738653516,0.4895387240312183,-1.2171399147703545,-0.8838384939911589,-0.6311139667204612,1.6609093386840765,-0.8511222249812764,-1.0821523882460176,1.2893037393001885,0.7608368091085088,0.6489960089463565
-0.7698360998252214,-0.34237107831214375,-0.5523143152418409,-0.8384624030898393,-0.05732840648589703,-0.1070393007428279,-0.9275269768396744,0.8860956523649842,0.7452007769718818,1.459181103226713,-0.7284721322891611,-1.4115212985653218,-1.5572340628921508,-0.8068437734032816,-0.6759518681196438,1.1314284304186495,1.6944590744804504,1.6609093386840765,-0.7206455358294842,-0.7782972370295529,0.28803602971713377,-0.16971490849653975,-0.00041071109526435323
0.10407323893159152,-0.5813014666819374,0.5777756321709447,0.12160905082982407,-0.48115497013520225,0.3983095359651162,-1.2705110675886295,-0.8671714989853299,-0.6859118262663001,-1.3735254526097533,0.7140469415507622,-1.4115212985653218,-0.9290758738653516,-0.8068437734032816,-0.3027187324984641,1.1314284304186495,0.5079422167248833,-0.32819795098655286,-0.6191636664892017,-1.5316047994203705,-1.0141907602030245,-0.16971490849653975,2.389203079057886
0.4317892409653972,0.776829161946359,-0.818217832280144,2.0417519586691513,0.9965106166421052,-0.3900346492992766,0.10142529540719089,1.4705180361484222,-1.4014681278853909,1.459181103226713,-0.007212595369199463,0.019765387570446186,-0.30091768483855236,0.4895387240312183,0.014529432779538715,-0.8838384939911589,-0.6311139667204612,0.0842590789785941,-1.0975781933791056,0.18391074182258388,1.190913270728443,-0.16971490849653975,-0.5432741411300563
0.3334744403552559,0.47502235558451633,-1.3832628059865362,-0.8384624030898393,0.16031226133401646,-1.9195571284019874,-0.9275269768396744,-1.4515938827687678,-0.6859118262663001,-1.3735254526097533,-0.7284721322891611,1.451052073706214,-0.9290758738653516,1.785921221465718,-0.7319368384628208,-0.8838384939911589,-0.6311139667204612,-0.5809941951587402,-0.7713864704996257,1.2727250336815812,0.5542690623230324,-1.1002666261015883,-0.1323214511037186
0.8468961768748834,-1.1094633778151644,0.4559031868617219,1.0816805047494875,0.17176703332453822,-0.21484705257385597,0.10142529540719089,0.8860956523649842,-0.6859118262663001,0.7510044642675964,-0.007212595369199463,-1.4115212985653218,-0.30091768483855236,0.4895387240312183,0.40642422518177745,-0.8838384939911589,-0.6311139667204612,-0.30824035276243306,0.9320591934265465,0.13326821661984,-0.5627521396973698,0.7608368091085088,2.2014839490458553
0.7813529764681219,-0.6944790190676295,0.9766309077283979,-0.8384624030898393,0.36649815716340817,1.9884738754727804,1.4733616584030114,1.4705180361484222,1.4607570785909727,1.459181103226713,-0.7284721322891611,-0.6958779554974378,-0.30091768483855236,-0.8068437734032816,0.07051440312271567,-0.8838384939911589,-0.6311139667204612,1.6342992077185827,0.888566963709283,0.22189263572464202,-0.6090535366723085,3.552491961923655,0.9280379589642402
-0.2673382300400539,-0.11601597354076135,-0.4304418699326196,1.0816805047494875,0.5039554210496693,0.08499325720619087,-1.2705110675886295,0.8860956523649842,0.7452007769718818,0.04282782530847982,-0.007212595369199463,-1.4115212985653218,0.9553986932150462,0.4895387240312183,0.3504392548386005,-0.8838384939911589,-0.6311139667204612,0.323750257668035,-0.03926727025901541,-1.4113288020638535,-0.41227259952881806,-0.16971490849653975,-0.020704671096564924
1.032601911360705,0.814555012741589,1.0874240398276904,2.0417519586691513,-0.6300670060119852,0.40167852820983585,0.10142529540719089,1.4705180361484222,1.4607570785909727,-0.6653488136506367,-1.4497316692091227,1.451052073706214,-0.30091768483855236,-0.8068437734032816,-0.3773653596227,-0.8838384939911589,-0.6311139667204612,-2.6299742795017296,-0.05376468016477028,0.9435486198637447,-1.2283347212121174,-1.1002666261015883,-1.476796301189886
1.032601911360705,-0.12859125713917258,0.954472281308539,-0.8384624030898393,1.5234301282061062,1.2136056591872662,-1.6134951583375847,-0.8671714989853299,-1.4014681278853909,0.7510044642675964,1.435306478470724,1.451052073706214,1.5835568822418453,-0.8068437734032816,-0.004132224001520273,-0.8838384939911589,-0.6311139667204612,1.381502963546396,-1.4310186212114628,1.7221774448559344,-1.210971697346515,-0.16971490849653975,2.0898671690387016
0.3334744403552559,0.08518856403380043,1.2646930511865582,0.12160905082982407,1.6723421640828893,1.4898630232542756,-1.6134951583375847,-0.8671714989853299,-1.4014681278853909,-1.3735254526097533,0.7140469415507622,0.7354087306383301,-0.30091768483855236,0.4895387240312183,-0.340042046060582,-0.8838384939911589,-0.6311139667204612,-1.778450088605942,-1.4382673261643402,-0.22755977544971157,-0.33703282944454205,-0.16971490849653975,0.9280379589642402
-0.08163249555423119,-0.8202318550517311,-0.5523143152418409,-0.8384624030898393,0.4352267891065387,0.18943201679249932,-0.24155879534176422,0.30167326858154614,0.02964447535279087,0.04282782530847982,-0.007212595369199463,-0.6958779554974378,-0.30091768483855236,-0.8068437734032816,0.7983190175840161,-0.8838384939911589,-0.6311139667204612,0.6630294274780751,1.3162405559290449,1.1271277737236922,-0.6611426082691149,0.7608368091085088,-1.2789301911772049
-0.4639678312603365,0.5756246243717972,0.057047911304268846,-0.8384624030898393,-0.4697001981446805,0.445475427391191,1.1303775676540562,-0.28274911520189183,1.4607570785909727,0.04282782530847982,0.7140469415507622,-1.4115212985653218,-1.5572340628921508,0.4895387240312183,0.7609957040218982,-0.8838384939911589,-0.6311139667204612,0.03103881704760754,-1.4382673261643402,-1.6328898498258588,-2.223814756173305,-1.1002666261015883,-0.12217447110306814
0.39901764076201646,0.9528831323241018,0.057047911304268846,0.12160905082982407,-1.0424387976707685,-0.4708904631725477,-1.6134951583375847,0.8860956523649842,-0.6859118262663001,-0.6653488136506367,-0.7284721322891611,0.019765387570446186,0.3272405041882469,-0.8068437734032816,-0.526658613871172,-0.8838384939911589,-0.6311139667204612,0.8892155406847692,2.3455566592376256,0.3928111582839029,1.3066667631657904,-0.16971490849653975,0.8012007089561113
-0.45304396452587664,-1.0465869598231134,0.1899996698234204,1.0816805047494875,-1.1913508335475516,-1.100892012935118,-0.5845428860907194,-0.8671714989853299,-0.6859118262663001,0.04282782530847982,-0.007212595369199463,0.019765387570446186,1.5835568822418453,0.4895387240312183,0.5557174794302494,-0.8838384939911589,-0.6311139667204612,-0.6741296535379669,1.0480384726725833,0.842263569458257,-0.25600538473839896,0.7608368091085088,1.3694315889925295
-1.9496137071469193,0.7894044455447702,1.2203757983468422,1.0816805047494875,-0.9164363057750292,0.06814829598259273,1.1303775676540562,1.4705180361484222,0.7452007769718818,1.459181103226713,-0.007212595369199463,0.7354087306383301,0.3272405041882469,-0.8068437734032816,-1.0491850037408235,-0.8838384939911589,-0.6311139667204612,-0.32819795098655286,1.2292560964945167,0.38015052698321716,-1.1183689033966369,-1.1002666261015883,1.25274131898505
0.5956472419822991,0.2235166836163132,0.721806703900025,-0.8384624030898393,-0.4353358821731152,-0.1306222464558653,1.1303775676540562,1.4705180361484222,-1.4014681278853909,-1.3735254526097533,1.435306478470724,0.7354087306383301,-0.9290758738653516,-0.8068437734032816,-0.22807210537422812,-0.8838384939911589,-0.6311139667204612,0.11086920994408785,-0.7061481259237299,0.016157377088494743,1.405057231737536,1.6913885267135573,-0.00041071109526435323
0.3662460405586357,-0.3172205111153249,-1.47189731166597,-0.8384624030898393,-0.973710165727638,0.3107157376024059,1.1303775676540562,-0.8671714989853299,-1.4014681278853909,-0.6653488136506367,0.7140469415507622,1.451052073706214,2.2117150712686446,0.4895387240312183,1.227537123548373,1.1314284304186495,-0.1565072236182343,-0.6209093916069799,0.9610540132380563,2.177960171680631,-0.34282050406640946,-0.16971490849653975,-1.223121801173628
1.4367849805357322,1.4181686254652779,-0.020507281165236348,-0.8384624030898393,-0.7217051819361593,1.675157596713855,-1.6134951583375847,0.30167326858154614,0.02964447535279087,-1.3735254526097533,-1.4497316692091227,0.019765387570446186,0.9553986932150462,-0.8068437734032816,0.3504392548386005,-0.8838384939911589,-0.6311139667204612,-0.1751896979349662,-0.2639771237982127,-0.3858176667082867,0.09125509257364325,-0.16971490849653975,0.3801010389291227
0.3662460405586357,-0.07829012274553124,-0.37504530388297325,2.0417519586691513,-0.973710165727638,0.37472659025207883,-1.2705110675886295,-0.28274911520189183,0.7452007769718818,-0.6653488136506367,-1.4497316692091227,-0.6958779554974378,0.9553986932150462,0.4895387240312183,1.5821086023884936,1.1314284304186495,-0.6311139667204612,-1.2529000020374474,0.5841213556884349,-1.2340799638542495,-0.17497794003225584,1.6913885267135573,1.9224419990279715
-0.2673382300400539,-0.2040429587296328,0.17892035661349018,1.0816805047494875,-0.6758860939740722,0.7520537216606771,0.10142529540719089,0.8860956523649842,-0.6859118262663001,-1.3735254526097533,1.435306478470724,0.7354087306383301,0.9553986932150462,-0.8068437734032816,-0.8252451223681158,-0.8838384939911589,-0.6311139667204612,0.044343882530354414,0.7435928646517365,-0.9492157595888142,-0.8868619185219422,-0.16971490849653975,-0.37077548111900094
1.1418405787053083,0.6888021767574876,1.0985033530376191,-0.8384624030898393,3.310374558727501,-0.26875092848937,0.444409386156146,-1.4515938827687678,-1.4014681278853909,-0.6653488136506367,-0.007212595369199463,-0.6958779554974378,-0.30091768483855236,-0.8068437734032816,1.190213809986255,1.1314284304186495,-0.39381059516934774,-0.3481555492106732,0.28692445262046384,-0.050310937240107094,0.8378651187945338,-0.16971490849653975,0.5170852689379022
0.14776870586943222,0.5756246243717972,1.475200002175215,-0.8384624030898393,-0.4697001981446805,0.03445837353539646,1.1303775676540562,1.4705180361484222,0.02964447535279087,1.459181103226713,-1.4497316692091227,1.451052073706214,0.9553986932150462,-0.8068437734032816,-1.2917865418945904,-0.8838384939911589,-0.6311139667204612,0.3969281178231414,-1.2642984072952839,0.7536391503534545,-0.17497794003225584,-0.16971490849653975,0.34966009892717165
2.0266737841965803,-1.7256522741372609,-0.14237972647445768,2.0417519586691513,0.6986865448885393,-0.06324240156147273,0.444409386156146,0.8860956523649842,0.7452007769718818,0.04282782530847982,0.7140469415507622,1.451052073706214,0.9553986932150462,0.4895387240312183,-0.22807210537422812,-0.8838384939911589,-0.6311139667204612,0.36366545411627466,-0.9960963240388231,-0.2528810380510835,1.6192011927466288,-0.16971490849653975,1.293329238987652
2.3653136529648457,-1.0717375270199343,-0.1534590396843879,2.0417519586691513,-0.24060475833424522,0.5297002335091817,0.444409386156146,0.8860956523649842,1.4607570785909727,0.7510044642675964,-0.007212595369199463,-0.6958779554974378,1.5835568822418453,0.4895387240312183,-0.452011986746936,1.1314284304186495,1.884301771721341,-0.07540170681436603,-0.24947971389245785,0.06363474446606684,-0.3833342264194812,2.621940244318606,0.5678201689411538
0.14776870586943222,1.2924157894811763,-1.1395179153680919,-0.8384624030898393,-0.4582454261541587,-0.9122284472308189,1.4733616584030114,-1.4515938827687678,1.4607570785909727,0.7510044642675964,-1.4497316692091227,0.019765387570446186,0.9553986932150462,-0.8068437734032816,0.984935585394606,1.1314284304186495,-0.25142857223867965,-0.5676891296759933,-0.5176817971489193,0.20290168877361317,1.734954685183976,4.483043679528703,0.14164700891384036
1.054449644829627,-2.7819760964037146,-1.3278662399368897,-0.8384624030898393,-0.1947856703721582,0.20627697801609746,1.4733616584030114,-1.4515938827687678,-1.4014681278853909,-1.3735254526097533,1.435306478470724,1.451052073706214,1.5835568822418453,0.4895387240312183,0.9102889582703702,-0.8838384939911589,-0.6311139667204612,-0.2417150253486996,-1.7572103440909426,-0.5314149266661757,0.6526595308947779,-1.1002666261015883,-0.020704671096564924
0.11499710566605242,1.6319484466382492,0.057047911304268846,-0.8384624030898393,-0.927891077765551,-1.0436191447748844,-1.2705110675886295,1.4705180361484222,-0.6859118262663001,0.04282782530847982,0.7140469415507622,0.7354087306383301,-0.9290758738653516,0.4895387240312183,-0.4893353003090539,1.1314284304186495,0.6503242396555514,0.03769134978898098,-0.5104330921960418,1.4942860814435865,1.7175916613183744,-1.1002666261015883,-0.03592514109754026
1.7208055156316964,-0.16631710793440269,-1.3943421191964662,-0.8384624030898393,-1.1455317455854646,0.7587917061501164,0.444409386156146,-0.8671714989853299,0.7452007769718818,0.7510044642675964,1.435306478470724,0.7354087306383301,-0.9290758738653516,-0.8068437734032816,-0.2653954189363461,-0.8838384939911589,-0.6311139667204612,-0.9269258977101538,0.6493597002643303,-1.829129634986492,0.7510499994665233,-1.1002666261015883,-0.9187124011541183
-0.28918596350897374,-0.11601597354076135,0.7550446435298125,-0.8384624030898393,-0.0687831784764188,-1.9195571284019874,-0.9275269768396744,-1.4515938827687678,-0.6859118262663001,0.04282782530847982,-0.7284721322891611,0.019765387570446186,2.2117150712686446,0.4895387240312183,-1.0118616901787056,1.1314284304186495,1.3147736799986687,-1.5522639753992478,0.054965894128389654,-0.5060936640648037,-0.07658747146051038,0.7608368091085088,0.4562033889340001
-0.7698360998252214,-0.7196295862644484,-1.0176454700588706,0.12160905082982407,-0.8477076738318986,-0.002600541156519445,-0.9275269768396744,0.30167326858154614,0.7452007769718818,1.459181103226713,-1.4497316692091227,-0.6958779554974378,-0.9290758738653516,-0.8068437734032816,0.7609957040218982,1.1314284304186495,0.6977849139657739,-0.9335784304515272,-0.4234486327615142,0.016157377088494743,-1.974944747433008,-0.16971490849653975,-0.49253924112680475
2.3762375196993055,0.03488742964016087,-0.28641079820353943,0.12160905082982407,0.9277819846989745,0.20290798577137784,-0.24155879534176422,1.4705180361484222,-1.4014681278853909,0.7510044642675964,-0.007212595369199463,1.451052073706214,-0.30091768483855236,0.4895387240312183,0.20114600059012858,-0.8838384939911589,-0.6311139667204612,-0.20179982890045944,-0.4234486327615142,0.1459288479205262,-1.1530949511278412,1.6913885267135573,-0.3657019911186757
0.6284188421856799,1.4181686254652779,-0.8071385190702138,1.0816805047494875,-0.973710165727638,1.4460661240729202,-0.5845428860907194,0.8860956523649842,1.4607570785909727,0.04282782530847982,0.7140469415507622,0.7354087306383301,1.5835568822418453,-0.8068437734032816,-0.02279388078257926,1.1314284304186495,0.7927062625862195,0.5166737071678614,1.801903787771826,-0.7719669213792097,-0.15182724154478644,-1.1002666261015883,-0.6345969611359095
-0.3001098302434337,1.0660606847097922,0.8436791492092462,2.0417519586691513,-0.8133433578603334,-1.7308935626976882,-0.24155879534176422,-0.28274911520189183,1.4607570785909727,0.04282782530847982,-0.7284721322891611,0.7354087306383301,0.9553986932150462,-0.8068437734032816,1.8620334541043784,-0.8838384939911589,-0.6311139667204612,2.1265866305802104,-0.9598527992744363,-0.7719669213792097,-1.4193279837337403,0.7608368091085088,0.030030228906686683
-0.16902342942991258,-0.22919352592645345,-2.169894043891514,-0.8384624030898393,-0.9393458497560727,0.04456535026955534,-1.2705110675886295,0.30167326858154614,0.7452007769718818,0.7510044642675964,-0.7284721322891611,1.451052073706214,-0.30091768483855236,0.4895387240312183,1.1528904964241369,1.1314284304186495,0.6503242396555514,0.3969281178231414,-0.7931325853582575,0.016157377088494743,-1.413540309111873,-1.1002666261015883,-0.6904053511394863
-1.1740191690002477,-1.7885286921293115,1.0098688473581854,-0.8384624030898393,1.007965388632627,0.15574209434530303,-1.2705110675886295,0.30167326858154614,-0.6859118262663001,0.04282782530847982,1.435306478470724,-0.6958779554974378,0.3272405041882469,1.785921221465718,0.23846931415224656,-0.8838384939911589,-0.6311139667204612,-0.5743416624173667,-0.5611740268661833,-1.2530709108052784,1.1446118737535043,-1.1002666261015883,-0.528053671129081
-0.5950542320738587,0.9654584159225112,-0.33072805104325553,2.0417519586691513,-0.2749690743058105,0.04793434251427497,-0.24155879534176422,0.8860956523649842,1.4607570785909727,0.7510044642675964,-0.007212595369199463,-0.6958779554974378,-1.5572340628921508,0.4895387240312183,-1.0678466605218826,-0.8838384939911589,-0.6311139667204612,0.1374793409095811,0.9248104884736696,-1.4809622742176267,-0.22127933700719463,-1.1002666261015883,1.4607544089983822
-0.6605974324806192,-0.9962858254294722,0.6885687642702375,2.0417519586691513,-0.9164363057750292,0.3376676755601629,1.4733616584030114,-0.28274911520189183,0.7452007769718818,0.7510044642675964,-0.7284721322891611,0.7354087306383301,-0.9290758738653516,-0.8068437734032816,2.8884245770626227,1.1314284304186495,0.6503242396555514,0.2904875939611678,-0.1407491395992979,0.06996506011640995,-0.724807029109656,-1.1002666261015883,-2.1059090612302063
1.6880339154283164,-1.0717375270199343,0.40050662081207555,2.0417519586691513,1.1339678805283662,-0.5146873623539028,1.4733616584030114,0.8860956523649842,1.4607570785909727,0.7510044642675964,-0.7284721322891611,0.7354087306383301,1.5835568822418453,1.785921221465718,0.5930407929923673,1.1314284304186495,-0.6311139667204612,-0.9601885614170205,-1.365780276635567,-0.26554166935176926,-0.6785056321347172,-0.16971490849653975,0.9026705089626145
1.4477088472701922,0.2486672508131321,-0.6298695077113461,-0.8384624030898393,-0.9622553937371162,1.3955312404021258,-0.5845428860907194,-0.28274911520189183,1.4607570785909727,1.459181103226713,-0.7284721322891611,1.451052073706214,-0.9290758738653516,0.4895387240312183,-0.1161021646878742,1.1314284304186495,0.8876276112066649,-0.1751896979349662,0.6348622903585764,-0.6580212396730358,1.405057231737536,1.6913885267135573,-0.37077548111900094
-0.005165428413009734,1.6822495810318905,1.6081517606943665,0.12160905082982407,-0.33224293425841933,0.07825527271675162,0.444409386156146,-0.8671714989853299,-1.4014681278853909,1.459181103226713,-0.007212595369199463,0.7354087306383301,-0.9290758738653516,3.082303718900218,0.0331910895605977,-0.8838384939911589,-0.6311139667204612,0.34370785589215486,-2.4385886096614113,-0.09462314679250833,0.4095771967763486,-1.1002666261015883,-0.9948147511589958
1.1309167119708483,0.09776384763221165,0.023809971674481355,1.0816805047494875,-0.9966197097086815,1.513445968967313,0.7873934769051011,-0.8671714989853299,-1.4014681278853909,0.04282782530847982,-0.007212595369199463,-1.4115212985653218,0.9553986932150462,-0.8068437734032816,-0.9185534062734106,-0.8838384939911589,-0.6311139667204612,0.45680091249550187,0.881318258756405,-2.83564982339103,0.6642348801385128,2.621940244318606,-0.11202749110241768
-2.1680910418361217,-0.16631710793440269,0.48914112649150937,-0.8384624030898393,-0.2635143023152888,-0.9155974394755385,0.7873934769051011,0.30167326858154614,0.7452007769718818,1.459181103226713,1.435306478470724,-1.4115212985653218,-0.9290758738653516,0.4895387240312183,-0.9185534062734106,-0.8838384939911589,-0.6311139667204612,1.028918728253609,-0.22048489408094865,1.4752951344925576,0.16070718803605144,0.7608368091085088,0.42576244893204906
0.6284188421856799,-0.279494660320093,0.9987895341482567,0.12160905082982407,-1.0882578856328557,-0.6595540288768468,-0.9275269768396744,0.8860956523649842,1.4607570785909727,-1.3735254526097533,0.7140469415507622,0.7354087306383301,2.2117150712686446,0.4895387240312183,0.3877625684007185,-0.8838384939911589,-0.6311139667204612,-0.2882827545383127,-0.38720510799712754,-0.639030292722007,-0.25600538473839896,0.7608368091085088,-2.141423491232482
1.2947747129877492,-0.568726183083528,0.5666963189610146,-0.8384624030898393,1.053784476594714,-0.8515865868258655,-0.5845428860907194,0.30167326858154614,1.4607570785909727,-0.6653488136506367,1.435306478470724,0.7354087306383301,-0.30091768483855236,0.4895387240312183,-1.2544632283324724,-0.8838384939911589,-0.6311139667204612,0.6563768947367021,0.5333804210182934,0.5067568399900778,-2.189088708442101,-1.1002666261015883,-0.4062899111212772
-0.8026077000286013,0.4624470719861051,1.3865654964957812,-0.8384624030898393,0.6757770009074958,0.00413744333291981,0.7873934769051011,1.4705180361484222,1.4607570785909727,0.7510044642675964,-0.7284721322891611,0.019765387570446186,-0.30091768483855236,-0.8068437734032816,0.05185274634165669,1.1314284304186495,0.17571749655332447,-0.1751896979349662,0.15644776346867215,0.7219875721017395,0.1896455611453883,-0.16971490849653975,-1.2383422711746035
0.4317892409653972,0.36184480319882417,-0.884693711539719,1.0816805047494875,-0.9508006217465945,-0.012707517890678328,-0.24155879534176422,-1.4515938827687678,1.4607570785909727,0.04282782530847982,-1.4497316692091227,0.019765387570446186,-0.9290758738653516,0.4895387240312183,-0.6386285545575259,-0.8838384939911589,-0.6311139667204612,-1.2529000020374474,0.9175617835207917,-0.012329043338048967,0.6121458085417061,-0.16971490849653975,0.7961272189557856
0.049453905259290894,-0.40524749630419454,-0.6077108812914873,-0.8384624030898393,-1.030984025680247,-1.831963330039277,-0.24155879534176422,-1.4515938827687678,0.02964447535279087,-0.6653488136506367,-1.4497316692091227,-1.4115212985653218,-0.30091768483855236,-0.8068437734032816,0.6676874201166033,-0.8838384939911589,-0.6311139667204612,-0.9136208322274073,-1.1120756032848604,-0.20223851284833916,1.4339956048468727,1.6913885267135573,-2.455979871252642
0.2679312399484944,-1.5244477365626992,0.47806181328158076,-0.8384624030898393,0.6299579129454087,0.2500738771974526,0.444409386156146,0.8860956523649842,-1.4014681278853909,1.459181103226713,0.7140469415507622,-0.6958779554974378,0.3272405041882469,-0.8068437734032816,-0.5826435842143489,1.1314284304186495,-0.203967897928457,1.241799775977556,-0.19149007426943943,0.48776589303904805,-1.1588826257497087,0.7608368091085088,-0.6041560211339584
-0.3110336969778946,0.2486672508131321,0.622092885010661,-0.8384624030898393,0.04576454142879883,0.7823746518631537,1.4733616584030114,-1.4515938827687678,1.4607570785909727,-0.6653488136506367,-0.7284721322891611,0.019765387570446186,-0.30091768483855236,-0.8068437734032816,-0.414688673184818,-0.8838384939911589,-0.6311139667204612,-0.2084523616418329,0.982800128096688,0.4687749460880192,-0.37175887717574635,-0.16971490849653975,1.024434268970418
0.3662460405586357,-0.2417688095248629,-0.14237972647445768,-0.8384624030898393,-0.9851649377181598,1.80991728650264,-0.5845428860907194,0.8860956523649842,-0.6859118262663001,0.04282782530847982,-0.007212595369199463,-1.4115212985653218,0.9553986932150462,-0.8068437734032816,0.08917605990377467,1.1314284304186495,0.6503242396555514,-0.31489288550380645,0.27242704271471,0.5194174712907631,1.6597149150997006,1.6913885267135573,0.04525069890766202
-0.28918596350897374,-0.7825060042564992,-2.3471630552503826,-0.8384624030898393,3.081279118917066,0.9306103106308173,-0.9275269768396744,-0.8671714989853299,0.02964447535279087,-0.6653488136506367,-1.4497316692091227,-0.6958779554974378,0.9553986932150462,-0.8068437734032816,0.8916273014893111,1.1314284304186495,-0.29888924654890237,-1.066629085278994,-1.1990600627193881,-1.1834374386515052,-2.0154584697860796,-0.16971490849653975,0.4359094289326995
-0.5622826318704779,0.06003799683697975,1.4973586285950737,-0.8384624030898393,-0.25205953032476697,-0.6696610056110057,1.1303775676540562,-1.4515938827687678,0.02964447535279087,-1.3735254526097533,-0.7284721322891611,-0.6958779554974378,-1.5572340628921508,0.4895387240312183,2.0299883651339092,1.1314284304186495,0.6977849139657739,1.3349352343567824,-0.4814382723845326,0.5384084182417928,-1.2456977450777194,0.7608368091085088,0.25326378892099366
0.3116267068863351,-0.493274481493066,-1.3611041795666772,-0.8384624030898393,0.9850558446515834,-1.1413199198717534,1.4733616584030114,-0.8671714989853299,-1.4014681278853909,-1.3735254526097533,0.7140469415507622,-1.4115212985653218,-0.9290758738653516,0.4895387240312183,-0.5639819274332899,-0.8838384939911589,-0.6311139667204612,1.0355712609949819,0.8523234389448964,1.405661662338784,-0.5106630681005632,-1.1002666261015883,0.21267586891839255
0.6939620425924404,-1.4364207513738276,-0.34180736425318575,-0.8384624030898393,0.09158362939088588,-1.5287540280145107,-0.5845428860907194,0.8860956523649842,0.7452007769718818,1.459181103226713,-0.7284721322891611,0.019765387570446186,-0.9290758738653516,1.785921221465718,-0.04145553756363825,-0.8838384939911589,-0.6311139667204612,1.2218421777534363,0.4463959615837653,-1.7025233219796319,0.027590671733102104,0.7608368091085088,-0.005484201095589586
-0.4421200977914167,-0.3926722127057851,-1.0619627228985882,-0.8384624030898393,1.7525255680165417,-0.8482175945811459,1.4733616584030114,-0.8671714989853299,0.02964447535279087,0.7510044642675964,0.7140469415507622,0.019765387570446186,-0.9290758738653516,1.785921221465718,0.2757926277143645,-0.8838384939911589,-0.6311139667204612,0.8759104752020223,-0.010272450447506203,0.987860829416146,-2.218027081551438,0.7608368091085088,0.7453923189525341
0.4099415074964764,-1.5873241545547498,0.12352379056384383,-0.8384624030898393,-0.1947856703721582,0.09510023394034975,-0.9275269768396744,0.8860956523649842,0.02964447535279087,0.04282782530847982,-0.7284721322891611,1.451052073706214,-0.30091768483855236,-0.8068437734032816,-0.3773653596227,1.1314284304186495,2.738593909305349,-1.4591285170200212,-0.0030237454946287715,0.016157377088494743,-1.413540309111873,-1.1002666261015883,-1.0151087111602966
0.22423577301065367,1.3301416402764066,0.10136516414398498,1.0816805047494875,-0.36660725022998464,1.1293808530692753,0.7873934769051011,-0.28274911520189183,0.02964447535279087,0.7510044642675964,1.435306478470724,0.019765387570446186,-0.30091768483855236,-0.8068437734032816,-0.43335032996587697,1.1314284304186495,0.413020868104438,1.3149776361326626,0.40290373186650175,0.016157377088494743,0.8725911665257378,0.7608368091085088,0.31414566892489576
-0.45304396452587664,-0.15374182433599146,-0.21993491894396286,-0.8384624030898393,0.7903247208127134,0.6240320163613312,-1.2705110675886295,-1.4515938827687678,1.4607570785909727,0.04282782530847982,1.435306478470724,0.7354087306383301,-0.30091768483855236,-0.8068437734032816,0.5557174794302494,-0.8838384939911589,-0.6311139667204612,-0.8870107012619136,-0.4524434525730234,-2.493812778272508,1.011495357450555,-0.16971490849653975,1.491195349000333
-1.1084759685934862,0.08518856403380043,1.1982171719269832,2.0417519586691513,0.09158362939088588,0.7722676751289949,-1.2705110675886295,1.4705180361484222,0.7452007769718818,-0.6653488136506367,0.7140469415507622,0.019765387570446186,-1.5572340628921508,1.785921221465718,-0.414688673184818,1.1314284304186495,1.1249309827577783,1.2617573742016759,1.0262923578139516,-0.89857323438607,-0.26758073398213383,0.7608368091085088,-1.162239921169726
-0.33288143044681445,-0.07829012274553124,0.09028585093405633,-0.8384624030898393,0.5841388249833217,0.3073467453576863,-0.5845428860907194,-0.8671714989853299,1.4607570785909727,0.04282782530847982,-0.7284721322891611,-1.4115212985653218,-1.5572340628921508,-0.8068437734032816,-0.5079969570901129,1.1314284304186495,0.22317817086354722,1.6875194696495703,-0.6336610763949566,2.367869641190921,-0.26179305936026637,-0.16971490849653975,-0.9136389111537933
-2.255481975711803,-1.235216213799266,0.40050662081207555,-0.8384624030898393,-0.5384288300878111,2.5207746501384816,-1.2705110675886295,-0.28274911520189183,-1.4014681278853909,1.459181103226713,-1.4497316692091227,1.451052073706214,0.9553986932150462,0.4895387240312183,0.8729656447082521,1.1314284304186495,0.17571749655332447,-0.40137581114165977,0.881318258756405,0.19024105747292697,0.8841665157694727,-1.1002666261015883,0.5018647989369265
1.600642981552635,-0.9837105418310628,0.30079280192271307,0.12160905082982407,-0.8820719898034639,0.9070273649177799,0.7873934769051011,1.4705180361484222,1.4607570785909727,-1.3735254526097533,-1.4497316692091227,-0.6958779554974378,-0.9290758738653516,0.4895387240312183,-0.8252451223681158,1.1314284304186495,0.5079422167248833,-0.1286219687453526,1.4394685401279597,2.418512166393665,-0.05922444759490844,0.7608368091085088,-0.177982861106645
0.8578200436093433,0.2612425344115433,-0.4193625567226894,2.0417519586691513,0.11449317337192941,-1.1615338733400713,-0.24155879534176422,-1.4515938827687678,-0.6859118262663001,-1.3735254526097533,1.435306478470724,1.451052073706214,0.3272405041882469,-0.8068437734032816,-0.2653954189363461,1.1314284304186495,0.9825489598271102,1.0023085972881152,-1.641231064844905,1.8614443891634807,2.006975392411743,-0.16971490849653975,-0.65489092113721
0.7267336427958212,-0.7825060042564992,-2.8457321496972,2.0417519586691513,-0.492609742125724,-1.9195571284019874,0.7873934769051011,-1.4515938827687678,1.4607570785909727,0.04282782530847982,-1.4497316692091227,0.7354087306383301,-0.30091768483855236,0.4895387240312183,1.5261236320453166,-0.8838384939911589,-0.6311139667204612,-0.5743416624173667,1.0407897677197064,1.0131820920175183,-0.6785056321347172,0.7608368091085088,2.2167044190468306
0.7813529764681219,-0.6441778846739882,-0.1534590396843879,1.0816805047494875,-0.2864238462963323,0.6610909310532471,-0.9275269768396744,-1.4515938827687678,0.02964447535279087,-1.3735254526097533,-0.7284721322891611,-1.4115212985653218,-0.30091768483855236,-0.8068437734032816,-0.15342547824999217,1.1314284304186495,-0.10904654930801158,0.5765465018402218,-2.250122280886601,0.8169423068568845,-0.9100126170094119,-0.16971490849653975,1.1005366189752952
-0.9227702341076633,0.9277325651272812,1.4308827493354972,0.12160905082982407,-0.6186122340214634,-0.9054904627413796,-1.2705110675886295,0.8860956523649842,0.7452007769718818,-0.6653488136506367,-1.4497316692091227,-0.6958779554974378,-1.5572340628921508,-0.8068437734032816,-0.39602701640375904,-0.8838384939911589,-0.6311139667204612,1.0422237937363559,1.3597327856463093,0.6523540999479668,0.7568376740883904,-0.16971490849653975,-2.263187251240286
0.464560841168777,0.19836611641949253,0.9323136548886801,-0.8384624030898393,1.2599703724241056,-0.23506100604217373,1.1303775676540562,-0.8671714989853299,1.4607570785909727,0.04282782530847982,0.7140469415507622,1.451052073706214,0.3272405041882469,-0.8068437734032816,0.3877625684007185,1.1314284304186495,0.033335473622656396,0.7495123531159283,0.8958156686621599,0.6713450468989955,-0.7190193544877885,-0.16971490849653975,1.932588979028622
-0.9227702341076633,-0.2040429587296328,0.045968598094338634,0.12160905082982407,-0.8477076738318986,0.2905017841340881,-0.24155879534176422,-0.28274911520189183,-0.6859118262663001,-0.6653488136506367,0.7140469415507622,-1.4115212985653218,-0.30091768483855236,0.4895387240312183,-0.5079969570901129,-0.8838384939911589,-0.6311139667204612,-2.117729258415982,0.5623752408298032,-1.1327949134487614,0.23015928349846004,-0.16971490849653975,-0.4265838711225778
-1.1958669024691675,0.1480649820258512,-0.7739005794404263,-0.8384624030898393,0.21758612128662527,0.5398072102433406,0.444409386156146,0.8860956523649842,-1.4014681278853909,-0.6653488136506367,-0.007212595369199463,-1.4115212985653218,-1.5572340628921508,-0.8068437734032816,-0.340042046060582,1.1314284304186495,1.0300096341373328,-0.16853716519359274,0.7363441596988585,-2.1393151018532994,-0.29073143246960326,-1.1002666261015883,0.17716143891611627
0.3334744403552559,-0.7573554370596803,0.023809971674481355,0.12160905082982407,-0.17187612639111466,0.0277203890459572,0.444409386156146,-0.8671714989853299,0.02964447535279087,1.459181103226713,0.7140469415507622,0.019765387570446186,-0.9290758738653516,-0.8068437734032816,0.21980765737118757,-0.8838384939911589,-0.6311139667204612,-0.28163022179693975,-0.3147180584683542,-0.18957788154765343,-0.5453891158317674,-0.16971490849653975,-0.9745207911576952
-1.0538566349211855,0.7391033111511288,0.43374456044186305,-0.8384624030898393,-0.4353358821731152,0.4353684506570321,-0.9275269768396744,-0.8671714989853299,0.7452007769718818,-1.3735254526097533,0.7140469415507622,0.7354087306383301,-0.30091768483855236,-0.8068437734032816,-0.9372150630544697,-0.8838384939911589,-0.6311139667204612,1.4280706927360096,-2.8372673820696646,-0.5187542953654894,0.07967974332990835,0.7608368091085088,-0.020704671096564924
-0.5732064986049378,1.141512386300254,0.31187211513264174,-0.8384624030898393,-0.022964090514331743,0.3949405437203966,-0.9275269768396744,0.8860956523649842,0.7452007769718818,0.7510044642675964,-0.007212595369199463,0.7354087306383301,-0.30091768483855236,-0.8068437734032816,1.7687251701990836,-0.8838384939911589,-0.6311139667204612,0.796080082305542,0.062214599081267086,-0.6580212396730358,-1.0315537840686264,0.7608368091085088,0.29892519892392005
-0.6169019655427785,-0.5310003322882961,1.120661979457478,1.0816805047494875,-0.3780620222205064,0.4589513963700695,0.7873934769051011,-0.28274911520189183,-1.4014681278853909,-1.3735254526097533,0.7140469415507622,0.019765387570446186,0.3272405041882469,-0.8068437734032816,-0.5826435842143489,-0.8838384939911589,-0.6311139667204612,0.36366545411627466,-0.691650716017975,-2.5507856191255946,-0.36018352793201186,1.6913885267135573,1.7144289090146403
-2.277329709180724,0.48759763918292576,0.6885687642702375,-0.8384624030898393,-0.9393458497560727,1.1799157367400697,0.10142529540719089,-0.8671714989853299,0.02964447535279087,-1.3735254526097533,0.7140469415507622,-1.4115212985653218,0.9553986932150462,-0.8068437734032816,-0.3773653596227,1.1314284304186495,-0.39381059516934774,-1.0267138888307539,1.3742301955520633,-0.19590819719799651,-1.0315537840686264,-1.1002666261015883,1.7600903190175663
0.4864085746376978,-0.5058497650914773,0.034889284884409996,0.12160905082982407,-0.9049815337845074,-1.1716408500742301,-1.6134951583375847,-1.4515938827687678,1.4607570785909727,-0.6653488136506367,0.7140469415507622,0.7354087306383301,-0.30091768483855236,0.4895387240312183,2.533853098222502,1.1314284304186495,1.0774703084475556,1.4280706927360096,-0.40170251790288186,-0.9998582847915581,-1.6276842701209657,-1.1002666261015883,0.34966009892717165
1.2947747129877492,0.5253234899781558,-0.7517419530205675,-0.8384624030898393,1.729616024035498,-1.299662555373576,1.4733616584030114,0.8860956523649842,0.7452007769718818,0.7510044642675964,-1.4497316692091227,1.451052073706214,-0.9290758738653516,-0.8068437734032816,-0.9185534062734106,1.1314284304186495,0.033335473622656396,0.11752174268546081,-0.749640355640994,-0.7782972370295529,-1.7376500879364456,1.6913885267135573,0.9381849389648907
0.1586925726038931,0.07261328043539099,-0.34180736425318575,-0.8384624030898393,-0.5613383740688546,-0.4540455019489495,-0.9275269768396744,1.4705180361484222,1.4607570785909727,0.7510044642675964,-0.7284721322891611,0.019765387570446186,-0.30091768483855236,-0.8068437734032816,0.10783771668483365,-0.8838384939911589,-0.6311139667204612,1.0089611300294892,-0.6336610763949566,0.17125011052189815,-0.817409823059534,-1.1002666261015883,0.5678201689411538
-2.5831979777456087,-0.141166540737582,-0.9733282172191529,-0.8384624030898393,-0.13751181041954938,0.20627697801609746,0.7873934769051011,1.4705180361484222,0.7452007769718818,0.04282782530847982,0.7140469415507622,0.019765387570446186,-0.30091768483855236,-0.8068437734032816,1.9926650515717914,1.1314284304186495,0.31809951948399257,1.4347232254773825,-0.7278942407823616,-1.1834374386515052,-1.506143103061751,-1.1002666261015883,0.9483319189655405
0.6393427089201398,-1.2855173481929054,2.0291656626716783,-0.8384624030898393,-0.687340865964594,-0.558484261535258,-0.24155879534176422,0.30167326858154614,0.7452007769718818,1.459181103226713,0.7140469415507622,0.7354087306383301,-0.9290758738653516,-0.8068437734032816,0.5370558226491904,-0.8838384939911589,-0.6311139667204612,-1.9514159398816486,0.7725876844632451,2.1842904873309745,1.596050494259159,0.7608368091085088,0.31414566892489576
2.310694319292544,-0.6316026010755788,0.12352379056384383,0.12160905082982407,3.0010957149834137,0.9171343416519389,0.7873934769051011,-1.4515938827687678,0.7452007769718818,1.459181103226713,-0.007212595369199463,0.7354087306383301,-0.30091768483855236,0.4895387240312183,0.5930407929923673,-0.8838384939911589,-0.6311139667204612,0.43684331427138107,0.32316797738485054,-0.037650305939421355,0.3517004505576749,-0.16971490849653975,-0.43165736112290304
-0.9555418343110441,0.2486672508131321,0.30079280192271307,2.0417519586691513,-0.687340865964594,-0.5888051917377346,0.7873934769051011,-1.4515938827687678,-0.6859118262663001,-0.6653488136506367,0.7140469415507622,-1.4115212985653218,0.9553986932150462,-0.8068437734032816,0.3131159412764825,-0.8838384939911589,-0.6311139667204612,0.4634534452368748,-1.503505670740236,-0.6770121866240647,-1.182033324237178,-0.16971490849653975,-0.2997466211144488
-1.4471158373617516,-1.210065646602445,0.7328860171099536,-0.8384624030898393,-1.2028056055380734,0.9643002330780136,1.1303775676540562,-0.28274911520189183,1.4607570785909727,0.04282782530847982,1.435306478470724,-1.4115212985653218,0.9553986932150462,1.785921221465718,0.6490257633355443,-0.8838384939911589,-0.6311139667204612,0.33040279040940795,0.8523234389448964,-1.3290346986093946,1.3703311840063321,-0.16971490849653975,0.34966009892717165
0.21331190627619373,1.8331529842128127,-0.8514557719099315,0.12160905082982407,0.17176703332453822,0.04456535026955534,0.444409386156146,-0.8671714989853299,-0.6859118262663001,-0.6653488136506367,-0.7284721322891611,-1.4115212985653218,-1.5572340628921508,-0.8068437734032816,0.36910091161965947,1.1314284304186495,0.22317817086354722,-0.4612486058140197,-0.08275949997627949,-1.0061886004419012,-1.1299442526403718,-1.1002666261015883,-0.5026862211274552
-0.05978476208531036,0.8397055799384098,-2.2031319835213026,0.12160905082982407,-0.17187612639111466,-0.8819075170283422,-1.6134951583375847,1.4705180361484222,0.7452007769718818,1.459181103226713,-0.7284721322891611,0.019765387570446186,0.3272405041882469,0.4895387240312183,0.0331910895605977,-0.8838384939911589,-0.6311139667204612,-0.015528912142006048,0.1347016486100404,1.519607344044959,-0.08816282070424529,-0.16971490849653975,0.49171781893627636
-0.05978476208531036,1.4181686254652779,-0.1866969793141754,2.0417519586691513,1.0766940205757574,-0.11714627747698678,0.10142529540719089,-1.4515938827687678,0.7452007769718818,0.04282782530847982,1.435306478470724,0.7354087306383301,-0.30091768483855236,-0.8068437734032816,0.6676874201166033,-0.8838384939911589,-0.6311139667204612,-1.3859506568649143,0.10570682879853116,0.2282229513749851,0.43851556988568546,-1.1002666261015883,0.8773030589609887
1.480480447473572,0.17321554922267188,1.1095826662475494,1.0816805047494875,1.007965388632627,0.08499325720619087,-1.2705110675886295,-0.28274911520189183,-0.6859118262663001,0.04282782530847982,-1.4497316692091227,1.451052073706214,-0.9290758738653516,-0.8068437734032816,-1.3291098554567085,-0.8838384939911589,-0.6311139667204612,0.7761224840814221,-1.0540859636618414,0.6776753625493382,-1.5755951985241594,-1.1002666261015883,-1.7101768412048437
0.7704291097336619,-1.0214363926262928,-0.984407530429083,-0.8384624030898393,0.08012885740036411,-0.16094317665834193,1.4733616584030114,-0.8671714989853299,-1.4014681278853909,-1.3735254526097533,-0.7284721322891611,-0.6958779554974378,-0.30091768483855236,-0.8068437734032816,0.8729656447082521,-0.8838384939911589,-0.6311139667204612,0.9823509990639954,-1.061334668614719,0.8106119912065419,0.8668034919038707,-1.1002666261015883,0.0807651289099383
0.5847233752478391,-0.04056427195030113,-0.4969177491921946,-0.8384624030898393,-0.8133433578603334,-0.5955431762271739,0.444409386156146,1.4705180361484222,0.02964447535279087,0.04282782530847982,-1.4497316692091227,0.019765387570446186,-0.30091768483855236,-0.8068437734032816,-0.35870370284164105,1.1314284304186495,-0.014125200687566225,-0.9734936268997674,0.14919905851579524,1.3676797684367263,1.0346460559380248,-1.1002666261015883,-0.4265838711225778
-0.3547291639157353,-0.4555486306978359,-0.042665907585095204,0.12160905082982407,-5.454653328821902e-05,1.8132862787473598,-0.9275269768396744,-0.8671714989853299,-1.4014681278853909,-0.6653488136506367,-0.7284721322891611,0.7354087306383301,0.9553986932150462,-0.8068437734032816,-0.7505984952438798,-0.8838384939911589,-0.6311139667204612,-0.37476568017616646,-2.489329544331553,0.4940962086893916,0.09125509257364325,-1.1002666261015883,-0.4418043411235531
-0.45304396452587664,-0.7825060042564992,-0.3528866774631144,-0.8384624030898393,-0.7102504099456375,0.9710382175674529,-0.24155879534176422,0.8860956523649842,0.7452007769718818,1.459181103226713,-0.7284721322891611,-0.6958779554974378,-0.30091768483855236,1.785921221465718,0.1824843438090696,1.1314284304186495,1.1249309827577783,-0.6674771207965935,-1.7354642292323104,-0.5947180831696057,-1.182033324237178,1.6913885267135573,1.3694315889925295
-0.37657689738465516,0.36184480319882417,-0.47475912277233573,-0.8384624030898393,-1.2257151495191168,-0.33949976562848216,-0.5845428860907194,-1.4515938827687678,0.02964447535279087,0.7510044642675964,1.435306478470724,-1.4115212985653218,0.3272405041882469,-0.8068437734032816,-0.32138038927952306,-0.8838384939911589,-0.6311139667204612,1.2218421777534363,1.7294167382430528,-0.4237995606103444,-0.9794647124718202,-0.16971490849653975,-1.4159144211859842
0.9342871107505638,-0.9711352582326516,0.023809971674481355,-0.8384624030898393,0.28631475322975586,0.9474552718544155,-0.24155879534176422,-0.28274911520189183,0.7452007769718818,0.7510044642675964,-0.007212595369199463,0.019765387570446186,0.9553986932150462,-0.8068437734032816,-0.9745383766165876,-0.8838384939911589,-0.6311139667204612,-1.3593405258994211,-0.22048489408094865,0.24721389832601395,-0.5627521396973698,0.7608368091085088,-0.8933449511524926
0.25700737321403444,-0.4303980635010152,-0.19777629252410403,-0.8384624030898393,-0.6758860939740722,-1.643299764334978,1.1303775676540562,1.4705180361484222,1.4607570785909727,0.7510044642675964,-0.007212595369199463,1.451052073706214,0.3272405041882469,0.4895387240312183,1.0035972421756651,1.1314284304186495,0.3655601937942153,0.1374793409095811,-1.0105937339445774,-1.0061886004419012,-0.817409823059534,-0.16971490849653975,-0.2337912511102218
-0.28918596350897374,-0.09086540634394068,1.9626897834121033,1.0816805047494875,0.9736010726610616,-1.0335121680407253,-0.9275269768396744,1.4705180361484222,-1.4014681278853909,-0.6653488136506367,1.435306478470724,0.019765387570446186,-0.9290758738653516,0.4895387240312183,-0.8439067791491747,-0.8838384939911589,-0.6311139667204612,-0.06874917407299261,0.8088312092276317,-0.48710271711377445,-0.11131351919171469,-0.16971490849653975,0.6845104389486324
-0.8135315667630622,0.07261328043539099,-0.7849798926503565,0.12160905082982407,-0.2749690743058105,-1.0065602300829684,-0.5845428860907194,1.4705180361484222,-1.4014681278853909,0.7510044642675964,-0.7284721322891611,1.451052073706214,-0.30091768483855236,1.785921221465718,0.9662739286135471,-0.8838384939911589,-0.6311139667204612,0.4168857160472612,-1.2498009973895297,-0.8605913404840122,1.2893037393001885,-1.1002666261015883,0.8113476889567617
0.5737995085133792,0.8019797291431796,0.0792065377241277,-0.8384624030898393,-0.22914998634372347,1.3887932559126868,-0.24155879534176422,0.30167326858154614,-1.4014681278853909,-0.6653488136506367,-1.4497316692091227,-0.6958779554974378,-0.30091768483855236,-0.8068437734032816,0.44374753874389544,-0.8838384939911589,-0.6311139667204612,-0.08205423955573947,1.816401197677581,0.044643797515038004,0.42694022064195053,-0.16971490849653975,1.2172268889827746
0.12592097240051237,1.2169640878907144,-0.20885560573403422,2.0417519586691513,-0.9393458497560727,-1.417577283938763,-0.9275269768396744,-0.28274911520189183,0.02964447535279087,0.04282782530847982,-0.7284721322891611,-1.4115212985653218,0.3272405041882469,0.4895387240312183,0.23846931415224656,-0.8838384939911589,-0.6311139667204612,1.6675618714254494,0.8160799141805097,-3.519323913628075,-1.1415196018841067,-0.16971490849653975,-0.847683541149566
0.1586925726038931,0.5504740571749765,1.0098688473581854,2.0417519586691513,0.34358861318236467,0.25681186168689185,0.444409386156146,-0.8671714989853299,1.4607570785909727,1.459181103226713,0.7140469415507622,-1.4115212985653218,-0.9290758738653516,-0.8068437734032816,0.8916273014893111,1.1314284304186495,0.7452455882759966,0.41023318330588826,-0.14799784455217535,0.6776753625493382,-0.3138821309570726,-0.16971490849653975,0.4663503689346506
1.775424849303998,-0.4555486306978359,-1.0176454700588706,2.0417519586691513,-0.8820719898034639,0.5330692257539013,1.1303775676540562,-0.28274911520189183,0.7452007769718818,1.459181103226713,0.7140469415507622,1.451052073706214,-0.30091768483855236,-0.8068437734032816,-0.340042046060582,1.1314284304186495,0.033335473622656396,-1.4524759842786477,1.1422716370599895,-0.4997633484144607,0.32276207744833807,-1.1002666261015883,-0.16276239110566929
1.2947747129877492,0.7642538783479496,0.012730658464551143,-0.8384624030898393,-0.8133433578603334,1.3551033334654905,-0.24155879534176422,-1.4515938827687678,1.4607570785909727,-0.6653488136506367,-1.4497316692091227,1.451052073706214,-0.9290758738653516,0.4895387240312183,-1.0865083173029415,1.1314284304186495,-0.10904654930801158,0.044343882530354414,-0.8873657497456631,0.05730442881572375,0.23015928349846004,-1.1002666261015883,0.7707597689541599
0.9233632440161038,0.3995706539940543,0.5112997529113682,-0.8384624030898393,1.0423297046041922,0.17932504005834043,-1.2705110675886295,1.4705180361484222,-0.6859118262663001,-0.6653488136506367,-0.007212595369199463,0.7354087306383301,-0.30091768483855236,-0.8068437734032816,-0.9372150630544697,1.1314284304186495,0.3655601937942153,0.3902755850817684,-0.0030237454946287715,0.11427726966881117,-0.3486081786882769,-0.16971490849653975,-0.3098936011150992
1.8737396499141392,-0.07829012274553124,0.8658377756291051,0.12160905082982407,-1.0080744816992033,1.4090072093810044,0.7873934769051011,-0.28274911520189183,0.02964447535279087,0.7510044642675964,-0.7284721322891611,1.451052073706214,1.5835568822418453,0.4895387240312183,0.25713097093330556,-0.8838384939911589,-0.6311139667204612,-0.48120620403814,-1.1048268983319829,-0.36049640410691436,-0.4817246949912263,-1.1002666261015883,2.2826597890510585
-1.2395623694070081,0.32411895240359406,1.2314551115567707,0.12160905082982407,-0.4353358821731152,0.8935513959389014,-0.5845428860907194,0.30167326858154614,-0.6859118262663001,-0.6653488136506367,-0.007212595369199463,-0.6958779554974378,-0.30091768483855236,-0.8068437734032816,-0.9372150630544697,1.1314284304186495,0.17571749655332447,-0.09535930503848587,-1.4020238013999535,-1.4113288020638535,-0.30809445633520516,-1.1002666261015883,-1.258636231175904
0.25700737321403444,0.37442008679723365,-0.44152118314254823,-0.8384624030898393,-0.8247981298508551,1.6717886044691355,0.10142529540719089,0.8860956523649842,0.02964447535279087,1.459181103226713,-0.7284721322891611,0.019765387570446186,0.3272405041882469,-0.8068437734032816,-0.6199668977764669,-0.8838384939911589,-0.6311139667204612,0.5100211744264884,-1.4237699162585853,-0.043980621589764,0.38063882366701174,-0.16971490849653975,-0.8730509911511918
-0.027013161881929596,0.7642538783479496,-1.1616765417879507,0.12160905082982407,-0.2749690743058105,-0.9054904627413796,0.10142529540719089,0.30167326858154614,-0.6859118262663001,0.04282782530847982,1.435306478470724,-0.6958779554974378,0.9553986932150462,-0.8068437734032816,-0.5453202706522309,-0.8838384939911589,-0.6311139667204612,-0.15523209971084587,-1.6339823598920278,-0.22755977544971157,-0.26758073398213383,-0.16971490849653975,-0.8984184411528178
-0.05978476208531036,-1.6753511397436214,0.0792065377241277,-0.8384624030898393,-0.9049815337845074,-1.0132982145724077,-0.24155879534176422,0.8860956523649842,0.02964447535279087,-0.6653488136506367,0.7140469415507622,0.019765387570446186,-0.9290758738653516,0.4895387240312183,1.4701386617021397,1.1314284304186495,0.3655601937942153,0.556588903616102,2.1715877403685693,1.0764852485209484,0.2822483550952663,-0.16971490849653975,0.035103718907011916
-0.7479883663563006,-1.0591622434215229,-0.39720393030283213,0.12160905082982407,-0.8820719898034639,0.81606457431035,-0.24155879534176422,-0.8671714989853299,0.7452007769718818,0.04282782530847982,1.435306478470724,0.7354087306383301,-0.9290758738653516,-0.8068437734032816,0.08917605990377467,-0.8838384939911589,-0.6311139667204612,-1.0400189543135008,1.3379866707876766,0.25354421397635707,0.7452623248446563,1.6913885267135573,0.46127687893432534
1.5132520476769538,0.009736862443340207,1.4198034361255687,-0.8384624030898393,0.1488574893434947,-0.2822268974682485,0.444409386156146,-0.28274911520189183,0.7452007769718818,0.04282782530847982,0.7140469415507622,-0.6958779554974378,0.9553986932150462,-0.8068437734032816,-0.2467337621552871,-0.8838384939911589,-0.6311139667204612,-0.5410789987105,0.37390891205499205,2.0386932273730847,0.03916602097683701,-1.1002666261015883,0.6743634589479822
0.47548470790323794,-0.568726183083528,-0.13130041326452904,1.0816805047494875,0.7674151768316698,1.1260118608245557,1.4733616584030114,0.8860956523649842,1.4607570785909727,1.459181103226713,1.435306478470724,-0.6958779554974378,-0.9290758738653516,0.4895387240312183,-1.1611549444271776,1.1314284304186495,0.3655601937942153,-0.1884947634177126,0.4391472566308884,-0.6770121866240647,0.16070718803605144,0.7608368091085088,0.512011778937577
1.4586327140046522,-0.279494660320093,-0.6077108812914873,0.12160905082982407,0.4352267891065387,-0.19800209135025784,-0.5845428860907194,-1.4515938827687678,1.4607570785909727,-1.3735254526097533,0.7140469415507622,1.451052073706214,0.3272405041882469,0.4895387240312183,1.227537123548373,-0.8838384939911589,-0.6311139667204612,1.0023085972881152,-0.0030237454946287715,-0.46178145451240254,-3.0977536240752777,0.7608368091085088,0.5982611089431048
-0.09255636228869113,-0.3172205111153249,1.0874240398276904,0.12160905082982407,-0.5957026900404199,0.9036583726730604,-0.24155879534176422,-1.4515938827687678,-1.4014681278853909,-1.3735254526097533,0.7140469415507622,-1.4115212985653218,-0.9290758738653516,-0.8068437734032816,-0.8252451223681158,-0.8838384939911589,-0.6311139667204612,-0.4945112695208864,-0.59741755163057,-0.752975974428181,-0.22127933700719463,-1.1002666261015883,0.704804398949933
1.1527644454397683,-0.920834123839012,1.54167588143479,0.12160905082982407,-0.14896658241007113,-0.558484261535258,-0.5845428860907194,-0.28274911520189183,1.4607570785909727,1.459181103226713,-0.7284721322891611,-0.6958779554974378,0.9553986932150462,-0.8068437734032816,-0.6572902113385848,1.1314284304186495,0.9825489598271102,0.25057239751292765,1.185763866777253,-0.29719324760348426,0.7163239517353195,-0.16971490849653975,-0.9136389111537933
-0.6387496990116993,1.4936203270557382,-1.7267215154943436,-0.8384624030898393,1.294334688395671,0.2130149625055367,-0.5845428860907194,-1.4515938827687678,-0.6859118262663001,0.7510044642675964,-0.007212595369199463,0.019765387570446186,-0.9290758738653516,1.785921221465718,0.7983190175840161,-0.8838384939911589,-0.6311139667204612,0.47010597797824777,1.7946550828189491,0.28519579222807206,-0.5106630681005632,0.7608368091085088,1.7245758890152907
0.6502665756545998,-0.6441778846739882,0.3783479943922167,-0.8384624030898393,-0.38951679421102814,-1.9195571284019874,1.1303775676540562,0.8860956523649842,1.4607570785909727,-1.3735254526097533,0.7140469415507622,-0.6958779554974378,-0.9290758738653516,0.4895387240312183,-1.0491850037408235,1.1314284304186495,-0.10904654930801158,0.789427549564169,1.816401197677581,-0.06930188419113639,-0.26758073398213383,-0.16971490849653975,0.17716143891611627
2.8350399225466325,-0.7447801534612691,0.5334583793312271,-0.8384624030898393,2.5199952913814996,-0.5989121684718935,1.1303775676540562,0.30167326858154614,0.02964447535279087,-0.6653488136506367,1.435306478470724,0.7354087306383301,-0.30091768483855236,0.4895387240312183,-1.1051699740840006,1.1314284304186495,-0.29888924654890237,1.1952320467879425,1.2147586865887627,0.8675848320596284,-0.5164507427224306,1.6913885267135573,1.6535470290107381
1.3603179133945107,0.5378987735765671,-0.28641079820353943,0.12160905082982407,-1.1111674296138991,-0.26875092848937,-1.6134951583375847,-0.28274911520189183,-1.4014681278853909,-0.6653488136506367,1.435306478470724,-1.4115212985653218,-0.9290758738653516,-0.8068437734032816,-0.43335032996587697,-0.8838384939911589,-0.6311139667204612,0.05099641527172738,-0.336464173326986,0.3991414739342465,-0.1923409638978578,-1.1002666261015883,0.7910537289554608
-1.0210850347178047,0.9025819979304605,-1.0508834096886581,-0.8384624030898393,-0.6300670060119852,1.105797907356238,0.7873934769051011,-0.28274911520189183,-1.4014681278853909,-1.3735254526097533,0.7140469415507622,0.7354087306383301,1.5835568822418453,1.785921221465718,1.4514770049210808,1.1314284304186495,-0.061585874997788954,2.6920519135969445,-0.9163605695571723,0.16491979487155503,1.0635844290473617,-0.16971490849653975,1.1969329289814736
0.03853003852483096,-1.1974903630040357,-1.305707613517031,-0.8384624030898393,-1.1111674296138991,1.1428568220481539,0.7873934769051011,-1.4515938827687678,0.7452007769718818,0.04282782530847982,-0.7284721322891611,0.019765387570446186,2.2117150712686446,0.4895387240312183,-1.0865083173029415,1.1314284304186495,-0.1565072236182343,0.5499363708747281,0.7943337993218769,-1.1771071230011625,0.80313907106333,1.6913885267135573,0.6845104389486324
0.9779825776884055,-0.4555486306978359,1.3644068700759222,-0.8384624030898393,-0.8477076738318986,1.068738992664322,1.4733616584030114,0.8860956523649842,-1.4014681278853909,0.7510044642675964,1.435306478470724,0.7354087306383301,-0.30091768483855236,-0.8068437734032816,-0.8439067791491747,1.1314284304186495,0.12825682224310186,-1.2529000020374474,0.17819387832730393,-0.1642566189462815,-1.182033324237178,1.6913885267135573,-0.9237858911544435
0.02760617179037103,-0.6190273174771675,0.36726868118228806,-0.8384624030898393,0.8361438087748004,-0.3327617811390429,-0.5845428860907194,-1.4515938827687678,0.02964447535279087,0.7510044642675964,-1.4497316692091227,0.7354087306383301,-0.30091768483855236,-0.8068437734032816,-0.39602701640375904,1.1314284304186495,0.17571749655332447,-1.1797221418823411,-0.5031843872431644,-0.759306290078524,-1.0141907602030245,0.7608368091085088,1.298402728987977
0.49733244137215776,2.1098092233778365,-0.6963453869709211,1.0816805047494875,-0.36660725022998464,0.33429868331544327,0.10142529540719089,1.4705180361484222,-0.6859118262663001,-0.6653488136506367,-1.4497316692091227,-1.4115212985653218,0.3272405041882469,-0.8068437734032816,0.3877625684007185,-0.8838384939911589,-0.6311139667204612,0.2439198647715547,-0.0030237454946287715,0.016157377088494743,0.0854674179517758,-0.16971490849653975,-0.5483476311303815
0.12592097240051237,-0.5435756158867073,0.5112997529113682,-0.8384624030898393,-0.6644313219835505,0.6476149620743686,1.4733616584030114,-1.4515938827687678,-0.6859118262663001,-0.6653488136506367,0.7140469415507622,-1.4115212985653218,-0.30091768483855236,-0.8068437734032816,0.4997325090870724,-0.8838384939911589,-0.6311139667204612,-1.3260778621925542,0.6131161754999437,-0.12627472504422335,0.0970427671955107,0.7608368091085088,0.7504658089528596
0.13684483913497228,0.210941400017902,-0.40828324351276074,-0.8384624030898393,-1.0424387976707685,0.8126955820656304,-1.6134951583375847,-1.4515938827687678,0.02964447535279087,0.04282782530847982,-0.7284721322891611,-0.6958779554974378,-0.9290758738653516,-0.8068437734032816,0.6303641065544853,1.1314284304186495,0.9825489598271102,-0.5410789987105,-0.2784745337039676,-0.012329043338048967,2.360023544345652,-1.1002666261015883,-0.6904053511394863
0.49733244137215776,1.7325507154255317,0.5445376925411557,0.12160905082982407,-0.21769521435320172,-1.6534067410691369,0.444409386156146,0.30167326858154614,0.02964447535279087,1.459181103226713,-0.7284721322891611,0.7354087306383301,-1.5572340628921508,-0.8068437734032816,-1.0491850037408235,-0.8838384939911589,-0.6311139667204612,0.9690459335812485,0.8088312092276317,0.456114314787333,-0.5801151635629718,0.7608368091085088,-0.8324630711485906
1.5787952480837133,1.166662953497075,-0.4193625567226894,-0.8384624030898393,0.9277819846989745,0.5330692257539013,0.10142529540719089,1.4705180361484222,-1.4014681278853909,0.04282782530847982,-0.007212595369199463,1.451052073706214,-0.9290758738653516,-0.8068437734032816,-1.0305233469597646,1.1314284304186495,0.22317817086354722,-0.368113147434793,-0.27122582875109014,-0.993527969141215,-0.5743274889411043,-0.16971490849653975,-2.5067147712558935
0.8032007099370426,-0.6819037354692183,-0.12022110005460039,0.12160905082982407,-0.41242633819207164,-0.41024860276759434,1.4733616584030114,-0.28274911520189183,-0.6859118262663001,0.04282782530847982,-1.4497316692091227,0.019765387570446186,-0.30091768483855236,-0.8068437734032816,-0.19074879181211016,1.1314284304186495,3.213200652407576,0.5898515673229687,-0.5466766169604285,-0.9428854439384712,0.0160153224893672,-0.16971490849653975,-0.27437917111282295
-0.27826209677451386,0.41214593759246554,-0.34180736425318575,-0.8384624030898393,0.8132342647937569,1.5875637983511446,-0.9275269768396744,0.8860956523649842,0.7452007769718818,1.459181103226713,0.7140469415507622,-1.4115212985653218,0.9553986932150462,-0.8068437734032816,-0.15342547824999217,1.1314284304186495,2.6436725606849043,-0.60095179338286,-0.5829201417248151,0.016157377088494743,-0.5569644650755023,1.6913885267135573,0.035103718907011916
-0.14717569596099175,0.38699537039564486,1.0320274737780442,0.12160905082982407,1.3745180923293232,-0.2316920137974541,1.1303775676540562,-1.4515938827687678,1.4607570785909727,0.04282782530847982,-0.7284721322891611,1.451052073706214,2.2117150712686446,1.785921221465718,0.3504392548386005,1.1314284304186495,2.358908514823568,1.8538327881839038,1.5192042946096098,-0.8226094465819541,-0.4817246949912263,0.7608368091085088,1.6028121290074866
0.37716990729309563,-0.05313955554871057,1.1095826662475494,0.12160905082982407,0.2977695252202776,2.3051591464764254,-1.6134951583375847,-0.28274911520189183,-1.4014681278853909,-0.6653488136506367,-1.4497316692091227,-0.6958779554974378,-0.30091768483855236,-0.8068437734032816,-1.0865083173029415,1.1314284304186495,0.46048154241466055,-0.6541720553138466,1.1205255222013566,-2.2975729931118747,1.8507081776213237,-1.1002666261015883,-0.040998631097865494
1.3712417801289707,0.210941400017902,-0.3528866774631144,-0.8384624030898393,0.7674151768316698,-1.9195571284019874,1.4733616584030114,-0.28274911520189183,0.7452007769718818,-1.3735254526097533,-0.007212595369199463,0.7354087306383301,-0.30091768483855236,0.4895387240312183,-1.1798166012082365,-0.8838384939911589,-0.6311139667204612,1.0488763264777288,-0.133500434646421,1.16510966762575,-0.2270670116290621,-0.16971490849653975,-0.2033503111082708
0.11499710566605242,1.342716923874816,-0.9179316511695065,1.0816805047494875,2.5199952913814996,0.12205217189810677,-0.9275269768396744,-0.8671714989853299,1.4607570785909727,-0.6653488136506367,-0.7284721322891611,-1.4115212985653218,0.3272405041882469,-0.8068437734032816,-1.0491850037408235,1.1314284304186495,0.8401669368964422,-0.5410789987105,-0.1117543197877887,-0.3098538789041705,0.3517004505576749,-0.16971490849653975,0.41561546893139895
2.321618186027006,-0.0028384211550710197,-0.23101423215389308,-0.8384624030898393,-0.9622553937371162,1.5067079844778737,-1.6134951583375847,0.8860956523649842,0.7452007769718818,-1.3735254526097533,-0.007212595369199463,-0.6958779554974378,1.5835568822418453,-0.8068437734032816,0.0331910895605977,1.1314284304186495,0.17571749655332447,0.8825630079433953,1.0335410627668296,-0.3794873510579436,0.11440579106111265,0.7608368091085088,-0.3910694411203015
-1.2286385026725481,2.2481373429603475,0.8658377756291051,-0.8384624030898393,-0.4697001981446805,0.11868317965338714,-0.5845428860907194,-0.28274911520189183,0.7452007769718818,-1.3735254526097533,-1.4497316692091227,0.7354087306383301,-1.5572340628921508,-0.8068437734032816,0.16382268702801062,-0.8838384939911589,-0.6311139667204612,0.09091161171996753,0.5478778309240483,-0.9871976534908724,1.3703311840063321,-0.16971490849653975,-1.8167201312116716
0.5410279083099985,-1.373544333381777,0.6774894510603072,0.12160905082982407,-0.30933339027737583,0.20964597026081708,1.1303775676540562,-0.8671714989853299,-1.4014681278853909,-0.6653488136506367,-0.007212595369199463,0.019765387570446186,0.9553986932150462,-0.8068437734032816,1.3768303777968447,-0.8838384939911589,-0.6311139667204612,0.42353824878863516,-0.9671015042273138,-1.3100437516583654,-0.42963562339442,-0.16971490849653975,1.3186966889892777
0.6502665756545998,0.7516785947495382,-0.40828324351276074,2.0417519586691513,-1.030984025680247,-1.1581648810953515,1.4733616584030114,-1.4515938827687678,1.4607570785909727,-1.3735254526097533,-1.4497316692091227,0.7354087306383301,0.3272405041882469,-0.8068437734032816,1.115567182862019,-0.8838384939911589,-0.6311139667204612,-1.6653570320025948,0.21443740309169057,-0.9112338656867561,0.5658444115667673,1.6913885267135573,-0.43165736112290304
-1.840375039802317,-1.4489960349722388,1.4419620625454275,1.0816805047494875,0.8934176687274092,-0.5315323235775009,-1.6134951583375847,-1.4515938827687678,-0.6859118262663001,0.04282782530847982,-0.7284721322891611,0.019765387570446186,0.9553986932150462,-0.8068437734032816,-0.6946135249007028,-0.8838384939911589,-0.6311139667204612,1.0821389901845955,-1.9094331481013667,0.9562092511644309,1.9259479477055992,0.7608368091085088,-1.4159144211859842
0.6830381758579805,1.2295393714891256,0.20107898303334903,-0.8384624030898393,-0.8362529018413769,0.5802351171799761,0.444409386156146,-1.4515938827687678,1.4607570785909727,0.04282782530847982,-1.4497316692091227,-0.6958779554974378,-0.9290758738653516,0.4895387240312183,-1.1611549444271776,-0.8838384939911589,-0.6311139667204612,-1.2462474692960746,0.12745294365716295,0.35482926438184526,0.03916602097683701,-1.1002666261015883,0.7961272189557856
1.2729269795188294,-0.8705329894453706,1.6192310739042952,0.12160905082982407,-0.6300670060119852,-0.5146873623539028,0.444409386156146,-0.8671714989853299,0.02964447535279087,0.7510044642675964,-0.007212595369199463,0.019765387570446186,-0.9290758738653516,-0.8068437734032816,-0.7692601520249388,1.1314284304186495,1.3147736799986687,0.3969281178231414,1.910634362064986,0.15225916357086886,-0.45278632188188944,-1.1002666261015883,-0.5534211211307069
0.14776870586943222,-0.2669193767216836,-1.0619627228985882,1.0816805047494875,2.5772691513341086,-1.272710617415819,0.7873934769051011,-0.8671714989853299,1.4607570785909727,0.7510044642675964,1.435306478470724,-1.4115212985653218,0.3272405041882469,-0.8068437734032816,-0.19074879181211016,1.1314284304186495,0.22317817086354722,1.5544688148221035,2.5630178078239454,1.177770298926436,-1.0547044825560963,-0.16971490849653975,-0.3657019911186757
0.9670587109539455,-0.07829012274553124,0.3561893679723594,2.0417519586691513,-0.5727931460593764,0.18943201679249932,-0.9275269768396744,-1.4515938827687678,0.7452007769718818,-1.3735254526097533,-0.007212595369199463,0.7354087306383301,-0.30091768483855236,3.082303718900218,-0.35870370284164105,-0.8838384939911589,-0.6311139667204612,-1.2063322728478343,0.8450747339920184,0.8675848320596284,-1.0662798317998308,-0.16971490849653975,0.28370472892294474
0.5519517750444584,-0.6693284518708089,-0.44152118314254823,-0.8384624030898393,-1.1913508335475516,0.37472659025207883,0.444409386156146,-1.4515938827687678,-0.6859118262663001,0.7510044642675964,-0.007212595369199463,-1.4115212985653218,0.3272405041882469,0.4895387240312183,0.10783771668483365,1.1314284304186495,1.6944590744804504,-1.2529000020374474,-0.08275949997627949,1.2030915615278086,0.31118672820460314,-0.16971490849653975,1.1867859489808232
0.06037777199375179,0.776829161946359,0.555617005751086,1.0816805047494875,-1.0424387976707685,0.6509839543190883,0.10142529540719089,0.8860956523649842,1.4607570785909727,-1.3735254526097533,-0.7284721322891611,1.451052073706214,0.3272405041882469,0.4895387240312183,0.8169806743650752,1.1314284304186495,0.31809951948399257,-0.1884947634177126,0.7580902745574902,0.38015052698321716,1.2719407154345865,-0.16971490849653975,0.3395131189265216
-0.07070862881977029,-0.2040429587296328,0.5445376925411557,1.0816805047494875,-1.1111674296138991,-1.1076299974245571,-1.2705110675886295,-1.4515938827687678,-1.4014681278853909,-0.6653488136506367,-0.7284721322891611,-0.6958779554974378,1.5835568822418453,-0.8068437734032816,0.7983190175840161,-0.8838384939911589,-0.6311139667204612,0.44349584701275496,-0.749640355640994,1.5449286066463304,0.27646068047339883,-0.16971490849653975,-0.1678358811059945
0.2897789734174152,-1.977157946105464,-1.1505972285780222,0.12160905082982407,-0.8820719898034639,-0.11377728523226716,-0.5845428860907194,-1.4515938827687678,1.4607570785909727,0.04282782530847982,-0.7284721322891611,-1.4115212985653218,-0.9290758738653516,0.4895387240312183,-0.6572902113385848,-0.8838384939911589,-0.6311139667204612,0.8493003442365286,-0.952604094321559,-0.03131999028907825,-1.3846019360025361,-0.16971490849653975,-0.32511407111607454
1.589719114818175,0.776829161946359,-1.7045628890744855,-0.8384624030898393,1.2828799164051492,0.7958506208420323,0.444409386156146,0.8860956523649842,0.7452007769718818,0.04282782530847982,-0.7284721322891611,0.019765387570446186,0.3272405041882469,0.4895387240312183,-0.02279388078257926,1.1314284304186495,0.27063884517376985,-0.5144688677450068,0.20718869813881366,0.44978399913699035,1.3413928108969952,-1.1002666261015883,1.9681034090308982
0.44271310769985717,0.2486672508131321,0.8325998359993176,-0.8384624030898393,-0.8133433578603334,-1.515278059035632,1.1303775676540562,-1.4515938827687678,0.02964447535279087,0.04282782530847982,-1.4497316692091227,1.451052073706214,-0.9290758738653516,-0.8068437734032816,1.28352209389155,-0.8838384939911589,-0.6311139667204612,1.9802309102699969,0.04771718917551222,-1.1834374386515052,0.044953695598704047,-1.1002666261015883,0.542452718939528
0.6502665756545998,-0.6316026010755788,-0.2974901114134681,-0.8384624030898393,1.3057894603861926,0.18269403230306006,-0.24155879534176422,-0.8671714989853299,-1.4014681278853909,0.04282782530847982,-0.007212595369199463,-1.4115212985653218,-0.30091768483855236,0.4895387240312183,0.5930407929923673,-0.8838384939911589,-0.6311139667204612,-0.32819795098655286,0.1419503535629173,-1.1074736508473895,0.5542690623230324,-1.1002666261015883,0.09091210891058876
0.4864085746376978,1.3049910730795857,0.27863417550285424,-0.8384624030898393,-0.6529765499930287,-1.3838873614915668,-0.24155879534176422,1.4705180361484222,-0.6859118262663001,1.459181103226713,1.435306478470724,-1.4115212985653218,0.9553986932150462,0.4895387240312183,-0.8252451223681158,-0.8838384939911589,-0.6311139667204612,-1.532306377175128,1.8816395422534762,0.278865476577729,-0.522238417344298,-0.16971490849653975,0.6540694989466813
-0.5076632981981772,1.6822495810318905,0.3783479943922167,-0.8384624030898393,-0.8133433578603334,-0.8448486023364263,0.444409386156146,-0.8671714989853299,0.7452007769718818,-1.3735254526097533,0.7140469415507622,1.451052073706214,0.3272405041882469,0.4895387240312183,-0.7319368384628208,-0.8838384939911589,-0.6311139667204612,-0.8005277756240603,2.2730696097088523,-0.3098538789041705,0.8552281426601358,-1.1002666261015883,0.4967913089366016
-0.3547291639157353,0.7516785947495382,-2.3914803080900997,0.12160905082982407,3.550924770528458,-0.44393852521479066,-0.5845428860907194,0.30167326858154614,0.7452007769718818,0.7510044642675964,0.7140469415507622,1.451052073706214,0.9553986932150462,-0.8068437734032816,0.7423340472408392,1.1314284304186495,1.409695028619114,-0.12196943600397915,0.35941150214923717,-0.7466456587778378,-0.37175887717574635,-0.16971490849653975,2.3283211990539843
1.4477088472701922,-1.1094633778151644,0.6442515114305197,-0.8384624030898393,0.46959110507810403,0.17932504005834043,-1.6134951583375847,1.4705180361484222,0.02964447535279087,-1.3735254526097533,1.435306478470724,1.451052073706214,-0.30091768483855236,1.785921221465718,-0.9745383766165876,-0.8838384939911589,-0.6311139667204612,1.940315713821757,0.1347016486100404,-0.8605913404840122,-1.708711714827109,-1.1002666261015883,-2.4458328912519915
0.890591643812724,0.36184480319882417,1.0431067869879729,2.0417519586691513,-0.7217051819361593,-0.35971371909679994,-1.2705110675886295,0.30167326858154614,0.02964447535279087,0.7510044642675964,1.435306478470724,-0.6958779554974378,-0.9290758738653516,0.4895387240312183,0.5183941658681314,-0.8838384939911589,-0.6311139667204612,0.3170977249266611,0.3014218625262187,-1.1581161760501333,0.062316719464306405,-0.16971490849653975,0.8519356089593628
-0.6169019655427785,0.5378987735765671,0.31187211513264174,0.12160905082982407,-0.1260570384290276,0.17258705556890117,1.4733616584030114,1.4705180361484222,1.4607570785909727,0.04282782530847982,1.435306478470724,-0.6958779554974378,-0.9290758738653516,1.785921221465718,0.8916273014893111,-0.8838384939911589,-0.6311139667204612,-1.519001311692381,-0.8946144546985405,-0.2908629319531416,-1.349875888271332,0.7608368091085088,0.09598559891091363
-0.540434898401558,0.7391033111511288,0.8325998359993176,0.12160905082982407,0.27485998123923405,-0.4742594554172673,-1.6134951583375847,0.30167326858154614,1.4607570785909727,-1.3735254526097533,1.435306478470724,1.451052073706214,0.3272405041882469,-0.8068437734032816,-0.8065834655870567,1.1314284304186495,1.599537725860005,0.17739453735782126,-1.155567833002124,-0.056641252890450196,0.2243716088765926,-1.1002666261015883,-0.5331271611294063
-0.6278258322772394,0.17321554922267188,-1.2503110474673846,2.0417519586691513,-0.7789790418887681,-1.1918548035425478,-1.6134951583375847,-1.4515938827687678,0.7452007769718818,-0.6653488136506367,0.7140469415507622,1.451052073706214,-0.30091768483855236,-0.8068437734032816,0.6490257633355443,-0.8838384939911589,-0.6311139667204612,-1.3327303949339278,2.5775152177297005,1.4183222936394702,0.004439973245632708,-0.16971490849653975,-0.7005523311401364
0.6721143091235205,-0.5813014666819374,0.21215829624327767,1.0816805047494875,0.8246890367842786,0.7857436441078733,-0.5845428860907194,-0.8671714989853299,0.7452007769718818,0.04282782530847982,0.7140469415507622,0.019765387570446186,-0.30091768483855236,3.082303718900218,2.8511012635005044,-0.8838384939911589,-0.6311139667204612,-0.5942992606414866,-0.11900302474066614,0.937218304213402,0.3864264982888792,-0.16971490849653975,-0.5990825311336332
0.5301040415755386,0.34926951960041475,-0.17561766610424676,1.0816805047494875,0.011400225457233543,2.406228913818014,1.4733616584030114,-1.4515938827687678,-1.4014681278853909,-0.6653488136506367,1.435306478470724,-1.4115212985653218,-0.9290758738653516,-0.8068437734032816,1.5821086023884936,-0.8838384939911589,-0.6311139667204612,-1.5123487789510082,-0.03926727025901541,-1.5316047994203705,-0.9100126170094119,-0.16971490849653975,-0.18305635110697022
1.3056985797222092,0.6888021767574876,-0.363965990673043,-0.8384624030898393,1.0194201606231486,-0.956025346412174,1.1303775676540562,0.8860956523649842,1.4607570785909727,0.04282782530847982,1.435306478470724,-0.6958779554974378,-0.9290758738653516,-0.8068437734032816,0.16382268702801062,-0.8838384939911589,-0.6311139667204612,-0.5942992606414866,0.5623752408298032,0.48776589303904805,-2.6521026781914903,0.7608368091085088,0.06047116890863772
0.464560841168777,0.9654584159225112,-0.7074247001808514,0.12160905082982407,-0.01150931852380998,-0.838110617846987,1.1303775676540562,0.30167326858154614,-1.4014681278853909,0.7510044642675964,-0.7284721322891611,0.7354087306383301,0.9553986932150462,1.785921221465718,0.08917605990377467,-0.8838384939911589,-0.6311139667204612,0.03769134978898098,0.8233286191333866,0.5194174712907631,-0.742170052975258,-0.16971490849653975,-1.2129748211729776
2.146836318275643,0.16064026562426242,-0.8403764587000029,-0.8384624030898393,0.34358861318236467,1.1091668996009576,-1.6134951583375847,0.8860956523649842,0.7452007769718818,-0.6653488136506367,-0.007212595369199463,0.7354087306383301,-0.30091768483855236,-0.8068437734032816,-0.6013052409954078,-0.8838384939911589,-0.6311139667204612,-2.523533755639756,1.7221680332901759,1.4816254501429003,0.7394746502227885,0.7608368091085088,0.8468621189590373
0.3662460405586357,-1.5747488709563404,0.6885687642702375,0.12160905082982407,-0.0687831784764188,0.5499141869774995,-1.6134951583375847,0.30167326858154614,-1.4014681278853909,1.459181103226713,-0.007212595369199463,0.019765387570446186,0.9553986932150462,-0.8068437734032816,2.9444095474057996,1.1314284304186495,3.5928860468893578,-0.1286219687453526,0.18544258328018187,-0.9428854439384712,0.8320774441726668,0.7608368091085088,2.1507490490426036
-0.977389567779964,2.0595080889841952,-1.6824042626546267,-0.8384624030898393,-0.9508006217465945,-1.3030315476182956,1.1303775676540562,-0.28274911520189183,0.02964447535279087,0.04282782530847982,0.7140469415507622,-1.4115212985653218,0.3272405041882469,0.4895387240312183,1.6007702591695527,-0.8838384939911589,-0.6311139667204612,2.1398916960629575,-0.06826209007052463,-0.8099488152812679,0.5195430145918285,0.7608368091085088,-0.8933449511524926
-0.2236427631022132,-1.0214363926262928,1.4198034361255687,-0.8384624030898393,-0.4697001981446805,-0.41698658725703364,-0.9275269768396744,0.8860956523649842,1.4607570785909727,-0.6653488136506367,-0.007212595369199463,0.7354087306383301,-0.9290758738653516,0.4895387240312183,0.7050107336787212,1.1314284304186495,-0.3463499208591251,2.1332391633215835,-0.27122582875109014,-0.5820574518689196,-0.42384794877255255,-0.16971490849653975,0.5272322489385523
0.03853003852483096,0.37442008679723365,-0.23101423215389308,0.12160905082982407,-1.076803113642334,-0.9088594549860992,-0.24155879534176422,1.4705180361484222,-0.6859118262663001,1.459181103226713,-1.4497316692091227,0.7354087306383301,-0.9290758738653516,0.4895387240312183,-0.8998917494923516,1.1314284304186495,0.5079422167248833,-0.7273499154689534,-1.322288046918303,-0.7972881839805822,1.190913270728443,-1.1002666261015883,0.19238190891709198
-0.16902342942991258,0.6007751915686178,-1.2281524210475272,1.0816805047494875,0.2977695252202776,-1.9195571284019874,0.10142529540719089,-0.28274911520189183,0.02964447535279087,0.7510044642675964,0.7140469415507622,-1.4115212985653218,0.3272405041882469,0.4895387240312183,0.23846931415224656,-0.8838384939911589,-0.6311139667204612,0.45680091249550187,-0.08275949997627949,-0.4301298762606875,0.6526595308947779,-0.16971490849653975,1.0498017189720437
0.9124393772816439,1.380442774670046,1.242534424766701,0.12160905082982407,2.119078271713238,0.2972397686235274,0.444409386156146,-0.8671714989853299,0.7452007769718818,1.459181103226713,1.435306478470724,-0.6958779554974378,-0.9290758738653516,1.785921221465718,0.9102889582703702,-0.8838384939911589,-0.6311139667204612,0.9956560645467423,1.3669814905991864,1.082815564171291,1.0693721036692287,-1.1002666261015883,-0.3403345411170499
-0.824455433497522,0.42472122119087496,-0.13130041326452904,-0.8384624030898393,-0.297878618286854,2.3220041077000233,-1.2705110675886295,1.4705180361484222,-1.4014681278853909,-0.6653488136506367,1.435306478470724,-1.4115212985653218,0.9553986932150462,-0.8068437734032816,0.014529432779538715,1.1314284304186495,-0.39381059516934774,-0.32819795098655286,-0.25672841884533526,-0.4301298762606875,-0.02449839986370414,-0.16971490849653975,0.5373792289392028
0.9233632440161038,0.022312146041749647,-0.6409488209212748,1.0816805047494875,1.7639803400070633,1.0822149616432006,0.7873934769051011,-1.4515938827687678,0.02964447535279087,0.7510044642675964,-0.007212595369199463,0.7354087306383301,0.3272405041882469,3.082303718900218,1.6380935727316706,-0.8838384939911589,-0.6311139667204612,1.0954440556673424,0.8523234389448964,1.5259376596953014,-1.3440882136494645,0.7608368091085088,-1.3296650911804564
0.464560841168777,-1.8136792593261324,1.5195172550149327,-0.8384624030898393,-1.2028056055380734,-0.43720054072535136,0.444409386156146,-1.4515938827687678,-1.4014681278853909,0.7510044642675964,-0.007212595369199463,0.7354087306383301,-0.9290758738653516,0.4895387240312183,-0.9558767198355287,-0.8838384939911589,-0.6311139667204612,1.2617573742016759,0.04771718917551222,-0.4364601919110306,0.7626253487102582,-0.16971490849653975,-1.218048311173303
-0.027013161881929596,0.23609196721472264,-1.47189731166597,-0.8384624030898393,-0.8706172178129422,-1.1177369741587162,-0.9275269768396744,-0.28274911520189183,-0.6859118262663001,-0.6653488136506367,-0.007212595369199463,0.7354087306383301,-0.9290758738653516,0.4895387240312183,0.7609957040218982,-0.8838384939911589,-0.6311139667204612,0.03103881704760754,0.25792963280895514,-2.3102336244125605,0.3980018475326137,0.7608368091085088,-0.2997466211144488
1.8846635166485992,-0.493274481493066,-0.33072805104325553,-0.8384624030898393,-0.7102504099456375,0.08162426496147124,-1.6134951583375847,0.30167326858154614,0.02964447535279087,0.04282782530847982,-0.007212595369199463,0.7354087306383301,1.5835568822418453,-0.8068437734032816,-0.9185534062734106,-0.8838384939911589,-0.6311139667204612,1.9469682465631302,1.5337017045153647,-1.0631614412949881,-2.0501845175172835,-1.1002666261015883,-0.96944730115737
0.2460835064795745,0.5504740571749765,-0.6298695077113461,0.12160905082982407,-1.168441289566508,-1.8218563533051182,1.4733616584030114,1.4705180361484222,-0.6859118262663001,0.7510044642675964,0.7140469415507622,-0.6958779554974378,0.9553986932150462,0.4895387240312183,0.7236723904597803,-0.8838384939911589,-0.6311139667204612,1.5345112165979826,-0.8511222249812764,2.3488786942398923,-0.8347728469251359,-1.1002666261015883,1.420166488995781
-0.05978476208531036,1.0660606847097922,-0.1534590396843879,0.12160905082982407,0.12594794536245116,-0.26875092848937,1.1303775676540562,1.4705180361484222,0.7452007769718818,0.04282782530847982,-1.4497316692091227,-1.4115212985653218,2.2117150712686446,-0.8068437734032816,-0.8812300927112927,1.1314284304186495,0.413020868104438,-0.5942992606414866,0.2506809278560772,1.5765801848980454,-0.26758073398213383,-0.16971490849653975,0.3445866089268468
1.9283589835864388,0.12291441482903054,-1.4275800588262537,1.0816805047494875,0.7788699488221916,0.27365682291049,-0.9275269768396744,-0.28274911520189183,-1.4014681278853909,-1.3735254526097533,-0.7284721322891611,-1.4115212985653218,-1.5572340628921508,-0.8068437734032816,-0.6946135249007028,1.1314284304186495,1.599537725860005,-0.48120620403814,-0.8583709299341539,-0.5060936640648037,-0.3891219010413487,-1.1002666261015883,0.06554465890896295
1.480480447473572,1.2672652222843557,-0.13130041326452904,1.0816805047494875,-0.6529765499930287,-0.49447340888558505,-0.24155879534176422,-1.4515938827687678,0.7452007769718818,1.459181103226713,-0.7284721322891611,1.451052073706214,-0.30091768483855236,0.4895387240312183,-0.17208713503105116,-0.8838384939911589,-0.6311139667204612,-1.3593405258994211,1.7946550828189491,-1.746835531532033,-2.4263833679386626,-0.16971490849653975,-1.2789301911772049
0.4536369744343171,0.2486672508131321,-0.05374522079502384,-0.8384624030898393,-0.5727931460593764,1.132749845313995,1.4733616584030114,0.8860956523649842,0.02964447535279087,1.459181103226713,0.7140469415507622,1.451052073706214,-0.30091768483855236,0.4895387240312183,-0.3773653596227,-0.8838384939911589,-0.6311139667204612,0.017733751564860668,0.1926912882330588,-1.4049984864135103,1.214063969215913,1.6913885267135573,0.912817488963265
0.6284188421856799,0.27381781800995275,-0.13130041326452904,0.12160905082982407,2.4169023434668038,-1.1076299974245571,0.7873934769051011,-0.8671714989853299,-1.4014681278853909,0.7510044642675964,1.435306478470724,-1.4115212985653218,0.3272405041882469,-0.8068437734032816,-0.28405707571740507,1.1314284304186495,1.599537725860005,1.3216301688740364,-0.03201856530613798,0.03831348186469491,0.6468718562729109,1.6913885267135573,-1.12672549116745
0.11499710566605242,-0.279494660320093,-0.5966315680815586,2.0417519586691513,1.2370608284430622,-1.7814284463684826,0.10142529540719089,1.4705180361484222,0.02964447535279087,0.04282782530847982,1.435306478470724,-1.4115212985653218,-0.9290758738653516,-0.8068437734032816,-0.6946135249007028,1.1314284304186495,0.5079422167248833,1.50790108563249,0.7145980448402267,-0.2845326163027985,0.6931732532478496,-0.16971490849653975,0.050324188907987254
-0.9992373012488849,0.28639310160836395,-1.8818319004333532,-0.8384624030898393,-0.7560694979077245,0.735208760437079,-1.2705110675886295,-1.4515938827687678,-0.6859118262663001,0.04282782530847982,-0.007212595369199463,-0.6958779554974378,-0.9290758738653516,-0.8068437734032816,-0.22807210537422812,-0.8838384939911589,-0.6311139667204612,0.3037926594439142,0.1636964684215501,-0.6770121866240647,0.3632757998014094,-0.16971490849653975,0.22282284891904264
-1.272333969610389,-0.07829012274553124,1.1871378587170547,-0.8384624030898393,-0.8820719898034639,-0.49784240113030465,-0.5845428860907194,0.8860956523649842,-0.6859118262663001,1.459181103226713,-1.4497316692091227,-0.6958779554974378,-0.30091768483855236,0.4895387240312183,-0.04145553756363825,-0.8838384939911589,-0.6311139667204612,0.29714012670254125,-0.0030237454946287715,0.1459288479205262,0.8205020949289319,-0.16971490849653975,-0.1069540011020928
-0.1580995626954517,1.984056387393735,0.5888549453808735,1.0816805047494875,0.022854997447755307,0.08162426496147124,1.1303775676540562,-1.4515938827687678,0.7452007769718818,0.04282782530847982,-0.007212595369199463,0.019765387570446186,0.9553986932150462,-0.8068437734032816,0.10783771668483365,-0.8838384939911589,-0.6311139667204612,0.9890035318053693,-0.3944538129500044,2.6653944767570428,0.17228253727978635,1.6913885267135573,0.20252888891774207
-0.24549049657113306,-1.2226409302008547,-0.39720393030283213,-0.8384624030898393,-0.2864238462963323,0.2130149625055367,1.1303775676540562,-0.28274911520189183,0.7452007769718818,0.7510044642675964,-1.4497316692091227,-1.4115212985653218,0.3272405041882469,0.4895387240312183,1.5447852888263758,-0.8838384939911589,-0.6311139667204612,-0.368113147434793,1.4612146549865914,0.10161663836812497,-1.974944747433008,0.7608368091085088,-2.5067147712558935
-1.0647805016556453,-0.7573554370596803,0.25647554908299536,-0.8384624030898393,1.637977848111324,0.933979302875537,1.1303775676540562,1.4705180361484222,1.4607570785909727,0.04282782530847982,-1.4497316692091227,1.451052073706214,0.3272405041882469,1.785921221465718,-1.2917865418945904,-0.8838384939911589,-0.6311139667204612,0.6563768947367021,0.7508415696046133,0.3041867391791014,0.6526595308947779,3.552491961923655,-0.32511407111607454
-0.3001098302434337,-1.411270184177007,0.0792065377241277,-0.8384624030898393,-0.9049815337845074,-0.5146873623539028,0.7873934769051011,0.30167326858154614,-1.4014681278853909,1.459181103226713,-1.4497316692091227,-0.6958779554974378,-0.9290758738653516,-0.8068437734032816,-0.526658613871172,-0.8838384939911589,-0.6311139667204612,-0.10201183777985931,-0.7206455358294842,-0.4364601919110306,0.3632757998014094,-1.1002666261015883,-0.14754192110469394
-0.8790747671698227,-0.21661824232804222,-0.47475912277233573,1.0816805047494875,0.18322180531505997,0.08499325720619087,0.444409386156146,-0.8671714989853299,0.7452007769718818,-0.6653488136506367,-0.007212595369199463,0.019765387570446186,-1.5572340628921508,-0.8068437734032816,0.36910091161965947,1.1314284304186495,1.0300096341373328,0.5765465018402218,0.5116343061596617,-0.2338900911000542,-0.30230678171333814,-1.1002666261015883,-0.24901172111119715
0.9779825776884055,1.4433191926620967,0.5888549453808735,-0.8384624030898393,-0.5269740580972893,-1.5253850357697911,1.1303775676540562,-0.8671714989853299,0.7452007769718818,0.7510044642675964,-0.007212595369199463,0.7354087306383301,0.9553986932150462,0.4895387240312183,-0.07877885112575622,1.1314284304186495,0.033335473622656396,-0.12196943600397915,-0.07551079502340206,1.5385982909959877,0.4443032445075529,-1.1002666261015883,1.6281795790091123
1.032601911360705,0.7013774603558988,-0.21993491894396286,-0.8384624030898393,-0.01150931852380998,0.17932504005834043,1.4733616584030114,0.8860956523649842,1.4607570785909727,0.04282782530847982,-0.007212595369199463,0.019765387570446186,0.3272405041882469,-0.8068437734032816,-1.3477715122377674,-0.8838384939911589,-0.6311139667204612,0.3037926594439142,-0.3292154683741086,0.025652850564008713,-0.3138821309570726,1.6913885267135573,0.6388490289457059
0.8687439103438032,2.0720833725826044,-1.172755854997881,-0.8384624030898393,1.0308749326136704,0.04456535026955534,-0.9275269768396744,0.30167326858154614,0.02964447535279087,1.459181103226713,0.7140469415507622,0.7354087306383301,0.3272405041882469,-0.8068437734032816,0.2757926277143645,1.1314284304186495,1.1249309827577783,-0.7273499154689534,-0.4234486327615142,-0.29719324760348426,-0.48751236961309374,-0.16971490849653975,-1.4869432811905363
2.747648988670951,0.7894044455447702,1.142820605877337,-0.8384624030898393,0.4008624731349735,-1.9195571284019874,1.1303775676540562,1.4705180361484222,1.4607570785909727,-0.6653488136506367,-0.007212595369199463,0.019765387570446186,-0.30091768483855236,-0.8068437734032816,-0.7319368384628208,1.1314284304186495,0.12825682224310186,1.1220541866328362,0.34491409224348335,1.468964818842214,-0.32545748020080756,0.7608368091085088,-1.0354026711615971
0.7922768432025827,-0.2920699439185042,-1.2724696738872434,-0.8384624030898393,1.2599703724241056,0.8261715510445089,0.444409386156146,0.8860956523649842,-1.4014681278853909,-0.6653488136506367,-1.4497316692091227,0.019765387570446186,0.9553986932150462,0.4895387240312183,-0.9558767198355287,1.1314284304186495,0.08079614793287912,-2.117729258415982,-0.8076299952640124,0.9435486198637447,-0.12288886843544959,-0.16971490849653975,-1.5021637511915118
-0.07070862881977029,-1.373544333381777,0.7439653303198839,0.12160905082982407,-0.927891077765551,0.5566521714669387,0.444409386156146,0.30167326858154614,1.4607570785909727,-0.6653488136506367,-1.4497316692091227,1.451052073706214,-0.30091768483855236,-0.8068437734032816,-1.1984782579892954,-0.8838384939911589,-0.6311139667204612,0.556588903616102,1.0407897677197064,1.918417230016568,0.18385788652352125,0.7608368091085088,1.3643580989922037
0.322550573620795,1.0283348339145622,-0.2753314849936092,-0.8384624030898393,-0.6987956379551157,-1.0099292223276881,1.1303775676540562,0.30167326858154614,0.02964447535279087,-0.6653488136506367,-0.7284721322891611,-0.6958779554974378,0.9553986932150462,0.4895387240312183,2.496529784660384,-0.8838384939911589,-0.6311139667204612,0.4168857160472612,-1.4817595558816037,0.4751052617383627,0.2243716088765926,-1.1002666261015883,-0.6295234711355843
-1.119399835327946,-2.304115319664129,1.2757723643964884,0.12160905082982407,0.3550433851728864,-0.6258641064296505,1.4733616584030114,0.8860956523649842,-0.6859118262663001,0.04282782530847982,-0.7284721322891611,-1.4115212985653218,-1.5572340628921508,0.4895387240312183,-1.1424932876461185,-0.8838384939911589,-0.6311139667204612,-0.5876467279001132,-1.554246605410377,-1.6138989028748298,-1.3614512375150667,0.7608368091085088,0.02495673890636145
0.3443983070897158,-0.01541370475348046,1.6192310739042952,1.0816805047494875,-0.08023795046694056,0.7284707759476396,1.4733616584030114,0.30167326858154614,0.7452007769718818,-0.6653488136506367,0.7140469415507622,-1.4115212985653218,-0.9290758738653516,0.4895387240312183,-1.0865083173029415,1.1314284304186495,0.8876276112066649,1.128706719374209,-2.1268942966876865,0.7979513599058558,-0.9389509901187488,0.7608368091085088,0.8519356089593628
0.6611904423890607,1.1289371027018429,-0.00942796795530771,0.12160905082982407,-0.9622553937371162,0.2972397686235274,-0.24155879534176422,-1.4515938827687678,0.02964447535279087,0.04282782530847982,-0.007212595369199463,-1.4115212985653218,-0.30091768483855236,1.785921221465718,-1.2731248851135315,1.1314284304186495,-0.10904654930801158,0.14413187365095456,-0.0030237454946287715,0.11427726966881117,1.208276294594046,-0.16971490849653975,-0.6701113911381854
-1.8949943734746175,0.38699537039564486,0.7328860171099536,-0.8384624030898393,-0.7102504099456375,-1.9195571284019874,-0.5845428860907194,-0.8671714989853299,-0.6859118262663001,-1.3735254526097533,1.435306478470724,-0.6958779554974378,-1.5572340628921508,0.4895387240312183,3.709537475429218,-0.8838384939911589,-0.6311139667204612,0.06430148075447426,-1.87318962333698,1.405661662338784,-0.8868619185219422,0.7608368091085088,-0.9085654211534681
0.8687439103438032,-1.4992971693658783,-0.47475912277233573,-0.8384624030898393,-1.0997126576233773,0.38146457474151807,0.444409386156146,1.4705180361484222,-1.4014681278853909,0.04282782530847982,1.435306478470724,-0.6958779554974378,0.3272405041882469,0.4895387240312183,0.6490257633355443,-0.8838384939911589,-0.6311139667204612,-0.9867986923825137,0.35216279719636023,-0.20223851284833916,-1.5119307776836184,-0.16971490849653975,0.6185550689444054
-0.3001098302434337,0.4372965047892844,0.20107898303334903,-0.8384624030898393,-0.8591624458224204,1.1967606979636678,0.10142529540719089,0.8860956523649842,0.02964447535279087,1.459181103226713,0.7140469415507622,0.7354087306383301,-0.30091768483855236,-0.8068437734032816,0.6676874201166033,-0.8838384939911589,-0.6311139667204612,0.8160376805296619,-0.19873877922231686,0.27253516092738633,1.2545776915689846,1.6913885267135573,-1.59856006119769
-1.2395623694070081,-0.0279889883518899,-0.4193625567226894,-0.8384624030898393,-0.5384288300878111,0.2635498461763311,-0.24155879534176422,0.30167326858154614,1.4607570785909727,0.04282782530847982,-0.7284721322891611,0.7354087306383301,-0.30091768483855236,0.4895387240312183,-0.07877885112575622,1.1314284304186495,1.4571557029293372,0.7428598203745554,-0.22773359903382606,0.7852907286051695,-1.951794048945538,-1.1002666261015883,0.24311680892034357
-2.0260807742881397,-0.6567531682723976,0.9212343416787515,2.0417519586691513,-0.21769521435320172,-1.063833098243202,-0.5845428860907194,0.8860956523649842,-1.4014681278853909,0.04282782530847982,-1.4497316692091227,-0.6958779554974378,-0.30091768483855236,-0.8068437734032816,0.7050107336787212,1.1314284304186495,2.4063691891337906,-1.2662050675201943,0.685603225028717,-0.1515959876455953,-1.2630607689433213,1.6913885267135573,0.7301718489515587
0.2460835064795745,1.2924157894811763,-0.1534590396843879,0.12160905082982407,-1.2944437814622474,-0.413617595012314,-0.9275269768396744,0.8860956523649842,-0.6859118262663001,0.04282782530847982,-1.4497316692091227,1.451052073706214,-0.30091768483855236,-0.8068437734032816,-0.2653954189363461,1.1314284304186495,1.267313005688446,-0.9069682994860339,1.4322198351750826,-0.46811177016274563,-1.193608673480913,-0.16971490849653975,-1.8725285212152485
-0.7479883663563006,-0.8328071386501406,-0.34180736425318575,-0.8384624030898393,-0.8591624458224204,0.617294031871892,-0.24155879534176422,-1.4515938827687678,1.4607570785909727,0.7510044642675964,-0.7284721322891611,0.019765387570446186,1.5835568822418453,-0.8068437734032816,0.3877625684007185,1.1314284304186495,1.409695028619114,1.2883675051671697,-0.48868697733741,0.5194174712907631,-1.1993963481027805,-1.1002666261015883,0.22282284891904264
-0.25641436330559303,-0.2543440931232741,-0.37504530388297325,0.12160905082982407,-0.8935267617939857,-1.9195571284019874,0.444409386156146,-0.28274911520189183,0.7452007769718818,-0.6653488136506367,-1.4497316692091227,1.451052073706214,0.9553986932150462,-0.8068437734032816,-0.3027187324984641,-0.8838384939911589,-0.6311139667204612,0.7761224840814221,-1.3295367518711803,-0.21489914414902536,0.6642348801385128,-0.16971490849653975,0.16194096891514093
-0.05978476208531036,1.8457282678112221,-0.07590384721488269,-0.8384624030898393,-1.3058985534527692,0.7655296906395556,-0.5845428860907194,-0.28274911520189183,0.02964447535279087,-0.6653488136506367,-0.007212595369199463,-1.4115212985653218,-0.30091768483855236,0.4895387240312183,1.2648604371104908,-0.8838384939911589,-0.6311139667204612,0.4967161089437415,1.0697845875312162,-0.5060936640648037,0.5369060384574305,-0.16971490849653975,1.059948698972694
0.60657110871676,-0.2040429587296328,0.44482387365179327,1.0816805047494875,0.7215960888695828,0.5970800784035742,1.4733616584030114,-1.4515938827687678,0.7452007769718818,0.04282782530847982,0.7140469415507622,0.7354087306383301,-0.30091768483855236,-0.8068437734032816,-0.6386285545575259,-0.8838384939911589,-0.6311139667204612,0.5831990345815948,-0.37270769809137266,0.10794695401846807,-0.5396014412099,1.6913885267135573,-2.5067147712558935
1.5787952480837133,1.1163618191034335,0.7439653303198839,2.0417519586691513,1.0308749326136704,-0.08008736278507088,-0.5845428860907194,-1.4515938827687678,1.4607570785909727,0.7510044642675964,0.7140469415507622,-1.4115212985653218,0.3272405041882469,-0.8068437734032816,1.8060484837612014,-0.8838384939911589,-0.6311139667204612,-0.9335784304515272,-0.16249525445793023,-0.5377452423165188,0.247522307364062,0.7608368091085088,-0.8882714611521675
0.2788551066829543,0.6888021767574876,0.1899996698234204,0.12160905082982407,-0.11460226643850584,-1.53549201250395,0.444409386156146,-0.28274911520189183,1.4607570785909727,-1.3735254526097533,0.7140469415507622,-1.4115212985653218,-0.9290758738653516,-0.8068437734032816,-0.35870370284164105,1.1314284304186495,1.267313005688446,-0.8803581685205406,-0.6119149615363243,-0.2528810380510835,0.6931732532478496,0.7608368091085088,0.8164211789570865
0.2679312399484944,0.3995706539940543,-1.0619627228985882,0.12160905082982407,-0.6415217780025069,1.2001296902083876,0.7873934769051011,-0.28274911520189183,0.02964447535279087,-1.3735254526097533,-0.007212595369199463,-1.4115212985653218,-0.9290758738653516,-0.8068437734032816,1.6194319159506116,1.1314284304186495,5.064166950506261,0.270529995737048,-0.8148787002168898,-0.39847829800897244,1.1561872229972392,-0.16971490849653975,-1.1115050211664745
-0.16902342942991258,0.2486672508131321,0.32295142834257035,0.12160905082982407,-0.733159953926681,1.0788459693984809,-1.2705110675886295,0.8860956523649842,-0.6859118262663001,0.7510044642675964,-0.007212595369199463,0.019765387570446186,-0.30091768483855236,0.4895387240312183,-0.2653954189363461,-0.8838384939911589,-0.6311139667204612,0.29714012670254125,0.28692445262046384,0.016157377088494743,1.1214611752660353,-1.1002666261015883,-0.8984184411528178
0.4099415074964764,0.776829161946359,-0.28641079820353943,-0.8384624030898393,-1.1455317455854646,-0.08682534727451013,0.7873934769051011,0.8860956523649842,-0.6859118262663001,1.459181103226713,-1.4497316692091227,-1.4115212985653218,-1.5572340628921508,0.4895387240312183,-0.6759518681196438,1.1314284304186495,-0.061585874997788954,0.8426478114951556,1.077033292484093,-0.8289397622322972,0.1433441641704495,-0.16971490849653975,0.7606127889535101
0.03853003852483096,-0.7950812878549104,1.475200002175215,0.12160905082982407,-0.5957026900404199,-1.0570951137537627,-1.2705110675886295,0.30167326858154614,1.4607570785909727,1.459181103226713,-0.7284721322891611,-1.4115212985653218,-0.30091768483855236,1.785921221465718,-0.9558767198355287,1.1314284304186495,0.3655601937942153,1.7606973298046766,-0.010272450447506203,-0.575727136218577,-1.3383005390275973,-0.16971490849653975,-1.7406177812067944
0.20238803954173382,-0.9962858254294722,0.21215829624327767,1.0816805047494875,-0.4353358821731152,-0.06324240156147273,0.10142529540719089,0.30167326858154614,-0.6859118262663001,0.04282782530847982,0.7140469415507622,1.451052073706214,1.5835568822418453,-0.8068437734032816,-1.0118616901787056,1.1314284304186495,1.267313005688446,0.3503603886335278,-0.8293761101226441,-0.3541660884565717,0.062316719464306405,1.6913885267135573,0.34966009892717165
-1.7857557061300164,0.16064026562426242,1.4198034361255687,0.12160905082982407,-0.4009715662015499,1.3382583722418921,1.4733616584030114,1.4705180361484222,-1.4014681278853909,0.7510044642675964,-0.007212595369199463,1.451052073706214,-0.30091768483855236,-0.8068437734032816,-0.07877885112575622,-0.8838384939911589,-0.6311139667204612,2.2529847526663045,0.692851929981595,0.8549242007589432,-0.2154916623853276,-0.16971490849653975,0.04525069890766202
0.06037777199375179,0.563049340773386,-0.5744729416616998,0.12160905082982407,-0.6644313219835505,0.7823746518631537,0.10142529540719089,-1.4515938827687678,-0.6859118262663001,-0.6653488136506367,1.435306478470724,-1.4115212985653218,-0.30091768483855236,-0.8068437734032816,-0.8439067791491747,-0.8838384939911589,-0.6311139667204612,0.6763344929608219,1.9831214115937592,2.6653944767570428,0.9594062858537483,-0.16971490849653975,-0.9593003211567197
-0.3547291639157353,1.0409101175129734,-1.3943421191964662,2.0417519586691513,-1.1798960615570298,0.6375079853402098,0.10142529540719089,-0.8671714989853299,-1.4014681278853909,0.04282782530847982,1.435306478470724,0.7354087306383301,-0.30091768483855236,-0.8068437734032816,-0.28405707571740507,-0.8838384939911589,-0.6311139667204612,1.0754864574432226,0.8305773240862635,0.48776589303904805,0.7394746502227885,1.6913885267135573,1.54700373900391
0.9015155105471839,-0.3172205111153249,-2.0369422853723638,2.0417519586691513,-1.0997126576233773,-0.7235648815265197,0.7873934769051011,-1.4515938827687678,-0.6859118262663001,0.7510044642675964,0.7140469415507622,0.019765387570446186,-1.5572340628921508,1.785921221465718,-0.07877885112575622,1.1314284304186495,0.17571749655332447,0.915825671650262,-0.5104330921960418,-0.012329043338048967,1.5150230495530164,-1.1002666261015883,-0.21349729110892088
0.6284188421856799,-1.5370230201611086,1.309010304026276,2.0417519586691513,1.053784476594714,1.1293808530692753,1.1303775676540562,0.8860956523649842,0.02964447535279087,-0.6653488136506367,0.7140469415507622,-0.6958779554974378,-1.5572340628921508,0.4895387240312183,-0.8439067791491747,-0.8838384939911589,-0.6311139667204612,-0.8470955048136739,-0.19149007426943943,-0.8669216561343549,-1.4019649598681383,-0.16971490849653975,0.3039986889242453
0.2788551066829543,1.6822495810318905,0.5223790661212985,-0.8384624030898393,0.44668156109706053,0.5431762024880602,1.4733616584030114,0.8860956523649842,0.7452007769718818,0.04282782530847982,-0.7284721322891611,0.019765387570446186,0.9553986932150462,-0.8068437734032816,-1.2171399147703545,1.1314284304186495,0.27063884517376985,1.5278586838566097,-0.7568890605938708,0.09528632271778188,0.37485114904514427,0.7608368091085088,0.9686258789668414
-0.9118463673732035,1.0534854011113828,-1.5272938777156162,2.0417519586691513,0.2634052092487123,0.5162242645303031,-0.5845428860907194,-1.4515938827687678,0.7452007769718818,0.04282782530847982,-0.007212595369199463,0.7354087306383301,0.3272405041882469,-0.8068437734032816,0.08917605990377467,-0.8838384939911589,-0.6311139667204612,0.3969281178231414,-1.1410704230963695,0.22189263572464202,-2.125424287601559,0.7608368091085088,-0.2845261511134734
0.890591643812724,-0.6064520338787581,-0.8071385190702138,-0.8384624030898393,-0.973710165727638,-0.6022811607166131,1.4733616584030114,1.4705180361484222,0.7452007769718818,0.7510044642675964,-0.007212595369199463,0.7354087306383301,-0.30091768483855236,-0.8068437734032816,-0.8439067791491747,1.1314284304186495,0.413020868104438,-1.532306377175128,0.033219779269757874,1.1841006145767787,0.9246802381225444,-0.16971490849653975,0.4054684889307485
0.03853003852483096,-0.3297957947137343,0.6110135718007322,-0.8384624030898393,-0.7560694979077245,0.41515449718871433,-1.6134951583375847,0.30167326858154614,-1.4014681278853909,-1.3735254526097533,-0.7284721322891611,1.451052073706214,-0.9290758738653516,0.4895387240312183,1.5447852888263758,1.1314284304186495,-0.39381059516934774,-0.72069738272758,0.10570682879853116,1.0574943015699185,1.3934818824938011,-1.1002666261015883,-0.19827682110794556
0.8578200436093433,-0.6064520338787581,0.10136516414398498,1.0816805047494875,0.5841388249833217,0.6813048845215649,1.1303775676540562,1.4705180361484222,1.4607570785909727,0.04282782530847982,0.7140469415507622,0.019765387570446186,0.3272405041882469,-0.8068437734032816,2.0673116786960275,-0.8838384939911589,-0.6311139667204612,-1.5389589099165015,1.598940049091261,-0.816279130931611,-1.0547044825560963,0.7608368091085088,-0.4418043411235531
0.759505242999202,-0.3800969291073757,-0.33072805104325553,0.12160905082982407,-0.973710165727638,-1.4748501520989965,-0.24155879534176422,-1.4515938827687678,0.02964447535279087,1.459181103226713,0.7140469415507622,0.7354087306383301,-0.30091768483855236,0.4895387240312183,1.3208454074536677,1.1314284304186495,1.0774703084475556,-0.7938752428826868,-0.5901688466776925,0.38015052698321716,-1.6103212462553635,-1.1002666261015883,-0.1171009811027429
0.30070284015187515,1.556496745047789,0.11244447735391519,0.12160905082982407,-0.16042135440059288,0.34103666780488257,0.444409386156146,0.8860956523649842,-1.4014681278853909,0.7510044642675964,-0.7284721322891611,1.451052073706214,-1.5572340628921508,1.785921221465718,0.14516103024695162,1.1314284304186495,-0.061585874997788954,0.23061479928880782,-1.5904901301747636,0.48776589303904805,0.5021799907262265,-1.1002666261015883,-0.14246843110436871
0.7704291097336619,-0.6190273174771675,-0.14237972647445768,2.0417519586691513,-0.9851649377181598,-1.9195571284019874,1.1303775676540562,0.8860956523649842,0.02964447535279087,-0.6653488136506367,0.7140469415507622,-0.6958779554974378,0.3272405041882469,0.4895387240312183,-0.9372150630544697,-0.8838384939911589,-0.6311139667204612,-0.9202733649687803,-0.2639771237982127,-1.5062835368189986,0.07967974332990835,-1.1002666261015883,1.0041403089691177
-0.6059780988083185,0.6133504751670273,-1.5605318173454052,-0.8384624030898393,0.4925006490591476,-0.9897152688593702,0.7873934769051011,1.4705180361484222,0.7452007769718818,-0.6653488136506367,0.7140469415507622,-0.6958779554974378,0.3272405041882469,0.4895387240312183,1.0035972421756651,1.1314284304186495,2.0741444689622317,0.6031566328057146,0.982800128096688,-0.5567361892675476,-0.036073749107439046,-1.1002666261015883,-1.1216520011671247
1.5350997811458735,0.6510763259622574,-0.20885560573403422,0.12160905082982407,-0.4582454261541587,0.6476149620743686,-0.5845428860907194,-1.4515938827687678,0.7452007769718818,0.04282782530847982,1.435306478470724,-1.4115212985653218,-0.30091768483855236,0.4895387240312183,-0.17208713503105116,-0.8838384939911589,-0.6311139667204612,0.25057239751292765,0.8595721438977733,0.8232726225072281,1.729167010562109,1.6913885267135573,-0.18305635110697022
-0.1580995626954517,-2.0400343640975147,-0.6077108812914873,1.0816805047494875,-0.9164363057750292,-0.09019433951922975,-1.2705110675886295,-0.28274911520189183,-0.6859118262663001,-1.3735254526097533,-1.4497316692091227,-1.4115212985653218,-1.5572340628921508,1.785921221465718,-0.1161021646878742,1.1314284304186495,0.12825682224310186,0.40358065056451436,1.9251317719707408,0.6523540999479668,0.9825569843412182,-0.16971490849653975,0.37502754892879747
0.2460835064795745,-0.5058497650914773,-1.7267215154943436,-0.8384624030898393,0.9965106166421052,-1.471481159854277,-0.9275269768396744,-0.8671714989853299,0.7452007769718818,0.7510044642675964,0.7140469415507622,0.7354087306383301,0.3272405041882469,0.4895387240312183,0.6863490768976622,-0.8838384939911589,-0.6311139667204612,0.017733751564860668,0.6783545200758401,-0.10095346244285142,-0.2791560832258683,-1.1002666261015883,0.572893658941479
1.0762973782985468,-0.44297334709942643,1.5970724474844362,-0.8384624030898393,2.4169023434668038,1.520183953456752,-1.6134951583375847,0.30167326858154614,1.4607570785909727,-0.6653488136506367,-0.007212595369199463,0.7354087306383301,0.3272405041882469,-0.8068437734032816,-1.0491850037408235,-0.8838384939911589,-0.6311139667204612,0.2239622665474344,1.395976310410696,-0.45545113886205946,-0.707444005244054,0.7608368091085088,-1.0455496511622473
-0.20179502963329238,0.29896838520677343,-0.48583843598226595,-0.8384624030898393,-0.8247981298508551,-0.07671837054035124,1.1303775676540562,0.8860956523649842,1.4607570785909727,-0.6653488136506367,-0.007212595369199463,-1.4115212985653218,-1.5572340628921508,0.4895387240312183,-1.2731248851135315,-0.8838384939911589,-0.6311139667204612,0.4301907815300081,0.7363441596988585,-1.2340799638542495,0.1086181164392452,1.6913885267135573,-0.6092295111342836
-1.0320089014522646,0.16064026562426242,-1.8929112136432826,-0.8384624030898393,0.7903247208127134,1.159701783271752,-1.2705110675886295,-0.28274911520189183,0.02964447535279087,0.04282782530847982,-0.7284721322891611,0.019765387570446186,0.3272405041882469,0.4895387240312183,-0.6199668977764669,-0.8838384939911589,-0.6311139667204612,1.1486643175983289,0.1347016486100404,-1.620229218525173,0.7105362771134516,-1.1002666261015883,-1.0709171011638732
-0.3219575637123545,-0.0657148391471218,1.1760585455071244,-0.8384624030898393,-0.4697001981446805,-0.29907185869184666,-1.6134951583375847,0.30167326858154614,0.02964447535279087,0.04282782530847982,-1.4497316692091227,-0.6958779554974378,-0.9290758738653516,0.4895387240312183,1.059582212518842,-0.8838384939911589,-0.6311139667204612,1.0488763264777288,0.14919905851579524,-0.07563219984147904,0.4674539429950223,-0.16971490849653975,-0.020704671096564924
-1.425268103892831,-2.228663618073667,1.7300242060035878,-0.8384624030898393,1.3974276363103668,-0.1339912387005849,-1.6134951583375847,-0.8671714989853299,-0.6859118262663001,0.7510044642675964,0.7140469415507622,0.7354087306383301,-0.30091768483855236,-0.8068437734032816,-0.5079969570901129,-0.8838384939911589,-0.6311139667204612,2.153196761545704,-1.3802776865413213,0.31051705482944403,0.5774197608105023,-1.1002666261015883,1.1664919889795229
0.13684483913497228,1.141512386300254,-0.71850401339078,-0.8384624030898393,1.5921587601492369,1.8132862787473598,0.10142529540719089,0.8860956523649842,1.4607570785909727,-0.6653488136506367,1.435306478470724,-0.6958779554974378,-0.9290758738653516,-0.8068437734032816,-1.0865083173029415,-0.8838384939911589,-0.6311139667204612,0.6563768947367021,-0.24947971389245785,1.4816254501429003,-0.9505263393624833,1.6913885267135573,0.26848425892196937
-0.027013161881929596,0.8648561471352304,0.6442515114305197,-0.8384624030898393,-0.8591624458224204,-0.875169532538903,0.444409386156146,0.30167326858154614,1.4607570785909727,-0.6653488136506367,0.7140469415507622,-1.4115212985653218,-0.9290758738653516,0.4895387240312183,0.20114600059012858,1.1314284304186495,-0.10904654930801158,1.5478162820807295,1.5409504094682427,-0.4491208232117168,-0.146039566922919,-0.16971490849653975,-0.3657019911186757
0.25700737321403444,-0.5813014666819374,2.4169416250192026,2.0417519586691513,2.497085747400456,1.1832847289847894,0.444409386156146,-0.8671714989853299,-1.4014681278853909,0.7510044642675964,0.7140469415507622,-0.6958779554974378,2.2117150712686446,0.4895387240312183,-0.9372150630544697,1.1314284304186495,1.4571557029293372,-0.9402309631929006,0.17094517337442702,0.016157377088494743,0.34591277593580744,-1.1002666261015883,-0.9491533411560694
-1.414344237158371,-0.46812391429624534,-0.00942796795530771,2.0417519586691513,0.022854997447755307,0.3679886057626396,-1.2705110675886295,-1.4515938827687678,0.7452007769718818,0.04282782530847982,-0.7284721322891611,1.451052073706214,-0.9290758738653516,0.4895387240312183,-0.7319368384628208,1.1314284304186495,0.555402891035106,-0.06874917407299261,-1.3295367518711803,0.278865476577729,-0.8058344738157991,-0.16971490849653975,2.03913226903545
-0.6169019655427785,-1.5621735873579292,0.4115859340220058,1.0816805047494875,0.09158362939088588,-0.3260237966496037,0.444409386156146,0.8860956523649842,0.02964447535279087,-1.3735254526097533,0.7140469415507622,-0.6958779554974378,1.5835568822418453,0.4895387240312183,-0.2467337621552871,-0.8838384939911589,-0.6311139667204612,-0.11531690326260619,-2.6053088235775896,0.728317887752083,-3.0051508301253995,0.7608368091085088,0.18730841891676675
0.5628756417789194,1.3552922074732272,-1.8929112136432826,-0.8384624030898393,-0.5842479180498981,-0.42035557950175323,0.10142529540719089,-0.8671714989853299,1.4607570785909727,0.04282782530847982,-0.007212595369199463,-0.6958779554974378,0.3272405041882469,-0.8068437734032816,0.3317775980575415,-0.8838384939911589,-0.6311139667204612,0.07760654623722113,-0.8728683398399082,-0.8922429187357273,0.5774197608105023,-0.16971490849653975,0.9838463489678168
0.12592097240051237,-1.4615713185706483,1.9959277230418908,-0.8384624030898393,-0.973710165727638,1.3618413179549296,0.10142529540719089,0.30167326858154614,0.02964447535279087,-1.3735254526097533,-0.7284721322891611,1.451052073706214,0.9553986932150462,-0.8068437734032816,-0.15342547824999217,1.1314284304186495,-0.203967897928457,-2.6898470741740894,-0.2349823039867035,1.0574943015699185,0.6526595308947779,0.7608368091085088,-0.1932033311076203
-0.08163249555423119,-0.9082588402406008,-0.71850401339078,-0.8384624030898393,-0.8247981298508551,-0.41024860276759434,0.444409386156146,-1.4515938827687678,-1.4014681278853909,-1.3735254526097533,0.7140469415507622,0.7354087306383301,-0.30091768483855236,0.4895387240312183,1.1528904964241369,-0.8838384939911589,-0.6311139667204612,0.10421667720271441,-0.16249525445793023,-0.7339850274771521,-0.6379919097816454,-1.1002666261015883,1.1106835989759458
0.11499710566605242,0.23609196721472264,0.0016513452546225037,2.0417519586691513,-1.2600794654906822,-1.7645834851448845,0.7873934769051011,-0.8671714989853299,-0.6859118262663001,-1.3735254526097533,0.7140469415507622,0.019765387570446186,0.3272405041882469,-0.8068437734032816,0.4810708523060134,-0.8838384939911589,-0.6311139667204612,0.3570129213749017,0.9175617835207917,1.3043766119332962,0.06810439408617386,-1.1002666261015883,1.1715654789798478
-0.005165428413009734,0.8774314307336398,-1.1062799757383044,1.0816805047494875,-0.9393458497560727,-0.7673617807078749,-0.5845428860907194,0.30167326858154614,0.7452007769718818,1.459181103226713,-0.007212595369199463,-1.4115212985653218,-0.30091768483855236,0.4895387240312183,-0.43335032996587697,-0.8838384939911589,-0.6311139667204612,-0.6209093916069799,1.7801576729131943,-0.7149940805261228,1.21985164383778,-0.16971490849653975,-1.3245916011801313
-1.0429327681867255,0.022312146041749647,1.3533275568659937,-0.8384624030898393,0.9277819846989745,0.6105560473824527,1.4733616584030114,-0.28274911520189183,-0.6859118262663001,-1.3735254526097533,0.7140469415507622,0.7354087306383301,0.3272405041882469,-0.8068437734032816,-0.1161021646878742,-0.8838384939911589,-0.6311139667204612,0.789427549564169,-0.7351429457352391,-0.6516909240226927,-1.7550131118020478,-0.16971490849653975,-1.9689248312214265
0.39901764076201646,-0.0657148391471218,1.3533275568659937,-0.8384624030898393,0.13740271735297294,-0.5113183701091831,0.444409386156146,-0.28274911520189183,0.7452007769718818,-1.3735254526097533,0.7140469415507622,0.019765387570446186,0.9553986932150462,-0.8068437734032816,0.1824843438090696,-0.8838384939911589,-0.6311139667204612,0.5166737071678614,-0.25672841884533526,-0.30352356325382734,-0.6727179575128497,-0.16971490849653975,1.4962688390006584
1.1964599123776078,-0.7825060042564992,0.954472281308539,-0.8384624030898393,-0.38951679421102814,-1.9195571284019874,1.4733616584030114,-0.28274911520189183,0.02964447535279087,0.04282782530847982,-1.4497316692091227,0.019765387570446186,-0.9290758738653516,-0.8068437734032816,-1.0118616901787056,1.1314284304186495,1.267313005688446,-0.5743416624173667,0.04771718917551222,0.03198316621435181,-0.48751236961309374,-1.1002666261015883,-1.7609117412080952
0.8250484434059625,-0.09086540634394068,-1.8375146475936364,-0.8384624030898393,0.46959110507810403,-1.3939943382257256,-0.24155879534176422,-0.8671714989853299,1.4607570785909727,1.459181103226713,-1.4497316692091227,-0.6958779554974378,1.5835568822418453,1.785921221465718,-0.4893353003090539,1.1314284304186495,-0.203967897928457,-0.20179982890045944,-0.10450561483491128,0.8802454633603146,0.3169744028264706,0.7608368091085088,0.4308359389323743
0.2897789734174152,0.34926951960041475,1.4641206889652862,1.0816805047494875,-0.2864238462963323,-1.9195571284019874,-0.9275269768396744,0.30167326858154614,1.4607570785909727,0.04282782530847982,1.435306478470724,-0.6958779554974378,-0.9290758738653516,0.4895387240312183,1.7873868269801425,-0.8838384939911589,-0.6311139667204612,-1.3926031896062878,-0.3147180584683542,1.177770298926436,1.596050494259159,-1.1002666261015883,1.9122950190273211
1.917435116851979,2.2481373429603475,0.6774894510603072,0.12160905082982407,-1.0195292536897251,0.3073467453576863,0.7873934769051011,-0.28274911520189183,0.02964447535279087,0.7510044642675964,-0.7284721322891611,-0.6958779554974378,0.3272405041882469,1.785921221465718,-0.09744050790681522,-0.8838384939911589,-0.6311139667204612,0.6430718292539552,0.01872236936400301,0.08895600706743878,0.9594062858537483,-1.1002666261015883,0.20760237891806732
0.13684483913497228,1.9086046858032728,-0.14237972647445768,0.12160905082982407,-0.687340865964594,-0.11040829298754752,1.1303775676540562,-0.8671714989853299,0.02964447535279087,0.04282782530847982,-1.4497316692091227,-0.6958779554974378,0.9553986932150462,-0.8068437734032816,0.3877625684007185,1.1314284304186495,-0.3463499208591251,-0.9402309631929006,2.396297593907767,1.000521460716832,1.0809474529129637,-0.16971490849653975,0.704804398949933
-1.3269533032826895,0.37442008679723365,0.5777756321709447,-0.8384624030898393,-0.7789790418887681,2.2209343403584345,-0.5845428860907194,0.8860956523649842,-0.6859118262663001,-1.3735254526097533,0.7140469415507622,-1.4115212985653218,1.5835568822418453,0.4895387240312183,-0.6199668977764669,-0.8838384939911589,-0.6311139667204612,-0.31489288550380645,-0.05376468016477028,-0.3794873510579436,-0.40648492490695065,-1.1002666261015883,-1.4869432811905363
-0.6605974324806192,-2.3795670212545894,2.0291656626716783,-0.8384624030898393,-0.38951679421102814,-1.4209462761834826,-0.9275269768396744,-1.4515938827687678,-0.6859118262663001,-0.6653488136506367,-0.007212595369199463,0.7354087306383301,0.3272405041882469,0.4895387240312183,-0.7132751816817618,-0.8838384939911589,-0.6311139667204612,1.9602733120458768,0.8233286191333866,1.741168391806964,2.388961917454989,-0.16971490849653975,-0.7563607211437132
-0.3875007641191151,1.4181686254652779,0.7882825831596,-0.8384624030898393,-0.6529765499930287,0.617294031871892,0.444409386156146,-1.4515938827687678,-1.4014681278853909,0.7510044642675964,0.7140469415507622,1.451052073706214,0.3272405041882469,-0.8068437734032816,0.9102889582703702,-0.8838384939911589,-0.6311139667204612,-1.3593405258994211,1.4467172450808365,-0.9302248126377849,1.4166325809812708,-1.1002666261015883,-0.1171009811027429
0.1586925726038931,1.3301416402764066,1.6967862663738003,0.12160905082982407,-0.6529765499930287,-0.9964532533488095,-0.9275269768396744,0.30167326858154614,0.02964447535279087,0.04282782530847982,0.7140469415507622,0.019765387570446186,-0.9290758738653516,0.4895387240312183,-0.340042046060582,-0.8838384939911589,-0.6311139667204612,2.0267986394596105,-0.43069733771439106,-0.575727136218577,0.1664948626579189,-0.16971490849653975,-0.5737150811320074
0.6393427089201398,1.6948248646303,-0.3085694246233967,-0.8384624030898393,-0.04587363449537527,0.17932504005834043,-0.5845428860907194,-0.8671714989853299,0.7452007769718818,0.7510044642675964,-1.4497316692091227,0.7354087306383301,-0.30091768483855236,-0.8068437734032816,-0.4893353003090539,-0.8838384939911589,-0.6311139667204612,-0.46790113855539317,0.1926912882330588,0.28519579222807206,-0.2502177101165315,1.6913885267135573,-1.0709171011638732
-0.1362518292265318,-1.4867218857674689,0.15676173019363132,2.0417519586691513,1.8327089719501939,0.09846922618506938,-1.2705110675886295,0.8860956523649842,-0.6859118262663001,-1.3735254526097533,-1.4497316692091227,1.451052073706214,-0.30091768483855236,-0.8068437734032816,-0.7132751816817618,1.1314284304186495,-0.6311139667204612,-0.4146808766244066,0.3014218625262187,0.36115958003218834,0.7626253487102582,-1.1002666261015883,-0.15768890110534442
0.2679312399484944,-1.235216213799266,-1.1173592889482347,-0.8384624030898393,-0.6529765499930287,-0.6326020909190898,1.1303775676540562,1.4705180361484222,-0.6859118262663001,-0.6653488136506367,1.435306478470724,-1.4115212985653218,0.3272405041882469,-0.8068437734032816,-0.6572902113385848,-0.8838384939911589,-0.6311139667204612,-0.5610365969346198,-0.336464173326986,0.4751052617383627,0.247522307364062,-1.1002666261015883,-0.12217447110306814
-0.0379370286163905,0.04746271323857031,-0.45260049635247845,-0.8384624030898393,-0.01150931852380998,-0.12725325421114567,-0.5845428860907194,-1.4515938827687678,1.4607570785909727,0.7510044642675964,-1.4497316692091227,-0.6958779554974378,-1.5572340628921508,-0.8068437734032816,-0.15342547824999217,1.1314284304186495,2.7860545836155723,1.5611213475634764,0.5696239457826802,-0.27187198500211235,0.24173463274219495,-0.16971490849653975,-1.3905469711843583
1.032601911360705,0.5504740571749765,-0.020507281165236348,-0.8384624030898393,-0.6071574620309417,-1.0672020904879218,-1.6134951583375847,-0.28274911520189183,-0.6859118262663001,-0.6653488136506367,0.7140469415507622,1.451052073706214,-0.30091768483855236,1.785921221465718,-0.8625684359302337,1.1314284304186495,-0.3463499208591251,0.2239622665474344,0.8305773240862635,-0.03131999028907825,0.641084181651043,-1.1002666261015883,-1.2992241511785054
-0.4967394314637173,0.8774314307336398,0.5112997529113682,2.0417519586691513,-1.1455317455854646,-0.7943137186656318,-1.2705110675886295,0.8860956523649842,-1.4014681278853909,1.459181103226713,0.7140469415507622,0.019765387570446186,0.3272405041882469,1.785921221465718,2.2912515600687353,-0.8838384939911589,-0.6311139667204612,-1.825017817795555,-1.0758320785204738,-0.49343303276411754,1.6076258435028938,-1.1002666261015883,1.6738409890120391
0.12592097240051237,2.2481373429603475,0.5002204397014396,2.0417519586691513,-0.7217051819361593,-0.8886455015177814,0.7873934769051011,1.4705180361484222,0.02964447535279087,0.7510044642675964,-0.007212595369199463,-1.4115212985653218,-1.5572340628921508,1.785921221465718,0.5930407929923673,1.1314284304186495,0.12825682224310186,-0.6674771207965935,0.4101524368193787,-1.1960980699521915,-0.05922444759490844,-1.1002666261015883,0.1822349289164415
2.889659256218934,1.9714811037953237,1.4198034361255687,2.0417519586691513,-1.0080744816992033,0.19617000128193857,-0.24155879534176422,-0.28274911520189183,1.4607570785909727,0.04282782530847982,-0.7284721322891611,-0.6958779554974378,0.3272405041882469,0.4895387240312183,1.4141536913589627,1.1314284304186495,-0.1565072236182343,0.09756414446134097,-1.2135574726251428,-0.13260504069456644,-0.5627521396973698,-1.1002666261015883,0.7149513789505834
-0.45304396452587664,1.669674297433481,-0.7849798926503565,-0.8384624030898393,2.359628483514195,2.1299715497510046,1.4733616584030114,-0.8671714989853299,-0.6859118262663001,-1.3735254526097533,-0.7284721322891611,-1.4115212985653218,0.9553986932150462,-0.8068437734032816,-0.004132224001520273,-0.8838384939911589,-0.6311139667204612,-0.66082458805522,-0.336464173326986,0.5573993651928216,-0.01871072524183669,-0.16971490849653975,-1.7456912712071195
-0.9118463673732035,-0.354946361910555,-1.5826904437652634,2.0417519586691513,0.28631475322975586,0.5364382179986209,0.444409386156146,-1.4515938827687678,0.02964447535279087,0.7510044642675964,-0.007212595369199463,-1.4115212985653218,-0.30091768483855236,0.4895387240312183,0.20114600059012858,-0.8838384939911589,-0.6311139667204612,0.7029446239263147,-0.184241369316562,-1.854450897587864,-1.6971363655833742,-0.16971490849653975,-0.6193764911349338
0.37716990729309563,0.5127482063797464,1.0431067869879729,0.12160905082982407,1.2370608284430622,-0.3799276725651177,0.7873934769051011,0.30167326858154614,-0.6859118262663001,-1.3735254526097533,-0.7284721322891611,0.019765387570446186,-1.5572340628921508,1.785921221465718,-0.2467337621552871,-0.8838384939911589,-0.6311139667204612,-0.38807074565891286,-1.351282866729812,0.10794695401846807,-0.0418614237293065,-0.16971490849653975,0.4206889589317242
0.30070284015187515,0.7265280275527194,-0.17561766610424676,-0.8384624030898393,-0.14896658241007113,0.010875427822359065,1.4733616584030114,0.8860956523649842,0.7452007769718818,1.459181103226713,1.435306478470724,0.019765387570446186,-1.5572340628921508,-0.8068437734032816,-1.2358015715514135,1.1314284304186495,1.0774703084475556,-1.8117127523128087,1.2727483262117811,1.2727250336815812,2.6031058784640817,-0.16971490849653975,1.1563450089788725
0.5519517750444584,-0.05313955554871057,-0.652028134131205,2.0417519586691513,0.6414126849359305,0.11868317965338714,0.7873934769051011,-0.28274911520189183,1.4607570785909727,-1.3735254526097533,-0.007212595369199463,-1.4115212985653218,-0.30091768483855236,3.082303718900218,0.16382268702801062,-0.8838384939911589,-0.6311139667204612,0.1640894718750744,0.17094517337442702,1.0954761954719772,-1.2804237928089235,-0.16971490849653975,0.8519356089593628
-0.6715212992150801,0.5504740571749765,-1.2059937946276684,-0.8384624030898393,-0.9622553937371162,-1.9195571284019874,1.4733616584030114,-0.28274911520189183,0.02964447535279087,1.459181103226713,-0.7284721322891611,0.7354087306383301,0.3272405041882469,0.4895387240312183,-0.1161021646878742,-0.8838384939911589,-0.6311139667204612,1.601036544011716,-1.0178424388974547,1.0131820920175183,-1.7839514849113847,0.7608368091085088,0.3547335889274969
-0.20179502963329238,-0.19146767513122334,0.057047911304268846,-0.8384624030898393,-1.2829890094717256,0.3578816290284807,0.7873934769051011,-0.28274911520189183,0.02964447535279087,0.04282782530847982,-1.4497316692091227,-0.6958779554974378,2.2117150712686446,-0.8068437734032816,0.7983190175840161,-0.8838384939911589,-0.6311139667204612,0.6098091655470885,-2.3516041502268834,0.4434536834866477,0.7394746502227885,0.7608368091085088,-1.3093711311791556
0.5628756417789194,0.47502235558451633,-0.3861246170929019,1.0816805047494875,0.950691528680018,2.3388490689236217,0.444409386156146,1.4705180361484222,1.4607570785909727,0.7510044642675964,0.7140469415507622,0.019765387570446186,-0.30091768483855236,-0.8068437734032816,-0.6386285545575259,-0.8838384939911589,-0.6311139667204612,0.3570129213749017,-1.6267336549391505,0.7409785190527682,-0.0997381699479802,1.6913885267135573,-1.9232634212185002
-1.7202125057232558,-2.731674962010074,0.27863417550285424,1.0816805047494875,-0.21769521435320172,-0.21147806032913635,-0.5845428860907194,0.30167326858154614,1.4607570785909727,-1.3735254526097533,-1.4497316692091227,0.019765387570446186,0.9553986932150462,0.4895387240312183,2.2166049329444992,-0.8838384939911589,-0.6311139667204612,1.7074770678736901,-1.8659409183841025,-0.17691725024696722,-0.5916905128067066,4.483043679528703,1.2578148089853758
0.322550573620795,0.7013774603558988,-1.1284386021581632,-0.8384624030898393,0.2404956652676688,0.3882025592309573,0.444409386156146,1.4705180361484222,-1.4014681278853909,0.04282782530847982,-1.4497316692091227,-1.4115212985653218,0.9553986932150462,-0.8068437734032816,-0.9372150630544697,-0.8838384939911589,-0.6311139667204612,-1.3061202639684344,1.1277742271542346,-0.21489914414902536,-0.49330004423496115,-0.16971490849653975,-0.7766546811450138
-0.9009225006387435,0.4372965047892844,0.7661239567397411,-0.8384624030898393,-0.2864238462963323,1.422483178359883,-1.2705110675886295,-0.8671714989853299,-0.6859118262663001,0.7510044642675964,-0.7284721322891611,-0.6958779554974378,0.9553986932150462,-0.8068437734032816,-0.5639819274332899,1.1314284304186495,1.3622343543088917,-0.7672651119171936,-0.0030237454946287715,-0.4237995606103444,0.27646068047339883,-1.1002666261015883,-0.7106993111407869
0.02760617179037103,0.1480649820258512,-1.2281524210475272,2.0417519586691513,0.9736010726610616,-0.929073408454417,1.1303775676540562,-1.4515938827687678,0.02964447535279087,1.459181103226713,-0.7284721322891611,0.019765387570446186,0.9553986932150462,0.4895387240312183,-0.04145553756363825,-0.8838384939911589,-0.6311139667204612,-0.946883495934274,0.9393078983794235,-0.02498967463873516,-1.0894305302873002,-1.1002666261015883,1.2679617889860262
0.02760617179037103,-0.6441778846739882,-0.7406626398106388,-0.8384624030898393,0.5268649650307129,-0.005969533401239072,1.1303775676540562,0.8860956523649842,0.02964447535279087,0.7510044642675964,-0.7284721322891611,-1.4115212985653218,-1.5572340628921508,-0.8068437734032816,0.16382268702801062,1.1314284304186495,0.3655601937942153,-1.0400189543135008,-0.539427912007551,-0.44279050756137367,-0.16340259078852093,-0.16971490849653975,0.4511298989336749
-0.6824451659495401,-1.7130769905388514,-1.305707613517031,0.12160905082982407,0.25195043725819055,-1.788166430857922,0.444409386156146,-0.28274911520189183,1.4607570785909727,0.04282782530847982,1.435306478470724,-0.6958779554974378,-0.9290758738653516,-0.8068437734032816,-1.0678466605218826,1.1314284304186495,1.884301771721341,-1.5788741063647416,1.5844426391855062,0.36748989568253143,-0.17497794003225584,-0.16971490849653975,-1.1774603911707016
0.09314937219713158,0.27381781800995275,0.4115859340220058,-0.8384624030898393,-1.0080744816992033,-0.31928581216016444,-0.9275269768396744,1.4705180361484222,0.7452007769718818,0.04282782530847982,1.435306478470724,0.7354087306383301,-0.9290758738653516,0.4895387240312183,-0.20941044859316912,-0.8838384939911589,-0.6311139667204612,1.6342992077185827,-0.07551079502340206,0.3991414739342465,1.4339956048468727,-0.16971490849653975,-0.588935551132983
0.6284188421856799,-0.7447801534612691,-0.5744729416616998,-0.8384624030898393,2.3481737115236734,-1.7275245704529687,1.1303775676540562,1.4705180361484222,1.4607570785909727,-1.3735254526097533,0.7140469415507622,-0.6958779554974378,-0.30091768483855236,-0.8068437734032816,-0.414688673184818,1.1314284304186495,-0.3463499208591251,0.2439198647715547,0.4391472566308884,-0.7719669213792097,1.005707682828688,-1.1002666261015883,-0.7614342111440384
0.49733244137215776,0.8774314307336398,-0.7960592058602851,0.12160905082982407,-0.16042135440059288,0.8497544967575463,-1.6134951583375847,0.30167326858154614,1.4607570785909727,-0.6653488136506367,1.435306478470724,1.451052073706214,-0.9290758738653516,0.4895387240312183,-0.7505984952438798,1.1314284304186495,0.6028635653453287,0.05764894801310082,0.5261317160654165,-0.6580212396730358,1.4397832794687406,0.7608368091085088,0.7200248689509087
0.6174949754512199,-0.7950812878549104,0.5445376925411557,2.0417519586691513,1.4203371802914104,-1.9195571284019874,0.10142529540719089,1.4705180361484222,-0.6859118262663001,0.7510044642675964,-0.007212595369199463,-0.6958779554974378,-0.9290758738653516,1.785921221465718,0.20114600059012858,-0.8838384939911589,-0.6311139667204612,-0.2417150253486996,-1.5759927202690094,1.0448336702692333,-0.632204235159778,-0.16971490849653975,1.486121859000008
-0.540434898401558,-0.10344068994235191,-0.7517419530205675,0.12160905082982407,-1.1111674296138991,-1.3838873614915668,-0.5845428860907194,-0.8671714989853299,-0.6859118262663001,1.459181103226713,1.435306478470724,0.019765387570446186,2.8398732602954437,-0.8068437734032816,0.5930407929923673,-0.8838384939911589,-0.6311139667204612,1.1819269813051956,1.2510022113531494,-1.1834374386515052,0.9709816350974833,-0.16971490849653975,-0.5737150811320074
-1.1521714355313268,0.7013774603558988,-0.5190763756120534,0.12160905082982407,0.16031226133401646,1.9547839530255842,1.4733616584030114,-0.8671714989853299,0.7452007769718818,1.459181103226713,0.7140469415507622,1.451052073706214,1.5835568822418453,-0.8068437734032816,-1.0118616901787056,-0.8838384939911589,-0.6311139667204612,-0.9269258977101538,-1.257049702342407,0.20923200442395626,0.5021799907262265,-1.1002666261015883,-1.507237241191837
0.9342871107505638,-0.01541370475348046,-0.4969177491921946,-0.8384624030898393,-0.297878618286854,0.4084165126992751,1.1303775676540562,0.8860956523649842,-0.6859118262663001,0.04282782530847982,0.7140469415507622,-1.4115212985653218,0.3272405041882469,0.4895387240312183,-0.8065834655870567,-0.8838384939911589,-0.6311139667204612,0.03769134978898098,0.12020423870428551,-0.36682671975725745,-0.44121097263815495,-0.16971490849653975,-1.4818697911902112
0.7922768432025827,0.04746271323857031,-0.40828324351276074,-0.8384624030898393,-0.687340865964594,0.09173124169563013,-0.5845428860907194,-1.4515938827687678,1.4607570785909727,0.04282782530847982,-0.007212595369199463,1.451052073706214,2.2117150712686446,0.4895387240312183,-0.7319368384628208,-0.8838384939911589,-0.6311139667204612,-0.2749776890555663,0.21443740309169057,0.9815305137658032,0.6468718562729109,-1.1002666261015883,-0.25915870111184763
-2.0697762412259806,-0.7196295862644484,0.5777756321709447,0.12160905082982407,-0.2635143023152888,-0.18452612237137933,1.1303775676540562,-0.8671714989853299,-0.6859118262663001,-0.6653488136506367,-1.4497316692091227,0.019765387570446186,-0.30091768483855236,-0.8068437734032816,-0.20941044859316912,1.1314284304186495,3.3555826753382445,0.5299787726506082,0.787085094369,0.31051705482944403,-0.9852523870936876,0.7608368091085088,-0.8121691111472901
-0.3656530306501952,-1.8891309609165943,-0.884693711539719,-0.8384624030898393,0.3894077011444517,1.0080971322593688,1.1303775676540562,1.4705180361484222,0.7452007769718818,0.7510044642675964,1.435306478470724,1.451052073706214,-0.9290758738653516,-0.8068437734032816,-0.09744050790681522,-0.8838384939911589,-0.6311139667204612,0.19069960284056767,-0.08275949997627949,0.551069049542478,-1.5003554284398835,-1.1002666261015883,1.8514131390234196
0.322550573620795,0.42472122119087496,-1.2724696738872434,0.12160905082982407,2.164897359675325,0.14226612536642452,-1.6134951583375847,-1.4515938827687678,0.02964447535279087,0.04282782530847982,1.435306478470724,0.019765387570446186,0.9553986932150462,-0.8068437734032816,0.3504392548386005,1.1314284304186495,2.2165264918928997,0.8493003442365286,0.9103130785679148,2.0893357525758294,-1.22254704659025,-0.16971490849653975,-0.5179066911284306
0.6284188421856799,0.5504740571749765,1.1871378587170547,-0.8384624030898393,-1.0653483416518121,-0.3664517035862392,0.7873934769051011,-1.4515938827687678,0.7452007769718818,-0.6653488136506367,0.7140469415507622,0.7354087306383301,-1.5572340628921508,1.785921221465718,0.4250858819628364,-0.8838384939911589,-0.6311139667204612,2.206417023476691,-0.3944538129500044,-1.3986681707631679,0.6700225547603799,-1.1002666261015883,1.2679617889860262
-0.5950542320738587,0.28639310160836395,-0.5966315680815586,0.12160905082982407,0.27485998123923405,0.101838218429789,-1.6134951583375847,1.4705180361484222,0.02964447535279087,1.459181103226713,-0.7284721322891611,0.019765387570446186,-0.30091768483855236,0.4895387240312183,-0.9932000333976466,-0.8838384939911589,-0.6311139667204612,-0.9934512251238872,-0.0030237454946287715,-0.7846275526798959,-0.16340259078852093,-0.16971490849653975,0.07061814890928783
-0.07070862881977029,2.1223845069762457,0.057047911304268846,-0.8384624030898393,-0.2864238462963323,-1.3569354235338096,0.444409386156146,-1.4515938827687678,-1.4014681278853909,1.459181103226713,-0.7284721322891611,0.7354087306383301,-1.5572340628921508,0.4895387240312183,-0.5453202706522309,1.1314284304186495,2.4538298634440134,-0.09535930503848587,1.7366654431959296,-1.3353650142597377,1.8449205029994566,-1.1002666261015883,0.22282284891904264
-1.7202125057232558,1.3930180582684573,1.242534424766701,-0.8384624030898393,-0.7102504099456375,1.186653721229509,-1.6134951583375847,-0.28274911520189183,0.02964447535279087,-0.6653488136506367,1.435306478470724,-0.6958779554974378,-0.9290758738653516,-0.8068437734032816,-0.22807210537422812,-0.8838384939911589,-0.6311139667204612,-0.5543840641932465,-0.19873877922231686,0.05730442881572375,0.4558785937512874,-0.16971490849653975,-0.177982861106645
-1.709288638988795,-0.8328071386501406,0.7661239567397411,1.0816805047494875,-1.2486246935001604,-0.06661139380619237,1.4733616584030114,1.4705180361484222,-0.6859118262663001,1.459181103226713,-1.4497316692091227,-1.4115212985653218,-0.30091768483855236,-0.8068437734032816,4.549312030576872,1.1314284304186495,-0.1565072236182343,0.2771825284784214,0.49713689625390683,1.9690597552193119,-0.7537454022189928,0.7608368091085088,1.3085497089886273
-0.08163249555423119,-0.07829012274553124,0.10136516414398498,0.12160905082982407,-0.8477076738318986,-1.272710617415819,-1.2705110675886295,0.8860956523649842,-0.6859118262663001,0.04282782530847982,0.7140469415507622,-0.6958779554974378,-0.9290758738653516,-0.8068437734032816,0.10783771668483365,1.1314284304186495,-0.6311139667204612,-0.04213904310749932,1.801903787771826,1.582910500548389,-0.7537454022189928,-0.16971490849653975,0.16701445891546618
0.5191801748410786,0.23609196721472264,1.142820605877337,-0.8384624030898393,-0.7102504099456375,-0.8987524782519404,-0.24155879534176422,-0.8671714989853299,0.02964447535279087,0.04282782530847982,1.435306478470724,0.7354087306383301,0.3272405041882469,0.4895387240312183,0.5743791362113083,1.1314284304186495,-0.25142857223867965,0.2771825284784214,-0.0030237454946287715,-0.06297156854079329,-0.6379919097816454,-0.16971490849653975,-2.1820114112350835
1.786348716038458,-0.5938767502803469,-0.6631074473411336,1.0816805047494875,0.6185031409548869,-0.7336718582606786,0.7873934769051011,-1.4515938827687678,0.02964447535279087,0.04282782530847982,-1.4497316692091227,-0.6958779554974378,0.9553986932150462,1.785921221465718,1.3581687210157858,-0.8838384939911589,-0.6311139667204612,1.5145536183738628,-0.0030237454946287715,-1.4366500646652254,-0.817409823059534,-0.16971490849653975,-0.38599595111997664
-0.6715212992150801,0.8019797291431796,0.7661239567397411,1.0816805047494875,0.5955935969738434,0.5431762024880602,1.1303775676540562,-0.28274911520189183,-0.6859118262663001,-0.6653488136506367,0.7140469415507622,-1.4115212985653218,2.2117150712686446,-0.8068437734032816,-0.39602701640375904,1.1314284304186495,0.12825682224310186,1.3349352343567824,0.5841213556884349,0.20290168877361317,0.7742006979539932,0.7608368091085088,1.780384279018867
-0.9118463673732035,0.7516785947495382,-0.28641079820353943,-0.8384624030898393,-0.44679065416363695,1.7054785269163317,1.4733616584030114,-1.4515938827687678,0.7452007769718818,-1.3735254526097533,1.435306478470724,1.451052073706214,-0.9290758738653516,0.4895387240312183,1.6567552295127297,1.1314284304186495,0.033335473622656396,-1.5056962462096348,-0.9308579794629271,0.5194174712907631,0.9594062858537483,-1.1002666261015883,-0.6041560211339584
0.11499710566605242,-0.48069919789465654,-1.3832628059865362,-0.8384624030898393,-1.1569865175759861,-0.6865059668346039,1.1303775676540562,-0.28274911520189183,1.4607570785909727,-0.6653488136506367,-0.7284721322891611,-0.6958779554974378,-1.5572340628921508,3.082303718900218,-1.0305233469597646,1.1314284304186495,-0.29888924654890237,0.669681960219448,-0.09000820492915693,0.25354421397635707,-1.2630607689433213,-1.1002666261015883,1.6636940090113885
-1.414344237158371,1.5187708942525588,-0.37504530388297325,2.0417519586691513,-0.25205953032476697,-0.838110617846987,-0.24155879534176422,0.30167326858154614,-0.6859118262663001,-1.3735254526097533,-0.7284721322891611,1.451052073706214,0.9553986932150462,0.4895387240312183,-0.5826435842143489,1.1314284304186495,0.8401669368964422,-0.9601885614170205,-1.4745108509287268,0.5890509434445367,-0.4990877188568286,0.7608368091085088,0.9077439989629393
0.5956472419822991,-1.1220386614135738,0.721806703900025,1.0816805047494875,0.9850558446515834,-0.10030131625338864,0.10142529540719089,0.30167326858154614,0.7452007769718818,1.459181103226713,-1.4497316692091227,0.019765387570446186,0.3272405041882469,0.4895387240312183,-0.2653954189363461,1.1314284304186495,1.6944590744804504,-2.0512039310022487,-0.05376468016477028,0.6333631529969379,-0.05922444759490844,0.7608368091085088,1.151271518978547
-0.5950542320738587,0.9528831323241018,-0.19777629252410403,-0.8384624030898393,0.022854997447755307,-0.7909447264209123,1.4733616584030114,-0.8671714989853299,-1.4014681278853909,0.04282782530847982,-0.7284721322891611,1.451052073706214,0.9553986932150462,-0.8068437734032816,-0.22807210537422812,-0.8838384939911589,-0.6311139667204612,-1.645399433778475,-0.0030237454946287715,-0.3351751415055424,-0.6032658620504411,-0.16971490849653975,0.48664432893595116
-0.7807599665596814,0.6636516095606686,-0.4969177491921946,-0.8384624030898393,2.2908998515710643,1.004728140014649,-1.2705110675886295,-0.28274911520189183,1.4607570785909727,0.7510044642675964,-0.007212595369199463,0.019765387570446186,0.3272405041882469,-0.8068437734032816,-0.20941044859316912,-0.8838384939911589,-0.6311139667204612,0.8626054097192754,0.7798363894161231,0.22189263572464202,-0.5859028381848392,-0.16971490849653975,-0.4570248111245288
-2.3101013093841045,0.5127482063797464,-1.571611130555334,1.0816805047494875,0.8361438087748004,0.20964597026081708,-0.9275269768396744,-1.4515938827687678,1.4607570785909727,0.04282782530847982,0.7140469415507622,1.451052073706214,-0.30091768483855236,-0.8068437734032816,0.05185274634165669,-0.8838384939911589,-0.6311139667204612,-0.7938752428826868,-2.250122280886601,-0.5314149266661757,-0.11131351919171469,-0.16971490849653975,1.8767805890250455
-0.7042928994184599,0.009736862443340207,1.6857069531638718,-0.8384624030898393,-0.2864238462963323,1.3753172869338082,-0.9275269768396744,0.30167326858154614,0.02964447535279087,0.7510044642675964,-1.4497316692091227,0.019765387570446186,-0.9290758738653516,-0.8068437734032816,0.7236723904597803,-0.8838384939911589,-0.6311139667204612,-0.23506249260732617,0.30867056747909666,-0.11994440939388026,0.0160153224893672,-0.16971490849653975,-1.1774603911707016
-2.3756445097908654,0.890006714332051,0.8990757152588926,1.0816805047494875,-0.48115497013520225,0.2905017841340881,0.10142529540719089,0.8860956523649842,-0.6859118262663001,0.7510044642675964,-0.007212595369199463,0.7354087306383301,0.3272405041882469,0.4895387240312183,-0.1161021646878742,-0.8838384939911589,-0.6311139667204612,1.601036544011716,-0.7423916506881165,-1.3416953299100804,-0.6090535366723085,-0.16971490849653975,1.278108768986676
-1.2286385026725481,-1.0717375270199343,0.023809971674481355,0.12160905082982407,-0.04587363449537527,1.3079374420394156,0.444409386156146,-0.8671714989853299,-1.4014681278853909,-1.3735254526097533,-1.4497316692091227,-0.6958779554974378,0.3272405041882469,0.4895387240312183,-0.20941044859316912,-0.8838384939911589,-0.6311139667204612,1.5611213475634764,-1.3005419320596705,2.6653944767570428,-0.08816282070424529,-1.1002666261015883,-0.7360667611424127
-1.2177146359380884,-1.3609690497833675,-1.2059937946276684,1.0816805047494875,-1.3288080974338126,1.3551033334654905,-1.6134951583375847,0.8860956523649842,1.4607570785909727,0.7510044642675964,-0.007212595369199463,1.451052073706214,-0.9290758738653516,-0.8068437734032816,0.9476122718324881,-0.8838384939911589,-0.6311139667204612,-0.34150301646929976,-1.1265730131906146,1.3613494527863836,-0.07658747146051038,-0.16971490849653975,2.5363342890673164
0.2897789734174152,-0.9082588402406008,1.3976448097057097,1.0816805047494875,-0.24060475833424522,-0.3900346492992766,0.10142529540719089,-1.4515938827687678,-1.4014681278853909,-0.6653488136506367,-0.007212595369199463,0.7354087306383301,2.2117150712686446,-0.8068437734032816,-0.8252451223681158,-0.8838384939911589,-0.6311139667204612,-2.0046362018126356,-0.9236092745100497,-0.8542610248336692,-2.0675475413828854,-0.16971490849653975,-0.999888241159321
0.4317892409653972,2.2481373429603475,0.555617005751086,0.12160905082982407,0.3894077011444517,-0.6629230211215664,0.7873934769051011,0.30167326858154614,-1.4014681278853909,-0.6653488136506367,-0.007212595369199463,0.019765387570446186,-0.9290758738653516,1.785921221465718,-1.0118616901787056,1.1314284304186495,0.413020868104438,-1.0134088233480074,-1.3440341617769347,-1.8671115288885503,-0.40648492490695065,-1.1002666261015883,1.1106835989759458
-1.7420602391921758,1.8834541186064522,-1.4608179984560412,-0.8384624030898393,2.840728907116109,-0.35971371909679994,-0.9275269768396744,-0.28274911520189183,-0.6859118262663001,0.7510044642675964,0.7140469415507622,0.019765387570446186,2.8398732602954437,0.4895387240312183,-0.09744050790681522,-0.8838384939911589,-0.6311139667204612,-2.2241697822779556,-1.1120756032848604,1.209421877178151,1.02307070669429,-0.16971490849653975,0.8164211789570865
-0.9446179675765842,-1.738227557735672,-1.2059937946276684,-0.8384624030898393,-0.38951679421102814,0.644245969829649,-0.24155879534176422,1.4705180361484222,0.7452007769718818,-0.6653488136506367,1.435306478470724,-1.4115212985653218,-0.30091768483855236,0.4895387240312183,-0.3773653596227,1.1314284304186495,-0.39381059516934774,-2.170949520346969,-0.7351429457352391,0.16491979487155503,0.07967974332990835,0.7608368091085088,-1.0810640811645233
0.748581376264742,0.27381781800995275,2.4169416250192026,0.12160905082982407,-5.454653328821902e-05,-0.33949976562848216,-1.2705110675886295,-1.4515938827687678,-0.6859118262663001,-1.3735254526097533,-0.007212595369199463,-0.6958779554974378,3.4680314493222433,0.4895387240312183,1.1528904964241369,1.1314284304186495,-0.3463499208591251,0.03103881704760754,0.4608933714895202,0.3358383174308164,1.225639318459648,-1.1002666261015883,1.4810483689996823
0.3880937740275565,0.04746271323857031,0.3561893679723594,-0.8384624030898393,-1.1340769735949427,0.9306103106308173,1.1303775676540562,-0.28274911520189183,-0.6859118262663001,0.04282782530847982,-0.7284721322891611,1.451052073706214,-0.9290758738653516,-0.8068437734032816,0.9289506150514291,-0.8838384939911589,-0.6311139667204612,-1.2063322728478343,1.0987794073427248,0.27253516092738633,0.5947827846761042,0.7608368091085088,0.8519356089593628
-0.6496735657461593,-1.738227557735672,-0.3085694246233967,2.0417519586691513,-1.0424387976707685,1.1091668996009576,-1.6134951583375847,1.4705180361484222,0.7452007769718818,-1.3735254526097533,1.435306478470724,0.7354087306383301,-0.30091768483855236,3.082303718900218,2.1606199626013223,-0.8838384939911589,-0.6311139667204612,-1.898195677950662,-0.6191636664892017,0.4751052617383627,-0.6553549336472474,-0.16971490849653975,0.3039986889242453
-1.3488010367516095,-0.8328071386501406,-0.7074247001808514,0.12160905082982407,2.8521836791066306,1.1091668996009576,0.10142529540719089,0.30167326858154614,-1.4014681278853909,-0.6653488136506367,0.7140469415507622,0.7354087306383301,-1.5572340628921508,-0.8068437734032816,-0.9558767198355287,-0.8838384939911589,-0.6311139667204612,0.05099641527172738,1.0045462429553198,-0.6137090301206346,-1.7202870640708436,0.7608368091085088,0.608408088943755
-1.2286385026725481,0.852280863536821,0.555617005751086,-0.8384624030898393,-0.1833308983816364,-0.1575741844136223,0.7873934769051011,-0.28274911520189183,0.02964447535279087,1.459181103226713,1.435306478470724,-0.6958779554974378,-0.30091768483855236,0.4895387240312183,-0.340042046060582,-0.8838384939911589,-0.6311139667204612,-1.1131968144686075,2.1643390354156926,-0.5187542953654894,-0.12867654305731704,0.7608368091085088,-0.5838620611326578
1.174612178908688,0.1480649820258512,0.0792065377241277,-0.8384624030898393,1.2828799164051492,0.4084165126992751,-0.24155879534176422,1.4705180361484222,0.7452007769718818,-1.3735254526097533,0.7140469415507622,1.451052073706214,0.9553986932150462,-0.8068437734032816,-0.19074879181211016,1.1314284304186495,0.27063884517376985,1.0688339247018486,-0.024769860353261067,-0.26554166935176926,0.5600567369449003,-1.1002666261015883,-1.1165785111667996
0.49733244137215776,-0.6567531682723976,-1.0508834096886581,-0.8384624030898393,0.10303840138140764,-0.07334937829563162,-1.2705110675886295,-0.28274911520189183,1.4607570785909727,1.459181103226713,1.435306478470724,0.7354087306383301,1.5835568822418453,0.4895387240312183,-0.8625684359302337,-0.8838384939911589,-0.6311139667204612,-0.13527450148672604,-0.6626558962064658,-0.3098538789041705,-0.8984372677656771,0.7608368091085088,-0.19827682110794556
1.5241759144114135,-0.5310003322882961,-0.3085694246233967,0.12160905082982407,0.12594794536245116,1.520183953456752,-0.24155879534176422,-0.8671714989853299,0.02964447535279087,0.04282782530847982,-0.007212595369199463,-0.6958779554974378,-1.5572340628921508,0.4895387240312183,0.4810708523060134,1.1314284304186495,0.555402891035106,1.0023085972881152,-0.046515975211892845,1.677865235303534,-0.817409823059534,-0.16971490849653975,-0.9390063611554191
0.759505242999202,-0.141166540737582,-2.2031319835213026,0.12160905082982407,-1.1798960615570298,1.503338992233154,-0.9275269768396744,1.4705180361484222,-1.4014681278853909,0.7510044642675964,0.7140469415507622,0.019765387570446186,0.3272405041882469,0.4895387240312183,0.7609957040218982,-0.8838384939911589,-0.6311139667204612,-1.1730696091409676,0.033219779269757874,-0.06930188419113639,-2.0096707951642117,-0.16971490849653975,1.3339171589902532
0.2679312399484944,-0.7196295862644484,-0.05374522079502384,2.0417519586691513,0.03430976943827707,1.4898630232542756,-1.2705110675886295,-1.4515938827687678,-1.4014681278853909,-1.3735254526097533,1.435306478470724,1.451052073706214,-1.5572340628921508,0.4895387240312183,-0.2467337621552871,1.1314284304186495,0.555402891035106,0.7095971566676887,0.0912094188927763,-0.9808673378405293,1.2777283900564536,-0.16971490849653975,-0.44687783112387836
2.3762375196993055,-0.3297957947137343,1.3976448097057097,0.12160905082982407,0.7559604048411481,-0.8616935635600245,1.4733616584030114,-1.4515938827687678,-1.4014681278853909,-1.3735254526097533,0.7140469415507622,1.451052073706214,-0.30091768483855236,0.4895387240312183,-1.2731248851135315,-0.8838384939911589,-0.6311139667204612,-0.9202733649687803,-0.7931325853582575,-0.4237995606103444,-1.3383005390275973,-0.16971490849653975,-2.5067147712558935
1.2292315125809896,1.4684697598589176,0.13460310377377405,-0.8384624030898393,-0.687340865964594,-1.1716408500742301,-0.9275269768396744,0.30167326858154614,0.7452007769718818,-0.6653488136506367,1.435306478470724,0.019765387570446186,-0.30091768483855236,-0.8068437734032816,-0.7879218088059977,1.1314284304186495,-0.25142857223867965,0.2239622665474344,-0.3582102881856178,0.3358383174308164,1.1388241991316372,-1.1002666261015883,0.7961272189557856
0.8468961768748834,-0.6693284518708089,1.5859931342745077,-0.8384624030898393,-0.16042135440059288,-1.289555578639417,1.4733616584030114,0.30167326858154614,0.02964447535279087,0.04282782530847982,-0.007212595369199463,-1.4115212985653218,1.5835568822418453,-0.8068437734032816,-0.8625684359302337,-0.8838384939911589,-0.6311139667204612,-0.40137581114165977,1.816401197677581,1.2537340867305524,-0.0013477013762347445,-0.16971490849653975,-0.7868016611456643
-0.3438052971812744,0.33669423600200354,-0.5855522548716284,-0.8384624030898393,-0.8018885858698116,1.203498682453107,0.10142529540719089,1.4705180361484222,0.7452007769718818,0.04282782530847982,-0.7284721322891611,-1.4115212985653218,-1.5572340628921508,1.785921221465718,-1.2171399147703545,-0.8838384939911589,-0.6311139667204612,-1.3926031896062878,0.45364466653664326,-0.8226094465819541,-2.808369892981909,1.6913885267135573,-0.43165736112290304
1.5460236478803335,-1.0465869598231134,1.7521828324234467,2.0417519586691513,-0.927891077765551,0.9002893804283407,-0.24155879534176422,0.30167326858154614,1.4607570785909727,1.459181103226713,1.435306478470724,1.451052073706214,0.3272405041882469,0.4895387240312183,1.059582212518842,-0.8838384939911589,-0.6311139667204612,-0.5011638022622599,0.881318258756405,2.64007321415567,0.5600567369449003,-1.1002666261015883,-0.2895996411137983
0.3116267068863351,1.2295393714891256,0.11244447735391519,0.12160905082982407,-1.076803113642334,0.1490041098558638,-0.24155879534176422,0.30167326858154614,0.7452007769718818,0.7510044642675964,-0.007212595369199463,-0.6958779554974378,-0.30091768483855236,-0.8068437734032816,-0.22807210537422812,1.1314284304186495,0.555402891035106,-0.5011638022622599,-0.3074693535154768,0.6776753625493382,0.42694022064195053,0.7608368091085088,-0.11202749110241768
2.1140647180722616,-0.6944790190676295,0.21215829624327767,-0.8384624030898393,-0.8706172178129422,-0.2754889129788093,0.7873934769051011,-0.28274911520189183,-1.4014681278853909,-0.6653488136506367,0.7140469415507622,0.019765387570446186,-0.30091768483855236,0.4895387240312183,0.7609957040218982,1.1314284304186495,0.27063884517376985,0.4967161089437415,2.2730696097088523,2.2032814342820033,-0.33703282944454205,-0.16971490849653975,-1.5630456311954137
1.7098816488972364,-0.0028384211550710197,-0.3861246170929019,-0.8384624030898393,-0.3207881622678976,1.5302909301909111,-1.2705110675886295,-0.8671714989853299,1.4607570785909727,0.7510044642675964,0.7140469415507622,0.019765387570446186,-0.30091768483855236,-0.8068437734032816,0.08917605990377467,-0.8838384939911589,-0.6311139667204612,0.669681960219448,0.17094517337442702,0.11427726966881117,0.635296507029176,2.621940244318606,-2.065321141227605
0.5737995085133792,-0.493274481493066,0.6664101378503786,-0.8384624030898393,0.12594794536245116,-0.35971371909679994,0.10142529540719089,0.30167326858154614,0.7452007769718818,1.459181103226713,1.435306478470724,1.451052073706214,-0.30091768483855236,0.4895387240312183,-1.2731248851135315,1.1314284304186495,1.3622343543088917,-0.5078163350036333,-0.6699046011593432,-0.45545113886205946,1.0520090798036268,0.7608368091085088,0.5931876189427796
-0.3656530306501952,-0.22919352592645345,0.5334583793312271,-0.8384624030898393,-0.13751181041954938,1.54039790692507,0.444409386156146,0.30167326858154614,0.7452007769718818,-1.3735254526097533,-1.4497316692091227,0.7354087306383301,-0.9290758738653516,0.4895387240312183,-0.9372150630544697,1.1314284304186495,2.4063691891337906,-0.28163022179693975,-0.2857232386568445,0.6460237842976232,-1.5813828731460267,-1.1002666261015883,0.6845104389486324
-0.9227702341076633,-0.7447801534612691,1.0431067869879729,-0.8384624030898393,-0.297878618286854,0.4656893808595088,-0.24155879534176422,-0.8671714989853299,1.4607570785909727,0.7510044642675964,1.435306478470724,-0.6958779554974378,0.3272405041882469,0.4895387240312183,0.8916273014893111,-0.8838384939911589,-0.6311139667204612,-0.5876467279001132,0.40290373186650175,0.38648084263356025,0.7278993009790535,-0.16971490849653975,-0.21349729110892088
-0.8353793002319819,-0.5561508994851168,0.0792065377241277,1.0816805047494875,1.637977848111324,-0.7673617807078749,0.444409386156146,-0.8671714989853299,0.7452007769718818,-1.3735254526097533,-0.007212595369199463,0.019765387570446186,1.5835568822418453,-0.8068437734032816,3.2243343991216844,1.1314284304186495,0.08079614793287912,-1.2329424038133276,-1.155567833002124,0.696666309500368,-0.34282050406640946,0.7608368091085088,0.9889198389681424
-0.540434898401558,2.2481373429603475,-0.33072805104325553,-0.8384624030898393,-0.05732840648589703,1.7324304648740887,0.7873934769051011,-0.8671714989853299,0.02964447535279087,1.459181103226713,-0.007212595369199463,0.019765387570446186,-0.30091768483855236,-0.8068437734032816,0.12649937346589263,-0.8838384939911589,-0.6311139667204612,-0.8670531030377937,0.3014218625262187,-0.11994440939388026,1.2835160646783215,-0.16971490849653975,1.1918594389811488
0.03853003852483096,-0.8076565714533199,-1.1173592889482347,2.0417519586691513,0.8475985807653222,0.41178550494399474,1.4733616584030114,-0.8671714989853299,0.02964447535279087,-1.3735254526097533,1.435306478470724,-0.6958779554974378,-0.9290758738653516,-0.8068437734032816,0.8729656447082521,1.1314284304186495,1.1249309827577783,1.9802309102699969,-1.0685833735675963,-0.5693968205682338,0.4674539429950223,-0.16971490849653975,0.7758332589544854
2.4417807201060673,-1.8136792593261324,-0.5744729416616998,1.0816805047494875,-0.9622553937371162,-1.6028718573983425,1.4733616584030114,0.8860956523649842,-1.4014681278853909,0.04282782530847982,-0.7284721322891611,-1.4115212985653218,-1.5572340628921508,-0.8068437734032816,1.8433717973233195,-0.8838384939911589,-0.6311139667204612,-1.3260778621925542,1.8381473125362127,-1.5442654307210568,-0.33124515482267497,-0.16971490849653975,-1.2789301911772049
-1.8512989065367769,0.6007751915686178,-0.09806247363474155,-0.8384624030898393,-0.8247981298508551,1.3180444187735745,0.10142529540719089,-0.28274911520189183,-1.4014681278853909,0.04282782530847982,1.435306478470724,-1.4115212985653218,-0.30091768483855236,-0.8068437734032816,-0.526658613871172,1.1314284304186495,-0.39381059516934774,-0.6342144570897268,-1.3440341617769347,0.8169423068568845,2.331085171236315,-1.1002666261015883,0.08583861891026352
-0.005165428413009734,1.5187708942525588,-1.1505972285780222,-0.8384624030898393,1.0308749326136704,-1.036881160285445,-1.6134951583375847,0.8860956523649842,1.4607570785909727,1.459181103226713,0.7140469415507622,0.019765387570446186,-1.5572340628921508,-0.8068437734032816,0.4624091955249544,1.1314284304186495,0.22317817086354722,0.8559528769779025,-0.4089512228557593,-0.752975974428181,-1.9228556758362012,-0.16971490849653975,0.19745539891741684
0.09314937219713158,0.44987178838769565,-0.5412350020319123,2.0417519586691513,-0.48115497013520225,-0.17441914563722044,1.4733616584030114,0.30167326858154614,1.4607570785909727,1.459181103226713,0.7140469415507622,-1.4115212985653218,-0.30091768483855236,-0.8068437734032816,-0.7132751816817618,-0.8838384939911589,-0.6311139667204612,-0.055444108590245726,-3.1489616950433894,-1.1011433351970463,-1.0778551810435657,-0.16971490849653975,-0.16276239110566929
-0.6278258322772394,-0.0657148391471218,0.5223790661212985,-0.8384624030898393,-0.8935267617939857,0.933979302875537,0.10142529540719089,-1.4515938827687678,1.4607570785909727,1.459181103226713,-0.7284721322891611,-1.4115212985653218,0.3272405041882469,0.4895387240312183,-0.43335032996587697,-0.8838384939911589,-0.6311139667204612,0.2572249302543011,-1.3367854568240571,0.9815305137658032,0.3980018475326137,1.6913885267135573,0.9432584289652156
0.464560841168777,0.12291441482903054,0.5334583793312271,1.0816805047494875,-0.5384288300878111,-1.35356643128909,0.444409386156146,1.4705180361484222,0.7452007769718818,0.7510044642675964,-0.007212595369199463,-0.6958779554974378,0.3272405041882469,-0.8068437734032816,0.14516103024695162,-0.8838384939911589,-0.6311139667204612,-0.1751896979349662,-0.05376468016477028,-0.2338900911000542,-0.29073143246960326,-0.16971490849653975,1.5571507190045597
0.22423577301065367,-0.84538242224855,-1.2835489870971737,-0.8384624030898393,1.4432467242724538,1.0855839538879202,-0.24155879534176422,1.4705180361484222,-0.6859118262663001,0.04282782530847982,-0.007212595369199463,1.451052073706214,-0.30091768483855236,-0.8068437734032816,-1.3104481986756493,1.1314284304186495,0.22317817086354722,0.40358065056451436,-0.1117543197877887,0.26620484527704324,0.7799883725758602,0.7608368091085088,0.4815708389356259
-1.698364772254335,-0.4555486306978359,0.954472281308539,-0.8384624030898393,0.18322180531505997,-0.17778813788194006,-0.9275269768396744,0.8860956523649842,0.02964447535279087,0.04282782530847982,-0.007212595369199463,1.451052073706214,-0.9290758738653516,0.4895387240312183,0.6303641065544853,-0.8838384939911589,-0.6311139667204612,1.0089611300294892,-1.4817595558816037,-1.430319749014883,0.30539905358273567,-0.16971490849653975,-0.46209830112485406
-0.11440409575761099,-0.12859125713917258,-0.6963453869709211,-0.8384624030898393,-0.6758860939740722,-1.5321230202592302,1.1303775676540562,0.8860956523649842,-0.6859118262663001,-0.6653488136506367,-1.4497316692091227,1.451052073706214,0.9553986932150462,0.4895387240312183,-0.32138038927952306,-0.8838384939911589,-0.6311139667204612,1.2351472432361823,0.8958156686621599,0.8359332538079134,-0.8000467991939316,-1.1002666261015883,-1.7456912712071195
-0.4421200977914167,0.2486672508131321,-1.737800828704273,-0.8384624030898393,-0.6300670060119852,0.051303334758994595,-0.9275269768396744,-0.28274911520189183,0.02964447535279087,-1.3735254526097533,0.7140469415507622,0.019765387570446186,-1.5572340628921508,0.4895387240312183,3.0937028016542714,-0.8838384939911589,-0.6311139667204612,-0.14192703422809946,0.9248104884736696,0.8865757790106582,0.7510499994665233,2.621940244318606,0.6439225189460313
0.0166823050559111,1.669674297433481,-1.239231734257456,-0.8384624030898393,-0.7904338138792898,-0.8448486023364263,-0.5845428860907194,-1.4515938827687678,0.02964447535279087,-0.6653488136506367,0.7140469415507622,-1.4115212985653218,-0.9290758738653516,1.785921221465718,-0.6759518681196438,-0.8838384939911589,-0.6311139667204612,-1.2329424038133276,-1.0178424388974547,-0.5124239797151469,0.15491951341418442,-0.16971490849653975,-1.1013580411658241
0.4536369744343171,0.2235166836163132,-0.2974901114134681,0.12160905082982407,-0.5498836020783329,-1.2120687570108657,-0.9275269768396744,0.8860956523649842,-0.6859118262663001,-1.3735254526097533,0.7140469415507622,0.7354087306383301,0.3272405041882469,3.082303718900218,-1.0491850037408235,-0.8838384939911589,-0.6311139667204612,0.5698939690988479,0.7218467497931036,0.08895600706743878,1.746530034427711,1.6913885267135573,-0.8578305211502164
-0.21271889636775232,-0.22919352592645345,-0.7849798926503565,-0.8384624030898393,-0.4697001981446805,0.6038180628930134,-0.9275269768396744,0.8860956523649842,-0.6859118262663001,1.459181103226713,0.7140469415507622,1.451052073706214,-0.30091768483855236,4.378686216334717,0.7236723904597803,-0.8838384939911589,-0.6311139667204612,1.128706719374209,-0.7786351754525032,0.48776589303904805,0.8610158172820037,-0.16971490849653975,0.02495673890636145
-1.1412475687968668,-0.01541370475348046,-0.7739005794404263,2.0417519586691513,-1.0538935696612903,1.520183953456752,0.7873934769051011,0.8860956523649842,0.02964447535279087,-1.3735254526097533,-1.4497316692091227,-1.4115212985653218,-0.9290758738653516,0.4895387240312183,-0.5826435842143489,-0.8838384939911589,-0.6311139667204612,-0.9136208322274073,1.8381473125362127,1.1397884050243785,-1.7492254371801803,0.7608368091085088,0.3699540589284726
-0.5950542320738587,1.6193731630398398,0.14568241698370268,-0.8384624030898393,-0.6644313219835505,0.6307700008507705,-1.2705110675886295,0.8860956523649842,0.02964447535279087,-1.3735254526097533,0.7140469415507622,-0.6958779554974378,-0.30091768483855236,-0.8068437734032816,-1.1238316308650595,1.1314284304186495,1.7893804231008956,-1.5056962462096348,0.6131161754999437,0.5890509434445367,0.8957418650132076,-0.16971490849653975,0.8417886289587124
1.611566848287095,0.7139527439543082,0.32295142834257035,-0.8384624030898393,-0.17187612639111466,-0.9155974394755385,0.444409386156146,0.30167326858154614,0.02964447535279087,0.7510044642675964,-1.4497316692091227,0.019765387570446186,2.2117150712686446,-0.8068437734032816,0.07051440312271567,-0.8838384939911589,-0.6311139667204612,-1.5655690408819947,0.7073493398873498,1.0954761954719772,-0.14025189230105153,-0.16971490849653975,-1.3702530111830578
1.4367849805357322,0.8774314307336398,-0.6852660737609925,1.0816805047494875,0.3206790692013211,1.8671901546628737,0.10142529540719089,1.4705180361484222,1.4607570785909727,0.04282782530847982,0.7140469415507622,0.019765387570446186,0.3272405041882469,-0.8068437734032816,1.040920555737783,-0.8838384939911589,-0.6311139667204612,0.5233262399092353,-0.24947971389245785,-0.46178145451240254,-0.5396014412099,1.6913885267135573,0.07061814890928783
-0.4639678312603365,-0.2669193767216836,-1.0952006625283757,0.12160905082982407,-0.5498836020783329,0.9306103106308173,-0.24155879534176422,0.8860956523649842,0.02964447535279087,0.04282782530847982,1.435306478470724,0.019765387570446186,0.9553986932150462,-0.8068437734032816,-0.8625684359302337,1.1314284304186495,2.026683794652009,0.9357832698743818,-0.40170251790288186,0.7093269408010533,-0.5859028381848392,-0.16971490849653975,-1.4869432811905363
-0.3438052971812744,-1.62505000534998,1.375486183285851,0.12160905082982407,-0.733159953926681,-0.3765586803203981,0.10142529540719089,-1.4515938827687678,-0.6859118262663001,0.7510044642675964,-0.7284721322891611,0.019765387570446186,-0.30091768483855236,-0.8068437734032816,-0.5639819274332899,1.1314284304186495,0.12825682224310186,-1.605484237330235,0.7290954547459816,1.7221774448559344,-0.0997381699479802,-0.16971490849653975,-1.5934865711973647
-0.3547291639157353,0.31154366880518286,-0.020507281165236348,2.0417519586691513,-0.8247981298508551,-1.5961338729089032,1.1303775676540562,0.8860956523649842,1.4607570785909727,1.459181103226713,-0.007212595369199463,-1.4115212985653218,-0.30091768483855236,-0.8068437734032816,-0.5079969570901129,-0.8838384939911589,-0.6311139667204612,1.3149776361326626,0.4101524368193787,-0.8289397622322972,0.38063882366701174,0.7608368091085088,-1.289077171177855
0.6721143091235205,1.1540876698986635,1.8408173381028805,2.0417519586691513,0.6185031409548869,-1.1682718578295106,-0.24155879534176422,0.8860956523649842,-0.6859118262663001,-1.3735254526097533,-0.007212595369199463,0.019765387570446186,0.9553986932150462,-0.8068437734032816,0.9662739286135471,1.1314284304186495,0.12825682224310186,0.2771825284784214,-1.061334668614719,-0.07563219984147904,-0.6379919097816454,-0.16971490849653975,-1.248489251175254
1.622490715021555,1.3049910730795857,-2.369321681670242,-0.8384624030898393,-0.7217051819361593,-0.5753292227588561,-1.2705110675886295,-0.28274911520189183,1.4607570785909727,0.7510044642675964,1.435306478470724,-1.4115212985653218,-0.30091768483855236,0.4895387240312183,0.2757926277143645,1.1314284304186495,0.46048154241466055,2.6920519135969445,0.4898881913010299,-2.734364772985542,0.2012209103891232,-1.1002666261015883,-1.471722811189561
0.35532217382417575,0.42472122119087496,0.721806703900025,-0.8384624030898393,2.2336259916184558,-0.6595540288768468,0.7873934769051011,-0.8671714989853299,-0.6859118262663001,-1.3735254526097533,-0.007212595369199463,-0.6958779554974378,0.9553986932150462,-0.8068437734032816,0.8169806743650752,-0.8838384939911589,-0.6311139667204612,1.1686219158224487,-1.155567833002124,1.29171598063261,0.843652793416401,1.6913885267135573,-0.6599644111375352
1.338470179925591,1.204388804292305,-0.6852660737609925,0.12160905082982407,1.0308749326136704,0.3073467453576863,1.4733616584030114,-0.8671714989853299,1.4607570785909727,-1.3735254526097533,-0.7284721322891611,1.451052073706214,-0.9290758738653516,3.082303718900218,-1.2731248851135315,1.1314284304186495,0.08079614793287912,-0.7606125791758201,0.4246498467251335,1.532267975345644,-0.2154916623853276,-0.16971490849653975,-0.19827682110794556
0.2351596397451136,1.1163618191034335,-0.4193625567226894,0.12160905082982407,0.28631475322975586,-0.22158503706329521,0.444409386156146,0.8860956523649842,-1.4014681278853909,0.04282782530847982,-0.007212595369199463,-1.4115212985653218,0.3272405041882469,0.4895387240312183,-0.7319368384628208,-0.8838384939911589,-0.6311139667204612,0.21730973380606095,-1.2353035874837748,0.27253516092738633,-1.019978434824892,0.7608368091085088,-0.781728171145339
0.9998303111573253,0.1480649820258512,1.209296485136912,1.0816805047494875,0.8246890367842786,-0.8111586798892301,-0.5845428860907194,-0.28274911520189183,-1.4014681278853909,1.459181103226713,1.435306478470724,0.7354087306383301,-0.30091768483855236,0.4895387240312183,-1.1424932876461185,1.1314284304186495,1.1723916570680006,-0.3814182129175399,0.8378260290391415,0.5953812590948793,0.6700225547603799,1.6913885267135573,0.8823765489613136
1.185536045643148,-0.10344068994235191,1.142820605877337,-0.8384624030898393,-0.7446147259172028,-0.1676811611477812,1.4733616584030114,-1.4515938827687678,-0.6859118262663001,0.04282782530847982,1.435306478470724,1.451052073706214,0.3272405041882469,-0.8068437734032816,-0.2467337621552871,-0.8838384939911589,-0.6311139667204612,-0.2217574271245793,0.5913700606413119,0.03198316621435181,0.062316719464306405,-1.1002666261015883,0.09598559891091363
1.5350997811458735,-1.3861196169801882,-1.47189731166597,-0.8384624030898393,-0.5842479180498981,-0.2788579052235289,1.4733616584030114,0.30167326858154614,1.4607570785909727,-0.6653488136506367,-0.007212595369199463,-0.6958779554974378,-0.30091768483855236,-0.8068437734032816,1.9180184244475553,-0.8838384939911589,-0.6311139667204612,-0.3481555492106732,-1.6919719995150466,-0.8669216561343549,0.7221116263571865,-1.1002666261015883,-0.025778161096890156
-1.3269533032826895,-1.0340116762247022,0.4669825000716521,-0.8384624030898393,0.06867408540984235,-0.12388426196642603,0.10142529540719089,0.30167326858154614,-0.6859118262663001,-1.3735254526097533,-1.4497316692091227,-0.6958779554974378,-0.9290758738653516,-0.8068437734032816,1.227537123548373,1.1314284304186495,0.22317817086354722,-0.3015878200210596,-0.4524434525730234,1.4436435562408425,-0.4817246949912263,-1.1002666261015883,1.3592846089918789
-0.6059780988083185,-0.7447801534612691,1.2646930511865582,0.12160905082982407,0.28631475322975586,0.40167852820983585,1.4733616584030114,1.4705180361484222,-1.4014681278853909,-1.3735254526097533,-1.4497316692091227,-1.4115212985653218,0.9553986932150462,1.785921221465718,-0.43335032996587697,1.1314284304186495,0.3655601937942153,0.9025206061675151,-0.10450561483491128,-0.27187198500211235,-0.9621016886062183,-0.16971490849653975,1.1664919889795229
0.322550573620795,1.242114655087535,0.20107898303334903,0.12160905082982407,3.9747513341777636,0.08499325720619087,-0.24155879534176422,-0.28274911520189183,-0.6859118262663001,1.459181103226713,-0.7284721322891611,0.019765387570446186,2.2117150712686446,0.4895387240312183,-0.8065834655870567,-0.8838384939911589,-0.6311139667204612,1.3415877670981562,-0.7931325853582575,-1.3923378551128247,-1.1010058795310351,0.7608368091085088,-0.18305635110697022
-0.9555418343110441,-0.8328071386501406,1.40872412291564,1.0816805047494875,-1.076803113642334,-1.1446889121164732,-1.2705110675886295,-0.8671714989853299,0.02964447535279087,1.459181103226713,1.435306478470724,1.451052073706214,0.3272405041882469,0.4895387240312183,2.0299883651339092,-0.8838384939911589,-0.6311139667204612,1.60768907675309,-1.242552292436652,-0.29719324760348426,0.35748812517954237,0.7608368091085088,0.6845104389486324
-0.6605974324806192,0.990608983119332,-0.7074247001808514,-0.8384624030898393,-0.8018885858698116,0.20290798577137784,-0.9275269768396744,-0.28274911520189183,1.4607570785909727,-0.6653488136506367,-0.7284721322891611,-0.6958779554974378,0.3272405041882469,-0.8068437734032816,-0.526658613871172,-0.8838384939911589,-0.6311139667204612,1.4081130945118896,-1.7572103440909426,0.8929060946610008,1.4455709540906077,0.7608368091085088,-1.3093711311791556
0.9452109774850237,-0.8956835566421913,0.6442515114305197,0.12160905082982407,-0.1833308983816364,-0.40687961052287475,-1.2705110675886295,0.30167326858154614,1.4607570785909727,0.04282782530847982,0.7140469415507622,-1.4115212985653218,1.5835568822418453,0.4895387240312183,-0.39602701640375904,1.1314284304186495,0.9350882855168874,-0.10201183777985931,0.8668208488506501,-0.6896728179247509,-0.5106630681005632,-1.1002666261015883,1.7195023990149652
0.5191801748410786,-1.0717375270199343,-0.9954868436390117,-0.8384624030898393,-0.3780620222205064,0.20964597026081708,-0.9275269768396744,0.8860956523649842,0.7452007769718818,0.7510044642675964,-0.7284721322891611,0.019765387570446186,-0.30091768483855236,-0.8068437734032816,-0.5826435842143489,1.1314284304186495,-0.39381059516934774,0.07095401349584769,1.0045462429553198,-2.677391932132455,0.15491951341418442,-0.16971490849653975,-0.5077597111277804
0.6611904423890607,-0.2920699439185042,1.475200002175215,-0.8384624030898393,0.7215960888695828,-0.548377284801099,1.1303775676540562,0.30167326858154614,-0.6859118262663001,-0.6653488136506367,-0.7284721322891611,1.451052073706214,-0.30091768483855236,1.785921221465718,-0.17208713503105116,-0.8838384939911589,-0.6311139667204612,-0.7340024482103269,-0.09725690988203435,1.1081368267726635,0.19543323576725574,-1.1002666261015883,-0.5686415911316821
1.6661861819593946,0.8397055799384098,-0.8514557719099315,-0.8384624030898393,-0.8133433578603334,0.869968450225864,-0.24155879534176422,0.30167326858154614,0.02964447535279087,-0.6653488136506367,-0.7284721322891611,0.019765387570446186,-0.9290758738653516,-0.8068437734032816,1.9740033947907325,1.1314284304186495,0.22317817086354722,0.7495123531159283,0.054965894128389654,-0.993527969141215,-0.8116221484376666,2.621940244318606,1.4150929989954555
0.5191801748410786,0.8019797291431796,-0.06482453400495405,2.0417519586691513,-0.4353358821731152,-0.33949976562848216,-0.9275269768396744,0.30167326858154614,-1.4014681278853909,0.7510044642675964,-1.4497316692091227,1.451052073706214,0.3272405041882469,-0.8068437734032816,-1.0865083173029415,-0.8838384939911589,-0.6311139667204612,-1.3327303949339278,0.0912094188927763,0.7409785190527682,1.4571463033343426,0.7608368091085088,1.805751729020493
-0.11440409575761099,2.1223845069762457,-0.5966315680815586,0.12160905082982407,-0.9966197097086815,-0.18452612237137933,1.1303775676540562,-0.8671714989853299,1.4607570785909727,1.459181103226713,-0.7284721322891611,0.019765387570446186,-0.9290758738653516,0.4895387240312183,-1.0491850037408235,1.1314284304186495,0.9350882855168874,1.248452308718929,-1.046837258708964,0.6270328373465943,-1.0141907602030245,-0.16971490849653975,-0.27437917111282295
0.20238803954173382,1.4055933418668667,1.0874240398276904,-0.8384624030898393,0.664322228916974,-1.0537261215090432,1.1303775676540562,0.30167326858154614,0.02964447535279087,-1.3735254526097533,0.7140469415507622,-0.6958779554974378,-1.5572340628921508,3.082303718900218,-0.3027187324984641,1.1314284304186495,-0.39381059516934774,0.33040279040940795,-0.8728683398399082,-0.3858176667082867,0.021802997111234654,1.6913885267135573,0.5779671489418039
1.0216780446262452,0.563049340773386,-0.37504530388297325,-0.8384624030898393,0.11449317337192941,-1.3939943382257256,0.7873934769051011,1.4705180361484222,-0.6859118262663001,0.04282782530847982,1.435306478470724,0.019765387570446186,-1.5572340628921508,-0.8068437734032816,1.115567182862019,1.1314284304186495,-0.3463499208591251,-1.8848906124679152,-1.6339823598920278,-0.0059987276877063195,-1.6450472939865677,0.7608368091085088,0.9381849389648907
-1.6109738383786536,0.9151572815288718,2.16211742119083,-0.8384624030898393,-0.733159953926681,1.927832015067827,1.1303775676540562,1.4705180361484222,0.7452007769718818,1.459181103226713,1.435306478470724,-1.4115212985653218,-1.5572340628921508,-0.8068437734032816,-0.02279388078257926,1.1314284304186495,0.6028635653453287,0.802732615046915,-0.7351429457352391,0.7346482034024256,-1.5698075239022922,-1.1002666261015883,-1.0151087111602966
-1.3597249034860703,-0.34237107831214375,-1.5383731909255465,2.0417519586691513,-1.3517176414148562,-0.42709356399119247,0.7873934769051011,-0.8671714989853299,-0.6859118262663001,-0.6653488136506367,-0.7284721322891611,-0.6958779554974378,-0.9290758738653516,-0.8068437734032816,-0.5639819274332899,1.1314284304186495,0.033335473622656396,2.0001885084941167,0.9538053082851783,-1.689862690678946,-0.614841211294176,-0.16971490849653975,0.9381849389648907
-0.5513587651360179,0.13548969842744177,0.9323136548886801,0.12160905082982407,1.3516085483482798,-1.1581648810953515,-1.6134951583375847,0.8860956523649842,0.02964447535279087,-0.6653488136506367,1.435306478470724,-0.6958779554974378,-0.30091768483855236,-0.8068437734032816,-0.5826435842143489,-0.8838384939911589,-0.6311139667204612,-0.37476568017616646,-0.0030237454946287715,-0.08829283114216523,-1.99230777129861,-0.16971490849653975,-0.624449981135259
-0.33288143044681445,0.48759763918292576,1.7632621456333752,-0.8384624030898393,1.637977848111324,1.0788459693984809,0.10142529540719089,-0.8671714989853299,1.4607570785909727,1.459181103226713,0.7140469415507622,-1.4115212985653218,0.9553986932150462,4.378686216334717,-0.6572902113385848,-0.8838384939911589,-0.6311139667204612,0.556588903616102,-0.0030237454946287715,0.3928111582839029,-2.403232669451193,-0.16971490849653975,0.2278963389193679
0.9889064444228653,0.19836611641949253,-0.14237972647445768,-0.8384624030898393,1.9128923758838463,1.3281513955077333,-0.9275269768396744,-0.28274911520189183,0.02964447535279087,-1.3735254526097533,0.7140469415507622,-0.6958779554974378,0.3272405041882469,-0.8068437734032816,-0.6759518681196438,1.1314284304186495,-0.29888924654890237,1.0754864574432226,-1.6702258846564144,0.5573993651928216,1.3182421124095254,-1.1002666261015883,-1.3651795211827324
1.4149372470668125,0.776829161946359,-0.7295833266007102,1.0816805047494875,0.04576454142879883,-0.07334937829563162,0.10142529540719089,0.8860956523649842,0.7452007769718818,0.7510044642675964,0.7140469415507622,0.7354087306383301,2.2117150712686446,-0.8068437734032816,-0.8812300927112927,-0.8838384939911589,-0.6311139667204612,-1.765145023123195,0.40290373186650175,-0.08196251549182212,-0.4817246949912263,1.6913885267135573,-0.5737150811320074
0.464560841168777,0.5253234899781558,0.9433929680986104,-0.8384624030898393,0.10303840138140764,-1.272710617415819,-1.6134951583375847,-1.4515938827687678,-1.4014681278853909,0.7510044642675964,-0.007212595369199463,1.451052073706214,0.3272405041882469,0.4895387240312183,-1.2731248851135315,-0.8838384939911589,-0.6311139667204612,1.5145536183738628,0.5478778309240483,-0.5693968205682338,-0.26179305936026637,-0.16971490849653975,0.6946574189492828
0.4099415074964764,-0.6316026010755788,1.1760585455071244,2.0417519586691513,0.3550433851728864,0.0277203890459572,-0.9275269768396744,-0.8671714989853299,0.7452007769718818,-1.3735254526097533,1.435306478470724,0.019765387570446186,-0.9290758738653516,-0.8068437734032816,1.7873868269801425,-0.8838384939911589,-0.6311139667204612,0.33040279040940795,0.7290954547459816,0.456114314787333,0.6700225547603799,1.6913885267135573,0.512011778937577
0.03853003852483096,-0.920834123839012,0.6885687642702375,-0.8384624030898393,-0.927891077765551,-0.8280036411128282,-0.24155879534176422,1.4705180361484222,-0.6859118262663001,0.7510044642675964,0.7140469415507622,1.451052073706214,-0.9290758738653516,0.4895387240312183,-0.7132751816817618,1.1314284304186495,0.46048154241466055,-1.339382927675301,-1.2353035874837748,-1.0505008099943025,-1.1241565780185043,1.6913885267135573,1.0751691689736695
1.338470179925591,-0.3297957947137343,1.0431067869879729,1.0816805047494875,-0.17187612639111466,0.7149948069687612,-1.2705110675886295,1.4705180361484222,1.4607570785909727,1.459181103226713,-0.007212595369199463,-1.4115212985653218,-0.9290758738653516,-0.8068437734032816,-0.4893353003090539,1.1314284304186495,1.6469984001702276,-1.0267138888307539,1.6931732134786661,1.4942860814435865,-0.9505263393624833,-0.16971490849653975,-0.96944730115737
0.4099415074964764,0.37442008679723365,-1.8375146475936364,-0.8384624030898393,-1.2944437814622474,0.07488628047203198,1.4733616584030114,-0.8671714989853299,0.02964447535279087,-0.6653488136506367,-0.007212595369199463,-1.4115212985653218,-0.30091768483855236,-0.8068437734032816,0.21980765737118757,1.1314284304186495,0.46048154241466055,1.8205701244770371,-1.061334668614719,-0.8099488152812679,0.6526595308947779,-0.16971490849653975,0.8164211789570865
-0.016089295147469665,1.9086046858032728,1.375486183285851,2.0417519586691513,0.44668156109706053,-0.8077896876445104,-0.24155879534176422,-1.4515938827687678,-0.6859118262663001,-1.3735254526097533,0.7140469415507622,-0.6958779554974378,0.3272405041882469,1.785921221465718,-0.7879218088059977,1.1314284304186495,2.5487512120644586,1.0488763264777288,-0.8656196348870309,0.6523540999479668,-0.238642360872797,-0.16971490849653975,0.1315000289131899
-1.1303237020624068,0.16064026562426242,0.11244447735391519,-0.8384624030898393,1.3286990043672362,-0.6831369745898842,0.7873934769051011,-0.8671714989853299,1.4607570785909727,0.04282782530847982,-1.4497316692091227,0.7354087306383301,-0.9290758738653516,-0.8068437734032816,2.253928246506617,-0.8838384939911589,-0.6311139667204612,-2.057856463743622,0.5406291259711704,-0.7909578683302391,-1.8939173027268645,0.7608368091085088,1.739796359016266
-1.3269533032826895,-2.153211916483207,-0.5412350020319123,2.0417519586691513,0.17176703332453822,-0.17778813788194006,1.1303775676540562,-0.8671714989853299,0.7452007769718818,-0.6653488136506367,-1.4497316692091227,0.7354087306383301,0.3272405041882469,0.4895387240312183,-0.7692601520249388,-0.8838384939911589,-0.6311139667204612,1.940315713821757,0.6711058151229631,-1.588577640273458,0.8957418650132076,-0.16971490849653975,1.6941349490133393
0.5519517750444584,0.7265280275527194,0.06812722451419749,2.0417519586691513,-0.9966197097086815,-0.6022811607166131,1.4733616584030114,1.4705180361484222,-0.6859118262663001,0.04282782530847982,1.435306478470724,0.7354087306383301,-0.9290758738653516,0.4895387240312183,0.4997325090870724,1.1314284304186495,1.3147736799986687,1.5278586838566097,0.35941150214923717,1.950068808268283,0.0507413702205715,0.7608368091085088,-0.6143030011346089
-0.5295110316670971,-0.46812391429624534,1.4198034361255687,-0.8384624030898393,-0.5384288300878111,-0.41698658725703364,1.4733616584030114,-0.8671714989853299,0.7452007769718818,-0.6653488136506367,1.435306478470724,1.451052073706214,2.2117150712686446,0.4895387240312183,-0.43335032996587697,1.1314284304186495,1.1723916570680006,0.8426478114951556,0.22168610804456854,0.36115958003218834,0.3517004505576749,-0.16971490849653975,-0.18812984110729508
-0.40934849758803593,0.5504740571749765,1.2646930511865582,-0.8384624030898393,-1.1569865175759861,-0.4776284476619869,-1.6134951583375847,1.4705180361484222,0.7452007769718818,-1.3735254526097533,-0.007212595369199463,0.019765387570446186,2.2117150712686446,-0.8068437734032816,0.1824843438090696,1.1314284304186495,1.1723916570680006,-0.26167262357281945,0.7435928646517365,-1.4746319585672836,1.0520090798036268,0.7608368091085088,1.23244735898375
-1.545430637971893,1.770276566220762,-0.8957730247496493,0.12160905082982407,1.2599703724241056,-1.4142082916940433,0.444409386156146,1.4705180361484222,0.7452007769718818,-0.6653488136506367,-1.4497316692091227,-1.4115212985653218,-0.30091768483855236,-0.8068437734032816,-0.340042046060582,1.1314284304186495,-0.014125200687566225,0.7761224840814221,-2.315360625462497,-1.9304146853919804,-0.8058344738157991,-1.1002666261015883,-0.7868016611456643
-0.9336941008421233,-1.235216213799266,-0.031586594375164985,2.0417519586691513,-1.1111674296138991,-0.7437788349948374,-0.9275269768396744,0.30167326858154614,-1.4014681278853909,1.459181103226713,-0.7284721322891611,0.019765387570446186,1.5835568822418453,-0.8068437734032816,-0.8439067791491747,-0.8838384939911589,-0.6311139667204612,0.6763344929608219,-0.0030237454946287715,-1.3796772238121384,-0.7653207514627277,-1.1002666261015883,2.566775229069267
0.6393427089201398,0.5504740571749765,-1.5383731909255465,0.12160905082982407,0.18322180531505997,-1.8858672059547912,-0.9275269768396744,-0.28274911520189183,0.02964447535279087,-0.6653488136506367,0.7140469415507622,0.019765387570446186,-0.30091768483855236,0.4895387240312183,-0.28405707571740507,-0.8838384939911589,-0.6311139667204612,1.7473922643219297,1.1205255222013566,-0.8922429187357273,0.24173463274219495,-0.16971490849653975,-2.2428932912389854
-0.9446179675765842,1.5187708942525588,1.475200002175215,0.12160905082982407,2.5199952913814996,2.1198645730168457,1.4733616584030114,1.4705180361484222,0.7452007769718818,-1.3735254526097533,-0.007212595369199463,0.7354087306383301,-0.30091768483855236,-0.8068437734032816,-1.2544632283324724,-0.8838384939911589,-0.6311139667204612,1.48794348740837,1.0552871776254613,-0.49343303276411754,-0.8000467991939316,-0.16971490849653975,-0.6092295111342836
0.9779825776884055,0.47502235558451633,0.27863417550285424,-0.8384624030898393,0.4123172451254952,-0.8852765092730618,1.4733616584030114,1.4705180361484222,1.4607570785909727,1.459181103226713,-0.7284721322891611,-1.4115212985653218,-0.30091768483855236,0.4895387240312183,-0.32138038927952306,-0.8838384939911589,-0.6311139667204612,-1.1664170763995942,0.6131161754999437,-0.7846275526798959,1.2661530408127195,-0.16971490849653975,0.3851745289294479
-0.7589122330907605,-0.5561508994851168,0.622092885010661,1.0816805047494875,-0.927891077765551,0.30397775311296665,1.1303775676540562,-0.8671714989853299,0.02964447535279087,-1.3735254526097533,-0.7284721322891611,0.019765387570446186,-0.30091768483855236,0.4895387240312183,-1.3477715122377674,-0.8838384939911589,-0.6311139667204612,-0.833790439330927,-0.6481584863007109,0.9308879885630585,1.3934818824938011,-1.1002666261015883,0.1822349289164415
-0.5732064986049378,2.235562059361938,-0.4304418699326196,0.12160905082982407,1.2828799164051492,1.1462258142928734,-0.9275269768396744,0.30167326858154614,1.4607570785909727,-0.6653488136506367,0.7140469415507622,-1.4115212985653218,0.3272405041882469,1.785921221465718,1.7314018566369656,1.1314284304186495,-0.6311139667204612,-1.4657810497613946,0.6783545200758401,-0.3288448258551993,0.0854674179517758,-0.16971490849653975,1.5774446790058607
-0.6278258322772394,0.32411895240359406,-0.884693711539719,-0.8384624030898393,-0.6186122340214634,0.4252614739228732,-1.2705110675886295,-1.4515938827687678,-1.4014681278853909,1.459181103226713,0.7140469415507622,-0.6958779554974378,-0.9290758738653516,-0.8068437734032816,-0.6946135249007028,1.1314284304186495,1.409695028619114,-1.5522639753992478,-0.952604094321559,-0.9112338656867561,1.2430023423252499,-1.1002666261015883,-0.48746575112647983
-0.005165428413009734,-0.3046452275169137,-0.1534590396843879,-0.8384624030898393,-0.35515247823946283,-0.5281633313327814,-1.2705110675886295,0.30167326858154614,-0.6859118262663001,1.459181103226713,-1.4497316692091227,1.451052073706214,2.8398732602954437,3.082303718900218,1.1528904964241369,1.1314284304186495,1.267313005688446,-1.1664170763995942,-0.08275949997627949,1.2030915615278086,-0.6379919097816454,-1.1002666261015883,0.608408088943755
1.6989577821627764,-2.769400812805304,0.6331721982205911,0.12160905082982407,-0.35515247823946283,0.8497544967575463,-1.6134951583375847,-0.28274911520189183,1.4607570785909727,-0.6653488136506367,-1.4497316692091227,-0.6958779554974378,-0.30091768483855236,-0.8068437734032816,0.4810708523060134,1.1314284304186495,0.7927062625862195,-0.5676891296759933,-0.0030237454946287715,-0.4237995606103444,-1.679773341717772,-0.16971490849653975,0.8570090989596877
1.2183076458465278,0.2235166836163132,-0.4193625567226894,2.0417519586691513,-0.5155192861067676,1.2338196126555838,0.10142529540719089,1.4705180361484222,-1.4014681278853909,-1.3735254526097533,-0.007212595369199463,-1.4115212985653218,0.3272405041882469,1.785921221465718,1.3581687210157858,-0.8838384939911589,-0.6311139667204612,-1.4458234515372748,1.3887276054578181,-0.5440755579668619,0.5021799907262265,-1.1002666261015883,0.3851745289294479
-1.2504862361414681,-0.48069919789465654,0.5223790661212985,-0.8384624030898393,-0.6071574620309417,0.10520721067450862,-0.9275269768396744,-1.4515938827687678,0.02964447535279087,0.7510044642675964,1.435306478470724,0.7354087306383301,-1.5572340628921508,-0.8068437734032816,-0.8439067791491747,1.1314284304186495,2.1216051432724545,1.2085371122706894,1.1205255222013566,-0.5820574518689196,0.843652793416401,-1.1002666261015883,0.3293661389258711
0.7922768432025827,-1.7633781249324927,1.6524690135340827,-0.8384624030898393,0.11449317337192941,-0.3563447268520803,0.7873934769051011,-1.4515938827687678,0.7452007769718818,0.04282782530847982,-1.4497316692091227,-0.6958779554974378,-0.30091768483855236,-0.8068437734032816,-0.004132224001520273,1.1314284304186495,3.0233579551666856,-1.3526879931580476,0.7145980448402267,-0.25921135370142656,1.8449205029994566,-0.16971490849653975,0.7098778889502582
1.2947747129877492,1.342716923874816,-0.530155688821982,2.0417519586691513,-0.04587363449537527,1.1799157367400697,-0.9275269768396744,-0.28274911520189183,-1.4014681278853909,0.04282782530847982,-1.4497316692091227,0.7354087306383301,0.3272405041882469,0.4895387240312183,0.40642422518177745,-0.8838384939911589,-0.6311139667204612,0.7761224840814221,0.4681420764423971,0.9625395668147735,0.9709816350974833,-1.1002666261015883,-1.1115050211664745
-0.7807599665596814,0.8019797291431796,-0.042665907585095204,2.0417519586691513,-1.0997126576233773,0.2972397686235274,0.444409386156146,-0.28274911520189183,-0.6859118262663001,-1.3735254526097533,-0.7284721322891611,0.019765387570446186,1.5835568822418453,0.4895387240312183,1.3581687210157858,-0.8838384939911589,-0.6311139667204612,0.7761224840814221,-0.5031843872431644,0.8106119912065419,2.36581121896752,-0.16971490849653975,1.5165627990019586
-0.1362518292265318,1.103786535505024,-1.5162145645056877,-0.8384624030898393,-0.22914998634372347,0.7520537216606771,0.444409386156146,-0.8671714989853299,0.02964447535279087,1.459181103226713,-0.007212595369199463,1.451052073706214,-0.30091768483855236,-0.8068437734032816,-0.17208713503105116,-0.8838384939911589,-0.6311139667204612,0.915825671650262,0.3956550269136238,0.7093269408010533,1.2950914139220564,0.7608368091085088,0.04017720890733715
-1.8512989065367769,0.890006714332051,0.36726868118228806,-0.8384624030898393,-1.0997126576233773,0.5768661249352565,-0.9275269768396744,0.30167326858154614,1.4607570785909727,1.459181103226713,-0.007212595369199463,-0.6958779554974378,0.9553986932150462,0.4895387240312183,-0.7692601520249388,-0.8838384939911589,-0.6311139667204612,0.3969281178231414,0.5913700606413119,0.7029966251507106,0.7278993009790535,0.7608368091085088,0.7504658089528596
0.8141245766715026,0.32411895240359406,1.5638345078546487,-0.8384624030898393,-0.2749690743058105,0.327560698826004,1.4733616584030114,-0.28274911520189183,-1.4014681278853909,-1.3735254526097533,-0.7284721322891611,-0.6958779554974378,-0.30091768483855236,0.4895387240312183,-0.2653954189363461,-0.8838384939911589,-0.6311139667204612,-0.2417150253486996,-0.5611740268661833,-1.2530709108052784,-0.26758073398213383,-0.16971490849653975,-0.0663660810994913
1.1964599123776078,1.4055933418668667,-0.9622489040092242,0.12160905082982407,-0.33224293425841933,-1.0806780594668002,1.4733616584030114,-0.8671714989853299,-0.6859118262663001,0.04282782530847982,-0.7284721322891611,-0.6958779554974378,-0.9290758738653516,-0.8068437734032816,-0.9372150630544697,1.1314284304186495,0.9350882855168874,1.7407397315805568,-0.5031843872431644,0.11427726966881117,-0.44121097263815495,0.7608368091085088,0.41054197893107375
-0.5622826318704779,0.5127482063797464,0.1899996698234204,1.0816805047494875,-0.733159953926681,0.20964597026081708,-1.2705110675886295,-1.4515938827687678,0.7452007769718818,0.04282782530847982,-0.7284721322891611,-0.6958779554974378,2.8398732602954437,-0.8068437734032816,-0.060117194344697235,-0.8838384939911589,-0.6311139667204612,-0.3814182129175399,0.6638571101700852,1.032173038968547,-0.44121097263815495,-1.1002666261015883,0.41054197893107375
0.5737995085133792,-0.6819037354692183,-0.9511695907992955,1.0816805047494875,-0.38951679421102814,1.6010397673300232,0.7873934769051011,-0.8671714989853299,0.7452007769718818,1.459181103226713,-1.4497316692091227,1.451052073706214,-0.30091768483855236,0.4895387240312183,1.8806951108854375,-0.8838384939911589,-0.6311139667204612,-0.7938752428826868,1.41047372031645,2.6653944767570428,-0.18655328927599074,-1.1002666261015883,0.11627955891221456
-0.8135315667630622,-0.3297957947137343,1.1095826662475494,0.12160905082982407,0.9850558446515834,0.0883622494509105,0.10142529540719089,-0.8671714989853299,-0.6859118262663001,0.04282782530847982,0.7140469415507622,0.7354087306383301,-0.30091768483855236,1.785921221465718,-0.20941044859316912,-0.8838384939911589,-0.6311139667204612,0.07760654623722113,2.0338623462639007,-0.4997633484144607,0.7221116263571865,-1.1002666261015883,1.146198028978222
-1.7639079726610964,-0.5058497650914773,0.4115859340220058,-0.8384624030898393,-0.6644313219835505,-1.2019617802767069,-0.9275269768396744,0.30167326858154614,0.7452007769718818,-1.3735254526097533,1.435306478470724,0.7354087306383301,0.3272405041882469,-0.8068437734032816,-0.22807210537422812,-0.8838384939911589,-0.6311139667204612,-2.86946545819117,0.3304166823377285,-1.67720205937826,0.48481696686062425,-0.16971490849653975,1.7245758890152907
0.11499710566605242,-0.9585599746342421,0.47806181328158076,0.12160905082982407,0.6528674569264522,-0.35971371909679994,1.4733616584030114,1.4705180361484222,0.02964447535279087,1.459181103226713,-0.7284721322891611,1.451052073706214,-1.5572340628921508,0.4895387240312183,-0.19074879181211016,1.1314284304186495,1.884301771721341,0.2838350612197944,1.403225015363573,-0.18324756589731034,0.617933483163574,-1.1002666261015883,-0.6345969611359095
-1.0429327681867255,0.6007751915686178,0.17892035661349018,0.12160905082982407,0.04576454142879883,0.2803948073999293,-0.5845428860907194,-1.4515938827687678,1.4607570785909727,1.459181103226713,-0.007212595369199463,-1.4115212985653218,-0.9290758738653516,-0.8068437734032816,-0.39602701640375904,1.1314284304186495,0.7927062625862195,0.07095401349584769,-0.7786351754525032,-1.6708717437279168,-1.0257661094467594,-0.16971490849653975,-0.040998631097865494
-0.1362518292265318,-0.6441778846739882,0.887996402048964,0.12160905082982407,-0.36660725022998464,1.4797560465201165,-0.5845428860907194,-1.4515938827687678,-1.4014681278853909,0.04282782530847982,-1.4497316692091227,1.451052073706214,-0.30091768483855236,0.4895387240312183,1.28352209389155,-0.8838384939911589,-0.6311139667204612,-0.04879157584887276,-0.7206455358294842,1.4499738718911852,0.0160153224893672,-0.16971490849653975,1.2628882989857007
-0.3110336969778946,1.1289371027018429,-0.45260049635247845,0.12160905082982407,0.6872317728980175,0.8767064347153033,1.1303775676540562,-0.8671714989853299,0.02964447535279087,-1.3735254526097533,-0.7284721322891611,-0.6958779554974378,-0.9290758738653516,-0.8068437734032816,1.3581687210157858,-0.8838384939911589,-0.6311139667204612,1.7673498625460495,-0.6481584863007109,0.17758042617224123,0.027590671733102104,0.7608368091085088,0.7504658089528596
-0.1362518292265318,1.0786359683082034,-0.5744729416616998,0.12160905082982407,-0.6415217780025069,0.17595604781362081,0.444409386156146,0.8860956523649842,1.4607570785909727,-1.3735254526097533,0.7140469415507622,1.451052073706214,-0.30091768483855236,-0.8068437734032816,0.8543039879271932,1.1314284304186495,1.1249309827577783,0.8825630079433953,-0.0030237454946287715,-1.08848270389636,-0.3196698055789401,-0.16971490849653975,0.7403188289522092
1.0981451117674665,-1.2226409302008547,-0.06482453400495405,0.12160905082982407,-0.7102504099456375,-0.35971371909679994,0.444409386156146,-0.28274911520189183,0.02964447535279087,0.04282782530847982,-0.007212595369199463,-0.6958779554974378,0.3272405041882469,-0.8068437734032816,-0.6572902113385848,-0.8838384939911589,-0.6311139667204612,0.7694699513400483,-0.7858838804053806,-0.5250846110158326,0.5484813877011654,0.7608368091085088,0.7809067489548104
1.1199928452363865,1.4181686254652779,2.4169416250192026,-0.8384624030898393,-0.16042135440059288,1.8065482942579205,-1.2705110675886295,-1.4515938827687678,0.7452007769718818,0.04282782530847982,-0.007212595369199463,1.451052073706214,-0.9290758738653516,-0.8068437734032816,-0.6013052409954078,-0.8838384939911589,-0.6311139667204612,-2.2973476424330626,0.6203648804528216,-0.4301298762606875,0.11440579106111265,1.6913885267135573,-0.9136389111537933
-2.987381046920634,-1.876555677318183,-0.33072805104325553,1.0816805047494875,-0.04587363449537527,-0.18452612237137933,0.7873934769051011,-0.8671714989853299,0.7452007769718818,-0.6653488136506367,-0.7284721322891611,-0.6958779554974378,1.5835568822418453,0.4895387240312183,-0.6946135249007028,-0.8838384939911589,-0.6311139667204612,-0.1884947634177126,-0.10450561483491128,0.016157377088494743,0.5716320861886351,-0.16971490849653975,1.5571507190045597
-1.545430637971893,-0.09086540634394068,0.48914112649150937,1.0816805047494875,-0.8362529018413769,-0.612388137450772,-0.5845428860907194,0.30167326858154614,-1.4014681278853909,1.459181103226713,1.435306478470724,-1.4115212985653218,-0.9290758738653516,0.4895387240312183,0.3504392548386005,-0.8838384939911589,-0.6311139667204612,-0.8670531030377937,-0.9598527992744363,0.665014731248653,0.1201934656829801,-0.16971490849653975,-1.3448855611814319
0.9452109774850237,-0.11601597354076135,-3.5437288819227435,2.0417519586691513,0.05721931341932059,-0.03629046360371572,1.1303775676540562,-0.28274911520189183,0.7452007769718818,0.7510044642675964,-0.7284721322891611,-0.6958779554974378,0.3272405041882469,-0.8068437734032816,-0.9558767198355287,1.1314284304186495,-0.203967897928457,-1.605484237330235,1.1132768172484797,0.016157377088494743,1.6307765419903637,-0.16971490849653975,0.8519356089593628
-2.4958070438699274,0.12291441482903054,-0.9290109643794368,0.12160905082982407,0.5955935969738434,0.2905017841340881,0.7873934769051011,0.8860956523649842,1.4607570785909727,-0.6653488136506367,-1.4497316692091227,0.7354087306383301,-0.30091768483855236,0.4895387240312183,-0.4893353003090539,1.1314284304186495,2.1216051432724545,0.004428686082114264,-0.29297194360972195,1.2030915615278086,1.6655025897215676,2.621940244318606,0.8062741989564361
0.6830381758579805,0.38699537039564486,0.4559031868617219,-0.8384624030898393,0.7903247208127134,-0.5012113933750243,-1.6134951583375847,-0.8671714989853299,0.02964447535279087,-1.3735254526097533,0.7140469415507622,0.019765387570446186,-0.9290758738653516,-0.8068437734032816,-0.004132224001520273,1.1314284304186495,0.27063884517376985,0.6829870257021949,0.45364466653664326,0.08895600706743878,-0.33703282944454205,-0.16971490849653975,-0.07651306110014176
1.4367849805357322,-0.5310003322882961,0.31187211513264174,2.0417519586691513,-0.5269740580972893,1.1900227134742287,-1.2705110675886295,0.8860956523649842,0.7452007769718818,-1.3735254526097533,0.7140469415507622,0.7354087306383301,-0.30091768483855236,1.785921221465718,0.21980765737118757,-0.8838384939911589,-0.6311139667204612,-0.3481555492106732,1.3669814905991864,-0.46178145451240254,-1.0141907602030245,-0.16971490849653975,-0.177982861106645
0.3443983070897158,-1.3861196169801882,-0.984407530429083,-0.8384624030898393,0.3206790692013211,-1.9195571284019874,0.7873934769051011,-1.4515938827687678,0.02964447535279087,0.7510044642675964,1.435306478470724,0.7354087306383301,-0.30091768483855236,-0.8068437734032816,0.984935585394606,-0.8838384939911589,-0.6311139667204612,-0.09535930503848587,-0.03201856530613798,-0.7339850274771521,0.0738920687080409,0.7608368091085088,-1.2789301911772049
0.07130163872821173,-0.05313955554871057,-0.28641079820353943,-0.8384624030898393,-1.0653483416518121,0.0647793037378731,0.7873934769051011,0.8860956523649842,0.7452007769718818,1.459181103226713,-1.4497316692091227,1.451052073706214,0.9553986932150462,0.4895387240312183,-0.414688673184818,-0.8838384939911589,-0.6311139667204612,-0.9801461596411407,-1.6702258846564144,0.5067568399900778,0.7742006979539932,0.7608368091085088,0.5678201689411538
-0.20179502963329238,-1.4615713185706483,-0.7739005794404263,-0.8384624030898393,-0.4009715662015499,0.03108938129067683,1.1303775676540562,-0.28274911520189183,0.7452007769718818,-1.3735254526097533,-0.007212595369199463,0.7354087306383301,-0.30091768483855236,0.4895387240312183,0.20114600059012858,1.1314284304186495,0.08079614793287912,-0.08205423955573947,0.8088312092276317,-1.1517858603997901,0.40378952215448116,-0.16971490849653975,-1.3296650911804564
-0.33288143044681445,0.9654584159225112,-1.1616765417879507,-0.8384624030898393,-0.9164363057750292,0.5970800784035742,0.7873934769051011,-0.8671714989853299,0.02964447535279087,0.04282782530847982,-0.7284721322891611,0.7354087306383301,-1.5572340628921508,-0.8068437734032816,-0.2653954189363461,1.1314284304186495,0.6977849139657739,-1.0134088233480074,-1.9964176075358941,-0.5693968205682338,-0.7826837753283297,-0.16971490849653975,-1.5427516711941132
-0.5076632981981772,-0.05313955554871057,0.5334583793312271,-0.8384624030898393,0.21758612128662527,-0.6865059668346039,-0.9275269768396744,1.4705180361484222,0.02964447535279087,0.7510044642675964,-0.7284721322891611,0.019765387570446186,-0.9290758738653516,0.4895387240312183,0.44374753874389544,-0.8838384939911589,-0.6311139667204612,-0.8138328411068072,1.1422716370599895,0.7852907286051695,-1.1241565780185043,-0.16971490849653975,1.5622242090048855
0.20238803954173382,0.13548969842744177,-1.5162145645056877,0.12160905082982407,-0.5727931460593764,-0.982977284369931,1.1303775676540562,-1.4515938827687678,-1.4014681278853909,-0.6653488136506367,0.7140469415507622,1.451052073706214,-0.30091768483855236,-0.8068437734032816,-0.35870370284164105,1.1314284304186495,0.5079422167248833,-0.773917644658567,-1.641231064844905,0.5890509434445367,-0.30809445633520516,-0.16971490849653975,0.23296982891969312
-0.7370644996218406,0.23609196721472264,-0.24209354536382172,0.12160905082982407,-0.38951679421102814,-1.272710617415819,1.4733616584030114,-0.28274911520189183,-1.4014681278853909,-0.6653488136506367,-0.7284721322891611,0.019765387570446186,0.3272405041882469,-0.8068437734032816,0.3317775980575415,-0.8838384939911589,-0.6311139667204612,0.9756984663226224,2.744235431645879,-0.2908629319531416,1.3240297870313933,-0.16971490849653975,-0.7259197811417621
1.0216780446262452,0.814555012741589,-1.0841213493184456,-0.8384624030898393,0.8819628967368874,0.3309296910707237,0.10142529540719089,-0.28274911520189183,-0.6859118262663001,-1.3735254526097533,-0.7284721322891611,-1.4115212985653218,0.3272405041882469,-0.8068437734032816,0.8543039879271932,-0.8838384939911589,-0.6311139667204612,-0.6076043261242334,-1.4092725063528304,0.5637296808431643,0.7163239517353195,-1.1002666261015883,0.669289968947657
2.518247787247289,0.27381781800995275,0.21215829624327767,0.12160905082982407,-0.1833308983816364,-1.0166672068171272,-1.6134951583375847,1.4705180361484222,-0.6859118262663001,0.7510044642675964,1.435306478470724,0.019765387570446186,0.3272405041882469,-0.8068437734032816,-1.0678466605218826,-0.8838384939911589,-0.6311139667204612,-1.1531120109168473,-0.691650716017975,-1.0378401786936162,1.798619106024517,-0.16971490849653975,-0.42151038112225253
-0.5513587651360179,-0.19146767513122334,0.12352379056384383,2.0417519586691513,-0.03441886250485351,0.11194519516394788,0.444409386156146,-0.8671714989853299,0.02964447535279087,1.459181103226713,-0.007212595369199463,0.019765387570446186,-0.30091768483855236,-0.8068437734032816,0.5930407929923673,1.1314284304186495,-0.6311139667204612,-0.37476568017616646,0.7653389795103682,0.016157377088494743,0.1780702119016538,-1.1002666261015883,0.36488056892814735
0.21331190627619373,0.5378987735765671,-1.0176454700588706,-0.8384624030898393,0.21758612128662527,-0.8212656566233889,1.1303775676540562,0.30167326858154614,0.02964447535279087,1.459181103226713,-1.4497316692091227,-0.6958779554974378,0.3272405041882469,0.4895387240312183,-0.22807210537422812,1.1314284304186495,-0.29888924654890237,1.381502963546396,-0.2639771237982127,-0.02498967463873516,-0.33124515482267497,-1.1002666261015883,1.1614184989791974
0.12592097240051237,0.7013774603558988,-0.07590384721488269,2.0417519586691513,1.2256060564525404,-0.548377284801099,0.10142529540719089,0.30167326858154614,0.02964447535279087,1.459181103226713,-1.4497316692091227,1.451052073706214,-0.9290758738653516,-0.8068437734032816,-1.0305233469597646,1.1314284304186495,1.409695028619114,0.45014837975412797,0.32316797738485054,1.6841955509538766,0.06810439408617386,2.621940244318606,0.05539767890831249
1.7208055156316964,0.7894044455447702,-0.9733282172191529,-0.8384624030898393,-0.01150931852380998,1.5774568216169857,0.7873934769051011,0.8860956523649842,0.7452007769718818,1.459181103226713,0.7140469415507622,0.7354087306383301,-0.9290758738653516,-0.8068437734032816,-0.060117194344697235,-0.8838384939911589,-0.6311139667204612,0.09756414446134097,0.22168610804456854,-0.02498967463873516,0.0507413702205715,-0.16971490849653975,0.8316416489580619
0.35532217382417575,-1.172339795807215,-1.0287247832687991,1.0816805047494875,-0.8935267617939857,-1.9195571284019874,0.444409386156146,-0.8671714989853299,1.4607570785909727,0.04282782530847982,-0.7284721322891611,1.451052073706214,0.3272405041882469,0.4895387240312183,0.0331910895605977,-0.8838384939911589,-0.6311139667204612,1.3016725706499157,-3.4824021228757465,-1.1327949134487614,0.3980018475326137,0.7608368091085088,-0.41643689112192733
-1.7311363724577158,1.166662953497075,-0.652028134131205,-0.8384624030898393,-0.36660725022998464,-0.13736023094530453,-1.6134951583375847,-0.8671714989853299,-0.6859118262663001,-1.3735254526097533,-1.4497316692091227,1.451052073706214,-0.9290758738653516,0.4895387240312183,0.1824843438090696,-0.8838384939911589,-0.6311139667204612,-1.0599765525376206,-1.6919719995150466,0.4181324208852753,1.011495357450555,-1.1002666261015883,-0.6447439411365595
-0.4967394314637173,-1.310667915389726,0.2232376094532079,-0.8384624030898393,-0.927891077765551,-1.5287540280145107,-0.5845428860907194,-0.8671714989853299,-1.4014681278853909,-1.3735254526097533,1.435306478470724,-1.4115212985653218,-0.30091768483855236,-0.8068437734032816,-0.7879218088059977,1.1314284304186495,-0.25142857223867965,0.11086920994408785,-0.48868697733741,0.9941911450664885,0.10283044181737774,-1.1002666261015883,-0.5483476311303815
0.5737995085133792,0.13548969842744177,0.6442515114305197,-0.8384624030898393,-0.7789790418887681,-0.11377728523226716,-0.24155879534176422,0.8860956523649842,0.7452007769718818,-1.3735254526097533,-0.007212595369199463,0.7354087306383301,-0.9290758738653516,-0.8068437734032816,1.3021837506726088,1.1314284304186495,0.12825682224310186,-0.8271379065895536,-0.38720510799712754,-0.5440755579668619,0.01022764786750016,-1.1002666261015883,-1.7456912712071195
-0.7479883663563006,-0.4555486306978359,0.9877102209383265,1.0816805047494875,1.385972864319845,-0.10030131625338864,-0.9275269768396744,-0.8671714989853299,-0.6859118262663001,-1.3735254526097533,-1.4497316692091227,-0.6958779554974378,2.2117150712686446,-0.8068437734032816,-0.7319368384628208,-0.8838384939911589,-0.6311139667204612,-1.126501879951354,0.2506809278560772,0.06996506011640995,1.6018381688810268,0.7608368091085088,0.8874500389616391
1.5678713813492533,-0.12859125713917258,-2.358242368460312,0.12160905082982407,-0.3207881622678976,0.6341389930954902,1.1303775676540562,0.8860956523649842,0.7452007769718818,1.459181103226713,-1.4497316692091227,1.451052073706214,-0.30091768483855236,0.4895387240312183,-0.8065834655870567,1.1314284304186495,0.5079422167248833,-0.09535930503848587,-1.5397491955046227,-0.02498967463873516,0.13755648954858204,1.6913885267135573,1.338990648990578
0.06037777199375179,-0.34237107831214375,-1.1062799757383044,0.12160905082982407,0.25195043725819055,0.051303334758994595,-1.2705110675886295,-0.8671714989853299,0.02964447535279087,0.04282782530847982,0.7140469415507622,-1.4115212985653218,-1.5572340628921508,1.785921221465718,0.5370558226491904,-0.8838384939911589,-0.6311139667204612,0.7561648858573022,-2.3371067403211288,-0.7086637648757798,-0.30809445633520516,0.7608368091085088,0.5576731889405033
0.5519517750444584,-1.3358184825865467,-0.031586594375164985,-0.8384624030898393,3.069824346926544,0.4353684506570321,1.4733616584030114,1.4705180361484222,-0.6859118262663001,0.04282782530847982,-0.7284721322891611,-1.4115212985653218,0.3272405041882469,-0.8068437734032816,0.8169806743650752,-0.8838384939911589,-0.6311139667204612,0.17739453735782126,-1.5904901301747636,-0.4364601919110306,-0.7768961007064622,0.7608368091085088,0.9280379589642402
0.1914641728072729,0.16064026562426242,0.24539623587306672,-0.8384624030898393,-0.7904338138792898,-1.734262554942408,0.10142529540719089,0.30167326858154614,1.4607570785909727,1.459181103226713,1.435306478470724,-0.6958779554974378,0.9553986932150462,0.4895387240312183,-1.1798166012082365,-0.8838384939911589,-0.6311139667204612,-0.8737056357791672,-0.2132361891280712,2.6020913202536127,0.9420432619881464,-1.1002666261015883,0.4967913089366016
1.2947747129877492,0.5881999079702066,-0.39720393030283213,-0.8384624030898393,-1.0080744816992033,0.2803948073999293,-1.6134951583375847,0.30167326858154614,1.4607570785909727,0.04282782530847982,0.7140469415507622,-0.6958779554974378,-0.30091768483855236,-0.8068437734032816,-0.39602701640375904,1.1314284304186495,-0.39381059516934774,0.8626054097192754,2.1643390354156926,0.5763903121438505,-0.49330004423496115,0.7608368091085088,-0.44687783112387836
-1.709288638988795,-3.1718098879544296,1.7743414588433055,0.12160905082982407,-0.0687831784764188,-1.1244749586481553,-1.2705110675886295,1.4705180361484222,0.02964447535279087,0.7510044642675964,0.7140469415507622,1.451052073706214,-0.30091768483855236,0.4895387240312183,0.8729656447082521,1.1314284304186495,0.12825682224310186,-1.652051966519848,-1.3875263914941987,-1.2720618577563076,0.1780702119016538,-0.16971490849653975,-0.6143030011346089
0.5737995085133792,-0.0279889883518899,-0.6741867605510639,2.0417519586691513,0.04576454142879883,-0.9054904627413796,0.7873934769051011,-1.4515938827687678,0.02964447535279087,0.04282782530847982,1.435306478470724,0.019765387570446186,-1.5572340628921508,0.4895387240312183,0.6117024497734264,1.1314284304186495,0.6028635653453287,0.3503603886335278,0.45364466653664326,-0.1515959876455953,-0.09395049532611274,-1.1002666261015883,-0.3301875611163998
-0.10348022902315106,-1.6124747217515705,0.7772032699496714,0.12160905082982407,-1.2486246935001604,0.9036583726730604,0.7873934769051011,-0.8671714989853299,-1.4014681278853909,1.459181103226713,0.7140469415507622,-0.6958779554974378,0.9553986932150462,-0.8068437734032816,0.7796573608029572,1.1314284304186495,0.7927062625862195,1.8139175917356631,0.12745294365716295,1.1018065111223199,1.978037019302406,-1.1002666261015883,1.866633609024395
0.7813529764681219,0.41214593759246554,0.3561893679723594,-0.8384624030898393,0.12594794536245116,-1.697203640250492,-1.6134951583375847,0.8860956523649842,0.02964447535279087,-1.3735254526097533,1.435306478470724,1.451052073706214,0.3272405041882469,0.4895387240312183,-1.1611549444271776,-0.8838384939911589,-0.6311139667204612,-1.705272228450835,-0.8076299952640124,-1.0758220725956744,0.3864264982888792,0.7608368091085088,-1.9232634212185002
-0.11440409575761099,0.1480649820258512,-0.8625350851198601,1.0816805047494875,0.08012885740036411,-1.5826579039300246,0.444409386156146,1.4705180361484222,-0.6859118262663001,-1.3735254526097533,-1.4497316692091227,0.7354087306383301,1.5835568822418453,-0.8068437734032816,-0.6199668977764669,-0.8838384939911589,-0.6311139667204612,0.45014837975412797,-1.8296973936197158,0.3358383174308164,-0.5106630681005632,-1.1002666261015883,-0.5534211211307069
-0.3656530306501952,-0.0657148391471218,0.17892035661349018,-0.8384624030898393,-0.5498836020783329,0.6813048845215649,0.10142529540719089,1.4705180361484222,1.4607570785909727,-1.3735254526097533,-0.007212595369199463,-1.4115212985653218,0.3272405041882469,0.4895387240312183,-0.2653954189363461,1.1314284304186495,0.413020868104438,0.41023318330588826,-0.3799564030442501,0.8296029381575707,2.487352386026734,1.6913885267135573,-0.2946731311141235
0.1914641728072729,0.5756246243717972,-1.0841213493184456,-0.8384624030898393,-0.7789790418887681,1.2304506204108643,0.7873934769051011,1.4705180361484222,-0.6859118262663001,1.459181103226713,-0.7284721322891611,0.019765387570446186,-0.30091768483855236,-0.8068437734032816,0.23846931415224656,1.1314284304186495,2.92843660654624,0.044343882530354414,-1.3585315716826896,-0.1452656719952522,-0.1923409638978578,-0.16971490849653975,1.8412661590227692
-0.6824451659495401,-0.8076565714533199,0.0792065377241277,0.12160905082982407,-0.33224293425841933,-1.1649028655847908,0.7873934769051011,1.4705180361484222,-0.6859118262663001,0.7510044642675964,1.435306478470724,-0.6958779554974378,-0.9290758738653516,1.785921221465718,0.23846931415224656,-0.8838384939911589,-0.6311139667204612,1.2351472432361823,-1.7499616391380652,0.6586844155983094,0.8899541903913405,-0.16971490849653975,0.5779671489418039
-0.5513587651360179,-0.0028384211550710197,-0.00942796795530771,-0.8384624030898393,-0.0687831784764188,0.2264909314844152,-1.2705110675886295,-0.8671714989853299,0.7452007769718818,-1.3735254526097533,-0.7284721322891611,0.7354087306383301,-0.30091768483855236,0.4895387240312183,0.9102889582703702,-0.8838384939911589,-0.6311139667204612,0.17739453735782126,-0.5176817971489193,0.7726300973044833,1.0925228021566984,-0.16971490849653975,0.9331114489645651
-0.5732064986049378,0.33669423600200354,1.076344726617762,1.0816805047494875,0.34358861318236467,0.07151728822731236,-0.9275269768396744,0.8860956523649842,-0.6859118262663001,-0.6653488136506367,-0.7284721322891611,0.019765387570446186,-0.30091768483855236,-0.8068437734032816,0.8356423311461342,-0.8838384939911589,-0.6311139667204612,-0.00887637940063261,-0.17699266436368455,1.8994262830655393,0.3632757998014094,0.7608368091085088,0.41561546893139895
0.25700737321403444,-0.3800969291073757,-0.4636798095624071,-0.8384624030898393,-0.08023795046694056,-0.03292147135899609,-1.2705110675886295,0.30167326858154614,-0.6859118262663001,1.459181103226713,-1.4497316692091227,0.019765387570446186,0.9553986932150462,0.4895387240312183,0.29445428449542355,-0.8838384939911589,-0.6311139667204612,1.601036544011716,-2.677795873106363,-0.1579263032959384,-2.206451732307703,0.7608368091085088,-1.6391479812002911
1.3821656468634307,1.0157595503161527,1.6524690135340827,-0.8384624030898393,-1.0538935696612903,0.34440566004960216,-1.6134951583375847,-0.28274911520189183,-0.6859118262663001,-1.3735254526097533,-0.007212595369199463,1.451052073706214,-1.5572340628921508,-0.8068437734032816,0.9289506150514291,-0.8838384939911589,-0.6311139667204612,-0.035486510366125885,-1.4382673261643402,-2.1266544705526136,-1.0952182049091677,-0.16971490849653975,0.5576731889405033
-0.3656530306501952,0.890006714332051,1.7300242060035878,1.0816805047494875,2.645997783277239,1.2540335661239015,-0.9275269768396744,-0.8671714989853299,-1.4014681278853909,-1.3735254526097533,1.435306478470724,1.451052073706214,0.3272405041882469,-0.8068437734032816,-1.1798166012082365,1.1314284304186495,0.12825682224310186,-1.9713735381057687,-0.952604094321559,0.12060758531915382,0.34591277593580744,-0.16971490849653975,0.5221587589382274
1.4586327140046522,0.37442008679723365,0.8990757152588926,-0.8384624030898393,-0.687340865964594,1.223712635921425,1.1303775676540562,1.4705180361484222,-1.4014681278853909,0.04282782530847982,1.435306478470724,1.451052073706214,0.3272405041882469,0.4895387240312183,3.448274280494392,-0.8838384939911589,-0.6311139667204612,0.323750257668035,0.8233286191333866,-0.6010483988199489,0.1896455611453883,0.7608368091085088,-0.00041071109526435323
-0.9883134345144249,-1.0088611090278834,-0.5633936284517711,1.0816805047494875,-0.9393458497560727,1.2102366669425464,0.444409386156146,1.4705180361484222,0.7452007769718818,0.7510044642675964,1.435306478470724,-0.6958779554974378,0.3272405041882469,-0.8068437734032816,-0.7692601520249388,1.1314284304186495,3.9251107670609167,0.37697051959902156,1.1567690469657432,1.468964818842214,-0.30230678171333814,-0.16971490849653975,2.211630929046506
-1.425268103892831,-0.34237107831214375,1.6967862663738003,1.0816805047494875,-0.42388111018259345,0.0277203890459572,-0.24155879534176422,-0.28274911520189183,1.4607570785909727,0.7510044642675964,1.435306478470724,0.019765387570446186,0.3272405041882469,1.785921221465718,-1.0678466605218826,1.1314284304186495,0.413020868104438,1.0023085972881152,0.38840632196074687,-0.056641252890450196,2.6031058784640817,-0.16971490849653975,-0.43165736112290304
-0.4311962310569558,-0.7573554370596803,0.5888549453808735,-0.8384624030898393,-0.3436977062489411,-0.6561850366321271,0.10142529540719089,-0.28274911520189183,1.4607570785909727,1.459181103226713,-0.007212595369199463,0.019765387570446186,0.9553986932150462,-0.8068437734032816,-0.6946135249007028,-0.8838384939911589,-0.6311139667204612,-0.9069682994860339,-1.365780276635567,2.253923959484747,0.6063581339198391,-0.16971490849653975,0.6337755389453807
1.764500982569536,-0.7950812878549104,2.062403602301466,-0.8384624030898393,0.4810458770686258,-1.6601447255585762,-0.5845428860907194,-0.8671714989853299,0.7452007769718818,0.04282782530847982,-0.007212595369199463,-1.4115212985653218,1.5835568822418453,-0.8068437734032816,-0.32138038927952306,-0.8838384939911589,-0.6311139667204612,1.1885795140465696,-0.2784745337039676,0.8169423068568845,-0.2849437578477358,-1.1002666261015883,-0.14246843110436871
0.8032007099370426,-0.01541370475348046,0.33403074155250057,-0.8384624030898393,-0.7446147259172028,-0.4911044166408654,-1.2705110675886295,0.30167326858154614,0.7452007769718818,-0.6653488136506367,-1.4497316692091227,0.019765387570446186,0.3272405041882469,-0.8068437734032816,-1.3477715122377674,1.1314284304186495,1.5046163772395595,-0.00887637940063261,2.744235431645879,-1.734174900231347,-0.1691902654103884,-0.16971490849653975,0.2938517089235952
-1.272333969610389,1.1918135206938938,-0.20885560573403422,-0.8384624030898393,0.6414126849359305,1.7998103097684812,0.444409386156146,1.4705180361484222,0.7452007769718818,-0.6653488136506367,1.435306478470724,0.7354087306383301,-0.30091768483855236,-0.8068437734032816,-0.6386285545575259,-0.8838384939911589,-0.6311139667204612,0.011081218823487702,0.6566084052172083,-1.9114237384409511,-0.19812863851972523,1.6913885267135573,0.9635523889665165
-0.1580995626954517,-0.3926722127057851,-1.3832628059865362,-0.8384624030898393,-0.36660725022998464,1.2877234885710978,-0.9275269768396744,-0.8671714989853299,0.02964447535279087,-0.6653488136506367,1.435306478470724,0.7354087306383301,-0.30091768483855236,1.785921221465718,0.4250858819628364,-0.8838384939911589,-0.6311139667204612,-0.28163022179693975,-1.148319128049247,-0.3794873510579436,0.6989609278697166,0.7608368091085088,0.7149513789505834
-1.6218977051131136,0.07261328043539099,0.9323136548886801,-0.8384624030898393,-0.5155192861067676,0.2264909314844152,-0.5845428860907194,-1.4515938827687678,0.7452007769718818,0.04282782530847982,-0.7284721322891611,1.451052073706214,-0.9290758738653516,1.785921221465718,-0.8065834655870567,-0.8838384939911589,-0.6311139667204612,0.8226902132710358,-0.8003812903111349,-1.1960980699521915,0.635296507029176,-1.1002666261015883,-2.2073788612367093
-0.977389567779964,0.08518856403380043,0.5112997529113682,0.12160905082982407,2.2679903075900207,-1.4478982141412395,1.4733616584030114,1.4705180361484222,-0.6859118262663001,0.7510044642675964,-0.007212595369199463,0.7354087306383301,-0.30091768483855236,-0.8068437734032816,0.23846931415224656,1.1314284304186495,3.0233579551666856,1.2750624396844228,-0.3074693535154768,-0.8289397622322972,-1.349875888271332,-0.16971490849653975,-0.2794526611131482
-0.6278258322772394,1.4307439090636873,1.2757723643964884,-0.8384624030898393,-0.7102504099456375,0.9440862796096958,-0.5845428860907194,-0.8671714989853299,-0.6859118262663001,-1.3735254526097533,-0.7284721322891611,0.019765387570446186,2.2117150712686446,1.785921221465718,0.1824843438090696,-0.8838384939911589,-0.6311139667204612,0.5432838381333551,-1.7789564589495743,0.25354421397635707,-1.5350814761710878,1.6913885267135573,-0.19827682110794556
-0.4967394314637173,-0.21661824232804222,1.0431067869879729,-0.8384624030898393,1.2828799164051492,-1.6938346480057724,-0.5845428860907194,-0.8671714989853299,0.02964447535279087,0.04282782530847982,0.7140469415507622,0.7354087306383301,0.3272405041882469,-0.8068437734032816,-0.6946135249007028,-0.8838384939911589,-0.6311139667204612,-0.9202733649687803,0.2506809278560772,-0.4744420858130887,-1.8128898580207216,-0.16971490849653975,-0.6092295111342836
-0.9992373012488849,0.16064026562426242,0.13460310377377405,-0.8384624030898393,-1.030984025680247,-0.03629046360371572,1.1303775676540562,0.8860956523649842,-1.4014681278853909,0.7510044642675964,-1.4497316692091227,0.7354087306383301,-0.9290758738653516,1.785921221465718,1.3395070642347269,-0.8838384939911589,-0.6311139667204612,1.6875194696495703,-0.5249305021017967,0.12060758531915382,0.5426937130792984,-0.16971490849653975,-1.1977543511720021
-1.1303237020624068,-1.0465869598231134,0.8215205227893875,1.0816805047494875,-0.9393458497560727,1.0586320159301632,-1.6134951583375847,-0.8671714989853299,0.02964447535279087,-1.3735254526097533,-0.7284721322891611,1.451052073706214,-0.30091768483855236,-0.8068437734032816,-0.526658613871172,-0.8838384939911589,-0.6311139667204612,0.2838350612197944,-0.061013385117647714,0.6776753625493382,-0.9042249423875445,-1.1002666261015883,-0.7563607211437132
-0.20179502963329238,-0.6064520338787581,-1.1616765417879507,1.0816805047494875,-0.6758860939740722,-0.956025346412174,-0.5845428860907194,-0.28274911520189183,0.02964447535279087,1.459181103226713,0.7140469415507622,1.451052073706214,-0.9290758738653516,-0.8068437734032816,-0.9185534062734106,1.1314284304186495,0.6977849139657739,0.4634534452368748,0.7435928646517365,-1.746835531532033,-0.9505263393624833,-1.1002666261015883,1.0295077589707435
-0.14717569596099175,-0.493274481493066,-1.7156422022844142,0.12160905082982407,-0.2864238462963323,1.7357994571188082,-1.2705110675886295,-0.8671714989853299,-0.6859118262663001,-0.6653488136506367,1.435306478470724,1.451052073706214,0.3272405041882469,-0.8068437734032816,0.6490257633355443,-0.8838384939911589,-0.6311139667204612,-1.2529000020374474,1.4612146549865914,-0.32251451020485666,0.42694022064195053,-1.1002666261015883,-0.12217447110306814
1.5787952480837133,0.852280863536821,-0.7849798926503565,-0.8384624030898393,2.943821855030805,0.20290798577137784,-0.5845428860907194,-1.4515938827687678,-0.6859118262663001,1.459181103226713,-0.7284721322891611,0.7354087306383301,-0.9290758738653516,1.785921221465718,-0.09744050790681522,1.1314284304186495,0.12825682224310186,0.03103881704760754,-0.37270769809137266,2.4944759541977812,-1.0894305302873002,0.7608368091085088,0.4815708389356259
-0.5185871649326371,1.6067978794414302,-0.6631074473411336,-0.8384624030898393,-0.24060475833424522,1.0182041089935276,-1.2705110675886295,0.30167326858154614,0.7452007769718818,0.04282782530847982,0.7140469415507622,0.019765387570446186,0.9553986932150462,-0.8068437734032816,0.6490257633355443,1.1314284304186495,1.3622343543088917,-0.002223846659259173,-0.0030237454946287715,-0.4744420858130887,0.247522307364062,-0.16971490849653975,-0.9136389111537933
-0.7370644996218406,0.47502235558451633,0.5888549453808735,0.12160905082982407,0.30922429721079936,0.3949405437203966,0.444409386156146,1.4705180361484222,-1.4014681278853909,0.7510044642675964,-0.7284721322891611,-1.4115212985653218,2.2117150712686446,-0.8068437734032816,1.7314018566369656,1.1314284304186495,1.0774703084475556,1.6941720023909432,0.23618351795032339,1.2663947180312385,0.9420432619881464,1.6913885267135573,0.6185550689444054
0.0057584383214501975,-0.6944790190676295,1.5195172550149327,-0.8384624030898393,-1.1913508335475516,-1.9195571284019874,0.444409386156146,-0.28274911520189183,1.4607570785909727,0.7510044642675964,-0.7284721322891611,-1.4115212985653218,-0.9290758738653516,-0.8068437734032816,-0.02279388078257926,-0.8838384939911589,-0.6311139667204612,0.2838350612197944,-0.16974395941080764,0.29152610787841515,-1.5929582223897614,0.7608368091085088,1.4962688390006584
1.0872212450330068,-1.6753511397436214,1.2536137379766297,-0.8384624030898393,-0.6987956379551157,-0.4506765097042299,1.1303775676540562,-1.4515938827687678,1.4607570785909727,-0.6653488136506367,-0.007212595369199463,-0.6958779554974378,0.3272405041882469,-0.8068437734032816,-0.9558767198355287,1.1314284304186495,0.7452455882759966,0.7561648858573022,0.7145980448402267,-0.08196251549182212,1.011495357450555,-1.1002666261015883,1.1867859489808232
0.3662460405586357,1.9714811037953237,-0.6631074473411336,-0.8384624030898393,-1.1340769735949427,1.1125358918456771,0.7873934769051011,-0.8671714989853299,-1.4014681278853909,-1.3735254526097533,-1.4497316692091227,0.019765387570446186,-0.30091768483855236,-0.8068437734032816,0.3317775980575415,-0.8838384939911589,-0.6311139667204612,0.44349584701275496,0.4174011417722566,0.016157377088494743,-0.238642360872797,0.7608368091085088,0.3699540589284726
0.06037777199375179,0.6888021767574876,0.9655515945184692,2.0417519586691513,-0.4353358821731152,1.0855839538879202,-0.24155879534176422,0.8860956523649842,1.4607570785909727,-0.6653488136506367,1.435306478470724,1.451052073706214,0.3272405041882469,-0.8068437734032816,-0.13476382146893318,1.1314284304186495,0.3655601937942153,1.1020965884087153,-0.0030237454946287715,0.7726300973044833,-0.632204235159778,-0.16971490849653975,-0.6447439411365595
0.7048859093269013,-1.8639803937197736,-0.4636798095624071,0.12160905082982407,-0.687340865964594,-0.7168268970370805,-1.6134951583375847,1.4705180361484222,0.7452007769718818,-1.3735254526097533,-0.7284721322891611,0.7354087306383301,-0.30091768483855236,-0.8068437734032816,0.3504392548386005,-0.8838384939911589,-0.6311139667204612,-1.8183652850541816,-0.8293761101226441,0.20290168877361317,0.843652793416401,-1.1002666261015883,0.5576731889405033
-0.005165428413009734,0.28639310160836395,0.10136516414398498,1.0816805047494875,-0.9508006217465945,0.3107157376024059,0.10142529540719089,-1.4515938827687678,0.7452007769718818,-0.6653488136506367,-0.007212595369199463,1.451052073706214,0.9553986932150462,-0.8068437734032816,-0.7692601520249388,1.1314284304186495,1.9792231203417865,-0.16853716519359274,-0.16249525445793023,0.24721389832601395,-0.09395049532611274,-0.16971490849653975,1.3288436689899275
0.2351596397451136,0.6007751915686178,-0.8403764587000029,-0.8384624030898393,0.6070483689643652,1.3247824032630138,1.4733616584030114,1.4705180361484222,-0.6859118262663001,0.7510044642675964,1.435306478470724,-0.6958779554974378,0.9553986932150462,0.4895387240312183,-0.7319368384628208,1.1314284304186495,3.7352680698200253,-0.6142568588656069,-0.6554071912535884,-1.3480256455604234,0.48481696686062425,-1.1002666261015883,2.1304550890413037
-0.5295110316670971,0.814555012741589,2.040244975881607,-0.8384624030898393,-0.1947856703721582,1.9985808522069393,-1.2705110675886295,1.4705180361484222,0.7452007769718818,1.459181103226713,-1.4497316692091227,0.019765387570446186,-0.9290758738653516,0.4895387240312183,-0.43335032996587697,-0.8838384939911589,-0.6311139667204612,0.3370553231507809,-0.35096158323274085,0.6776753625493382,0.2822483550952663,-1.1002666261015883,0.5018647989369265
0.12592097240051237,0.5001729227813352,-1.3167869267269612,1.0816805047494875,-0.09169272245746232,0.4757963575936676,0.10142529540719089,0.8860956523649842,-0.6859118262663001,-1.3735254526097533,-1.4497316692091227,0.7354087306383301,0.3272405041882469,0.4895387240312183,-0.8252451223681158,1.1314284304186495,0.8876276112066649,0.6829870257021949,1.1350229321071115,-0.3161841945545136,-1.349875888271332,-0.16971490849653975,-2.5067147712558935
-1.2941817030793088,-0.8705329894453706,2.4169416250192026,-0.8384624030898393,-0.3207881622678976,0.4926413188172658,-1.2705110675886295,0.8860956523649842,0.02964447535279087,0.7510044642675964,-0.007212595369199463,1.451052073706214,-0.9290758738653516,-0.8068437734032816,-1.0678466605218826,-0.8838384939911589,-0.6311139667204612,0.6630294274780751,-0.44519474762014594,2.4121818507433224,-0.9215879662531464,-0.16971490849653975,1.5520772290042348
-0.0379370286163905,-0.2920699439185042,-0.17561766610424676,2.0417519586691513,-0.6186122340214634,-0.9459183696780151,-1.6134951583375847,0.30167326858154614,0.02964447535279087,-0.6653488136506367,-1.4497316692091227,0.019765387570446186,-0.30091768483855236,-0.8068437734032816,-0.060117194344697235,-0.8838384939911589,-0.6311139667204612,-0.7073923172448336,-0.43069733771439106,1.6841955509538766,-2.2411777800389068,-1.1002666261015883,-0.4773187711258294
-0.4311962310569558,1.0031842667177413,-1.2946283003071022,0.12160905082982407,0.3550433851728864,0.2905017841340881,-1.6134951583375847,-0.28274911520189183,-1.4014681278853909,-1.3735254526097533,-0.7284721322891611,-1.4115212985653218,1.5835568822418453,0.4895387240312183,-0.8625684359302337,1.1314284304186495,-0.203967897928457,0.8692579424606484,1.6931732134786661,-0.4364601919110306,-2.165938009954631,-0.16971490849653975,-0.5026862211274552
0.3116267068863351,-1.6124747217515705,-0.47475912277233573,-0.8384624030898393,1.489065812234541,1.7593824028318457,-1.2705110675886295,1.4705180361484222,0.02964447535279087,1.459181103226713,1.435306478470724,1.451052073706214,-0.30091768483855236,-0.8068437734032816,-0.15342547824999217,1.1314284304186495,-0.10904654930801158,1.5345112165979826,1.2292560964945167,-0.4807724014634318,0.39221417291074623,-0.16971490849653975,1.25274131898505
-0.398424630853576,1.1792382370954844,0.28971348871278285,0.12160905082982407,0.7674151768316698,0.9777762020568921,-0.9275269768396744,-1.4515938827687678,-0.6859118262663001,0.7510044642675964,0.7140469415507622,1.451052073706214,-0.30091768483855236,0.4895387240312183,0.5557174794302494,1.1314284304186495,1.741919748790673,-0.35480808195204616,0.5333804210182934,-0.3858176667082867,-1.4887800791961487,-0.16971490849653975,0.25326378892099366
-1.1412475687968668,-0.9837105418310628,-1.1395179153680919,1.0816805047494875,-1.317353325443291,-0.4809974399067065,0.7873934769051011,0.8860956523649842,0.02964447535279087,-0.6653488136506367,1.435306478470724,-1.4115212985653218,-0.9290758738653516,0.4895387240312183,-0.7505984952438798,1.1314284304186495,0.12825682224310186,-2.1776020530883424,-0.32196676342123115,0.25354421397635707,-1.974944747433008,-1.1002666261015883,0.9686258789668414
0.08222550546267166,-0.4303980635010152,-1.5826904437652634,-0.8384624030898393,0.6986865448885393,-1.9195571284019874,1.1303775676540562,1.4705180361484222,1.4607570785909727,0.7510044642675964,-0.007212595369199463,1.451052073706214,-0.9290758738653516,1.785921221465718,-1.1424932876461185,1.1314284304186495,0.31809951948399257,-1.1198493472099806,-0.5539253219133059,0.08895600706743878,-0.9447386647406159,2.621940244318606,-1.0506231411625726
0.6502665756545998,-0.9585599746342421,-0.4193625567226894,0.12160905082982407,-0.38951679421102814,-0.3832966648098373,0.444409386156146,1.4705180361484222,0.7452007769718818,0.04282782530847982,-0.007212595369199463,0.019765387570446186,-1.5572340628921508,-0.8068437734032816,-1.4224181393620032,1.1314284304186495,0.31809951948399257,-0.9934512251238872,-0.7351429457352391,-0.9618763908894999,-0.5164507427224306,-0.16971490849653975,1.3592846089918789
-0.1253279624920719,0.7013774603558988,1.142820605877337,-0.8384624030898393,-0.8133433578603334,-1.9195571284019874,1.1303775676540562,0.8860956523649842,0.02964447535279087,-1.3735254526097533,-0.007212595369199463,0.019765387570446186,3.4680314493222433,-0.8068437734032816,-0.5453202706522309,1.1314284304186495,1.9317624460315639,-0.22840995986595272,-2.06165595211179,0.342168633081159,-0.24443003549466444,-0.16971490849653975,-0.3098936011150992
0.9889064444228653,-1.0717375270199343,0.6442515114305197,0.12160905082982407,2.313809395552108,1.7223234881399299,0.10142529540719089,-0.28274911520189183,0.7452007769718818,0.04282782530847982,0.7140469415507622,-0.6958779554974378,-1.5572340628921508,-0.8068437734032816,0.8916273014893111,-0.8838384939911589,-0.6311139667204612,1.255104841460303,-0.0030237454946287715,-0.41746924496000176,-0.047649098351173536,0.7608368091085088,-0.5026862211274552
-0.20179502963329238,-0.15374182433599146,0.4115859340220058,0.12160905082982407,-0.687340865964594,-1.4782191443437163,0.10142529540719089,-0.28274911520189183,1.4607570785909727,0.7510044642675964,-1.4497316692091227,1.451052073706214,-0.30091768483855236,-0.8068437734032816,-0.47067364352799496,1.1314284304186495,1.3147736799986687,1.3149776361326626,-0.7206455358294842,0.27253516092738633,1.6828656135871696,1.6913885267135573,0.6997309089496081
0.8468961768748834,0.8774314307336398,-0.12022110005460039,0.12160905082982407,-0.8362529018413769,0.1490041098558638,0.10142529540719089,-0.8671714989853299,0.02964447535279087,1.459181103226713,1.435306478470724,1.451052073706214,0.9553986932150462,-0.8068437734032816,-1.0305233469597646,1.1314284304186495,0.8401669368964422,-0.8870107012619136,0.40290373186650175,-0.45545113886205946,-0.012923050619969649,-1.1002666261015883,1.207079908982124
0.7158097760613612,0.6510763259622574,-0.4193625567226894,1.0816805047494875,-0.41242633819207164,-0.6662920133662861,0.7873934769051011,-0.8671714989853299,-1.4014681278853909,0.7510044642675964,-0.007212595369199463,1.451052073706214,0.3272405041882469,-0.8068437734032816,-0.22807210537422812,-0.8838384939911589,-0.6311139667204612,0.9357832698743818,0.5188830111125387,-1.2024283856025344,-0.9273756408750139,-0.16971490849653975,-0.18305635110697022
1.043525778095167,0.776829161946359,-0.21993491894396286,-0.8384624030898393,-0.3436977062489411,1.9413079840467056,-1.2705110675886295,0.30167326858154614,-1.4014681278853909,1.459181103226713,0.7140469415507622,-1.4115212985653218,-0.9290758738653516,-0.8068437734032816,0.014529432779538715,1.1314284304186495,-0.39381059516934774,-0.16853716519359274,-0.2639771237982127,0.35482926438184526,-0.30809445633520516,-1.1002666261015883,0.6794369489483071
1.1964599123776078,-0.7825060042564992,1.4530413757553562,-0.8384624030898393,2.3710832555047165,-1.9195571284019874,-1.2705110675886295,1.4705180361484222,-1.4014681278853909,1.459181103226713,-0.007212595369199463,0.7354087306383301,-0.30091768483855236,-0.8068437734032816,-0.8439067791491747,1.1314284304186495,0.46048154241466055,0.6098091655470885,-1.1918113577665106,-0.5504058736172045,0.7510499994665233,1.6913885267135573,1.952882939029923
-0.37657689738465516,-0.3172205111153249,0.2232376094532079,0.12160905082982407,1.007965388632627,1.2068676746978269,1.4733616584030114,0.30167326858154614,-1.4014681278853909,-0.6653488136506367,0.7140469415507622,0.7354087306383301,-0.30091768483855236,-0.8068437734032816,-0.22807210537422812,-0.8838384939911589,-0.6311139667204612,-2.0112887345540087,0.5333804210182934,-0.10728377809319406,-0.47593702036935925,-1.1002666261015883,-0.6295234711355843
0.16961643933835305,0.852280863536821,2.4169416250192026,-0.8384624030898393,-1.0080744816992033,-0.6528160443874075,-1.2705110675886295,0.30167326858154614,-0.6859118262663001,0.7510044642675964,-0.007212595369199463,-0.6958779554974378,-0.9290758738653516,-0.8068437734032816,0.36910091161965947,1.1314284304186495,0.8401669368964422,-0.24836755809007305,-1.365780276635567,0.06363474446606684,-0.15182724154478644,-1.1002666261015883,-1.3245916011801313
-0.9555418343110441,-0.6819037354692183,1.4198034361255687,-0.8384624030898393,-0.38951679421102814,-0.0093385256459587,-0.5845428860907194,-0.8671714989853299,-0.6859118262663001,-1.3735254526097533,0.7140469415507622,1.451052073706214,0.9553986932150462,-0.8068437734032816,0.6676874201166033,-0.8838384939911589,-0.6311139667204612,0.4301907815300081,-0.48868697733741,0.7473088347031118,1.6249888673684958,-1.1002666261015883,-0.6396704511362347
-0.25641436330559303,0.06003799683697975,0.14568241698370268,-0.8384624030898393,0.16031226133401646,-0.440569532970071,-0.24155879534176422,-0.28274911520189183,0.02964447535279087,1.459181103226713,1.435306478470724,1.451052073706214,0.9553986932150462,-0.8068437734032816,-0.04145553756363825,-0.8838384939911589,-0.6311139667204612,0.42353824878863516,1.0045462429553198,0.016157377088494743,-0.7942591245720646,-0.16971490849653975,-0.7563607211437132
1.7535771158350761,0.28639310160836395,0.721806703900025,0.12160905082982407,0.9621463006705399,0.34103666780488257,1.1303775676540562,0.30167326858154614,0.7452007769718818,0.7510044642675964,-1.4497316692091227,-1.4115212985653218,-1.5572340628921508,-0.8068437734032816,-0.9745383766165876,-0.8838384939911589,-0.6311139667204612,-1.1531120109168473,-1.0033450289917005,0.03198316621435181,-0.08237514608237784,-0.16971490849653975,0.23804331892001834
0.1586925726038931,-0.6693284518708089,0.057047911304268846,0.12160905082982407,-0.9049815337845074,1.3517343412207707,0.10142529540719089,1.4705180361484222,1.4607570785909727,0.7510044642675964,-1.4497316692091227,0.019765387570446186,-0.9290758738653516,-0.8068437734032816,-0.32138038927952306,-0.8838384939911589,-0.6311139667204612,-0.72069738272758,0.3666602071021151,-2.1519757331539857,0.46166626837315483,-1.1002666261015883,-0.24901172111119715
-0.08163249555423119,-0.1788923915328121,0.2232376094532079,-0.8384624030898393,1.053784476594714,0.21975294699497597,-1.2705110675886295,1.4705180361484222,-0.6859118262663001,-1.3735254526097533,-0.007212595369199463,-1.4115212985653218,-0.30091768483855236,-0.8068437734032816,0.40642422518177745,-0.8838384939911589,-0.6311139667204612,0.3503603886335278,0.2651783377618321,0.15225916357086886,0.19543323576725574,-1.1002666261015883,-0.38599595111997664
0.07130163872821173,-0.0657148391471218,1.4973586285950737,0.12160905082982407,-0.1833308983816364,-1.9195571284019874,-1.2705110675886295,1.4705180361484222,1.4607570785909727,-0.6653488136506367,-0.007212595369199463,-0.6958779554974378,0.3272405041882469,0.4895387240312183,0.16382268702801062,1.1314284304186495,1.8368410974111185,-0.6408669898311001,1.0190436528610747,-0.36049640410691436,-1.2804237928089235,1.6913885267135573,-0.7411402511427378
0.6502665756545998,2.2481373429603475,0.23431692266313653,0.12160905082982407,1.9243471478743681,-1.89597418268895,0.444409386156146,0.8860956523649842,-1.4014681278853909,-1.3735254526097533,1.435306478470724,0.7354087306383301,0.3272405041882469,-0.8068437734032816,-0.6199668977764669,1.1314284304186495,2.026683794652009,1.248452308718929,0.18544258328018187,-1.9620662636436954,-0.030286074485571593,1.6913885267135573,0.6642164789473318
-0.23456662983667315,-1.1094633778151644,0.4559031868617219,1.0816805047494875,-0.9049815337845074,-0.1676811611477812,-0.9275269768396744,-0.28274911520189183,-0.6859118262663001,0.7510044642675964,-0.7284721322891611,1.451052073706214,-0.30091768483855236,-0.8068437734032816,-0.47067364352799496,-0.8838384939911589,-0.6311139667204612,0.31044519218528815,-0.017521155400383636,0.5130871556404204,0.5137553399699611,-1.1002666261015883,-0.6295234711355843
0.4099415074964764,-1.4489960349722388,0.5223790661212985,0.12160905082982407,-0.927891077765551,-0.30917883542600555,-0.24155879534176422,1.4705180361484222,-0.6859118262663001,0.7510044642675964,1.435306478470724,1.451052073706214,0.3272405041882469,-0.8068437734032816,-0.7505984952438798,1.1314284304186495,-0.1565072236182343,1.1619693830810758,2.722489316787247,0.4371233678363041,0.2012209103891232,-0.16971490849653975,-0.05114561109851596
-1.567278371440813,-2.2412389016720784,2.0070070362518195,2.0417519586691513,-1.0424387976707685,1.5370289146803502,0.10142529540719089,0.30167326858154614,0.02964447535279087,1.459181103226713,0.7140469415507622,-0.6958779554974378,0.3272405041882469,0.4895387240312183,-0.7319368384628208,-0.8838384939911589,-0.6311139667204612,0.3503603886335278,1.287245736117536,0.06996506011640995,0.34012510131393997,-0.16971490849653975,-0.14754192110469394
-0.8463031669664419,-0.84538242224855,-0.1866969793141754,2.0417519586691513,3.848748842282024,-0.5349013158222206,-0.9275269768396744,0.30167326858154614,0.7452007769718818,-1.3735254526097533,-0.7284721322891611,-0.6958779554974378,-0.30091768483855236,-0.8068437734032816,1.134228839643078,1.1314284304186495,1.2198523313782237,0.5299787726506082,-0.024769860353261067,0.7093269408010533,0.623721157785441,-1.1002666261015883,1.5216362890022843
-0.10348022902315106,-0.8956835566421913,-1.1284386021581632,1.0816805047494875,-0.1947856703721582,0.9070273649177799,-1.2705110675886295,-0.28274911520189183,1.4607570785909727,0.7510044642675964,1.435306478470724,-1.4115212985653218,-0.30091768483855236,0.4895387240312183,-0.9932000333976466,1.1314284304186495,-0.1565072236182343,-1.532306377175128,1.3597327856463093,-0.4237995606103444,0.7684130233321252,-1.1002666261015883,1.273035278986351
0.09314937219713158,-0.568726183083528,-1.948307779692929,-0.8384624030898393,-0.5957026900404199,-0.639340075408529,0.444409386156146,0.8860956523649842,-0.6859118262663001,-1.3735254526097533,-1.4497316692091227,-1.4115212985653218,-1.5572340628921508,-0.8068437734032816,-0.7505984952438798,1.1314284304186495,0.22317817086354722,0.1507844063923275,-0.6191636664892017,-0.4744420858130887,0.9073172142569425,0.7608368091085088,1.1817124589804984
1.2183076458465278,-0.44297334709942643,2.062403602301466,1.0816805047494875,0.4123172451254952,0.5128552722855836,0.7873934769051011,1.4705180361484222,0.7452007769718818,-1.3735254526097533,-0.007212595369199463,-1.4115212985653218,0.9553986932150462,-0.8068437734032816,-0.5453202706522309,1.1314284304186495,1.6944590744804504,-0.42133340936577957,1.178515161824376,1.22841282412918,0.1433441641704495,-0.16971490849653975,-0.8121691111472901
1.3712417801289707,0.5504740571749765,-1.405421432406395,2.0417519586691513,0.7788699488221916,0.24333589270801334,-0.24155879534176422,0.30167326858154614,-1.4014681278853909,0.7510044642675964,0.7140469415507622,-0.6958779554974378,0.9553986932150462,0.4895387240312183,0.5370558226491904,-0.8838384939911589,-0.6311139667204612,1.128706719374209,-1.3295367518711803,0.36748989568253143,1.4339956048468727,0.7608368091085088,0.3242926489255459
0.44271310769985717,-0.9082588402406008,-0.3861246170929019,0.12160905082982407,-1.1569865175759861,1.71895449589521,-1.6134951583375847,-1.4515938827687678,-0.6859118262663001,0.7510044642675964,-0.007212595369199463,0.019765387570446186,0.3272405041882469,0.4895387240312183,-1.3664331690188263,-0.8838384939911589,-0.6311139667204612,-1.0732816180203675,2.505028168200927,-0.20856882849868227,-0.6553549336472474,0.7608368091085088,0.3547335889274969
-1.0975521018590262,-0.3172205111153249,-0.6298695077113461,0.12160905082982407,-0.8018885858698116,0.6678289155426864,1.1303775676540562,0.8860956523649842,1.4607570785909727,-1.3735254526097533,-0.007212595369199463,-0.6958779554974378,-0.9290758738653516,0.4895387240312183,0.7796573608029572,1.1314284304186495,0.08079614793287912,-0.002223846659259173,-0.48868697733741,0.29152610787841515,-1.6508349686084351,-0.16971490849653975,0.3902480189297732
0.6939620425924404,-0.354946361910555,-0.8071385190702138,2.0417519586691513,-1.0653483416518121,-0.8852765092730618,0.10142529540719089,-0.28274911520189183,-1.4014681278853909,-0.6653488136506367,-0.007212595369199463,0.7354087306383301,0.3272405041882469,-0.8068437734032816,2.9630712041868583,-0.8838384939911589,-0.6311139667204612,-0.46790113855539317,0.34491409224348335,2.437503113344695,-1.3267251897838623,0.7608368091085088,0.765686278953835
-0.05978476208531036,0.9151572815288718,-0.6741867605510639,1.0816805047494875,-0.9966197097086815,-0.6157571296954917,-1.2705110675886295,-1.4515938827687678,-1.4014681278853909,-1.3735254526097533,-0.7284721322891611,0.7354087306383301,-0.30091768483855236,-0.8068437734032816,0.5183941658681314,-0.8838384939911589,-0.6311139667204612,1.5877314785289702,-1.706469409420801,0.5067568399900778,0.28803602971713377,-1.1002666261015883,-0.04607212109819073
-0.6169019655427785,0.5378987735765671,-0.2531728585737504,0.12160905082982407,0.5383197370212346,0.3882025592309573,1.4733616584030114,-1.4515938827687678,-1.4014681278853909,0.04282782530847982,1.435306478470724,1.451052073706214,0.3272405041882469,0.4895387240312183,-0.8998917494923516,1.1314284304186495,0.413020868104438,0.6962920911849418,0.881318258756405,0.1395985322701831,-0.20970398776346014,-1.1002666261015883,0.8823765489613136
-0.47489169799479647,-0.3800969291073757,-0.37504530388297325,0.12160905082982407,2.554359607353065,-0.9122284472308189,-1.6134951583375847,-0.8671714989853299,0.02964447535279087,0.04282782530847982,0.7140469415507622,0.7354087306383301,-0.30091768483855236,0.4895387240312183,-0.17208713503105116,-0.8838384939911589,-0.6311139667204612,-0.72069738272758,1.178515161824376,-0.7972881839805822,-0.007135375998102197,-1.1002666261015883,-0.2388647411105467
-1.1084759685934862,2.0469328053857856,-0.4636798095624071,0.12160905082982407,0.04576454142879883,0.13215914863226566,-0.24155879534176422,-0.28274911520189183,1.4607570785909727,-0.6653488136506367,-1.4497316692091227,1.451052073706214,-0.30091768483855236,-0.8068437734032816,1.8247101405422606,-0.8838384939911589,-0.6311139667204612,-1.1065442817272342,1.395976310410696,-0.4048086136593156,-1.2167593719683825,0.7608368091085088,1.4100195089951306
0.7267336427958212,-0.3046452275169137,1.6192310739042952,2.0417519586691513,1.3286990043672362,0.47916534983838727,-1.6134951583375847,0.8860956523649842,-1.4014681278853909,0.7510044642675964,-0.007212595369199463,1.451052073706214,1.5835568822418453,1.785921221465718,0.3317775980575415,-0.8838384939911589,-0.6311139667204612,0.3370553231507809,-0.539427912007551,0.6523540999479668,-0.7537454022189928,0.7608368091085088,-0.2895996411137983
0.20238803954173382,0.6133504751670273,-1.0287247832687991,0.12160905082982407,0.7215960888695828,-1.1649028655847908,-0.24155879534176422,-0.28274911520189183,0.02964447535279087,0.04282782530847982,1.435306478470724,0.019765387570446186,-0.9290758738653516,-0.8068437734032816,-0.452011986746936,1.1314284304186495,0.5079422167248833,0.802732615046915,0.1636964684215501,0.38648084263356025,-0.9736770378499527,0.7608368091085088,1.0041403089691177
0.47548470790323794,-1.0717375270199343,-0.031586594375164985,0.12160905082982407,-1.0195292536897251,0.18269403230306006,0.7873934769051011,0.30167326858154614,0.7452007769718818,-1.3735254526097533,1.435306478470724,-0.6958779554974378,3.4680314493222433,-0.8068437734032816,-0.6386285545575259,1.1314284304186495,2.738593909305349,0.47010597797824777,0.21443740309169057,0.4181324208852753,1.0404337305598919,-1.1002666261015883,0.5931876189427796
-0.5076632981981772,1.6445237302366604,0.954472281308539,2.0417519586691513,-1.030984025680247,0.3612506212732003,1.4733616584030114,0.30167326858154614,-0.6859118262663001,-0.6653488136506367,1.435306478470724,0.7354087306383301,-0.9290758738653516,0.4895387240312183,-1.4597414529241213,-0.8838384939911589,-0.6311139667204612,0.1308268081682077,0.9393078983794235,0.9815305137658032,0.36906347442327686,-0.16971490849653975,0.5525996989401781
0.7158097760613612,1.2672652222843557,-0.2974901114134681,-0.8384624030898393,-0.0687831784764188,0.14226612536642452,-0.5845428860907194,-0.28274911520189183,-0.6859118262663001,-0.6653488136506367,-0.7284721322891611,-1.4115212985653218,1.5835568822418453,-0.8068437734032816,0.5930407929923673,-0.8838384939911589,-0.6311139667204612,0.41023318330588826,-0.3799564030442501,0.07629537576675303,-0.5338137665880329,0.7608368091085088,-2.5067147712558935
0.5082563081066177,0.563049340773386,0.44482387365179327,0.12160905082982407,-1.1913508335475516,0.6678289155426864,0.7873934769051011,-0.8671714989853299,-0.6859118262663001,-0.6653488136506367,0.7140469415507622,0.7354087306383301,-0.9290758738653516,-0.8068437734032816,-0.8812300927112927,-0.8838384939911589,-0.6311139667204612,-0.21510489438320632,-0.5104330921960418,1.0701549328706048,-1.1993963481027805,-0.16971490849653975,-0.25915870111184763
0.464560841168777,-0.48069919789465654,0.045968598094338634,-0.8384624030898393,0.8132342647937569,1.4157451938704437,-0.9275269768396744,-0.8671714989853299,0.7452007769718818,-1.3735254526097533,1.435306478470724,-1.4115212985653218,-0.9290758738653516,-0.8068437734032816,-0.6759518681196438,1.1314284304186495,0.31809951948399257,-1.519001311692381,-0.0030237454946287715,-0.8795822874350411,1.8159821298901198,-0.16971490849653975,-0.6751848811385106
-0.4311962310569558,0.42472122119087496,0.6996480774801661,0.12160905082982407,0.19467657730558174,-1.0335121680407253,0.7873934769051011,-0.8671714989853299,1.4607570785909727,0.7510044642675964,-0.7284721322891611,0.019765387570446186,0.3272405041882469,-0.8068437734032816,3.0377178313110944,1.1314284304186495,0.555402891035106,-1.4524759842786477,0.787085094369,0.025652850564008713,1.3356051362751273,-0.16971490849653975,-0.2540852111115224
-0.7370644996218406,-1.4867218857674689,-0.4969177491921946,1.0816805047494875,-0.8247981298508551,-0.295702866447127,-0.24155879534176422,0.8860956523649842,0.7452007769718818,1.459181103226713,1.435306478470724,-1.4115212985653218,0.3272405041882469,-0.8068437734032816,-0.6946135249007028,1.1314284304186495,0.17571749655332447,0.6962920911849418,-1.4890082608344812,-1.620229218525173,-0.5974781874285737,-0.16971490849653975,1.1817124589804984
1.9939021839932003,-0.141166540737582,-0.6298695077113461,2.0417519586691513,-0.4582454261541587,-0.18452612237137933,-0.24155879534176422,-0.28274911520189183,1.4607570785909727,-0.6653488136506367,1.435306478470724,-1.4115212985653218,-0.30091768483855236,-0.8068437734032816,-0.8439067791491747,1.1314284304186495,1.3147736799986687,0.8426478114951556,-0.7206455358294842,-1.1264645977984182,0.9536186112318813,0.7608368091085088,-0.6701113911381854
0.22423577301065367,-0.0028384211550710197,0.6331721982205911,-0.8384624030898393,-0.5957026900404199,0.18943201679249932,0.7873934769051011,0.8860956523649842,0.7452007769718818,-1.3735254526097533,-0.7284721322891611,0.019765387570446186,-0.9290758738653516,0.4895387240312183,-0.6199668977764669,-0.8838384939911589,-0.6311139667204612,0.5965041000643416,1.700421918431543,0.8549242007589432,2.6031058784640817,0.7608368091085088,-1.091211061165174
0.49733244137215776,0.08518856403380043,1.5859931342745077,-0.8384624030898393,-0.41242633819207164,0.4589513963700695,-0.5845428860907194,1.4705180361484222,0.02964447535279087,-0.6653488136506367,-0.7284721322891611,-1.4115212985653218,0.3272405041882469,0.4895387240312183,-0.9185534062734106,-0.8838384939911589,-0.6311139667204612,-1.9514159398816486,0.033219779269757874,0.07629537576675303,1.2487900169471169,-0.16971490849653975,0.3801010389291227
-0.7916838332941413,0.5756246243717972,-1.5383731909255465,1.0816805047494875,0.022854997447755307,0.6206630241166117,0.10142529540719089,-1.4515938827687678,0.7452007769718818,0.7510044642675964,1.435306478470724,0.019765387570446186,-0.9290758738653516,0.4895387240312183,-0.5826435842143489,1.1314284304186495,0.6977849139657739,-0.055444108590245726,0.28692445262046384,1.1524490363250637,0.5832074354323693,-0.16971490849653975,-1.289077171177855
1.895587383383059,-1.411270184177007,1.7521828324234467,0.12160905082982407,-0.1260570384290276,-0.3563447268520803,0.7873934769051011,1.4705180361484222,0.02964447535279087,-0.6653488136506367,1.435306478470724,0.7354087306383301,0.3272405041882469,-0.8068437734032816,-0.414688673184818,1.1314284304186495,-0.014125200687566225,1.8338751899597832,-0.19149007426943943,0.9625395668147735,0.5947827846761042,0.7608368091085088,-0.14754192110469394
-0.7916838332941413,-1.4364207513738276,0.9433929680986104,0.12160905082982407,0.2634052092487123,0.40504752045455544,-1.6134951583375847,-0.8671714989853299,-0.6859118262663001,1.459181103226713,-0.7284721322891611,-0.6958779554974378,1.5835568822418453,0.4895387240312183,-0.8439067791491747,1.1314284304186495,3.9725714413711395,-0.5078163350036333,0.22893481299744545,-0.8922429187357273,0.2938237043390012,-0.16971490849653975,0.5982611089431048
1.2947747129877492,0.5253234899781558,-0.08698316042481133,0.12160905082982407,1.7983446559786287,0.7419467449265182,0.444409386156146,0.30167326858154614,-1.4014681278853909,-1.3735254526097533,0.7140469415507622,-1.4115212985653218,-1.5572340628921508,1.785921221465718,1.134228839643078,-0.8838384939911589,-0.6311139667204612,0.3037926594439142,0.38115761700787,0.4054717895845891,1.596050494259159,2.621940244318606,1.4404604489970811
1.1199928452363865,-1.348393766184956,-0.24209354536382172,-0.8384624030898393,-0.8133433578603334,-1.0335121680407253,1.4733616584030114,0.8860956523649842,0.02964447535279087,-0.6653488136506367,0.7140469415507622,1.451052073706214,-0.9290758738653516,-0.8068437734032816,-1.3291098554567085,-0.8838384939911589,-0.6311139667204612,-0.6807821862793403,2.0701058710282876,-0.8099488152812679,-0.4817246949912263,-1.1002666261015883,1.3034762189883018
0.464560841168777,1.455894476260508,-0.07590384721488269,2.0417519586691513,-0.492609742125724,0.8295405432892285,0.7873934769051011,1.4705180361484222,-1.4014681278853909,1.459181103226713,-0.007212595369199463,0.019765387570446186,-0.9290758738653516,-0.8068437734032816,2.1606199626013223,1.1314284304186495,2.1690658175826774,-1.3659930586407945,0.982800128096688,-0.5187542953654894,0.18385788652352125,-0.16971490849653975,0.7707597689541599
-0.8572270337009028,0.5756246243717972,-0.06482453400495405,-0.8384624030898393,-0.01150931852380998,-1.1750098423189497,-0.24155879534176422,0.8860956523649842,-1.4014681278853909,1.459181103226713,-0.7284721322891611,-0.6958779554974378,0.3272405041882469,0.4895387240312183,1.9180184244475553,1.1314284304186495,1.409695028619114,0.8359952787537817,-0.44519474762014594,0.016157377088494743,-0.047649098351173536,0.7608368091085088,-1.1216520011671247
0.30070284015187515,0.29896838520677343,0.9323136548886801,-0.8384624030898393,0.9850558446515834,1.5505048836592288,0.10142529540719089,0.8860956523649842,-1.4014681278853909,-1.3735254526097533,-0.007212595369199463,1.451052073706214,-0.9290758738653516,0.4895387240312183,0.08917605990377467,-0.8838384939911589,-0.6311139667204612,-1.239594936554701,1.613437458997016,-1.3796772238121384,-0.5396014412099,-1.1002666261015883,0.765686278953835
-0.005165428413009734,0.9780336995209226,0.8104412095794589,0.12160905082982407,1.385972864319845,-0.03629046360371572,0.7873934769051011,0.8860956523649842,0.02964447535279087,-1.3735254526097533,1.435306478470724,1.451052073706214,-0.30091768483855236,-0.8068437734032816,-0.43335032996587697,1.1314284304186495,-0.39381059516934774,-1.1398069454341009,2.004867526452391,0.7029966251507106,0.9883446589630852,2.621940244318606,-0.37077548111900094
-1.2832578363448488,0.13548969842744177,-1.4165007456163237,2.0417519586691513,0.30922429721079936,-0.056504417072033485,0.7873934769051011,1.4705180361484222,0.7452007769718818,-0.6653488136506367,1.435306478470724,1.451052073706214,-0.30091768483855236,0.4895387240312183,-0.8439067791491747,1.1314284304186495,-0.25142857223867965,-2.1642969876055957,1.41047372031645,0.16491979487155503,1.1446118737535043,1.6913885267135573,-1.3296650911804564
-1.272333969610389,-2.5053198572386908,0.34511005476242923,0.12160905082982407,-0.7675242698982463,0.7992196130867518,0.444409386156146,-0.28274911520189183,1.4607570785909727,-0.6653488136506367,-1.4497316692091227,0.7354087306383301,-1.5572340628921508,0.4895387240312183,-0.8252451223681158,1.1314284304186495,2.1216051432724545,1.8139175917356631,-1.3730289815884438,-0.9302248126377849,1.179337921484709,-0.16971490849653975,0.18730841891676675
0.6721143091235205,-0.493274481493066,-1.0398040964787294,-0.8384624030898393,-1.0997126576233773,1.3887932559126868,0.444409386156146,-1.4515938827687678,0.7452007769718818,0.04282782530847982,-0.7284721322891611,1.451052073706214,-0.9290758738653516,1.785921221465718,-1.2171399147703545,-0.8838384939911589,-0.6311139667204612,-0.833790439330927,-0.6844020110650976,0.24721389832601395,0.23015928349846004,-0.16971490849653975,0.29892519892392005
2.081293117868882,-0.3926722127057851,2.4169416250192026,0.12160905082982407,-0.5957026900404199,-0.09019433951922975,1.4733616584030114,-0.28274911520189183,0.7452007769718818,0.04282782530847982,-0.007212595369199463,-0.6958779554974378,-0.30091768483855236,0.4895387240312183,-0.47067364352799496,1.1314284304186495,0.5079422167248833,0.47010597797824777,1.4394685401279597,-1.1074736508473895,-1.193608673480913,-0.16971490849653975,0.4206889589317242
0.03853003852483096,0.06003799683697975,-2.0037043457425754,1.0816805047494875,-0.8362529018413769,0.7756366673737145,0.10142529540719089,0.30167326858154614,-1.4014681278853909,-1.3735254526097533,-1.4497316692091227,-1.4115212985653218,0.3272405041882469,-0.8068437734032816,-0.5079969570901129,-0.8838384939911589,-0.6311139667204612,-0.3015878200210596,0.06946330403414452,1.6398833414014755,-0.707444005244054,0.7608368091085088,0.7859802389551359
-0.8790747671698227,0.36184480319882417,-0.23101423215389308,1.0816805047494875,-0.8820719898034639,-0.31928581216016444,0.10142529540719089,-0.8671714989853299,1.4607570785909727,-0.6653488136506367,-0.7284721322891611,-1.4115212985653218,0.3272405041882469,-0.8068437734032816,-0.7879218088059977,-0.8838384939911589,-0.6311139667204612,-1.2595525347788208,1.1132768172484797,1.6272227101007892,0.641084181651043,-1.1002666261015883,-0.8273895811482654
-1.567278371440813,0.5504740571749765,0.023809971674481355,0.12160905082982407,-0.5842479180498981,0.07488628047203198,1.4733616584030114,0.8860956523649842,1.4607570785909727,1.459181103226713,-0.007212595369199463,1.451052073706214,0.3272405041882469,0.4895387240312183,-1.0678466605218826,-0.8838384939911589,-0.6311139667204612,-0.11531690326260619,1.3234892608819226,-0.3858176667082867,-1.9980954459204774,-0.16971490849653975,2.566775229069267
-0.7370644996218406,-0.7950812878549104,0.5777756321709447,-0.8384624030898393,0.05721931341932059,-1.869022244731193,1.4733616584030114,-1.4515938827687678,-0.6859118262663001,-0.6653488136506367,-1.4497316692091227,-1.4115212985653218,-0.30091768483855236,0.4895387240312183,-0.28405707571740507,-0.8838384939911589,-0.6311139667204612,0.270529995737048,-0.41619992780863674,-0.5947180831696057,0.1201934656829801,0.7608368091085088,-0.6295234711355843
-0.8026077000286013,0.03488742964016087,-0.7517419530205675,-0.8384624030898393,-0.7789790418887681,1.0586320159301632,-0.24155879534176422,-0.28274911520189183,0.02964447535279087,0.7510044642675964,1.435306478470724,-1.4115212985653218,0.3272405041882469,-0.8068437734032816,-1.2171399147703545,1.1314284304186495,1.4571557029293372,-1.1131968144686075,-2.0978994768761767,0.24721389832601395,-0.707444005244054,-1.1002666261015883,-2.4965677912552433
0.890591643812724,0.6888021767574876,-0.20885560573403422,-0.8384624030898393,1.431791952281932,0.9205033338966585,-0.9275269768396744,0.8860956523649842,-0.6859118262663001,1.459181103226713,-0.007212595369199463,0.019765387570446186,-0.30091768483855236,-0.8068437734032816,2.8697629202815635,1.1314284304186495,2.1216051432724545,-0.3947232784002863,-0.3292154683741086,0.8802454633603146,1.028858381316157,-0.16971490849653975,0.16701445891546618
-0.2673382300400539,-0.6567531682723976,-0.16453835289431654,0.12160905082982407,1.3516085483482798,2.6184754252353506,1.1303775676540562,0.30167326858154614,0.7452007769718818,0.04282782530847982,-0.7284721322891611,0.019765387570446186,-0.30091768483855236,1.785921221465718,-0.7132751816817618,-0.8838384939911589,-0.6311139667204612,-0.72069738272758,-2.1123968867819314,0.07629537576675303,-0.34282050406640946,-1.1002666261015883,0.6946574189492828
-0.08163249555423119,0.5127482063797464,0.5999342585908021,0.12160905082982407,-0.16042135440059288,0.4589513963700695,1.4733616584030114,1.4705180361484222,1.4607570785909727,-0.6653488136506367,0.7140469415507622,-0.6958779554974378,2.2117150712686446,0.4895387240312183,-0.8998917494923516,-0.8838384939911589,-0.6311139667204612,-0.19514729615908602,0.3304166823377285,-1.3163740673087085,0.20700858501099065,-0.16971490849653975,0.826568158957737
-0.23456662983667315,-0.0657148391471218,-0.7406626398106388,0.12160905082982407,-0.492609742125724,0.843016512268107,-0.9275269768396744,1.4705180361484222,0.7452007769718818,-0.6653488136506367,-1.4497316692091227,1.451052073706214,0.9553986932150462,-0.8068437734032816,-0.5826435842143489,1.1314284304186495,1.267313005688446,0.05764894801310082,-0.43069733771439106,-0.5504058736172045,-0.08237514608237784,-0.16971490849653975,1.5267097790026092
-1.1630953022657866,-0.9837105418310628,-0.12022110005460039,0.12160905082982407,-0.687340865964594,0.00413744333291981,0.444409386156146,0.8860956523649842,-1.4014681278853909,-1.3735254526097533,1.435306478470724,0.7354087306383301,-0.30091768483855236,1.785921221465718,1.8993567676664964,-0.8838384939911589,-0.6311139667204612,-0.4412910075898999,0.040468484222635305,-0.904903550036413,0.1780702119016538,-1.1002666261015883,-0.040998631097865494
-1.1740191690002477,0.13548969842744177,0.8547584624191765,-0.8384624030898393,-0.6300670060119852,1.2978304653052568,-1.2705110675886295,0.8860956523649842,1.4607570785909727,1.459181103226713,0.7140469415507622,-1.4115212985653218,0.9553986932150462,-0.8068437734032816,-0.6013052409954078,1.1314284304186495,1.5046163772395595,-0.6940872517620867,0.17094517337442702,1.3296978745346686,1.196700945350311,-1.1002666261015883,-0.9795942811580203
-0.23456662983667315,-1.272942064594496,0.8104412095794589,1.0816805047494875,-0.5727931460593764,0.39157155147567696,-0.5845428860907194,-0.28274911520189183,0.7452007769718818,-1.3735254526097533,0.7140469415507622,-0.6958779554974378,-0.9290758738653516,-0.8068437734032816,-0.04145553756363825,-0.8838384939911589,-0.6311139667204612,-0.833790439330927,-0.2639771237982127,-0.7909578683302391,-1.4598417060868119,-1.1002666261015883,-0.1373949411040435
-0.6059780988083185,-1.7885286921293115,-1.1616765417879507,1.0816805047494875,0.3779529291539299,-1.9195571284019874,0.444409386156146,0.8860956523649842,1.4607570785909727,-0.6653488136506367,-0.007212595369199463,0.7354087306383301,1.5835568822418453,0.4895387240312183,0.0331910895605977,-0.8838384939911589,-0.6311139667204612,-0.9003157667446604,-1.3875263914941987,0.6713450468989955,-0.9331633154968814,-0.16971490849653975,0.11627955891221456
0.6502665756545998,2.235562059361938,-0.23101423215389308,1.0816805047494875,-0.3207881622678976,0.27702581515520963,1.4733616584030114,-0.28274911520189183,0.7452007769718818,1.459181103226713,-1.4497316692091227,-0.6958779554974378,0.9553986932150462,0.4895387240312183,-1.1798166012082365,1.1314284304186495,4.637020881714257,0.5299787726506082,1.287245736117536,1.6082317631497605,-0.08237514608237784,-1.1002666261015883,-0.1678358811059945
-1.5345067712374332,1.4055933418668667,0.023809971674481355,1.0816805047494875,-1.0653483416518121,1.2540335661239015,1.4733616584030114,-1.4515938827687678,-0.6859118262663001,0.04282782530847982,-1.4497316692091227,-0.6958779554974378,0.3272405041882469,1.785921221465718,-0.8252451223681158,-0.8838384939911589,-0.6311139667204612,-1.1797221418823411,0.10570682879853116,-1.2214193325535634,-0.8694988946563402,-1.1002666261015883,-0.7614342111440384
0.3662460405586357,0.7516785947495382,-0.042665907585095204,0.12160905082982407,0.6872317728980175,-0.26875092848937,1.1303775676540562,0.30167326858154614,0.02964447535279087,-1.3735254526097533,-0.7284721322891611,1.451052073706214,-0.30091768483855236,1.785921221465718,0.4250858819628364,1.1314284304186495,-0.014125200687566225,1.2351472432361823,0.27967574766758696,0.9308879885630585,-0.16340259078852093,1.6913885267135573,-2.0703946312279298
-0.23456662983667315,-0.8705329894453706,1.6303103871142253,2.0417519586691513,-0.6644313219835505,-0.7336718582606786,1.1303775676540562,0.30167326858154614,0.02964447535279087,-0.6653488136506367,0.7140469415507622,0.019765387570446186,-0.9290758738653516,0.4895387240312183,-0.9185534062734106,1.1314284304186495,-0.29888924654890237,0.29714012670254125,-0.06826209007052463,0.759969466003798,-2.0386091682735485,0.7608368091085088,0.912817488963265
0.5956472419822991,-0.0279889883518899,-0.5966315680815586,-0.8384624030898393,0.06867408540984235,0.3983095359651162,1.1303775676540562,0.8860956523649842,-0.6859118262663001,0.04282782530847982,-0.7284721322891611,0.019765387570446186,0.3272405041882469,0.4895387240312183,-0.39602701640375904,-0.8838384939911589,-0.6311139667204612,-1.5589165081406213,-0.3437128782798634,-1.886102475839579,0.37485114904514427,-0.16971490849653975,-0.65489092113721
-0.19087116289883244,-1.1597645122088038,1.8186587116830217,2.0417519586691513,-0.38951679421102814,0.7756366673737145,-1.2705110675886295,-0.28274911520189183,-0.6859118262663001,0.7510044642675964,1.435306478470724,-0.6958779554974378,-0.9290758738653516,0.4895387240312183,-0.5079969570901129,-0.8838384939911589,-0.6311139667204612,-0.6741296535379669,-0.8293761101226441,-0.07563219984147904,-0.742170052975258,-0.16971490849653975,1.8615601190240694
-0.17994729616437252,0.7516785947495382,-0.16453835289431654,0.12160905082982407,2.8292741351255875,-0.7168268970370805,0.444409386156146,-1.4515938827687678,-1.4014681278853909,-1.3735254526097533,0.7140469415507622,0.7354087306383301,-0.9290758738653516,0.4895387240312183,-1.1051699740840006,1.1314284304186495,2.026683794652009,-0.6674771207965935,1.41047372031645,-0.32251451020485666,-0.30809445633520516,0.7608368091085088,0.23804331892001834
0.09314937219713158,-0.10344068994235191,-0.818217832280144,-0.8384624030898393,-0.5727931460593764,0.7048878302346023,0.7873934769051011,-1.4515938827687678,0.02964447535279087,-0.6653488136506367,-0.007212595369199463,-0.6958779554974378,-0.9290758738653516,-0.8068437734032816,-0.6759518681196438,1.1314284304186495,-0.25142857223867965,1.5544688148221035,1.3089918509761678,-0.7403153431274947,0.5947827846761042,-1.1002666261015883,1.125904068976921
0.11499710566605242,-1.0843128106183437,-0.10914178684467019,-0.8384624030898393,-0.11460226643850584,2.1737684489323597,0.7873934769051011,0.30167326858154614,1.4607570785909727,0.7510044642675964,0.7140469415507622,0.7354087306383301,0.9553986932150462,-0.8068437734032816,1.5447852888263758,1.1314284304186495,1.5520770515497821,-0.16853716519359274,-0.0030237454946287715,-0.9302248126377849,-0.40648492490695065,-0.16971490849653975,1.059948698972694
-0.17994729616437252,0.6636516095606686,-0.5633936284517711,-0.8384624030898393,0.9163272127084527,3.07665837051722,-0.9275269768396744,-0.28274911520189183,0.7452007769718818,0.7510044642675964,0.7140469415507622,0.019765387570446186,0.9553986932150462,-0.8068437734032816,-0.47067364352799496,-0.8838384939911589,-0.6311139667204612,-0.3481555492106732,1.809152492724703,0.1395985322701831,1.4918723510655465,-1.1002666261015883,-1.223121801173628
0.9561348442194856,-1.5747488709563404,0.5888549453808735,-0.8384624030898393,0.04576454142879883,-0.693243951324043,0.444409386156146,1.4705180361484222,-1.4014681278853909,0.04282782530847982,-0.7284721322891611,0.019765387570446186,0.9553986932150462,-0.8068437734032816,-0.9372150630544697,-0.8838384939911589,-0.6311139667204612,-0.8404429720723005,1.1205255222013566,-1.7278445845810038,-0.742170052975258,-0.16971490849653975,-0.528053671129081
-0.540434898401558,-0.7447801534612691,-1.3832628059865362,-0.8384624030898393,-0.17187612639111466,0.18943201679249932,1.1303775676540562,-0.8671714989853299,-1.4014681278853909,1.459181103226713,1.435306478470724,-0.6958779554974378,-0.30091768483855236,-0.8068437734032816,-0.35870370284164105,1.1314284304186495,0.31809951948399257,0.11086920994408785,0.3014218625262187,0.01932253491366607,0.40378952215448116,-1.1002666261015883,-0.33526105111672505
-0.14717569596099175,0.210941400017902,-0.4969177491921946,0.12160905082982407,-0.4009715662015499,-1.2423896872133424,1.4733616584030114,-0.28274911520189183,-0.6859118262663001,0.04282782530847982,-0.7284721322891611,1.451052073706214,0.3272405041882469,-0.8068437734032816,0.44374753874389544,-0.8838384939911589,-0.6311139667204612,-0.8604005702964203,0.5333804210182934,-0.18957788154765343,-1.2283347212121174,-0.16971490849653975,1.1766389689801726
-0.9009225006387435,0.5001729227813352,-0.9179316511695065,2.0417519586691513,2.840728907116109,0.5398072102433406,0.7873934769051011,-0.8671714989853299,-0.6859118262663001,0.04282782530847982,0.7140469415507622,-0.6958779554974378,-0.9290758738653516,-0.8068437734032816,-0.3027187324984641,1.1314284304186495,0.31809951948399257,-0.3947232784002863,-0.8656196348870309,-3.0002380302999483,0.9246802381225444,0.7608368091085088,-0.9440798511557441
-0.7698360998252214,-1.876555677318183,1.6635483267440128,2.0417519586691513,-0.2749690743058105,0.9474552718544155,-0.5845428860907194,-1.4515938827687678,1.4607570785909727,-0.6653488136506367,-1.4497316692091227,-1.4115212985653218,-0.30091768483855236,0.4895387240312183,-1.0865083173029415,-0.8838384939911589,-0.6311139667204612,1.5411637493393566,0.2651783377618321,0.7536391503534545,0.8147144203070641,-0.16971490849653975,-0.9745207911576952
-0.37657689738465516,0.2612425344115433,-0.7406626398106388,-0.8384624030898393,4.169482458016634,-0.41698658725703364,1.4733616584030114,-1.4515938827687678,-0.6859118262663001,-0.6653488136506367,-0.007212595369199463,0.019765387570446186,0.3272405041882469,-0.8068437734032816,1.7127401998559066,-0.8838384939911589,-0.6311139667204612,-1.1797221418823411,0.3304166823377285,-0.08829283114216523,-1.210971697346515,-1.1002666261015883,0.18730841891676675
-2.0697762412259806,1.279840505882765,0.36726868118228806,0.12160905082982407,-0.33224293425841933,1.7155855036504906,-0.9275269768396744,-0.8671714989853299,1.4607570785909727,0.7510044642675964,-1.4497316692091227,0.019765387570446186,0.9553986932150462,-0.8068437734032816,0.984935585394606,-0.8838384939911589,-0.6311139667204612,0.03769134978898098,-0.0030237454946287715,2.045023543023428,-0.42384794877255255,-0.16971490849653975,0.4967913089366016
2.321618186027006,1.6067978794414302,-1.6159283833950508,1.0816805047494875,-0.6529765499930287,1.1361188375587146,-1.2705110675886295,0.30167326858154614,0.02964447535279087,1.459181103226713,-0.007212595369199463,1.451052073706214,-0.9290758738653516,0.4895387240312183,0.7609957040218982,1.1314284304186495,0.31809951948399257,-0.062096641331619164,-0.59741755163057,0.5257477869411066,1.4802970018218116,0.7608368091085088,-0.9034919311531429
0.3116267068863351,0.990608983119332,-0.7517419530205675,-0.8384624030898393,-0.7675242698982463,1.1799157367400697,1.4733616584030114,-1.4515938827687678,0.02964447535279087,0.04282782530847982,1.435306478470724,0.019765387570446186,-0.30091768483855236,0.4895387240312183,-0.452011986746936,-0.8838384939911589,-0.6311139667204612,-0.40137581114165977,-0.6988994209708524,1.16510966762575,-1.1704579749934436,0.7608368091085088,-1.2079013311726525
0.5082563081066177,1.6445237302366604,0.6996480774801661,0.12160905082982407,-0.5040645141162458,0.08499325720619087,0.10142529540719089,0.8860956523649842,-1.4014681278853909,-0.6653488136506367,-1.4497316692091227,-0.6958779554974378,2.8398732602954437,0.4895387240312183,-0.060117194344697235,1.1314284304186495,2.026683794652009,-0.3614606146934196,-1.8586922134312251,-1.3923378551128247,-0.5453891158317674,-0.16971490849653975,-2.1464969812328074
-0.9992373012488849,-0.3926722127057851,0.9987895341482567,-0.8384624030898393,-0.8133433578603334,-1.063833098243202,0.444409386156146,-1.4515938827687678,1.4607570785909727,-1.3735254526097533,-0.007212595369199463,1.451052073706214,-0.30091768483855236,0.4895387240312183,-1.1051699740840006,1.1314284304186495,1.0774703084475556,0.796080082305542,0.22168610804456854,-1.1011433351970463,0.0738920687080409,-0.16971490849653975,0.6642164789473318
0.3880937740275565,-0.3800969291073757,0.6885687642702375,1.0816805047494875,-0.6529765499930287,0.03445837353539646,1.4733616584030114,-0.28274911520189183,-0.6859118262663001,1.459181103226713,1.435306478470724,0.019765387570446186,0.3272405041882469,1.785921221465718,-0.13476382146893318,1.1314284304186495,0.27063884517376985,-1.1664170763995942,-0.3074693535154768,-0.752975974428181,-0.9621016886062183,0.7608368091085088,-0.39614293112062676
-0.6278258322772394,-0.2669193767216836,0.3561893679723594,1.0816805047494875,-0.4697001981446805,-1.26260364068166,-1.6134951583375847,-0.8671714989853299,-0.6859118262663001,0.04282782530847982,-1.4497316692091227,1.451052073706214,-0.30091768483855236,-0.8068437734032816,-0.09744050790681522,-0.8838384939911589,-0.6311139667204612,-1.126501879951354,0.1347016486100404,1.9753900708696546,-0.8058344738157991,-0.16971490849653975,-1.568119121195739
-1.9277659736779984,-0.2543440931232741,0.43374456044186305,-0.8384624030898393,1.2141512844620186,-1.5220160435250714,1.1303775676540562,0.8860956523649842,-0.6859118262663001,0.7510044642675964,-0.007212595369199463,-0.6958779554974378,-0.30091768483855236,1.785921221465718,-1.0865083173029415,-0.8838384939911589,-0.6311139667204612,0.2771825284784214,0.9683027181909332,0.5700599964935078,0.7336869756009214,-0.16971490849653975,-0.5179066911284306
-0.7916838332941413,0.04746271323857031,-0.7739005794404263,2.0417519586691513,0.022854997447755307,-1.3434594545549312,-0.24155879534176422,-0.28274911520189183,-0.6859118262663001,1.459181103226713,1.435306478470724,-0.6958779554974378,1.5835568822418453,0.4895387240312183,1.3581687210157858,-0.8838384939911589,-0.6311139667204612,1.1553168503397029,0.3666602071021151,-0.46178145451240254,1.0867351275348307,0.7608368091085088,-0.020704671096564924
0.02760617179037103,0.34926951960041475,0.1899996698234204,0.12160905082982407,-0.6300670060119852,0.37472659025207883,1.1303775676540562,-0.28274911520189183,-0.6859118262663001,1.459181103226713,-1.4497316692091227,1.451052073706214,-1.5572340628921508,-0.8068437734032816,-0.9558767198355287,1.1314284304186495,-0.39381059516934774,-2.3904831008122893,-0.3582102881856178,0.0509741131653811,2.001187717789875,-0.16971490849653975,-0.5229801811287558
1.3930895135978907,-0.5184250486898867,-1.1173592889482347,2.0417519586691513,0.6757770009074958,-0.9358113929438562,1.1303775676540562,-1.4515938827687678,-1.4014681278853909,1.459181103226713,-1.4497316692091227,0.019765387570446186,-0.9290758738653516,-0.8068437734032816,1.4328153481400219,1.1314284304186495,0.8401669368964422,0.024386284306234105,-0.9671015042273138,-0.4237995606103444,-1.957581723567406,-0.16971490849653975,-0.5483476311303815
-0.005165428413009734,-0.5310003322882961,1.3311689304461347,-0.8384624030898393,1.5005205842250628,1.2068676746978269,0.444409386156146,0.30167326858154614,-1.4014681278853909,0.7510044642675964,-0.007212595369199463,0.019765387570446186,-1.5572340628921508,-0.8068437734032816,-0.5639819274332899,1.1314284304186495,0.17571749655332447,0.7362072876331816,-0.8728683398399082,0.38015052698321716,-0.4701493457474918,-0.16971490849653975,-0.5534211211307069
-0.6387496990116993,-0.568726183083528,-1.5605318173454052,0.12160905082982407,-0.2635143023152888,-0.7134579047923608,1.4733616584030114,1.4705180361484222,0.02964447535279087,1.459181103226713,-1.4497316692091227,1.451052073706214,-0.9290758738653516,-0.8068437734032816,0.014529432779538715,1.1314284304186495,0.8876276112066649,0.796080082305542,0.033219779269757874,-0.8289397622322972,1.0751597782910958,0.7608368091085088,-1.1977543511720021
-0.1253279624920719,0.2612425344115433,-0.6631074473411336,-0.8384624030898393,-0.13751181041954938,-0.3799276725651177,0.444409386156146,0.8860956523649842,0.7452007769718818,-1.3735254526097533,-0.7284721322891611,-0.6958779554974378,-0.9290758738653516,-0.8068437734032816,1.078243869299901,-0.8838384939911589,-0.6311139667204612,-0.1751896979349662,0.43189855167801044,0.016157377088494743,0.4558785937512874,-0.16971490849653975,-0.09173353110111711
-0.9555418343110441,0.12291441482903054,-0.3196487378333269,0.12160905082982407,-1.2371699215096386,-0.639340075408529,-0.5845428860907194,-0.8671714989853299,0.02964447535279087,-0.6653488136506367,-0.007212595369199463,0.019765387570446186,1.5835568822418453,-0.8068437734032816,1.2648604371104908,1.1314284304186495,0.7452455882759966,-1.1398069454341009,0.33766538729060536,-0.6137090301206346,1.7928314314026499,0.7608368091085088,-1.7862791912097211
-0.3438052971812744,0.38699537039564486,-1.47189731166597,-0.8384624030898393,0.5154101930401911,-0.4607834864383888,1.4733616584030114,-1.4515938827687678,0.02964447535279087,0.04282782530847982,-0.007212595369199463,-1.4115212985653218,0.3272405041882469,1.785921221465718,0.05185274634165669,-0.8838384939911589,-0.6311139667204612,1.1220541866328362,-0.0030237454946287715,0.5194174712907631,1.190913270728443,-0.16971490849653975,-0.9643738111570449
0.5847233752478391,-0.05313955554871057,-0.14237972647445768,1.0816805047494875,0.6299579129454087,1.105797907356238,-1.2705110675886295,0.8860956523649842,-1.4014681278853909,1.459181103226713,-0.007212595369199463,1.451052073706214,-0.30091768483855236,0.4895387240312183,2.141958305820263,1.1314284304186495,0.3655601937942153,-0.4745536712967666,-0.691650716017975,-0.8289397622322972,0.641084181651043,-0.16971490849653975,1.8311191790221188
-0.8353793002319819,0.8774314307336398,0.7439653303198839,-0.8384624030898393,-0.8477076738318986,0.37472659025207883,-0.24155879534176422,-0.28274911520189183,1.4607570785909727,-0.6653488136506367,-0.7284721322891611,1.451052073706214,-0.9290758738653516,-0.8068437734032816,-1.0865083173029415,-0.8838384939911589,-0.6311139667204612,0.323750257668035,-2.699541987964995,-1.3037134360080227,0.9709816350974833,-1.1002666261015883,0.4511298989336749
-1.0320089014522646,-0.46812391429624534,2.0070070362518195,0.12160905082982407,0.022854997447755307,0.2905017841340881,1.1303775676540562,1.4705180361484222,-0.6859118262663001,0.04282782530847982,-1.4497316692091227,0.7354087306383301,1.5835568822418453,-0.8068437734032816,2.085973335477086,1.1314284304186495,0.08079614793287912,1.5145536183738628,-0.2059874841751943,0.46244463043767653,0.2938237043390012,-1.1002666261015883,0.4511298989336749
-0.17994729616437252,-0.2669193767216836,-1.0508834096886581,-0.8384624030898393,-1.030984025680247,0.07825527271675162,-1.2705110675886295,1.4705180361484222,-0.6859118262663001,0.7510044642675964,1.435306478470724,-0.6958779554974378,-0.30091768483855236,-0.8068437734032816,-0.4893353003090539,1.1314284304186495,0.7452455882759966,2.0068410412354907,0.888566963709283,-0.36049640410691436,0.9420432619881464,1.6913885267135573,-1.2332687811742782
0.7048859093269013,1.5187708942525588,-0.23101423215389308,-0.8384624030898393,-0.6644313219835505,0.17258705556890117,-0.9275269768396744,1.4705180361484222,-0.6859118262663001,-0.6653488136506367,-0.007212595369199463,0.019765387570446186,4.096189638349043,-0.8068437734032816,0.10783771668483365,-0.8838384939911589,-0.6311139667204612,0.7761224840814221,1.08428199743697,-0.32251451020485666,-0.19812863851972523,0.7608368091085088,-0.07651306110014176
-0.6496735657461593,-0.8956835566421913,-0.042665907585095204,-0.8384624030898393,-0.14896658241007113,-0.8010517031550711,1.4733616584030114,-0.8671714989853299,1.4607570785909727,0.04282782530847982,-0.7284721322891611,-0.6958779554974378,-1.5572340628921508,-0.8068437734032816,-0.47067364352799496,-0.8838384939911589,-0.6311139667204612,0.5898515673229687,2.2585721998030976,-0.2402204067503973,-0.24443003549466444,0.7608368091085088,-0.42151038112225253
-1.4798874375651314,0.31154366880518286,-1.47189731166597,1.0816805047494875,-0.5384288300878111,-0.43383154848063177,1.1303775676540562,-0.28274911520189183,-1.4014681278853909,0.7510044642675964,-0.007212595369199463,1.451052073706214,-0.30091768483855236,-0.8068437734032816,0.4997325090870724,-0.8838384939911589,-0.6311139667204612,-0.32154541824517946,-0.6336610763949566,2.6653944767570428,-0.3833342264194812,-1.1002666261015883,-0.8933449511524926
-2.0260807742881397,1.0912112519066128,-0.6187901945014175,-0.8384624030898393,-0.8133433578603334,-0.7437788349948374,1.4733616584030114,1.4705180361484222,1.4607570785909727,0.04282782530847982,1.435306478470724,0.7354087306383301,-1.5572340628921508,-0.8068437734032816,-0.09744050790681522,-0.8838384939911589,-0.6311139667204612,-1.3526879931580476,-1.6484797697977827,-0.4997633484144607,0.15491951341418442,-0.16971490849653975,-1.289077171177855
0.47548470790323794,0.13548969842744177,-0.6298695077113461,2.0417519586691513,1.0652392485852358,0.16584907107946192,0.7873934769051011,-0.28274911520189183,0.02964447535279087,-1.3735254526097533,0.7140469415507622,-1.4115212985653218,0.3272405041882469,0.4895387240312183,-0.004132224001520273,-0.8838384939911589,-0.6311139667204612,0.3370553231507809,1.2654996212589034,-0.19590819719799651,0.16070718803605144,-0.16971490849653975,0.6185550689444054
2.5291716539817486,1.1792382370954844,-0.37504530388297325,-0.8384624030898393,-0.6529765499930287,0.18269403230306006,0.444409386156146,0.30167326858154614,0.7452007769718818,0.04282782530847982,1.435306478470724,-1.4115212985653218,2.2117150712686446,0.4895387240312183,0.5183941658681314,1.1314284304186495,0.033335473622656396,-0.2084523616418329,-1.2135574726251428,-0.5187542953654894,-0.10552584456984723,-1.1002666261015883,-0.1932033311076203
-1.6437454385820343,-0.5561508994851168,-0.7960592058602851,2.0417519586691513,-0.9049815337845074,-0.03292147135899609,0.7873934769051011,-0.28274911520189183,-0.6859118262663001,0.04282782530847982,-1.4497316692091227,1.451052073706214,-0.30091768483855236,-0.8068437734032816,1.3954920345779038,-0.8838384939911589,-0.6311139667204612,-0.7672651119171936,-0.691650716017975,0.2408835826756713,-1.0026154109592895,0.7608368091085088,0.9838463489678168
1.7426532491006161,-0.19146767513122334,0.057047911304268846,2.0417519586691513,-0.5957026900404199,1.2877234885710978,-0.9275269768396744,1.4705180361484222,-1.4014681278853909,0.7510044642675964,-0.007212595369199463,0.7354087306383301,-0.30091768483855236,-0.8068437734032816,-0.6759518681196438,-0.8838384939911589,-0.6311139667204612,0.5632414363574749,0.33766538729060536,0.6903359938500244,0.21858393425472514,-0.16971490849653975,-1.5630456311954137
1.8628157831796792,0.23609196721472264,-0.00942796795530771,1.0816805047494875,-0.7446147259172028,1.1765467444953501,1.4733616584030114,-0.8671714989853299,-1.4014681278853909,1.459181103226713,-0.7284721322891611,0.019765387570446186,-0.9290758738653516,0.4895387240312183,-0.9372150630544697,1.1314284304186495,1.0774703084475556,0.9623934008398756,0.0912094188927763,-0.07563219984147904,-2.877821988444318,-0.16971490849653975,-0.5382006511297315
-2.113471708163821,-0.6693284518708089,1.2646930511865582,2.0417519586691513,2.0503496397701073,0.39157155147567696,1.1303775676540562,-0.8671714989853299,-1.4014681278853909,-0.6653488136506367,-0.007212595369199463,1.451052073706214,1.5835568822418453,-0.8068437734032816,-0.8439067791491747,1.1314284304186495,0.7927062625862195,1.8604853209252767,-0.43069733771439106,0.25987452962670016,-1.4540540314649446,-0.16971490849653975,0.4815708389356259
1.7972725827729177,-0.9711352582326516,-1.172755854997881,2.0417519586691513,0.9850558446515834,-0.8414796100917067,-1.2705110675886295,-1.4515938827687678,0.02964447535279087,-1.3735254526097533,0.7140469415507622,-0.6958779554974378,0.9553986932150462,-0.8068437734032816,0.7236723904597803,1.1314284304186495,0.31809951948399257,-0.31489288550380645,-0.5466766169604285,-1.1327949134487614,-0.7016563306221866,0.7608368091085088,-0.12724796110339337
0.5956472419822991,-0.7950812878549104,0.43374456044186305,1.0816805047494875,0.6299579129454087,1.3753172869338082,1.1303775676540562,-0.8671714989853299,1.4607570785909727,-1.3735254526097533,-1.4497316692091227,-1.4115212985653218,0.9553986932150462,-0.8068437734032816,-1.3291098554567085,-0.8838384939911589,-0.6311139667204612,-0.08870677229711244,0.14919905851579524,-0.7339850274771521,-3.149842695672084,-0.16971490849653975,2.0289852890348
-0.9664657010455041,-0.19146767513122334,-0.818217832280144,2.0417519586691513,-0.8133433578603334,-1.515278059035632,0.7873934769051011,-0.28274911520189183,-0.6859118262663001,0.04282782530847982,1.435306478470724,0.019765387570446186,-0.30091768483855236,-0.8068437734032816,-0.6759518681196438,-0.8838384939911589,-0.6311139667204612,-0.6940872517620867,0.29417315757334184,0.278865476577729,-1.4945677538180162,-1.1002666261015883,1.5520772290042348
0.7267336427958212,0.29896838520677343,-0.16453835289431654,2.0417519586691513,-0.3207881622678976,-0.49784240113030465,-0.5845428860907194,0.8860956523649842,0.7452007769718818,-0.6653488136506367,-0.7284721322891611,0.019765387570446186,1.5835568822418453,1.785921221465718,-0.20941044859316912,-0.8838384939911589,-0.6311139667204612,-0.16853716519359274,0.6348622903585764,-0.27820230065245544,-0.0650121222167759,-0.16971490849653975,-0.999888241159321
0.6502665756545998,0.03488742964016087,0.8658377756291051,-0.8384624030898393,-0.8247981298508551,0.45221341188063024,-0.24155879534176422,1.4705180361484222,1.4607570785909727,1.459181103226713,-0.7284721322891611,0.019765387570446186,-0.9290758738653516,-0.8068437734032816,1.3768303777968447,-0.8838384939911589,-0.6311139667204612,-1.4458234515372748,0.4608933714895202,-1.1834374386515052,-0.3196698055789401,0.7608368091085088,1.059948698972694
0.2460835064795745,-0.5184250486898867,-0.23101423215389308,0.12160905082982407,-0.1260570384290276,0.45221341188063024,-1.2705110675886295,0.8860956523649842,-1.4014681278853909,0.04282782530847982,-1.4497316692091227,0.7354087306383301,0.3272405041882469,0.4895387240312183,0.25713097093330556,1.1314284304186495,2.0741444689622317,-0.8271379065895536,0.08396071393989887,-0.847930709183326,0.80313907106333,1.6913885267135573,-0.010557691095914458
-0.19087116289883244,-0.15374182433599146,0.7772032699496714,-0.8384624030898393,1.9358019198648897,-1.036881160285445,0.444409386156146,-0.28274911520189183,1.4607570785909727,0.04282782530847982,-0.007212595369199463,1.451052073706214,-0.9290758738653516,0.4895387240312183,0.8543039879271932,1.1314284304186495,0.8401669368964422,-1.9647210053643953,1.0625358825783382,-1.1960980699521915,1.0809474529129637,-1.1002666261015883,-0.22871776110989658
-0.9118463673732035,-0.19146767513122334,0.25647554908299536,0.12160905082982407,-0.14896658241007113,-0.30917883542600555,-0.5845428860907194,0.30167326858154614,0.7452007769718818,-0.6653488136506367,-0.007212595369199463,-1.4115212985653218,-0.9290758738653516,0.4895387240312183,1.8620334541043784,-0.8838384939911589,-0.6311139667204612,1.9469682465631302,0.01872236936400301,-1.2910528047073364,1.954886320814936,-0.16971490849653975,-0.3301875611163998
-0.5185871649326371,0.4372965047892844,-0.06482453400495405,-0.8384624030898393,-0.5727931460593764,1.1226428685798362,1.1303775676540562,1.4705180361484222,0.7452007769718818,1.459181103226713,-1.4497316692091227,-0.6958779554974378,-0.30091768483855236,-0.8068437734032816,-1.1611549444271776,-0.8838384939911589,-0.6311139667204612,-0.07540170681436603,-0.44519474762014594,-0.7213243961764659,1.2777283900564536,-1.1002666261015883,-0.19827682110794556
-0.8899986339042826,-1.134613945011985,-1.3167869267269612,0.12160905082982407,-0.10314749444798409,-0.44393852521479066,-0.9275269768396744,-1.4515938827687678,0.7452007769718818,0.7510044642675964,0.7140469415507622,0.019765387570446186,-0.9290758738653516,-0.8068437734032816,-0.35870370284164105,1.1314284304186495,-0.014125200687566225,-1.645399433778475,-0.44519474762014594,0.31051705482944403,1.8854342253525276,-0.16971490849653975,0.7961272189557856
0.5847233752478391,0.210941400017902,0.023809971674481355,1.0816805047494875,0.34358861318236467,0.2130149625055367,-1.2705110675886295,-0.28274911520189183,0.02964447535279087,0.7510044642675964,1.435306478470724,0.019765387570446186,0.9553986932150462,0.4895387240312183,0.7236723904597803,-0.8838384939911589,-0.6311139667204612,-1.0533240197962472,0.5261317160654165,0.7789604129548269,-1.0373414586904939,-0.16971490849653975,-1.1165785111667996
-0.048860895350850427,-0.8076565714533199,-0.5412350020319123,-0.8384624030898393,-0.1833308983816364,-0.7606237962184356,0.10142529540719089,-0.8671714989853299,0.7452007769718818,0.7510044642675964,1.435306478470724,0.7354087306383301,0.9553986932150462,0.4895387240312183,0.4810708523060134,-0.8838384939911589,-0.6311139667204612,-0.773917644658567,1.2727483262117811,-0.11361409374353716,-1.0720675064216982,-1.1002666261015883,-2.0501006712266294
1.611566848287095,-0.568726183083528,0.012730658464551143,0.12160905082982407,-0.5269740580972893,-1.5186470512803518,-1.2705110675886295,1.4705180361484222,0.7452007769718818,1.459181103226713,0.7140469415507622,-0.6958779554974378,-0.30091768483855236,0.4895387240312183,1.3954920345779038,1.1314284304186495,4.257335487232476,-0.022181444883379014,0.12020423870428551,0.12693790096949692,-0.5338137665880329,-0.16971490849653975,-0.9440798511557441
-1.7966795728644762,1.1289371027018429,1.142820605877337,-0.8384624030898393,0.5497745090117564,0.9676692253227333,-0.24155879534176422,0.30167326858154614,0.7452007769718818,0.7510044642675964,-1.4497316692091227,0.7354087306383301,-0.30091768483855236,0.4895387240312183,-1.1611549444271776,1.1314284304186495,-0.1565072236182343,-1.3792981241235414,-0.09725690988203435,0.17125011052189815,-1.4656293807086793,-0.16971490849653975,0.3395131189265216
2.288846585823624,-0.6441778846739882,1.4419620625454275,0.12160905082982407,0.7788699488221916,-0.929073408454417,-1.2705110675886295,-1.4515938827687678,0.02964447535279087,1.459181103226713,-0.7284721322891611,0.019765387570446186,0.3272405041882469,0.4895387240312183,-0.9372150630544697,1.1314284304186495,0.9350882855168874,1.5212061511152366,-1.155567833002124,0.7219875721017395,-0.4006972502850832,-0.16971490849653975,-0.11202749110241768
-0.40934849758803593,-1.5998994381531593,-0.8736143983297904,0.12160905082982407,-0.8247981298508551,-1.417577283938763,-0.9275269768396744,-1.4515938827687678,1.4607570785909727,0.04282782530847982,-1.4497316692091227,-1.4115212985653218,-1.5572340628921508,-0.8068437734032816,0.5183941658681314,1.1314284304186495,-0.3463499208591251,0.024386284306234105,-0.6699046011593432,-1.6265595341755157,0.641084181651043,1.6913885267135573,-0.5483476311303815
-0.2236427631022132,-0.279494660320093,-0.45260049635247845,0.12160905082982407,0.3321338411918429,-1.0537261215090432,-1.6134951583375847,0.30167326858154614,0.02964447535279087,0.7510044642675964,-0.7284721322891611,-0.6958779554974378,-1.5572340628921508,1.785921221465718,1.28352209389155,1.1314284304186495,0.46048154241466055,0.48341104346099467,-0.6554071912535884,-0.27820230065245544,1.5034477003092814,0.7608368091085088,0.18730841891676675
-1.0429327681867255,-0.354946361910555,-0.042665907585095204,1.0816805047494875,0.5039554210496693,0.81606457431035,-1.6134951583375847,1.4705180361484222,-1.4014681278853909,1.459181103226713,1.435306478470724,-1.4115212985653218,-0.30091768483855236,0.4895387240312183,0.4624091955249544,1.1314284304186495,2.4063691891337906,0.6098091655470885,0.14919905851579524,-1.1454555447494474,-1.396177285246271,1.6913885267135573,1.08531614897432
-1.6765170387854151,1.0660606847097922,-0.5079970624021248,-0.8384624030898393,0.03430976943827707,-1.9195571284019874,-0.24155879534176422,0.8860956523649842,-1.4014681278853909,-1.3735254526097533,-0.007212595369199463,0.7354087306383301,0.9553986932150462,-0.8068437734032816,1.171552153205196,-0.8838384939911589,-0.6311139667204612,-0.21510489438320632,0.07671200898702195,0.9435486198637447,0.6468718562729109,0.7608368091085088,-0.9745207911576952
-1.7748318393955564,0.09776384763221165,1.5084379418050025,0.12160905082982407,0.5039554210496693,-0.06324240156147273,1.4733616584030114,1.4705180361484222,1.4607570785909727,0.7510044642675964,-0.7284721322891611,0.019765387570446186,-0.30091768483855236,0.4895387240312183,0.4810708523060134,1.1314284304186495,0.08079614793287912,-1.4325183860545279,0.011473664411125578,2.564109426351555,0.0970427671955107,0.7608368091085088,0.26341076892164417
0.1914641728072729,-0.6819037354692183,-2.2031319835213026,0.12160905082982407,-0.36660725022998464,1.004728140014649,-0.9275269768396744,1.4705180361484222,0.02964447535279087,1.459181103226713,-0.7284721322891611,0.7354087306383301,-0.30091768483855236,-0.8068437734032816,0.25713097093330556,1.1314284304186495,0.31809951948399257,1.0488763264777288,1.4394685401279597,1.1271277737236922,0.9825569843412182,-0.16971490849653975,-0.19827682110794556
-1.4908113042995923,-1.738227557735672,-0.652028134131205,-0.8384624030898393,-0.5842479180498981,-0.4742594554172673,-1.2705110675886295,-0.28274911520189183,1.4607570785909727,-0.6653488136506367,0.7140469415507622,-1.4115212985653218,0.3272405041882469,-0.8068437734032816,-0.32138038927952306,-0.8838384939911589,-0.6311139667204612,-1.592179171847488,0.6566084052172083,0.06996506011640995,-0.33703282944454205,-1.1002666261015883,-0.42151038112225253
0.7922768432025827,-0.36752164550896443,0.6774894510603072,2.0417519586691513,1.4776110402440192,1.0316800779724062,1.4733616584030114,1.4705180361484222,0.7452007769718818,0.04282782530847982,-0.7284721322891611,0.7354087306383301,-0.30091768483855236,0.4895387240312183,-1.1238316308650595,-0.8838384939911589,-0.6311139667204612,-0.30824035276243306,-0.691650716017975,-1.9304146853919804,-0.504875393478696,-0.16971490849653975,-1.9993657712233777
-1.6000499716441936,1.7199754318271205,-0.40828324351276074,1.0816805047494875,-0.42388111018259345,-1.9195571284019874,1.4733616584030114,-0.8671714989853299,1.4607570785909727,-0.6653488136506367,-0.7284721322891611,-1.4115212985653218,-0.30091768483855236,0.4895387240312183,1.09690552608096,-0.8838384939911589,-0.6311139667204612,-0.9003157667446604,-0.6481584863007109,-0.2402204067503973,0.46166626837315483,1.6913885267135573,0.34966009892717165
-2.1243955748982812,0.852280863536821,-2.4025596213000293,-0.8384624030898393,-0.22914998634372347,0.7486847294159574,1.1303775676540562,0.30167326858154614,0.02964447535279087,0.04282782530847982,1.435306478470724,-1.4115212985653218,0.9553986932150462,0.4895387240312183,-0.6572902113385848,1.1314284304186495,0.31809951948399257,0.5765465018402218,-0.8511222249812764,1.6715349196531903,-0.817409823059534,-1.1002666261015883,-1.91311644121785
0.2460835064795745,0.6510763259622574,0.32295142834257035,0.12160905082982407,-0.7904338138792898,0.39157155147567696,-0.9275269768396744,0.30167326858154614,-0.6859118262663001,0.04282782530847982,-1.4497316692091227,1.451052073706214,-0.30091768483855236,-0.8068437734032816,0.29445428449542355,1.1314284304186495,1.8368410974111185,-0.9136208322274073,-0.0030237454946287715,-1.1897677543018483,-0.44699864726002236,-1.1002666261015883,0.009736268905386113
-0.9336941008421233,-0.2543440931232741,-0.020507281165236348,0.12160905082982407,0.9392367566894962,1.6549436432455373,-1.2705110675886295,1.4705180361484222,-0.6859118262663001,1.459181103226713,-1.4497316692091227,-0.6958779554974378,-0.30091768483855236,3.082303718900218,-1.0118616901787056,1.1314284304186495,3.0233579551666856,-1.8516279487610485,0.888566963709283,-0.20856882849868227,-0.44699864726002236,-0.16971490849653975,0.019883248906036217
0.2460835064795745,-0.3926722127057851,-0.07590384721488269,-0.8384624030898393,0.022854997447755307,-1.4478982141412395,-0.24155879534176422,1.4705180361484222,-0.6859118262663001,-1.3735254526097533,-0.7284721322891611,1.451052073706214,0.9553986932150462,0.4895387240312183,0.3131159412764825,1.1314284304186495,1.0300096341373328,2.040103704942357,-0.25672841884533526,-0.24655072240074039,0.7394746502227885,0.7608368091085088,-0.4519513211242036
0.7704291097336619,-0.920834123839012,1.142820605877337,0.12160905082982407,1.0881487925662792,0.0277203890459572,-0.5845428860907194,0.8860956523649842,0.7452007769718818,0.7510044642675964,1.435306478470724,0.7354087306383301,-0.30091768483855236,-0.8068437734032816,0.7423340472408392,1.1314284304186495,-0.061585874997788954,-0.04213904310749932,-0.3944538129500044,1.0258427233182037,1.2603653661908518,1.6913885267135573,1.5875916590065111
-0.3219575637123545,1.9211799694016842,0.8547584624191765,-0.8384624030898393,0.8590533527558439,1.5336599224356307,0.7873934769051011,-0.8671714989853299,-0.6859118262663001,-1.3735254526097533,-0.007212595369199463,-1.4115212985653218,0.9553986932150462,-0.8068437734032816,0.7423340472408392,-0.8838384939911589,-0.6311139667204612,-0.38807074565891286,-0.40170251790288186,0.016157377088494743,-2.258540803904509,-0.16971490849653975,-0.7766546811450138
0.4864085746376978,0.9780336995209226,-0.884693711539719,0.12160905082982407,0.36649815716340817,-1.3400904623102114,-0.24155879534176422,1.4705180361484222,-0.6859118262663001,0.04282782530847982,0.7140469415507622,-1.4115212985653218,-0.9290758738653516,-0.8068437734032816,-1.3477715122377674,1.1314284304186495,0.033335473622656396,-0.13527450148672604,-0.24223100893958094,-1.2214193325535634,2.481564711404867,0.7608368091085088,-1.1013580411658241
-0.5950542320738587,1.8834541186064522,-0.5412350020319123,-0.8384624030898393,0.5726840529927999,0.3882025592309573,0.444409386156146,-0.8671714989853299,-0.6859118262663001,-0.6653488136506367,1.435306478470724,0.7354087306383301,-0.9290758738653516,-0.8068437734032816,-0.20941044859316912,-0.8838384939911589,-0.6311139667204612,-0.5078163350036333,1.1277742271542346,1.3296978745346686,-0.6206288859160435,1.6913885267135573,-0.03592514109754026
-0.398424630853576,-0.19146767513122334,-1.3500248663567487,-0.8384624030898393,-1.1455317455854646,-1.2390206949686227,-1.6134951583375847,0.30167326858154614,1.4607570785909727,0.04282782530847982,0.7140469415507622,1.451052073706214,-0.30091768483855236,-0.8068437734032816,0.3131159412764825,1.1314284304186495,0.8876276112066649,-0.5809941951587402,0.040468484222635305,-0.13260504069456644,-1.5350814761710878,-1.1002666261015883,0.9534054089658661
0.8687439103438032,-0.46812391429624534,0.6553308246404485,-0.8384624030898393,0.34358861318236467,-0.6494470521426879,0.7873934769051011,0.30167326858154614,0.7452007769718818,-0.6653488136506367,-1.4497316692091227,1.451052073706214,-0.30091768483855236,4.378686216334717,0.1824843438090696,-0.8838384939911589,-0.6311139667204612,-0.6076043261242334,-1.3730289815884438,-1.1581161760501333,-0.5338137665880329,-0.16971490849653975,-1.0404761611619222
-0.8681509004353627,-1.0843128106183437,-0.34180736425318575,-0.8384624030898393,-0.8706172178129422,0.2635498461763311,1.4733616584030114,-1.4515938827687678,1.4607570785909727,0.04282782530847982,-0.007212595369199463,-1.4115212985653218,1.5835568822418453,0.4895387240312183,-1.2731248851135315,-0.8838384939911589,-0.6311139667204612,-0.43463847484852647,-0.2857232386568445,0.7662997816541407,-1.5177184523054856,0.7608368091085088,-0.685331861139161
-1.1630953022657866,0.210941400017902,-1.6602456362347677,-0.8384624030898393,-0.1833308983816364,1.294461473060537,-1.2705110675886295,0.30167326858154614,-1.4014681278853909,1.459181103226713,-1.4497316692091227,0.019765387570446186,-0.9290758738653516,0.4895387240312183,-1.1424932876461185,-0.8838384939911589,-0.6311139667204612,-1.0932392162444873,0.4174011417722566,-1.8734418445388932,0.28803602971713377,2.621940244318606,0.8012007089561113
1.622490715021555,0.9151572815288718,-2.7349390175979074,0.12160905082982407,0.22904089327714702,0.5802351171799761,-0.5845428860907194,-0.28274911520189183,0.02964447535279087,1.459181103226713,-1.4497316692091227,0.7354087306383301,1.5835568822418453,1.785921221465718,0.44374753874389544,1.1314284304186495,1.3622343543088917,0.8892155406847692,-2.0181637223945263,0.4940962086893916,-1.430903332977475,0.7608368091085088,-0.7309932711420875
2.048521517665502,-0.10344068994235191,-0.5855522548716284,-0.8384624030898393,0.6185031409548869,-0.6595540288768468,1.4733616584030114,1.4705180361484222,0.7452007769718818,-1.3735254526097533,-1.4497316692091227,-1.4115212985653218,-0.30091768483855236,-0.8068437734032816,-0.6386285545575259,-0.8838384939911589,-0.6311139667204612,-0.08205423955573947,-0.2132361891280712,-1.4366500646652254,1.0867351275348307,0.7608368091085088,0.19238190891709198
-0.8463031669664419,1.0031842667177413,0.0016513452546225037,-0.8384624030898393,0.8934176687274092,-1.0705710827326413,-0.9275269768396744,-1.4515938827687678,0.7452007769718818,-1.3735254526097533,0.7140469415507622,0.019765387570446186,-0.30091768483855236,1.785921221465718,-0.8812300927112927,-0.8838384939911589,-0.6311139667204612,0.3902755850817684,-0.09000820492915693,-0.18957788154765343,1.4282079302250057,-1.1002666261015883,0.26848425892196937
0.7813529764681219,0.8774314307336398,-1.305707613517031,0.12160905082982407,-0.927891077765551,-0.4035106182781551,-1.6134951583375847,0.30167326858154614,0.02964447535279087,0.04282782530847982,1.435306478470724,0.019765387570446186,-0.9290758738653516,0.4895387240312183,-0.8812300927112927,1.1314284304186495,0.22317817086354722,-0.16853716519359274,-0.8003812903111349,1.1904309302271223,-0.20970398776346014,-1.1002666261015883,-0.020704671096564924
-1.8949943734746175,1.594222595843019,-0.37504530388297325,-0.8384624030898393,-0.5727931460593764,0.6509839543190883,0.7873934769051011,-0.28274911520189183,0.7452007769718818,-1.3735254526097533,-0.007212595369199463,0.019765387570446186,2.2117150712686446,-0.8068437734032816,3.0750411448732122,-0.8838384939911589,-0.6311139667204612,-0.4745536712967666,-0.046515975211892845,2.190620802981317,-0.915800291631279,0.7608368091085088,-0.09680702110144233
-0.40934849758803593,1.3678674910716366,-0.363965990673043,-0.8384624030898393,-0.4582454261541587,-0.7538858117289964,1.1303775676540562,1.4705180361484222,1.4607570785909727,0.7510044642675964,-0.7284721322891611,0.019765387570446186,0.3272405041882469,0.4895387240312183,2.19794327616344,1.1314284304186495,0.22317817086354722,2.2795948836317974,-0.5249305021017967,0.12060758531915382,-0.3543958533101444,0.7608368091085088,1.4962688390006584
0.7813529764681219,1.2924157894811763,-1.33894555314682,-0.8384624030898393,-0.13751181041954938,-0.693243951324043,1.1303775676540562,1.4705180361484222,-1.4014681278853909,0.04282782530847982,1.435306478470724,-0.6958779554974378,1.5835568822418453,-0.8068437734032816,0.6490257633355443,-0.8838384939911589,-0.6311139667204612,-1.3659930586407945,-1.9891689025830168,-0.36049640410691436,-0.9621016886062183,-0.16971490849653975,-0.594009041133308
0.5847233752478391,0.890006714332051,0.8990757152588926,2.0417519586691513,-0.733159953926681,-1.1716408500742301,-0.24155879534176422,-1.4515938827687678,-0.6859118262663001,-1.3735254526097533,-0.007212595369199463,0.7354087306383301,-0.30091768483855236,-0.8068437734032816,0.9102889582703702,-0.8838384939911589,-0.6311139667204612,0.03103881704760754,1.2220073915416396,2.6210822672046414,0.062316719464306405,-0.16971490849653975,-1.7101768412048437
0.42086537423093634,-0.9837105418310628,-0.2531728585737504,-0.8384624030898393,-0.03441886250485351,-1.916188136157268,1.1303775676540562,-1.4515938827687678,0.02964447535279087,1.459181103226713,0.7140469415507622,1.451052073706214,0.3272405041882469,0.4895387240312183,0.9476122718324881,-0.8838384939911589,-0.6311139667204612,-1.5589165081406213,0.7653389795103682,-0.08196251549182212,0.35748812517954237,0.7608368091085088,0.1568674789148157
-0.16902342942991258,0.08518856403380043,-1.3611041795666772,-0.8384624030898393,-0.08023795046694056,0.8598614734917052,-0.5845428860907194,-0.8671714989853299,1.4607570785909727,0.7510044642675964,-0.7284721322891611,-0.6958779554974378,0.9553986932150462,-0.8068437734032816,-0.340042046060582,-0.8838384939911589,-0.6311139667204612,0.9025206061675151,0.18544258328018187,0.27253516092738633,0.9420432619881464,-1.1002666261015883,-0.46209830112485406
1.3056985797222092,-0.5435756158867073,-0.7295833266007102,0.12160905082982407,-0.687340865964594,-1.2221757337450245,-0.5845428860907194,0.8860956523649842,0.7452007769718818,0.7510044642675964,-0.7284721322891611,0.019765387570446186,0.3272405041882469,0.4895387240312183,1.227537123548373,1.1314284304186495,0.5079422167248833,0.8293427460124086,-1.0250911438503323,-1.3163740673087085,-0.11710119381358214,-0.16971490849653975,2.125381599040978
-1.3488010367516095,-0.2417688095248629,0.9987895341482567,1.0816805047494875,1.2714251444146274,0.07151728822731236,-0.24155879534176422,0.8860956523649842,1.4607570785909727,-0.6653488136506367,0.7140469415507622,-1.4115212985653218,-0.9290758738653516,-0.8068437734032816,-0.6572902113385848,-0.8838384939911589,-0.6311139667204612,0.18404707009919424,-0.6481584863007109,-0.26554166935176926,0.0160153224893672,1.6913885267135573,-0.5990825311336332
-0.4967394314637173,-0.6190273174771675,1.0652654134078317,2.0417519586691513,0.1488574893434947,0.8093265898209108,-0.24155879534176422,-0.28274911520189183,0.02964447535279087,1.459181103226713,-0.007212595369199463,-0.6958779554974378,-0.9290758738653516,-0.8068437734032816,-0.5826435842143489,1.1314284304186495,0.8876276112066649,-0.2882827545383127,-2.366101560132638,0.6333631529969379,0.247522307364062,-1.1002666261015883,-1.1064315311661492
-0.6605974324806192,2.2481373429603475,1.3976448097057097,-0.8384624030898393,-0.6758860939740722,2.2209343403584345,-0.24155879534176422,1.4705180361484222,0.7452007769718818,-0.6653488136506367,-0.007212595369199463,-0.6958779554974378,-0.30091768483855236,0.4895387240312183,0.10783771668483365,1.1314284304186495,1.5520770515497821,1.0422237937363559,-1.3440341617769347,-1.8987631071402653,-0.11131351919171469,-0.16971490849653975,-1.6290010011996408
-0.25641436330559303,1.3552922074732272,0.6553308246404485,-0.8384624030898393,-1.0882578856328557,0.4926413188172658,-0.24155879534176422,-0.28274911520189183,0.02964447535279087,0.04282782530847982,-0.007212595369199463,0.019765387570446186,2.2117150712686446,-0.8068437734032816,-0.07877885112575622,-0.8838384939911589,-0.6311139667204612,-1.006756290606634,-0.03201856530613798,-0.8352700778826398,0.6121458085417061,3.552491961923655,0.3395131189265216
1.1964599123776078,1.1918135206938938,-1.1173592889482347,-0.8384624030898393,-0.22914998634372347,0.7958506208420323,-1.2705110675886295,-1.4515938827687678,1.4607570785909727,0.7510044642675964,-0.007212595369199463,0.7354087306383301,1.5835568822418453,-0.8068437734032816,-0.9558767198355287,1.1314284304186495,-0.3463499208591251,-0.6142568588656069,-0.9453553893686816,0.19657137312327008,0.9651939604756162,-0.16971490849653975,0.7200248689509087
1.469556580739112,0.022312146041749647,0.32295142834257035,1.0816805047494875,-0.0687831784764188,-1.3131385243524545,-1.6134951583375847,0.8860956523649842,0.02964447535279087,-0.6653488136506367,-0.7284721322891611,-1.4115212985653218,-0.9290758738653516,0.4895387240312183,-0.5453202706522309,1.1314284304186495,-0.6311139667204612,-1.7252298266749548,-0.3654589931384952,-0.10095346244285142,0.24173463274219495,-1.1002666261015883,0.05539767890831249
-0.398424630853576,0.5504740571749765,-0.3196487378333269,-0.8384624030898393,-0.2635143023152888,-1.3064005398630152,-0.24155879534176422,-0.8671714989853299,-0.6859118262663001,0.7510044642675964,-1.4497316692091227,0.019765387570446186,0.3272405041882469,-0.8068437734032816,-0.526658613871172,1.1314284304186495,0.17571749655332447,-1.0400189543135008,0.6421109953114534,1.3296978745346686,-0.4990877188568286,-0.16971490849653975,-1.603633551198015
-1.5126590377685123,-0.10344068994235191,-0.5633936284517711,0.12160905082982407,-0.7560694979077245,-0.18452612237137933,-1.6134951583375847,-0.8671714989853299,-0.6859118262663001,0.7510044642675964,-0.7284721322891611,0.019765387570446186,0.3272405041882469,0.4895387240312183,-0.340042046060582,1.1314284304186495,2.0741444689622317,-0.255020090831446,0.3014218625262187,0.6333631529969379,-0.9678893632280857,-0.16971490849653975,-0.43165736112290304
0.25700737321403444,0.7139527439543082,0.06812722451419749,-0.8384624030898393,1.5005205842250628,0.43873744290175176,1.4733616584030114,0.30167326858154614,0.7452007769718818,-0.6653488136506367,-0.7284721322891611,-0.6958779554974378,0.3272405041882469,-0.8068437734032816,0.12649937346589263,1.1314284304186495,1.6469984001702276,0.5432838381333551,1.2727483262117811,0.4434536834866477,2.4410509890517953,0.7608368091085088,0.9229644689639147
0.3334744403552559,0.38699537039564486,1.4198034361255687,-0.8384624030898393,0.7559604048411481,0.5297002335091817,0.444409386156146,-1.4515938827687678,0.02964447535279087,0.7510044642675964,-1.4497316692091227,1.451052073706214,-1.5572340628921508,-0.8068437734032816,0.05185274634165669,-0.8838384939911589,-0.6311139667204612,-0.6275619243483533,1.591691344138383,0.2282229513749851,0.26488533122966434,-0.16971490849653975,-1.59856006119769
-0.21271889636775232,-0.9082588402406008,1.707865579583729,-0.8384624030898393,-0.1260570384290276,-0.5652222460246972,0.10142529540719089,0.8860956523649842,0.02964447535279087,-0.6653488136506367,-0.7284721322891611,-1.4115212985653218,-0.9290758738653516,-0.8068437734032816,-0.6572902113385848,-0.8838384939911589,-0.6311139667204612,1.8072650589942902,-0.7931325853582575,-0.4048086136593156,0.03337834635496956,-0.16971490849653975,-0.594009041133308
1.0107541778917852,0.44987178838769565,-0.3085694246233967,-0.8384624030898393,-0.33224293425841933,-0.3327617811390429,-1.2705110675886295,0.8860956523649842,-1.4014681278853909,-0.6653488136506367,1.435306478470724,0.019765387570446186,0.9553986932150462,0.4895387240312183,-0.5639819274332899,-0.8838384939911589,-0.6311139667204612,-1.4857386479855144,-0.59741755163057,0.08895600706743878,-0.8000467991939316,-1.1002666261015883,-1.3296650911804564
1.3603179133945107,0.38699537039564486,-0.5966315680815586,-0.8384624030898393,-0.5842479180498981,0.024351396801237574,0.444409386156146,-1.4515938827687678,-0.6859118262663001,0.04282782530847982,-1.4497316692091227,1.451052073706214,-0.9290758738653516,-0.8068437734032816,0.29445428449542355,1.1314284304186495,0.27063884517376985,1.241799775977556,-0.0030237454946287715,0.5067568399900778,-1.5640198492804247,0.7608368091085088,-0.8121691111472901
-0.08163249555423119,0.12291441482903054,-0.3196487378333269,2.0417519586691513,-0.8591624458224204,1.26750953510278,0.7873934769051011,-1.4515938827687678,-1.4014681278853909,-1.3735254526097533,-0.007212595369199463,-1.4115212985653218,-0.30091768483855236,0.4895387240312183,1.2648604371104908,-0.8838384939911589,-0.6311139667204612,-1.8582804815024216,0.5043856012067838,0.016157377088494743,1.6249888673684958,-0.16971490849653975,0.9280379589642402
0.03853003852483096,0.04746271323857031,-1.7045628890744855,0.12160905082982407,-0.42388111018259345,0.5701281404458172,0.444409386156146,0.30167326858154614,0.02964447535279087,1.459181103226713,-0.7284721322891611,0.7354087306383301,-0.30091768483855236,0.4895387240312183,0.21980765737118757,1.1314284304186495,-0.6311139667204612,-0.773917644658567,-0.9888476190859457,2.19695111863166,2.371598893589387,-1.1002666261015883,-0.7563607211437132
1.338470179925591,-0.19146767513122334,0.44482387365179327,1.0816805047494875,-0.7560694979077245,-0.4304625562359121,-0.9275269768396744,1.4705180361484222,-1.4014681278853909,-0.6653488136506367,-0.7284721322891611,0.019765387570446186,1.5835568822418453,-0.8068437734032816,-0.13476382146893318,1.1314284304186495,0.31809951948399257,0.6497243619953282,-0.3654589931384952,-0.5947180831696057,-0.02449839986370414,0.7608368091085088,-0.12217447110306814
0.44271310769985717,-0.0028384211550710197,1.6192310739042952,0.12160905082982407,0.011400225457233543,1.3719482946890886,1.4733616584030114,0.8860956523649842,0.02964447535279087,0.7510044642675964,-0.007212595369199463,0.7354087306383301,0.3272405041882469,-0.8068437734032816,-0.452011986746936,1.1314284304186495,0.6028635653453287,0.802732615046915,0.6131161754999437,2.1716298560302882,-0.012923050619969649,1.6913885267135573,1.5825181690061856
0.16961643933835305,-0.7573554370596803,-0.6298695077113461,-0.8384624030898393,-0.8018885858698116,0.45221341188063024,-1.2705110675886295,-0.8671714989853299,-1.4014681278853909,1.459181103226713,0.7140469415507622,-1.4115212985653218,0.3272405041882469,0.4895387240312183,0.7050107336787212,1.1314284304186495,-0.6311139667204612,-0.7539600464344467,0.1636964684215501,0.38015052698321716,0.5021799907262265,4.483043679528703,-0.14246843110436871
0.4864085746376978,-0.7699307206580898,-1.0508834096886581,2.0417519586691513,0.904872440717931,-0.48436643215142616,0.7873934769051011,1.4705180361484222,0.02964447535279087,0.7510044642675964,1.435306478470724,-1.4115212985653218,0.3272405041882469,0.4895387240312183,0.7609957040218982,1.1314284304186495,-0.3463499208591251,0.7029446239263147,0.1926912882330588,-1.3796772238121384,-0.3891219010413487,-0.16971490849653975,-0.5432741411300563
-0.6715212992150801,0.009736862443340207,-0.21993491894396286,-0.8384624030898393,0.5497745090117564,-0.49447340888558505,0.7873934769051011,1.4705180361484222,-0.6859118262663001,-0.6653488136506367,-0.7284721322891611,-1.4115212985653218,-0.9290758738653516,-0.8068437734032816,3.840169072896631,-0.8838384939911589,-0.6311139667204612,-0.10866437052123275,-0.0030237454946287715,-0.8732519717846979,1.3066667631657904,0.7608368091085088,0.0807651289099383
-0.16902342942991258,0.5253234899781558,0.11244447735391519,2.0417519586691513,0.022854997447755307,-0.8212656566233889,1.1303775676540562,0.30167326858154614,0.7452007769718818,0.7510044642675964,1.435306478470724,0.019765387570446186,-1.5572340628921508,-0.8068437734032816,3.0377178313110944,-0.8838384939911589,-0.6311139667204612,-0.9402309631929006,-0.7206455358294842,-0.27820230065245544,-0.9968277363374225,-1.1002666261015883,-0.624449981135259
0.9452109774850237,-0.7825060042564992,-0.2642521717836806,-0.8384624030898393,-0.1947856703721582,-0.2754889129788093,0.10142529540719089,-0.8671714989853299,-0.6859118262663001,-0.6653488136506367,1.435306478470724,-1.4115212985653218,-0.9290758738653516,0.4895387240312183,-0.9372150630544697,-0.8838384939911589,-0.6311139667204612,1.0089611300294892,1.9831214115937592,-1.3163740673087085,0.4443032445075529,3.552491961923655,-0.37077548111900094
-0.3001098302434337,0.47502235558451633,-1.7821180815439899,-0.8384624030898393,-0.0687831784764188,0.35451263678376105,1.4733616584030114,-0.8671714989853299,-1.4014681278853909,0.04282782530847982,0.7140469415507622,1.451052073706214,-1.5572340628921508,1.785921221465718,3.3922893101512153,1.1314284304186495,1.2198523313782237,0.011081218823487702,1.598940049091261,0.9625395668147735,-0.45278632188188944,-1.1002666261015883,-1.4159144211859842
0.02760617179037103,0.9277325651272812,1.0209481605681157,-0.8384624030898393,0.664322228916974,-0.5113183701091831,-1.2705110675886295,-1.4515938827687678,-1.4014681278853909,1.459181103226713,-1.4497316692091227,0.019765387570446186,0.3272405041882469,1.785921221465718,-1.1051699740840006,-0.8838384939911589,-0.6311139667204612,-0.2417150253486996,-0.0030237454946287715,-1.0441704943439594,1.5034477003092814,-0.16971490849653975,0.5576731889405033
0.6284188421856799,-0.4178227799026058,-0.9290109643794368,-0.8384624030898393,-1.1111674296138991,0.6408769775849293,-0.5845428860907194,1.4705180361484222,0.7452007769718818,-1.3735254526097533,-0.007212595369199463,0.019765387570446186,1.5835568822418453,0.4895387240312183,-0.414688673184818,1.1314284304186495,3.2606613267177984,0.1640894718750744,1.0335410627668296,-2.860971085992402,1.0751597782910958,-1.1002666261015883,-0.8882714611521675
-2.1899387753050426,0.8774314307336398,-0.652028134131205,0.12160905082982407,-0.733159953926681,-1.4580051908753984,0.444409386156146,0.30167326858154614,-0.6859118262663001,0.7510044642675964,-0.7284721322891611,-1.4115212985653218,-0.30091768483855236,0.4895387240312183,0.16382268702801062,1.1314284304186495,0.9350882855168874,1.374850430805023,-0.024769860353261067,-1.848120581937521,0.843652793416401,-0.16971490849653975,0.47649734893530066
-0.3547291639157353,-0.7573554370596803,-1.5162145645056877,-0.8384624030898393,-0.9393458497560727,0.38146457474151807,0.10142529540719089,0.8860956523649842,-1.4014681278853909,0.04282782530847982,-0.7284721322891611,0.019765387570446186,-0.9290758738653516,0.4895387240312183,-0.28405707571740507,1.1314284304186495,-0.29888924654890237,-0.28163022179693975,-0.43069733771439106,-0.5314149266661757,0.38063882366701174,-0.16971490849653975,-1.476796301189886
0.9233632440161038,-1.373544333381777,-0.042665907585095204,0.12160905082982407,-0.7102504099456375,0.6880428690110042,0.10142529540719089,0.30167326858154614,0.7452007769718818,-1.3735254526097533,-0.7284721322891611,0.7354087306383301,0.3272405041882469,0.4895387240312183,-1.0491850037408235,-0.8838384939911589,-0.6311139667204612,1.4014605617705158,1.910634362064986,0.17758042617224123,0.5832074354323693,-0.16971490849653975,2.566775229069267
0.21331190627619373,-0.4178227799026058,-0.4636798095624071,0.12160905082982407,-0.01150931852380998,0.31745372209184514,-0.9275269768396744,-0.8671714989853299,0.7452007769718818,-0.6653488136506367,-0.7284721322891611,1.451052073706214,0.3272405041882469,-0.8068437734032816,0.1824843438090696,1.1314284304186495,1.0300096341373328,1.60768907675309,1.7511628531016845,0.2345532670253282,1.0635844290473617,-1.1002666261015883,-0.3454080311173751
0.0057584383214501975,-0.6693284518708089,-0.4304418699326196,-0.8384624030898393,-0.22914998634372347,2.109757596282687,-0.9275269768396744,0.8860956523649842,-1.4014681278853909,-1.3735254526097533,0.7140469415507622,0.019765387570446186,0.3272405041882469,-0.8068437734032816,-0.04145553756363825,-0.8838384939911589,-0.6311139667204612,1.1154016538914622,-0.5684227318190608,1.4942860814435865,-0.6669302828909823,1.6913885267135573,-0.9948147511589958
-0.2673382300400539,-0.0279889883518899,-0.16453835289431654,-0.8384624030898393,-0.5155192861067676,-1.4478982141412395,-1.2705110675886295,0.8860956523649842,0.02964447535279087,1.459181103226713,-0.007212595369199463,-1.4115212985653218,0.3272405041882469,0.4895387240312183,-0.7505984952438798,-0.8838384939911589,-0.6311139667204612,-0.7473075136930738,0.6131161754999437,0.6713450468989955,-0.3659712025538789,-1.1002666261015883,-2.5067147712558935
-0.4311962310569558,-0.01541370475348046,-1.0841213493184456,0.12160905082982407,0.5039554210496693,-0.7740997651973142,1.4733616584030114,0.8860956523649842,-1.4014681278853909,-0.6653488136506367,0.7140469415507622,0.019765387570446186,-0.9290758738653516,0.4895387240312183,-0.20941044859316912,-0.8838384939911589,-0.6311139667204612,0.40358065056451436,-1.0830807834733507,0.8992364103113435,-0.07658747146051038,-1.1002666261015883,1.4303134689964307
1.7208055156316964,0.5378987735765671,1.54167588143479,-0.8384624030898393,0.04576454142879883,0.23996690046329372,-0.24155879534176422,-0.8671714989853299,0.7452007769718818,1.459181103226713,-0.007212595369199463,-1.4115212985653218,2.2117150712686446,-0.8068437734032816,-0.8252451223681158,-0.8838384939911589,-0.6311139667204612,0.1374793409095811,0.8740695538035281,0.0003315879626367773,-0.9852523870936876,0.7608368091085088,0.1822349289164415
0.08222550546267166,-1.7508028413340815,-1.4165007456163237,-0.8384624030898393,0.2977695252202776,-0.5450082925563795,-0.24155879534176422,0.30167326858154614,0.02964447535279087,0.04282782530847982,-1.4497316692091227,1.451052073706214,-0.30091768483855236,0.4895387240312183,-0.02279388078257926,-0.8838384939911589,-0.6311139667204612,0.3037926594439142,-0.5176817971489193,1.9374081769675968,-0.07658747146051038,-1.1002666261015883,-1.1774603911707016
-0.4858155647292564,-0.46812391429624534,-0.4193625567226894,-0.8384624030898393,1.4088824083008886,-1.5455989892381088,1.4733616584030114,0.30167326858154614,1.4607570785909727,-0.6653488136506367,-0.7284721322891611,0.7354087306383301,-0.30091768483855236,-0.8068437734032816,-1.3291098554567085,1.1314284304186495,1.8368410974111185,-0.2882827545383127,-1.2642984072952839,-1.3796772238121384,-0.6727179575128497,-0.16971490849653975,-1.1723869011703765
1.2073837791120678,-0.2543440931232741,-0.47475912277233573,2.0417519586691513,0.6986865448885393,0.9912521710357707,0.444409386156146,0.8860956523649842,1.4607570785909727,-0.6653488136506367,0.7140469415507622,0.7354087306383301,-1.5572340628921508,0.4895387240312183,-0.7505984952438798,-0.8838384939911589,-0.6311139667204612,-0.9867986923825137,-0.8656196348870309,0.6840056781996817,0.7047486024915846,-0.16971490849653975,-1.9689248312214265
-1.1084759685934862,1.1918135206938938,-0.7406626398106388,0.12160905082982407,0.3206790692013211,0.8632304657364248,-1.6134951583375847,-1.4515938827687678,1.4607570785909727,0.7510044642675964,-0.007212595369199463,1.451052073706214,2.8398732602954437,-0.8068437734032816,3.373627653370156,-0.8838384939911589,-0.6311139667204612,0.3969281178231414,-0.7351429457352391,-1.2404102795045926,-2.5189861618885407,0.7608368091085088,1.7296493790156156
0.2460835064795745,-1.8514051101213624,1.7300242060035878,0.12160905082982407,-0.30933339027737583,-1.9195571284019874,-0.24155879534176422,-1.4515938827687678,-1.4014681278853909,-0.6653488136506367,-1.4497316692091227,0.7354087306383301,-0.30091768483855236,0.4895387240312183,-0.7132751816817618,1.1314284304186495,-0.10904654930801158,-1.5389589099165015,1.178515161824376,1.7031864979049054,-0.20970398776346014,-0.16971490849653975,-2.5067147712558935
-0.8135315667630622,0.6007751915686178,-0.6852660737609925,-0.8384624030898393,1.2141512844620186,0.6678289155426864,1.1303775676540562,-1.4515938827687678,0.02964447535279087,0.04282782530847982,-1.4497316692091227,0.7354087306383301,-0.30091768483855236,0.4895387240312183,-0.47067364352799496,1.1314284304186495,0.033335473622656396,-0.4745536712967666,0.34491409224348335,0.696666309500368,-1.1993963481027805,-0.16971490849653975,-0.5838620611326578
0.6721143091235205,-1.4364207513738276,0.12352379056384383,-0.8384624030898393,-0.5957026900404199,0.1490041098558638,0.7873934769051011,-0.8671714989853299,-1.4014681278853909,0.04282782530847982,-1.4497316692091227,1.451052073706214,0.3272405041882469,-0.8068437734032816,0.0331910895605977,-0.8838384939911589,-0.6311139667204612,-1.652051966519848,-0.5031843872431644,-0.39214798235862935,-0.5627521396973698,-1.1002666261015883,1.0903896389746455
-0.7807599665596814,0.6636516095606686,-0.20885560573403422,0.12160905082982407,-0.6758860939740722,0.8632304657364248,-0.9275269768396744,1.4705180361484222,-1.4014681278853909,0.04282782530847982,1.435306478470724,0.7354087306383301,0.9553986932150462,0.4895387240312183,0.014529432779538715,-0.8838384939911589,-0.6311139667204612,0.3503603886335278,-0.1117543197877887,0.22189263572464202,0.8089267456851971,-1.1002666261015883,-0.21857078110924613
-0.6169019655427785,0.5127482063797464,0.012730658464551143,0.12160905082982407,-0.22914998634372347,-0.3832966648098373,-0.24155879534176422,0.8860956523649842,-1.4014681278853909,0.7510044642675964,0.7140469415507622,-0.6958779554974378,0.9553986932150462,0.4895387240312183,-0.6572902113385848,-0.8838384939911589,-0.6311139667204612,-1.8050602195714351,0.04771718917551222,0.19657137312327008,0.5369060384574305,0.7608368091085088,-1.5782661011963892
-0.027013161881929596,-0.7950812878549104,1.5859931342745077,0.12160905082982407,-0.09169272245746232,0.44884441963591065,0.10142529540719089,-0.8671714989853299,-1.4014681278853909,-0.6653488136506367,-1.4497316692091227,-0.6958779554974378,0.9553986932150462,-0.8068437734032816,0.23846931415224656,1.1314284304186495,0.6028635653453287,-0.2683251563141929,-1.1918113577665106,1.468964818842214,-2.3164175501231825,-0.16971490849653975,1.927515489028297
-0.40934849758803593,0.42472122119087496,-0.6852660737609925,1.0816805047494875,2.3710832555047165,1.0451560469512846,-1.6134951583375847,-0.28274911520189183,1.4607570785909727,-0.6653488136506367,0.7140469415507622,0.019765387570446186,-0.9290758738653516,-0.8068437734032816,-0.8252451223681158,-0.8838384939911589,-0.6311139667204612,-1.519001311692381,-0.7278942407823616,1.4942860814435865,2.360023544345652,0.7608368091085088,-0.5382006511297315
-0.5295110316670971,0.6510763259622574,1.0209481605681157,0.12160905082982407,-0.0687831784764188,0.15574209434530303,0.444409386156146,0.30167326858154614,0.02964447535279087,-1.3735254526097533,-0.7284721322891611,-0.6958779554974378,0.9553986932150462,-0.8068437734032816,-0.7879218088059977,-0.8838384939911589,-0.6311139667204612,0.9424358026157557,-0.44519474762014594,-0.10728377809319406,-0.42963562339442,-1.1002666261015883,-1.1064315311661492
0.06037777199375179,-1.0591622434215229,1.0652654134078317,-0.8384624030898393,-0.16042135440059288,-1.0065602300829684,-0.24155879534176422,-0.8671714989853299,-1.4014681278853909,1.459181103226713,1.435306478470724,-0.6958779554974378,-0.9290758738653516,1.785921221465718,-0.2653954189363461,1.1314284304186495,1.2198523313782237,-0.8936632340032871,-1.7354642292323104,0.36748989568253143,-2.0733352160047533,1.6913885267135573,-1.2332687811742782
0.5301040415755386,0.48759763918292576,-0.28641079820353943,1.0816805047494875,2.485630975409934,0.8228025587997893,0.10142529540719089,-0.8671714989853299,0.02964447535279087,0.04282782530847982,-0.7284721322891611,-1.4115212985653218,0.9553986932150462,-0.8068437734032816,2.19794327616344,-0.8838384939911589,-0.6311139667204612,1.2218421777534363,0.8523234389448964,-0.4997633484144607,1.4397832794687406,-0.16971490849653975,-1.0100352211599712
1.1309167119708483,-0.568726183083528,-0.5855522548716284,0.12160905082982407,-0.687340865964594,-1.020036199061847,0.444409386156146,1.4705180361484222,0.02964447535279087,0.04282782530847982,-1.4497316692091227,0.7354087306383301,0.3272405041882469,0.4895387240312183,-0.07877885112575622,1.1314284304186495,0.6028635653453287,-1.0400189543135008,1.6714270986200344,-1.2277496482039065,-0.08237514608237784,-0.16971490849653975,-1.096284551165499
0.16961643933835305,-0.4178227799026058,-0.3528866774631144,-0.8384624030898393,4.478761301760721,0.5364382179986209,0.7873934769051011,0.30167326858154614,1.4607570785909727,-1.3735254526097533,-0.7284721322891611,0.019765387570446186,0.9553986932150462,-0.8068437734032816,-0.7319368384628208,1.1314284304186495,0.6977849139657739,1.4812909546669961,0.49713689625390683,0.5763903121438505,0.8899541903913405,-0.16971490849653975,1.7600903190175663
0.8359723101404234,0.16064026562426242,0.4669825000716521,-0.8384624030898393,-0.9966197097086815,0.32419170658128443,1.1303775676540562,-0.8671714989853299,0.7452007769718818,-1.3735254526097533,-1.4497316692091227,0.019765387570446186,-0.30091768483855236,0.4895387240312183,1.059582212518842,1.1314284304186495,0.6503242396555514,-0.4612486058140197,0.6783545200758401,0.4687749460880192,-0.6379919097816454,-1.1002666261015883,0.030030228906686683
-0.2236427631022132,0.1857908328210813,1.1317412926674082,-0.8384624030898393,-0.6186122340214634,1.0485250391960044,1.1303775676540562,-0.28274911520189183,-1.4014681278853909,1.459181103226713,-0.007212595369199463,0.7354087306383301,-1.5572340628921508,-0.8068437734032816,0.3131159412764825,1.1314284304186495,-0.1565072236182343,2.099976499614717,-0.5321792070546741,1.5069467127442726,-1.2283347212121174,0.7608368091085088,1.87170709902472
-0.2673382300400539,-1.838829826522953,-1.3721834927766074,0.12160905082982407,-1.214260377528595,1.2338196126555838,-1.6134951583375847,-0.28274911520189183,-1.4014681278853909,0.7510044642675964,1.435306478470724,0.019765387570446186,0.3272405041882469,0.4895387240312183,-0.6759518681196438,-0.8838384939911589,-0.6311139667204612,0.7694699513400483,0.5841213556884349,-0.752975974428181,0.1664948626579189,-1.1002666261015883,-1.0303291811612718
1.917435116851979,-0.3800969291073757,-2.0812595382120804,1.0816805047494875,0.6299579129454087,0.20627697801609746,-0.5845428860907194,0.8860956523649842,-0.6859118262663001,-1.3735254526097533,-1.4497316692091227,1.451052073706214,0.9553986932150462,0.4895387240312183,-0.43335032996587697,1.1314284304186495,0.6977849139657739,-0.3348504837279263,2.4687846434365404,0.665014731248653,-0.19812863851972523,0.7608368091085088,1.3186966889892777
-0.24549049657113306,0.9528831323241018,0.4669825000716521,0.12160905082982407,0.011400225457233543,-1.1413199198717534,0.7873934769051011,0.8860956523649842,-0.6859118262663001,1.459181103226713,-0.007212595369199463,0.7354087306383301,0.3272405041882469,0.4895387240312183,1.7687251701990836,1.1314284304186495,-0.3463499208591251,-0.8537480375550469,0.9103130785679148,-2.069681629699526,1.196700945350311,-1.1002666261015883,-1.380399991183708
-0.11440409575761099,0.34926951960041475,-0.05374522079502384,1.0816805047494875,0.9965106166421052,0.5162242645303031,-0.9275269768396744,0.8860956523649842,-0.6859118262663001,1.459181103226713,-0.7284721322891611,-0.6958779554974378,0.3272405041882469,-0.8068437734032816,-0.060117194344697235,1.1314284304186495,0.17571749655332447,-0.8204853738481801,-1.0250911438503323,0.01299221926332297,1.422420255603138,0.7608368091085088,0.1822349289164415
-0.9227702341076633,-0.0657148391471218,0.267554862292924,1.0816805047494875,0.2634052092487123,1.0114661245040883,1.1303775676540562,0.30167326858154614,0.02964447535279087,0.04282782530847982,1.435306478470724,0.7354087306383301,-0.9290758738653516,0.4895387240312183,3.728199132210277,-0.8838384939911589,-0.6311139667204612,0.7029446239263147,0.1926912882330588,-0.2528810380510835,1.381906533250067,0.7608368091085088,1.9122950190273211
1.4149372470668125,-0.8202318550517311,-0.3528866774631144,0.12160905082982407,0.03430976943827707,-0.1306222464558653,0.444409386156146,0.8860956523649842,-0.6859118262663001,-0.6653488136506367,1.435306478470724,-0.6958779554974378,-0.9290758738653516,0.4895387240312183,-0.6759518681196438,-0.8838384939911589,-0.6311139667204612,-0.16188463245221932,-0.0030237454946287715,-0.7972881839805822,-2.571075233485347,-0.16971490849653975,1.212153398982449
-0.7370644996218406,0.7265280275527194,-0.08698316042481133,-0.8384624030898393,-1.2257151495191168,-0.09693232400866901,1.4733616584030114,1.4705180361484222,-1.4014681278853909,0.04282782530847982,1.435306478470724,0.7354087306383301,-1.5572340628921508,0.4895387240312183,0.40642422518177745,-0.8838384939911589,-0.6311139667204612,-1.1198493472099806,0.9320591934265465,-0.20223851284833916,-0.6785056321347172,-0.16971490849653975,0.6337755389453807
0.39901764076201646,-0.7196295862644484,-0.20885560573403422,-0.8384624030898393,-0.2635143023152888,0.46232038861478914,-1.2705110675886295,1.4705180361484222,-1.4014681278853909,-0.6653488136506367,0.7140469415507622,0.019765387570446186,-0.30091768483855236,-0.8068437734032816,-0.6759518681196438,1.1314284304186495,0.08079614793287912,-0.7007397845034602,-0.5466766169604285,-0.45545113886205946,-0.5453891158317674,-0.16971490849653975,-0.15768890110534442
-0.4202723643224959,-0.05313955554871057,0.7107273906900947,2.0417519586691513,-0.13751181041954938,0.35114364453904146,1.4733616584030114,0.8860956523649842,0.7452007769718818,0.04282782530847982,-1.4497316692091227,0.7354087306383301,-0.9290758738653516,-0.8068437734032816,-0.6199668977764669,1.1314284304186495,-0.29888924654890237,0.3570129213749017,-0.5321792070546741,0.4940962086893916,-0.6090535366723085,0.7608368091085088,0.19745539891741684
1.6443384484904748,1.0912112519066128,0.16784104340356154,-0.8384624030898393,2.462721431428891,1.766120387321285,1.1303775676540562,-0.8671714989853299,0.02964447535279087,1.459181103226713,1.435306478470724,-1.4115212985653218,-0.9290758738653516,0.4895387240312183,0.8169806743650752,1.1314284304186495,5.064166950506261,-0.9069682994860339,0.2506809278560772,0.9688698824651171,-0.8637112200344728,-0.16971490849653975,0.33443962892619633
-2.7907514457003515,0.29896838520677343,-0.8071385190702138,0.12160905082982407,1.3516085483482798,-0.6326020909190898,-0.5845428860907194,-0.8671714989853299,0.02964447535279087,-1.3735254526097533,1.435306478470724,1.451052073706214,2.2117150712686446,-0.8068437734032816,-0.8625684359302337,-0.8838384939911589,-0.6311139667204612,-0.5078163350036333,-0.539427912007551,-0.03131999028907825,-1.1183689033966369,2.621940244318606,-0.37077548111900094
-1.8731466400056977,-1.7633781249324927,-1.5162145645056877,-0.8384624030898393,-0.35515247823946283,-0.8178966643786693,-0.24155879534176422,-0.8671714989853299,0.02964447535279087,-0.6653488136506367,-0.007212595369199463,1.451052073706214,0.3272405041882469,0.4895387240312183,0.23846931415224656,-0.8838384939911589,-0.6311139667204612,-0.24836755809007305,-0.19149007426943943,1.4499738718911852,-1.0431291333123613,-0.16971490849653975,0.6033345989434297
0.049453905259290894,-0.8831082730437819,-2.0147836589525046,0.12160905082982407,-0.9393458497560727,-1.4748501520989965,1.4733616584030114,1.4705180361484222,1.4607570785909727,0.04282782530847982,-0.7284721322891611,-1.4115212985653218,0.3272405041882469,0.4895387240312183,0.29445428449542355,-0.8838384939911589,-0.6311139667204612,-1.2861626657443141,0.6058674705470668,2.551448795050869,-1.1704579749934436,-1.1002666261015883,0.5272322489385523
-0.6169019655427785,1.380442774670046,-0.5412350020319123,-0.8384624030898393,-0.24060475833424522,0.34440566004960216,-0.5845428860907194,0.8860956523649842,0.02964447535279087,1.459181103226713,-1.4497316692091227,-1.4115212985653218,1.5835568822418453,-0.8068437734032816,-0.414688673184818,1.1314284304186495,1.741919748790673,-1.0533240197962472,1.591691344138383,0.5257477869411066,-0.48751236961309374,-0.16971490849653975,-0.2033503111082708
0.7704291097336619,-0.0657148391471218,-1.0287247832687991,0.12160905082982407,0.2977695252202776,-1.3838873614915668,1.1303775676540562,0.30167326858154614,-0.6859118262663001,-1.3735254526097533,-0.007212595369199463,-0.6958779554974378,-1.5572340628921508,0.4895387240312183,-0.9932000333976466,1.1314284304186495,0.6977849139657739,0.2904875939611678,0.06946330403414452,1.0638246172202621,0.7799883725758602,-0.16971490849653975,0.6185550689444054
1.589719114818175,0.33669423600200354,-0.8625350851198601,-0.8384624030898393,-0.6987956379551157,-1.6870966635163331,0.444409386156146,1.4705180361484222,-1.4014681278853909,-1.3735254526097533,-1.4497316692091227,0.7354087306383301,0.9553986932150462,-0.8068437734032816,-0.6386285545575259,1.1314284304186495,-0.1565072236182343,-0.6741296535379669,-0.5249305021017967,0.0509741131653811,0.7047486024915846,0.7608368091085088,0.4714238589349758
-0.5076632981981772,0.23609196721472264,0.34511005476242923,0.12160905082982407,0.5383197370212346,-0.23506100604217373,1.1303775676540562,1.4705180361484222,0.7452007769718818,0.04282782530847982,1.435306478470724,0.7354087306383301,0.9553986932150462,-0.8068437734032816,0.0331910895605977,1.1314284304186495,0.17571749655332447,0.3037926594439142,0.5841213556884349,-0.2402204067503973,0.7973513964414621,0.7608368091085088,0.030030228906686683
-2.3428729095874847,0.6133504751670273,-0.6741867605510639,0.12160905082982407,-1.1111674296138991,-0.6595540288768468,0.10142529540719089,-0.28274911520189183,0.02964447535279087,-0.6653488136506367,-1.4497316692091227,0.7354087306383301,-0.9290758738653516,-0.8068437734032816,-0.47067364352799496,-0.8838384939911589,-0.6311139667204612,-0.062096641331619164,-0.9381066844158041,-0.9302248126377849,-0.724807029109656,-1.1002666261015883,2.566775229069267
-0.7261406328873807,0.9528831323241018,0.721806703900025,-0.8384624030898393,-0.6758860939740722,0.5701281404458172,-1.6134951583375847,-0.8671714989853299,0.02964447535279087,0.04282782530847982,-0.007212595369199463,0.019765387570446186,0.3272405041882469,-0.8068437734032816,0.5370558226491904,1.1314284304186495,2.92843660654624,0.3969281178231414,-1.3367854568240571,-1.0441704943439594,0.11440579106111265,-1.1002666261015883,1.298402728987977
-1.0975521018590262,1.0534854011113828,-0.16453835289431654,-0.8384624030898393,-0.7446147259172028,1.4460661240729202,1.1303775676540562,-0.28274911520189183,0.7452007769718818,1.459181103226713,1.435306478470724,0.7354087306383301,-0.30091768483855236,0.4895387240312183,-1.2731248851135315,1.1314284304186495,-0.6311139667204612,-0.5211214004863797,-0.0030237454946287715,0.16491979487155503,0.9825569843412182,-0.16971490849653975,0.704804398949933
0.25700737321403444,-0.6064520338787581,-0.3196487378333269,-0.8384624030898393,0.12594794536245116,0.42863046616759287,-1.6134951583375847,-1.4515938827687678,-0.6859118262663001,0.7510044642675964,-1.4497316692091227,0.7354087306383301,1.5835568822418453,0.4895387240312183,0.2757926277143645,1.1314284304186495,-0.1565072236182343,1.3881554962877698,-0.11900302474066614,-1.0758220725956744,0.9709816350974833,0.7608368091085088,-0.6904053511394863
-1.3378771700171495,-0.05313955554871057,0.5002204397014396,-0.8384624030898393,-1.030984025680247,-1.1682718578295106,-1.2705110675886295,1.4705180361484222,0.02964447535279087,0.7510044642675964,-0.007212595369199463,-0.6958779554974378,0.3272405041882469,-0.8068437734032816,1.171552153205196,-0.8838384939911589,-0.6311139667204612,-0.055444108590245726,-0.024769860353261067,0.0003315879626367773,1.231426993081515,-1.1002666261015883,-0.6143030011346089
0.7813529764681219,0.6259257587654368,-0.23101423215389308,0.12160905082982407,-0.01150931852380998,0.3679886057626396,-1.6134951583375847,-1.4515938827687678,-1.4014681278853909,-0.6653488136506367,1.435306478470724,1.451052073706214,-0.30091768483855236,-0.8068437734032816,1.7314018566369656,1.1314284304186495,1.1723916570680006,0.7761224840814221,0.10570682879853116,1.0068517763671747,0.7799883725758602,-1.1002666261015883,-1.7862791912097211
0.35532217382417575,0.7894044455447702,-0.07590384721488269,2.0417519586691513,-0.44679065416363695,-1.2592346484369406,1.4733616584030114,-0.8671714989853299,-0.6859118262663001,-0.6653488136506367,1.435306478470724,-0.6958779554974378,0.3272405041882469,0.4895387240312183,-0.004132224001520273,1.1314284304186495,1.1723916570680006,-1.2928151984856875,1.5481991144211196,1.0068517763671747,-0.1923409638978578,-1.1002666261015883,-0.3149670911154241
-2.408416109994246,-0.01541370475348046,-0.45260049635247845,-0.8384624030898393,-0.6987956379551157,-0.22495402930801486,-0.24155879534176422,0.30167326858154614,0.7452007769718818,-0.6653488136506367,0.7140469415507622,0.7354087306383301,1.5835568822418453,-0.8068437734032816,0.014529432779538715,-0.8838384939911589,-0.6311139667204612,-1.3460354604166747,2.744235431645879,1.133458089374035,0.99992000820682,-0.16971490849653975,0.7961272189557856
-2.69243664509021,0.9780336995209226,0.5445376925411557,1.0816805047494875,0.7215960888695828,0.6375079853402098,1.4733616584030114,0.30167326858154614,1.4607570785909727,0.04282782530847982,0.7140469415507622,0.7354087306383301,0.3272405041882469,-0.8068437734032816,-0.2467337621552871,-0.8838384939911589,-0.6311139667204612,-0.2683251563141929,-2.888008316739806,1.677865235303534,-0.6032658620504411,0.7608368091085088,-2.2175258412373595
0.25700737321403444,-0.7825060042564992,-1.0952006625283757,-0.8384624030898393,-0.2864238462963323,-0.07671837054035124,-1.6134951583375847,-0.28274911520189183,1.4607570785909727,-1.3735254526097533,-0.7284721322891611,-0.6958779554974378,-0.9290758738653516,0.4895387240312183,2.2166049329444992,1.1314284304186495,0.46048154241466055,1.4546808237015032,-0.32196676342123115,0.8612545164092857,-0.32545748020080756,-0.16971490849653975,-1.7355442912064694
-0.33288143044681445,1.141512386300254,-0.28641079820353943,1.0816805047494875,-0.4009715662015499,1.3281513955077333,-0.5845428860907194,1.4705180361484222,0.7452007769718818,0.04282782530847982,-0.007212595369199463,0.7354087306383301,-0.9290758738653516,0.4895387240312183,0.8169806743650752,-0.8838384939911589,-0.6311139667204612,1.8072650589942902,-0.0030237454946287715,2.0956660682261723,0.10283044181737774,1.6913885267135573,-0.304820111114774
0.02760617179037103,0.563049340773386,-1.2946283003071022,-0.8384624030898393,-0.5384288300878111,-0.31928581216016444,-1.6134951583375847,-0.28274911520189183,0.02964447535279087,1.459181103226713,0.7140469415507622,1.451052073706214,-1.5572340628921508,-0.8068437734032816,0.05185274634165669,-0.8838384939911589,-0.6311139667204612,-0.015528912142006048,0.32316797738485054,0.4307930521859615,0.07967974332990835,-0.16971490849653975,0.9787728589674919
1.5023281809424938,0.41214593759246554,-1.1062799757383044,-0.8384624030898393,-1.2944437814622474,-0.10030131625338864,-1.6134951583375847,0.8860956523649842,-1.4014681278853909,1.459181103226713,-0.7284721322891611,0.7354087306383301,0.9553986932150462,-0.8068437734032816,-0.8065834655870567,1.1314284304186495,-0.061585874997788954,0.017733751564860668,0.08396071393989887,0.01932253491366607,0.05652904484243895,-1.1002666261015883,0.31414566892489576
-0.5950542320738587,-1.4615713185706483,0.43374456044186305,-0.8384624030898393,-0.4582454261541587,-0.5685912382694168,-0.5845428860907194,-0.8671714989853299,-1.4014681278853909,0.04282782530847982,-1.4497316692091227,-0.6958779554974378,0.3272405041882469,-0.8068437734032816,-0.7319368384628208,1.1314284304186495,1.0774703084475556,0.004428686082114264,2.5775152177297005,-2.2595910992098163,0.1896455611453883,-0.16971490849653975,-0.00041071109526435323
1.0107541778917852,-1.6879264233420308,-0.363965990673043,0.12160905082982407,-0.13751181041954938,0.34440566004960216,0.444409386156146,1.4705180361484222,0.02964447535279087,-0.6653488136506367,1.435306478470724,0.019765387570446186,-0.30091768483855236,-0.8068437734032816,-0.9745383766165876,1.1314284304186495,4.399717510163144,1.6409517404599567,-0.6771533061122207,0.7156572564513968,-0.16340259078852093,0.7608368091085088,-0.208423801108596
0.8796677770782642,0.47502235558451633,0.8547584624191765,-0.8384624030898393,-0.5040645141162458,-1.0234051913065665,-1.2705110675886295,0.8860956523649842,1.4607570785909727,1.459181103226713,1.435306478470724,0.7354087306383301,0.3272405041882469,0.4895387240312183,-0.4893353003090539,1.1314284304186495,1.1249309827577783,0.9756984663226224,0.18544258328018187,0.17125011052189815,0.01022764786750016,-0.16971490849653975,1.1157570889762713
-0.5732064986049378,-0.568726183083528,-2.025862972162434,1.0816805047494875,0.4581363330875823,0.6476149620743686,0.444409386156146,0.8860956523649842,-1.4014681278853909,1.459181103226713,-1.4497316692091227,0.019765387570446186,-0.9290758738653516,-0.8068437734032816,-1.0865083173029415,-0.8838384939911589,-0.6311139667204612,-1.2728576002615677,0.9755514231438102,-0.4491208232117168,0.21858393425472514,-0.16971490849653975,0.7910537289554608
0.4317892409653972,-0.8579577058469612,0.8325998359993176,2.0417519586691513,0.12594794536245116,1.2136056591872662,1.4733616584030114,-0.28274911520189183,0.7452007769718818,1.459181103226713,-0.007212595369199463,-1.4115212985653218,0.3272405041882469,-0.8068437734032816,0.0331910895605977,1.1314284304186495,1.3147736799986687,0.42353824878863516,2.7297380217401237,-0.8732519717846979,-0.2502177101165315,0.7608368091085088,0.9077439989629393
0.7704291097336619,0.6888021767574876,0.9323136548886801,1.0816805047494875,-0.5040645141162458,0.3107157376024059,-1.6134951583375847,-0.8671714989853299,-1.4014681278853909,-0.6653488136506367,-1.4497316692091227,-1.4115212985653218,0.3272405041882469,-0.8068437734032816,0.0331910895605977,-0.8838384939911589,-0.6311139667204612,0.12417427542683425,-0.43069733771439106,-0.34783577280622857,0.623721157785441,2.621940244318606,1.1766389689801726
-0.4311962310569558,0.7013774603558988,-0.1534590396843879,-0.8384624030898393,-0.6758860939740722,-1.090785036200959,-0.9275269768396744,0.8860956523649842,1.4607570785909727,-0.6653488136506367,-1.4497316692091227,-1.4115212985653218,0.3272405041882469,0.4895387240312183,-0.47067364352799496,1.1314284304186495,2.5962118863746815,-1.4657810497613946,1.1567690469657432,-1.1771071230011625,1.6134135181247617,-0.16971490849653975,-0.19827682110794556
-1.0975521018590262,2.2481373429603475,0.06812722451419749,-0.8384624030898393,0.4925006490591476,1.2304506204108643,-1.2705110675886295,1.4705180361484222,-1.4014681278853909,1.459181103226713,1.435306478470724,1.451052073706214,1.5835568822418453,-0.8068437734032816,0.6117024497734264,-0.8838384939911589,-0.6311139667204612,0.17074200461644784,-0.22048489408094865,-1.1897677543018483,0.8089267456851971,3.552491961923655,-1.4920167711908616
0.20238803954173382,-1.6879264233420308,0.0016513452546225037,-0.8384624030898393,-0.8247981298508551,0.327560698826004,0.444409386156146,-0.28274911520189183,0.02964447535279087,0.04282782530847982,0.7140469415507622,0.019765387570446186,0.3272405041882469,-0.8068437734032816,1.9366800812286145,1.1314284304186495,1.2198523313782237,1.2750624396844228,-0.1552465495050528,0.8549242007589432,0.99992000820682,-0.16971490849653975,0.5931876189427796
1.4477088472701922,-0.11601597354076135,-0.10914178684467019,-0.8384624030898393,-0.8247981298508551,-1.9195571284019874,-1.6134951583375847,-1.4515938827687678,0.02964447535279087,0.04282782530847982,-0.7284721322891611,0.7354087306383301,-0.30091768483855236,-0.8068437734032816,-0.7132751816817618,1.1314284304186495,0.6977849139657739,-0.46790113855539317,-1.5469979004575,-0.19590819719799651,-0.6842933067565842,0.7608368091085088,-0.6092295111342836
0.12592097240051237,-0.01541370475348046,1.076344726617762,0.12160905082982407,-0.5269740580972893,0.735208760437079,1.1303775676540562,0.8860956523649842,-1.4014681278853909,-0.6653488136506367,1.435306478470724,0.019765387570446186,0.3272405041882469,-0.8068437734032816,-0.35870370284164105,-0.8838384939911589,-0.6311139667204612,-0.6408669898311001,2.099100690839796,0.4434536834866477,0.5542690623230324,-1.1002666261015883,1.25274131898505
-0.21271889636775232,-0.34237107831214375,-0.14237972647445768,0.12160905082982407,-1.0538935696612903,0.17258705556890117,0.444409386156146,-0.28274911520189183,-1.4014681278853909,0.7510044642675964,-0.007212595369199463,1.451052073706214,0.9553986932150462,3.082303718900218,0.3317775980575415,-0.8838384939911589,-0.6311139667204612,0.36366545411627466,-0.7423916506881165,-0.02498967463873516,1.1503995483753722,-1.1002666261015883,0.9838463489678168
0.5191801748410786,1.594222595843019,-0.7406626398106388,-0.8384624030898393,-0.5155192861067676,0.27702581515520963,-1.6134951583375847,-0.28274911520189183,0.02964447535279087,-1.3735254526097533,1.435306478470724,0.7354087306383301,0.3272405041882469,-0.8068437734032816,-0.6386285545575259,1.1314284304186495,0.033335473622656396,-0.9601885614170205,-0.4379460426672685,-0.8352700778826398,1.7870437567807829,-0.16971490849653975,0.29892519892392005
-1.556354504706353,1.3175663566779954,-1.2946283003071022,0.12160905082982407,0.16031226133401646,-1.2255447259897443,-0.9275269768396744,0.8860956523649842,-0.6859118262663001,-1.3735254526097533,-0.7284721322891611,0.019765387570446186,-0.9290758738653516,-0.8068437734032816,-0.414688673184818,-0.8838384939911589,-0.6311139667204612,1.82722265721841,0.025971074316880442,-1.08848270389636,0.976769309719351,0.7608368091085088,-0.65489092113721
-0.27826209677451386,0.38699537039564486,-0.4636798095624071,0.12160905082982407,-0.8706172178129422,-0.039659455848435346,-0.24155879534176422,-0.28274911520189183,-1.4014681278853909,-0.6653488136506367,-0.7284721322891611,-1.4115212985653218,-0.30091768483855236,0.4895387240312183,0.40642422518177745,1.1314284304186495,0.9825489598271102,0.29714012670254125,0.9320591934265465,-2.728034457335199,1.775468407537048,-0.16971490849653975,-1.2637097211762294
0.6174949754512199,-1.210065646602445,-0.8403764587000029,2.0417519586691513,-1.214260377528595,0.6914118612557238,-1.2705110675886295,1.4705180361484222,-1.4014681278853909,-0.6653488136506367,-0.007212595369199463,-1.4115212985653218,0.9553986932150462,0.4895387240312183,-0.060117194344697235,1.1314284304186495,1.6469984001702276,-0.9202733649687803,0.5551265358769253,-1.7278445845810038,-1.4656293807086793,2.621940244318606,0.8012007089561113
0.7267336427958212,-1.4489960349722388,-0.7628212662304976,0.12160905082982407,-1.1569865175759861,0.8497544967575463,-0.24155879534176422,0.8860956523649842,-1.4014681278853909,0.7510044642675964,-1.4497316692091227,0.019765387570446186,0.3272405041882469,0.4895387240312183,-0.09744050790681522,1.1314284304186495,-0.1565072236182343,0.6962920911849418,0.1926912882330588,-0.9175641813370992,0.09125509257364325,-1.1002666261015883,0.2786312389226195
-0.8353793002319819,0.7516785947495382,-1.0841213493184456,-0.8384624030898393,-0.3207881622678976,1.250664573879182,1.4733616584030114,0.8860956523649842,-1.4014681278853909,-1.3735254526097533,-0.007212595369199463,-1.4115212985653218,0.3272405041882469,0.4895387240312183,-0.7692601520249388,-0.8838384939911589,-0.6311139667204612,-1.226289871071954,-0.017521155400383636,-1.0631614412949881,-0.11131351919171469,0.7608368091085088,-0.999888241159321
-0.27826209677451386,-0.2669193767216836,0.045968598094338634,2.0417519586691513,0.34358861318236467,-0.20474007583969708,0.7873934769051011,-0.28274911520189183,-0.6859118262663001,-0.6653488136506367,-0.007212595369199463,1.451052073706214,0.3272405041882469,-0.8068437734032816,-0.4893353003090539,-0.8838384939911589,-0.6311139667204612,0.6297667637712084,0.6711058151229631,-0.8036184996309248,1.1561872229972392,-0.16971490849653975,1.5774446790058607
0.03853003852483096,-1.0843128106183437,-1.4165007456163237,-0.8384624030898393,1.5463396721871498,0.07151728822731236,0.10142529540719089,1.4705180361484222,0.02964447535279087,-0.6653488136506367,-0.7284721322891611,-1.4115212985653218,-0.9290758738653516,-0.8068437734032816,0.05185274634165669,-0.8838384939911589,-0.6311139667204612,-1.3792981241235414,0.1419503535629173,-2.1899576270560437,1.1272488498879023,-0.16971490849653975,2.2319248890478067
-0.4967394314637173,1.103786535505024,0.2232376094532079,2.0417519586691513,0.12594794536245116,0.1624800788347423,-1.2705110675886295,-0.28274911520189183,-0.6859118262663001,-1.3735254526097533,0.7140469415507622,1.451052073706214,1.5835568822418453,0.4895387240312183,0.25713097093330556,1.1314284304186495,0.6028635653453287,-0.13527450148672604,-0.4089512228557593,-0.6960031335750939,0.39221417291074623,-1.1002666261015883,0.9432584289652156
-0.08163249555423119,0.5881999079702066,0.6774894510603072,-0.8384624030898393,-0.09169272245746232,-0.08008736278507088,-0.24155879534176422,-0.28274911520189183,0.02964447535279087,0.7510044642675964,1.435306478470724,-1.4115212985653218,-0.30091768483855236,-0.8068437734032816,0.23846931415224656,1.1314284304186495,-0.6311139667204612,-1.0333664215721272,1.6569296887142795,0.22189263572464202,0.994132333584953,-1.1002666261015883,-0.8984184411528178
0.08222550546267166,1.0660606847097922,-0.9733282172191529,-0.8384624030898393,-1.030984025680247,0.014244420067078692,1.4733616584030114,-1.4515938827687678,-0.6859118262663001,-1.3735254526097533,-0.7284721322891611,-0.6958779554974378,-0.9290758738653516,1.785921221465718,-0.060117194344697235,-0.8838384939911589,-0.6311139667204612,0.9890035318053693,1.2582509163060263,0.5257477869411066,-0.37175887717574635,-0.16971490849653975,0.37502754892879747
-0.8572270337009028,-0.7573554370596803,0.3894273076021469,-0.8384624030898393,-0.9851649377181598,1.2877234885710978,1.4733616584030114,-0.28274911520189183,-0.6859118262663001,0.04282782530847982,0.7140469415507622,1.451052073706214,0.3272405041882469,0.4895387240312183,-0.9745383766165876,-0.8838384939911589,-0.6311139667204612,-0.32154541824517946,0.4608933714895202,0.8042816755561983,-0.12867654305731704,-1.1002666261015883,0.20760237891806732
-1.3597249034860703,-0.0657148391471218,0.6885687642702375,-0.8384624030898393,0.8705081247463657,-0.8280036411128282,0.7873934769051011,-1.4515938827687678,-1.4014681278853909,0.04282782530847982,-0.7284721322891611,0.7354087306383301,0.3272405041882469,-0.8068437734032816,3.3363043398080383,1.1314284304186495,1.6469984001702276,-0.7007397845034602,-0.35096158323274085,0.016157377088494743,1.231426993081515,-0.16971490849653975,1.2375208489840748
-0.9227702341076633,0.7139527439543082,1.4419620625454275,-0.8384624030898393,-0.8591624458224204,1.115904884090397,-1.2705110675886295,-0.8671714989853299,1.4607570785909727,-0.6653488136506367,1.435306478470724,-1.4115212985653218,-0.9290758738653516,1.785921221465718,-0.8812300927112927,1.1314284304186495,0.22317817086354722,-1.492391180726888,0.5986187655941898,-0.13260504069456644,-0.036073749107439046,1.6913885267135573,-1.3448855611814319
-1.9277659736779984,0.47502235558451633,-1.1505972285780222,1.0816805047494875,1.580703988158715,0.7217327914582005,1.1303775676540562,-1.4515938827687678,0.7452007769718818,-0.6653488136506367,0.7140469415507622,-0.6958779554974378,0.3272405041882469,1.785921221465718,0.1824843438090696,-0.8838384939911589,-0.6311139667204612,-0.35480808195204616,2.222328675038711,0.9941911450664885,-0.742170052975258,0.7608368091085088,-0.5382006511297315
-0.07070862881977029,1.1918135206938938,-1.1173592889482347,1.0816805047494875,0.08012885740036411,0.014244420067078692,-1.2705110675886295,0.30167326858154614,0.7452007769718818,-1.3735254526097533,-0.7284721322891611,0.7354087306383301,2.2117150712686446,0.4895387240312183,-0.8252451223681158,1.1314284304186495,0.6503242396555514,1.2351472432361823,0.9755514231438102,0.35482926438184526,1.005707682828688,-1.1002666261015883,-0.7563607211437132
2.4417807201060673,-1.1597645122088038,0.6442515114305197,-0.8384624030898393,0.19467657730558174,0.9070273649177799,1.4733616584030114,-0.8671714989853299,0.02964447535279087,0.7510044642675964,1.435306478470724,-0.6958779554974378,0.9553986932150462,-0.8068437734032816,-0.8812300927112927,1.1314284304186495,0.27063884517376985,0.8759104752020223,-0.5829201417248151,0.10794695401846807,-0.25600538473839896,0.7608368091085088,-1.9080429512175245
0.2897789734174152,1.0157595503161527,1.9516104702021733,-0.8384624030898393,-0.9508006217465945,0.14226612536642452,1.4733616584030114,-1.4515938827687678,-0.6859118262663001,0.04282782530847982,1.435306478470724,-0.6958779554974378,0.9553986932150462,1.785921221465718,-0.8439067791491747,-0.8838384939911589,-0.6311139667204612,1.0023085972881152,1.2147586865887627,-0.4491208232117168,-0.8058344738157991,-1.1002666261015883,-0.21857078110924613
0.8141245766715026,-0.48069919789465654,0.023809971674481355,-0.8384624030898393,-0.5613383740688546,0.17932504005834043,-1.6134951583375847,0.8860956523649842,0.7452007769718818,0.04282782530847982,-0.007212595369199463,0.019765387570446186,-0.9290758738653516,0.4895387240312183,-0.22807210537422812,-0.8838384939911589,-0.6311139667204612,0.03769134978898098,-0.6191636664892017,-0.6960031335750939,0.13755648954858204,0.7608368091085088,2.4957463690647144
0.39901764076201646,1.8457282678112221,0.43374456044186305,-0.8384624030898393,-0.05732840648589703,-0.2586439517552111,1.4733616584030114,0.30167326858154614,-0.6859118262663001,-0.6653488136506367,-1.4497316692091227,-1.4115212985653218,2.8398732602954437,-0.8068437734032816,0.3877625684007185,1.1314284304186495,0.12825682224310186,1.128706719374209,-1.8659409183841025,-0.03131999028907825,-0.5743274889411043,-0.16971490849653975,0.27355774892229423
-0.4967394314637173,-1.172339795807215,-0.5523143152418409,-0.8384624030898393,2.5772691513341086,0.9373482951202566,1.4733616584030114,-0.28274911520189183,1.4607570785909727,-0.6653488136506367,-1.4497316692091227,-1.4115212985653218,-0.9290758738653516,-0.8068437734032816,-0.8998917494923516,-0.8838384939911589,-0.6311139667204612,0.44349584701275496,1.4467172450808365,0.4181324208852753,1.2603653661908518,-0.16971490849653975,0.6743634589479822
1.3930895135978907,1.1289371027018429,0.5334583793312271,-0.8384624030898393,-0.4582454261541587,-0.002600541156519445,0.10142529540719089,1.4705180361484222,-1.4014681278853909,0.04282782530847982,-0.007212595369199463,0.7354087306383301,1.5835568822418453,-0.8068437734032816,1.3021837506726088,-0.8838384939911589,-0.6311139667204612,0.42353824878863516,0.6348622903585764,-0.6010483988199489,-1.5582321746585572,-1.1002666261015883,0.7250983589512339
0.21331190627619373,1.4810450434573288,-1.5383731909255465,-0.8384624030898393,1.637977848111324,1.2708785273474996,0.7873934769051011,-0.8671714989853299,0.02964447535279087,-0.6653488136506367,0.7140469415507622,-0.6958779554974378,-0.9290758738653516,0.4895387240312183,0.23846931415224656,1.1314284304186495,-0.39381059516934774,-0.8670531030377937,-3.0402311207502293,-0.6516909240226927,-0.26758073398213383,-0.16971490849653975,-1.0709171011638732
0.7048859093269013,0.4372965047892844,0.2232376094532079,-0.8384624030898393,-0.8362529018413769,0.9575622485885743,1.1303775676540562,-0.8671714989853299,-0.6859118262663001,0.04282782530847982,-0.007212595369199463,-1.4115212985653218,-0.9290758738653516,3.082303718900218,-0.02279388078257926,-0.8838384939911589,-0.6311139667204612,-1.7984076868300618,-1.0685833735675963,1.0891458798216336,1.9896123685461409,0.7608368091085088,-1.3195181111798062
1.054449644829627,0.5127482063797464,-1.0287247832687991,1.0816805047494875,0.3894077011444517,1.8031793020132008,-0.9275269768396744,-1.4515938827687678,-1.4014681278853909,1.459181103226713,0.7140469415507622,-1.4115212985653218,2.2117150712686446,-0.8068437734032816,0.5370558226491904,1.1314284304186495,1.6944590744804504,-0.2683251563141929,-0.32196676342123115,-0.39847829800897244,-0.07658747146051038,2.621940244318606,-0.2845261511134734
1.163688312174228,-0.2669193767216836,-0.8625350851198601,1.0816805047494875,0.6185031409548869,1.0384180624618453,1.1303775676540562,0.30167326858154614,1.4607570785909727,1.459181103226713,-0.007212595369199463,0.019765387570446186,0.9553986932150462,0.4895387240312183,0.25713097093330556,1.1314284304186495,1.0774703084475556,-0.8604005702964203,-0.8946144546985405,-1.3860075394624816,0.8089267456851971,0.7608368091085088,-0.15768890110534442
0.07130163872821173,2.2481373429603475,1.076344726617762,2.0417519586691513,-1.1111674296138991,0.8632304657364248,-0.24155879534176422,0.30167326858154614,1.4607570785909727,1.459181103226713,-0.007212595369199463,0.019765387570446186,-0.30091768483855236,0.4895387240312183,-0.47067364352799496,-0.8838384939911589,-0.6311139667204612,0.7162496894090616,0.6348622903585764,-0.9682067065398431,1.399269557115669,-0.16971490849653975,-0.40121642112095196
0.180540306072813,0.07261328043539099,-0.06482453400495405,0.12160905082982407,-0.7560694979077245,1.0451560469512846,-1.6134951583375847,-0.8671714989853299,-1.4014681278853909,0.04282782530847982,1.435306478470724,0.019765387570446186,-0.30091768483855236,-0.8068437734032816,0.9662739286135471,-0.8838384939911589,-0.6311139667204612,-1.4990437134682613,-0.8221274051697672,-0.9238944969874423,-1.3383005390275973,-0.16971490849653975,-0.081586551100467
0.6502665756545998,-0.6441778846739882,2.4169416250192026,0.12160905082982407,-0.42388111018259345,-1.1480579043611927,1.1303775676540562,-0.28274911520189183,1.4607570785909727,1.459181103226713,-0.007212595369199463,0.019765387570446186,-1.5572340628921508,-0.8068437734032816,1.8060484837612014,-0.8838384939911589,-0.6311139667204612,-0.055444108590245726,-0.9381066844158041,0.01932253491366607,1.1388241991316372,-0.16971490849653975,1.23244735898375
-0.5185871649326371,0.08518856403380043,-1.1505972285780222,0.12160905082982407,-0.08023795046694056,0.0647793037378731,1.4733616584030114,-0.8671714989853299,-1.4014681278853909,0.04282782530847982,-0.7284721322891611,0.019765387570446186,1.5835568822418453,-0.8068437734032816,-0.9558767198355287,-0.8838384939911589,-0.6311139667204612,-0.3814182129175399,0.033219779269757874,-1.9494056323430091,-0.7653207514627277,-0.16971490849653975,-0.8831979711518423
-1.0538566349211855,0.7139527439543082,-1.1062799757383044,0.12160905082982407,-0.9164363057750292,-0.49784240113030465,-1.6134951583375847,1.4705180361484222,-0.6859118262663001,1.459181103226713,-0.7284721322891611,0.019765387570446186,-0.9290758738653516,0.4895387240312183,-1.1051699740840006,-0.8838384939911589,-0.6311139667204612,0.6031566328057146,0.23618351795032339,-1.02517954739293,0.8957418650132076,-1.1002666261015883,-0.6751848811385106
0.3116267068863351,1.0409101175129734,0.6553308246404485,-0.8384624030898393,1.5005205842250628,-0.039659455848435346,0.10142529540719089,-0.28274911520189183,-1.4014681278853909,1.459181103226713,0.7140469415507622,-0.6958779554974378,-1.5572340628921508,1.785921221465718,1.6567552295127297,1.1314284304186495,-0.014125200687566225,-0.5610365969346198,2.744235431645879,-0.4237995606103444,0.18385788652352125,-1.1002666261015883,1.8158987090211434
1.0107541778917852,0.29896838520677343,-0.7739005794404263,-0.8384624030898393,2.3710832555047165,-1.5826579039300246,0.444409386156146,-1.4515938827687678,0.7452007769718818,0.04282782530847982,-0.7284721322891611,-1.4115212985653218,-0.9290758738653516,-0.8068437734032816,0.40642422518177745,1.1314284304186495,1.6944590744804504,0.37031798685764766,0.15644776346867215,1.7031864979049054,0.6758102293822477,-0.16971490849653975,-0.03592514109754026
0.6284188421856799,-1.6502005725468005,0.012730658464551143,-0.8384624030898393,2.0159853237985423,0.18269403230306006,-1.6134951583375847,-1.4515938827687678,0.7452007769718818,-0.6653488136506367,-0.7284721322891611,-0.6958779554974378,-0.9290758738653516,-0.8068437734032816,-0.20941044859316912,-0.8838384939911589,-0.6311139667204612,0.03103881704760754,-0.7713864704996257,0.20290168877361317,-1.0894305302873002,-0.16971490849653975,1.4607544089983822
0.2460835064795745,-2.0400343640975147,-1.3278662399368897,2.0417519586691513,0.13740271735297294,-1.1379509276270339,-0.24155879534176422,-0.8671714989853299,1.4607570785909727,0.04282782530847982,0.7140469415507622,0.7354087306383301,0.3272405041882469,-0.8068437734032816,0.984935585394606,1.1314284304186495,0.413020868104438,0.802732615046915,-0.539427912007551,-1.3923378551128247,0.38063882366701174,-0.16971490849653975,-0.588935551132983
0.5082563081066177,1.0409101175129734,0.13460310377377405,-0.8384624030898393,-0.5613383740688546,1.9783668987386214,1.4733616584030114,-0.8671714989853299,0.02964447535279087,0.04282782530847982,-0.007212595369199463,1.451052073706214,-0.30091768483855236,-0.8068437734032816,-0.6199668977764669,-0.8838384939911589,-0.6311139667204612,1.6808669369081963,-1.1773139478607562,0.08262569141709614,-0.0650121222167759,1.6913885267135573,1.0548752089723692
3.0862888574392167,-0.11601597354076135,-0.3196487378333269,-0.8384624030898393,-0.6186122340214634,0.6139250396271724,0.10142529540719089,-0.8671714989853299,1.4607570785909727,-0.6653488136506367,0.7140469415507622,-0.6958779554974378,0.3272405041882469,-0.8068437734032816,-0.09744050790681522,-0.8838384939911589,-0.6311139667204612,-0.255020090831446,0.19993999318593675,1.9627294395689694,-1.7839514849113847,1.6913885267135573,-0.7157728011411121
-0.005165428413009734,1.103786535505024,-0.7406626398106388,0.12160905082982407,-0.8706172178129422,-0.3934036415439962,0.10142529540719089,0.30167326858154614,-0.6859118262663001,0.7510044642675964,-0.007212595369199463,0.019765387570446186,0.9553986932150462,-0.8068437734032816,0.6490257633355443,1.1314284304186495,1.1249309827577783,-0.26167262357281945,-1.8224486886668385,-0.050310937240107094,-1.3672389121369342,-0.16971490849653975,-0.21857078110924613
-1.1303237020624068,-1.272942064594496,0.13460310377377405,0.12160905082982407,-0.30933339027737583,0.03445837353539646,0.10142529540719089,-0.28274911520189183,-0.6859118262663001,-1.3735254526097533,-0.007212595369199463,-0.6958779554974378,0.3272405041882469,0.4895387240312183,-0.9932000333976466,-0.8838384939911589,-0.6311139667204612,-0.6741296535379669,0.3304166823377285,0.7789604129548269,-0.724807029109656,-1.1002666261015883,0.6134815789440802
1.185536045643148,-0.0657148391471218,0.16784104340356154,2.0417519586691513,-0.6644313219835505,1.321413411018294,1.4733616584030114,-1.4515938827687678,-1.4014681278853909,-1.3735254526097533,-1.4497316692091227,0.7354087306383301,0.3272405041882469,-0.8068437734032816,-0.8625684359302337,-0.8838384939911589,-0.6311139667204612,-0.32819795098655286,0.7580902745574902,-0.7403153431274947,-0.19812863851972523,1.6913885267135573,-0.35048152111770037
0.5956472419822991,-1.0340116762247022,1.242534424766701,-0.8384624030898393,0.5612292810022781,0.07151728822731236,-0.24155879534176422,-0.8671714989853299,-1.4014681278853909,0.04282782530847982,1.435306478470724,0.019765387570446186,-0.30091768483855236,0.4895387240312183,-0.7319368384628208,-0.8838384939911589,-0.6311139667204612,-0.22840995986595272,0.8305773240862635,1.0385033546188898,-1.5292938015492203,-0.16971490849653975,-2.2124523512370344
-0.17994729616437252,-2.027459080499105,-1.1949144814177382,1.0816805047494875,-1.2829890094717256,-1.3030315476182956,-1.2705110675886295,0.8860956523649842,-0.6859118262663001,1.459181103226713,-1.4497316692091227,-1.4115212985653218,0.9553986932150462,0.4895387240312183,-0.6946135249007028,-0.8838384939911589,-0.6311139667204612,1.1220541866328362,-0.8801170447927856,-1.2024283856025344,0.9015295396350747,-0.16971490849653975,-1.410840931185659
-0.2236427631022132,-1.0340116762247022,1.2314551115567707,2.0417519586691513,-0.3780620222205064,0.49937930330670505,-0.5845428860907194,-1.4515938827687678,0.02964447535279087,0.04282782530847982,1.435306478470724,0.019765387570446186,0.9553986932150462,0.4895387240312183,-0.6013052409954078,-0.8838384939911589,-0.6311139667204612,0.3370553231507809,-0.6699046011593432,-0.18957788154765343,1.0809474529129637,-1.1002666261015883,-0.2845261511134734
-0.8026077000286013,-0.9585599746342421,0.24539623587306672,0.12160905082982407,1.0194201606231486,-0.3024408509365663,0.7873934769051011,0.8860956523649842,-1.4014681278853909,-1.3735254526097533,-0.7284721322891611,1.451052073706214,-0.30091768483855236,-0.8068437734032816,0.3317775980575415,1.1314284304186495,1.0774703084475556,1.248452308718929,-0.35096158323274085,-1.860781213238207,0.9709816350974833,-0.16971490849653975,-0.9136389111537933
0.22423577301065367,0.814555012741589,-0.9733282172191529,-0.8384624030898393,1.1225131085378446,-1.1211059664034357,-1.2705110675886295,0.8860956523649842,0.7452007769718818,0.04282782530847982,-0.007212595369199463,1.451052073706214,0.3272405041882469,-0.8068437734032816,-0.6572902113385848,-0.8838384939911589,-0.6311139667204612,-0.40802834388303316,-2.1776352313578275,-0.8226094465819541,2.6031058784640817,-1.1002666261015883,-0.8070956211469649
-0.005165428413009734,1.4055933418668667,1.120661979457478,-0.8384624030898393,2.0045305518080205,-0.28896488195768777,0.7873934769051011,-1.4515938827687678,-0.6859118262663001,-0.6653488136506367,0.7140469415507622,-0.6958779554974378,0.9553986932150462,0.4895387240312183,-0.340042046060582,-0.8838384939911589,-0.6311139667204612,-0.4479435403312733,0.3014218625262187,0.3991414739342465,-0.7132316798659211,0.7608368091085088,-0.5483476311303815
-1.545430637971893,-0.5310003322882961,1.3644068700759222,-0.8384624030898393,-0.6758860939740722,1.1630707755164715,-1.2705110675886295,1.4705180361484222,0.7452007769718818,-1.3735254526097533,-1.4497316692091227,0.7354087306383301,-0.9290758738653516,-0.8068437734032816,-0.452011986746936,-0.8838384939911589,-0.6311139667204612,-0.37476568017616646,-0.12625172969354356,0.2155623200742989,-0.8347728469251359,0.7608368091085088,-0.3809224611196514
-0.4967394314637173,-0.1788923915328121,0.5445376925411557,0.12160905082982407,2.6689073272582826,-0.35971371909679994,-0.24155879534176422,0.8860956523649842,0.02964447535279087,0.7510044642675964,0.7140469415507622,-1.4115212985653218,-0.9290758738653516,0.4895387240312183,-0.04145553756363825,1.1314284304186495,1.267313005688446,-0.4479435403312733,-1.445516031117217,-0.7466456587778378,0.3864264982888792,2.621940244318606,-0.2997466211144488
-0.6169019655427785,0.48759763918292576,-2.048021598582292,0.12160905082982407,-1.2486246935001604,-1.9195571284019874,-1.6134951583375847,1.4705180361484222,0.7452007769718818,0.7510044642675964,1.435306478470724,-1.4115212985653218,0.9553986932150462,-0.8068437734032816,-0.20941044859316912,1.1314284304186495,1.3622343543088917,-0.06874917407299261,-0.27122582875109014,1.6145620788001038,-0.09395049532611274,-1.1002666261015883,-0.07651306110014176
-1.414344237158371,0.2612425344115433,-0.10914178684467019,2.0417519586691513,0.7330508608601046,-1.0739400749773609,-0.24155879534176422,-0.8671714989853299,1.4607570785909727,-0.6653488136506367,-0.007212595369199463,-1.4115212985653218,0.3272405041882469,-0.8068437734032816,0.3877625684007185,1.1314284304186495,1.741919748790673,-0.8803581685205406,0.888566963709283,-1.696193006329289,-0.07658747146051038,0.7608368091085088,0.04525069890766202
-1.0647805016556453,1.141512386300254,-1.2281524210475272,1.0816805047494875,1.1683321964999316,-0.7707307729525945,-0.24155879534176422,-0.28274911520189183,-1.4014681278853909,0.7510044642675964,1.435306478470724,0.7354087306383301,-0.9290758738653516,0.4895387240312183,0.08917605990377467,-0.8838384939911589,-0.6311139667204612,0.9424358026157557,1.6569296887142795,-0.7972881839805822,1.3471804855188623,1.6913885267135573,-0.49761273112712995
-1.3597249034860703,-1.2855173481929054,0.0016513452546225037,0.12160905082982407,-0.9851649377181598,-1.1177369741587162,1.4733616584030114,0.30167326858154614,0.7452007769718818,0.7510044642675964,-1.4497316692091227,0.019765387570446186,-0.9290758738653516,1.785921221465718,-1.1238316308650595,-0.8838384939911589,-0.6311139667204612,-0.5809941951587402,1.2147586865887627,-0.3288448258551993,-1.2051840227246475,0.7608368091085088,1.014287288969768
0.16961643933835305,1.2546899386859445,0.057047911304268846,-0.8384624030898393,1.4088824083008886,-0.27211992073408964,0.7873934769051011,0.30167326858154614,0.02964447535279087,0.04282782530847982,-1.4497316692091227,-1.4115212985653218,-0.9290758738653516,-0.8068437734032816,-0.6013052409954078,-0.8838384939911589,-0.6311139667204612,0.6763344929608219,-0.7423916506881165,0.38648084263356025,0.0160153224893672,0.7608368091085088,-0.2033503111082708
-0.2236427631022132,1.946330536598503,0.6442515114305197,0.12160905082982407,-0.492609742125724,1.4797560465201165,1.1303775676540562,0.8860956523649842,-0.6859118262663001,-0.6653488136506367,-1.4497316692091227,0.019765387570446186,-1.5572340628921508,-0.8068437734032816,-0.9185534062734106,1.1314284304186495,-0.25142857223867965,0.23726733203018127,-0.024769860353261067,0.27253516092738633,1.0635844290473617,-0.16971490849653975,-1.2383422711746035
0.5956472419822991,-0.0279889883518899,0.09028585093405633,-0.8384624030898393,-0.03441886250485351,-0.4540455019489495,-0.5845428860907194,1.4705180361484222,1.4607570785909727,-1.3735254526097533,-1.4497316692091227,-1.4115212985653218,-0.30091768483855236,1.785921221465718,-0.13476382146893318,-0.8838384939911589,-0.6311139667204612,-0.1286219687453526,2.2513234948502205,-0.12627472504422335,-1.1357319272622393,-0.16971490849653975,-0.41136340112160247
0.2460835064795745,-1.5244477365626992,0.8215205227893875,-0.8384624030898393,0.5039554210496693,-0.7168268970370805,1.4733616584030114,-1.4515938827687678,0.02964447535279087,-1.3735254526097533,-0.7284721322891611,-0.6958779554974378,-0.9290758738653516,5.6750687137692175,0.12649937346589263,-0.8838384939911589,-0.6311139667204612,2.5989164552177173,-1.0540859636618414,-0.9682067065398431,0.18385788652352125,1.6913885267135573,0.00466277890506088
0.25700737321403444,1.204388804292305,-0.23101423215389308,1.0816805047494875,-0.22914998634372347,-0.2788579052235289,-0.9275269768396744,-0.28274911520189183,0.7452007769718818,1.459181103226713,-1.4497316692091227,-1.4115212985653218,0.9553986932150462,-0.8068437734032816,0.3504392548386005,-0.8838384939911589,-0.6311139667204612,0.23061479928880782,-1.5107543756931134,0.8169423068568845,0.9594062858537483,-1.1002666261015883,-1.7051033512045182
-1.5235829045029723,-0.279494660320093,-0.24209354536382172,-0.8384624030898393,-0.687340865964594,0.2231219392396956,-0.24155879534176422,-0.28274911520189183,0.7452007769718818,1.459181103226713,1.435306478470724,-1.4115212985653218,0.9553986932150462,0.4895387240312183,0.3877625684007185,-0.8838384939911589,-0.6311139667204612,-1.4657810497613946,-0.30022064856259933,-0.03131999028907825,0.31118672820460314,-0.16971490849653975,0.24311680892034357
-0.5950542320738587,-1.1597645122088038,0.622092885010661,2.0417519586691513,-1.1111674296138991,1.830131239970958,1.1303775676540562,-0.8671714989853299,0.7452007769718818,0.7510044642675964,-0.007212595369199463,0.019765387570446186,-0.9290758738653516,0.4895387240312183,1.2088754667673138,1.1314284304186495,0.08079614793287912,-1.0932392162444873,-0.0030237454946287715,0.8739151477099719,-1.1704579749934436,-1.1002666261015883,0.6997309089496081
-0.21271889636775232,-0.0657148391471218,-0.21993491894396286,-0.8384624030898393,2.645997783277239,-1.0267741835512862,-1.6134951583375847,1.4705180361484222,0.7452007769718818,0.7510044642675964,-1.4497316692091227,-1.4115212985653218,-0.30091768483855236,-0.8068437734032816,1.078243869299901,1.1314284304186495,0.46048154241466055,-1.299467731227061,-1.5107543756931134,1.386670715387755,-1.3093621659182604,-0.16971490849653975,0.00466277890506088
2.791344455608793,1.594222595843019,-0.07590384721488269,-0.8384624030898393,-0.5727931460593764,0.14226612536642452,1.1303775676540562,0.30167326858154614,0.02964447535279087,-1.3735254526097533,-1.4497316692091227,0.019765387570446186,0.3272405041882469,-0.8068437734032816,1.2088754667673138,1.1314284304186495,0.5079422167248833,1.7606973298046766,-1.815199983713961,2.6653944767570428,0.5716320861886351,-0.16971490849653975,0.6743634589479822
-0.6387496990116993,-0.40524749630419454,-0.3528866774631144,2.0417519586691513,-0.1947856703721582,-1.9195571284019874,-0.5845428860907194,0.30167326858154614,0.02964447535279087,0.04282782530847982,0.7140469415507622,0.019765387570446186,0.3272405041882469,-0.8068437734032816,-0.340042046060582,1.1314284304186495,3.830189418440472,0.17739453735782126,-0.691650716017975,0.9941911450664885,0.2243716088765926,-0.16971490849653975,0.6033345989434297
-0.25641436330559303,-1.4741466021690577,-0.14237972647445768,0.12160905082982407,0.8475985807653222,0.03445837353539646,0.444409386156146,0.8860956523649842,-0.6859118262663001,-1.3735254526097533,0.7140469415507622,0.7354087306383301,0.3272405041882469,-0.8068437734032816,-0.7132751816817618,-0.8838384939911589,-0.6311139667204612,0.7428598203745554,-1.365780276635567,-1.5822473246231148,0.5542690623230324,-1.1002666261015883,0.5221587589382274
-0.9883134345144249,-0.9334094074374214,-0.818217832280144,0.12160905082982407,-1.0653483416518121,0.04793434251427497,1.4733616584030114,-1.4515938827687678,-0.6859118262663001,0.04282782530847982,1.435306478470724,0.7354087306383301,-0.30091768483855236,1.785921221465718,-0.004132224001520273,1.1314284304186495,0.46048154241466055,-0.6741296535379669,0.4608933714895202,-0.7972881839805822,-1.6218965954990983,-1.1002666261015883,-0.3301875611163998
0.47548470790323794,0.2235166836163132,-0.06482453400495405,0.12160905082982407,-1.030984025680247,-0.8583245713153048,1.4733616584030114,-0.28274911520189183,-0.6859118262663001,1.459181103226713,-0.007212595369199463,1.451052073706214,0.3272405041882469,-0.8068437734032816,-0.43335032996587697,1.1314284304186495,0.46048154241466055,1.0355712609949819,-1.641231064844905,0.25987452962670016,-0.34282050406640946,-1.1002666261015883,0.23296982891969312
0.2351596397451136,-1.5621735873579292,-0.34180736425318575,-0.8384624030898393,-0.4582454261541587,-0.24516798277633262,-0.9275269768396744,-1.4515938827687678,1.4607570785909727,0.04282782530847982,-0.7284721322891611,1.451052073706214,1.5835568822418453,-0.8068437734032816,-0.5826435842143489,1.1314284304186495,2.8335152579257947,-1.0466714870548741,0.3014218625262187,0.7156572564513968,-0.3196698055789401,-0.16971490849653975,-1.8167201312116716
1.3821656468634307,-0.09086540634394068,-0.44152118314254823,0.12160905082982407,-0.1833308983816364,0.3477746522943218,-0.5845428860907194,-0.28274911520189183,0.7452007769718818,0.04282782530847982,-0.7284721322891611,1.451052073706214,0.3272405041882469,0.4895387240312183,-0.8065834655870567,-0.8838384939911589,-0.6311139667204612,-0.946883495934274,-1.4527647360700946,-0.6137090301206346,-0.7479577275971254,1.6913885267135573,-0.9390063611554191
-0.8572270337009028,0.7642538783479496,0.7661239567397411,0.12160905082982407,0.2404956652676688,0.9541932563438548,1.4733616584030114,0.30167326858154614,0.7452007769718818,-1.3735254526097533,-0.7284721322891611,-0.6958779554974378,-1.5572340628921508,-0.8068437734032816,-1.1051699740840006,-0.8838384939911589,-0.6311139667204612,-0.002223846659259173,0.3304166823377285,-0.9175641813370992,-0.24443003549466444,0.7608368091085088,-0.5432741411300563
-0.23456662983667315,-0.2920699439185042,0.17892035661349018,-0.8384624030898393,-1.1455317455854646,-1.1480579043611927,0.7873934769051011,0.8860956523649842,-1.4014681278853909,1.459181103226713,-0.7284721322891611,0.7354087306383301,0.9553986932150462,-0.8068437734032816,-0.5079969570901129,1.1314284304186495,1.267313005688446,-2.057856463743622,-0.5466766169604285,0.19657137312327008,-0.08816282070424529,-1.1002666261015883,-1.3702530111830578
0.0057584383214501975,0.38699537039564486,2.4169416250192026,-0.8384624030898393,1.3057894603861926,0.5667591482010976,1.4733616584030114,0.8860956523649842,-0.6859118262663001,0.7510044642675964,-0.007212595369199463,-1.4115212985653218,-1.5572340628921508,0.4895387240312183,2.0299883651339092,-0.8838384939911589,-0.6311139667204612,0.44349584701275496,0.6058674705470668,0.25987452962670016,-0.2154916623853276,-0.16971490849653975,1.5520772290042348
-1.3597249034860703,-0.5310003322882961,0.40050662081207555,-0.8384624030898393,-0.48115497013520225,0.39157155147567696,-1.6134951583375847,1.4705180361484222,-0.6859118262663001,0.7510044642675964,-0.007212595369199463,-0.6958779554974378,0.9553986932150462,-0.8068437734032816,0.12649937346589263,-0.8838384939911589,-0.6311139667204612,-1.8183652850541816,0.025971074316880442,1.2727250336815812,-0.8116221484376666,-0.16971490849653975,0.16701445891546618
-0.9883134345144249,-0.36752164550896443,-0.3196487378333269,-0.8384624030898393,-1.168441289566508,-0.0093385256459587,1.1303775676540562,0.30167326858154614,0.02964447535279087,0.7510044642675964,1.435306478470724,-1.4115212985653218,-0.30091768483855236,-0.8068437734032816,-0.17208713503105116,1.1314284304186495,2.3114478405133454,0.1640894718750744,-1.8369460985725934,0.25354421397635707,1.5323860734186183,1.6913885267135573,1.3288436689899275
-0.08163249555423119,-0.493274481493066,0.40050662081207555,-0.8384624030898393,0.4008624731349735,0.472427365348948,0.10142529540719089,-1.4515938827687678,0.02964447535279087,1.459181103226713,0.7140469415507622,1.451052073706214,0.9553986932150462,0.4895387240312183,-0.6759518681196438,-0.8838384939911589,-0.6311139667204612,0.556588903616102,-0.24223100893958094,-0.759306290078524,-0.30809445633520516,-1.1002666261015883,-0.14246843110436871
-0.6715212992150801,0.852280863536821,-3.0783977271057146,2.0417519586691513,-0.7789790418887681,0.5431762024880602,-1.6134951583375847,0.8860956523649842,0.7452007769718818,-1.3735254526097533,-0.7284721322891611,1.451052073706214,-0.30091768483855236,-0.8068437734032816,0.7236723904597803,1.1314284304186495,-0.203967897928457,-1.492391180726888,0.9175617835207917,-0.5124239797151469,1.4108449063594037,-0.16971490849653975,-0.8324630711485906
-0.398424630853576,-1.0717375270199343,-0.28641079820353943,0.12160905082982407,-1.0195292536897251,-1.5186470512803518,0.444409386156146,0.30167326858154614,-1.4014681278853909,-0.6653488136506367,-1.4497316692091227,-0.6958779554974378,-0.9290758738653516,-0.8068437734032816,-0.3027187324984641,1.1314284304186495,1.0774703084475556,0.10421667720271441,-0.4089512228557593,2.1716298560302882,-0.5106630681005632,-1.1002666261015883,0.4054684889307485
0.25700737321403444,-0.6819037354692183,-1.3278662399368897,-0.8384624030898393,0.5268649650307129,1.051894031440724,0.7873934769051011,0.8860956523649842,0.02964447535279087,0.04282782530847982,-0.007212595369199463,1.451052073706214,0.3272405041882469,0.4895387240312183,0.5930407929923673,-0.8838384939911589,-0.6311139667204612,1.0422237937363559,-0.27122582875109014,-0.5820574518689196,1.2430023423252499,-0.16971490849653975,0.5018647989369265
-0.9664657010455041,1.0409101175129734,1.6635483267440128,-0.8384624030898393,1.6036135321397587,-0.2653819362446504,1.1303775676540562,-0.28274911520189183,1.4607570785909727,0.04282782530847982,-0.007212595369199463,0.019765387570446186,0.9553986932150462,-0.8068437734032816,-0.452011986746936,-0.8838384939911589,-0.6311139667204612,0.6297667637712084,-1.3150393419654254,-0.4301298762606875,-0.0418614237293065,-0.16971490849653975,0.07569163890961306
-2.670588911621289,-1.1849150794056245,1.0320274737780442,-0.8384624030898393,0.710141316879061,-1.2659726329263796,-0.5845428860907194,-0.28274911520189183,-1.4014681278853909,1.459181103226713,-0.7284721322891611,1.451052073706214,-0.9290758738653516,0.4895387240312183,-0.8252451223681158,-0.8838384939911589,-0.6311139667204612,0.19735213558194112,0.5333804210182934,1.1904309302271223,-2.218027081551438,1.6913885267135573,0.49171781893627636
0.42086537423093634,0.23609196721472264,0.15676173019363132,-0.8384624030898393,1.4547014962629756,-1.1716408500742301,0.444409386156146,-1.4515938827687678,0.02964447535279087,1.459181103226713,1.435306478470724,0.7354087306383301,-0.30091768483855236,0.4895387240312183,-0.414688673184818,-0.8838384939911589,-0.6311139667204612,0.9224782043916359,0.27967574766758696,-0.24655072240074039,-0.9100126170094119,-0.16971490849653975,0.8417886289587124
0.14776870586943222,-0.04056427195030113,0.9212343416787515,0.12160905082982407,-0.24060475833424522,0.5499141869774995,-1.2705110675886295,-0.28274911520189183,0.02964447535279087,1.459181103226713,-1.4497316692091227,0.019765387570446186,-0.9290758738653516,-0.8068437734032816,-1.1424932876461185,1.1314284304186495,5.064166950506261,0.3902755850817684,-0.0030237454946287715,-2.702713194733827,0.13755648954858204,-0.16971490849653975,0.3445866089268468
-0.07070862881977029,0.03488742964016087,1.4862793153851437,-0.8384624030898393,1.0194201606231486,-0.17105015339250082,0.10142529540719089,-0.8671714989853299,-1.4014681278853909,-1.3735254526097533,1.435306478470724,-0.6958779554974378,-0.9290758738653516,0.4895387240312183,-0.22807210537422812,1.1314284304186495,1.3147736799986687,-1.8117127523128087,0.685603225028717,-1.1581161760501333,-0.522238417344298,1.6913885267135573,-0.7106993111407869
0.9779825776884055,-0.8328071386501406,1.2536137379766297,0.12160905082982407,0.5841388249833217,-0.7505168194842767,1.1303775676540562,0.8860956523649842,-1.4014681278853909,0.7510044642675964,1.435306478470724,-0.6958779554974378,0.3272405041882469,0.4895387240312183,-0.060117194344697235,-0.8838384939911589,-0.6311139667204612,-0.24836755809007305,1.2727483262117811,0.08895600706743878,-3.1845687434032883,-1.1002666261015883,-0.7157728011411121
-0.2236427631022132,-0.0028384211550710197,-0.06482453400495405,0.12160905082982407,-0.6071574620309417,-0.7404098427501179,-1.6134951583375847,-0.28274911520189183,-1.4014681278853909,1.459181103226713,-1.4497316692091227,-0.6958779554974378,-0.30091768483855236,-0.8068437734032816,-0.28405707571740507,1.1314284304186495,0.6028635653453287,-0.23506249260732617,-0.5321792070546741,-0.5567361892675476,1.9027972492181302,-1.1002666261015883,-1.664515431201917
0.30070284015187515,1.8457282678112221,0.8990757152588926,0.12160905082982407,0.5039554210496693,0.8531234890022659,0.444409386156146,1.4705180361484222,-1.4014681278853909,-0.6653488136506367,-0.007212595369199463,-1.4115212985653218,-1.5572340628921508,3.082303718900218,-0.39602701640375904,-0.8838384939911589,-0.6311139667204612,-1.3593405258994211,1.7511628531016845,0.016157377088494743,0.1317688149267146,-0.16971490849653975,-0.08666004110079187
-0.6278258322772394,1.1792382370954844,0.6885687642702375,-0.8384624030898393,-0.35515247823946283,-1.063833098243202,0.10142529540719089,1.4705180361484222,0.7452007769718818,0.7510044642675964,-0.7284721322891611,-1.4115212985653218,0.3272405041882469,0.4895387240312183,-0.2467337621552871,1.1314284304186495,0.27063884517376985,0.2838350612197944,1.2220073915416396,-0.3794873510579436,0.9304679127444114,-0.16971490849653975,-2.0703946312279298
-0.20179502963329238,-0.5058497650914773,-1.1062799757383044,-0.8384624030898393,1.191241740480975,-0.929073408454417,-1.2705110675886295,-1.4515938827687678,-1.4014681278853909,-0.6653488136506367,-0.7284721322891611,0.019765387570446186,-0.9290758738653516,-0.8068437734032816,1.9180184244475553,1.1314284304186495,-0.39381059516934774,0.3902755850817684,0.8305773240862635,-0.6516909240226927,-0.6785056321347172,0.7608368091085088,-0.48239226112615463
-1.403420370423911,1.0409101175129734,-0.031586594375164985,-0.8384624030898393,-0.9622553937371162,0.41515449718871433,1.1303775676540562,0.8860956523649842,1.4607570785909727,-0.6653488136506367,1.435306478470724,0.7354087306383301,-0.9290758738653516,-0.8068437734032816,2.7764546363762688,-0.8838384939911589,-0.6311139667204612,0.8160376805296619,-0.5176817971489193,-0.46178145451240254,-0.6032658620504411,-1.1002666261015883,-0.9745207911576952
1.7317293823661561,-1.4238454677754182,0.9877102209383265,-0.8384624030898393,0.6986865448885393,-0.1070393007428279,-1.6134951583375847,0.30167326858154614,0.02964447535279087,0.7510044642675964,-0.007212595369199463,-1.4115212985653218,-0.30091768483855236,0.4895387240312183,-0.5639819274332899,1.1314284304186495,0.6503242396555514,-0.4545960730726463,0.7943337993218769,0.07629537576675303,-0.2791560832258683,-0.16971490849653975,-1.152092941169076
-0.14717569596099175,0.06003799683697975,0.14568241698370268,-0.8384624030898393,-1.2371699215096386,0.43873744290175176,1.4733616584030114,1.4705180361484222,0.7452007769718818,-1.3735254526097533,-0.7284721322891611,-0.6958779554974378,-0.9290758738653516,0.4895387240312183,1.6194319159506116,-0.8838384939911589,-0.6311139667204612,-0.34150301646929976,2.505028168200927,-2.0127087888464392,-0.5280260919661655,1.6913885267135573,-0.6498174311368848
0.9998303111573253,0.37442008679723365,-0.21993491894396286,-0.8384624030898393,1.4088824083008886,-0.26201294399993075,0.7873934769051011,1.4705180361484222,-0.6859118262663001,0.7510044642675964,-1.4497316692091227,0.019765387570446186,-0.9290758738653516,1.785921221465718,-0.6572902113385848,-0.8838384939911589,-0.6311139667204612,-0.7340024482103269,-0.16974395941080764,-1.5569260620217429,0.6468718562729109,-0.16971490849653975,-1.5630456311954137
-0.16902342942991258,-0.2417688095248629,0.20107898303334903,2.0417519586691513,-1.0997126576233773,0.6476149620743686,-0.9275269768396744,-1.4515938827687678,-1.4014681278853909,0.04282782530847982,-1.4497316692091227,0.019765387570446186,-0.9290758738653516,-0.8068437734032816,-0.19074879181211016,-0.8838384939911589,-0.6311139667204612,-0.3481555492106732,0.12745294365716295,0.6713450468989955,-1.2688484435651886,-0.16971490849653975,-1.0455496511622473
0.30070284015187515,0.07261328043539099,-0.44152118314254823,1.0816805047494875,-0.3207881622678976,-0.20474007583969708,-1.2705110675886295,0.30167326858154614,0.02964447535279087,1.459181103226713,0.7140469415507622,1.451052073706214,0.9553986932150462,0.4895387240312183,-0.2467337621552871,-0.8838384939911589,-0.6311139667204612,-0.2683251563141929,-1.6484797697977827,0.15225916357086886,-0.7537454022189928,0.7608368091085088,0.5779671489418039
-0.9555418343110441,2.2481373429603475,0.5223790661212985,0.12160905082982407,-0.1833308983816364,1.9244630228231074,0.7873934769051011,-0.28274911520189183,0.02964447535279087,-1.3735254526097533,0.7140469415507622,1.451052073706214,0.3272405041882469,-0.8068437734032816,-0.3027187324984641,1.1314284304186495,2.026683794652009,-0.32819795098655286,0.30867056747909666,0.31051705482944403,-0.8694988946563402,-1.1002666261015883,0.07061814890928783
1.480480447473572,-1.310667915389726,-0.363965990673043,0.12160905082982407,-0.5842479180498981,-0.27211992073408964,1.4733616584030114,1.4705180361484222,0.02964447535279087,1.459181103226713,1.435306478470724,0.019765387570446186,-1.5572340628921508,-0.8068437734032816,-0.5639819274332899,-0.8838384939911589,-0.6311139667204612,0.7162496894090616,-0.046515975211892845,1.1207974580733486,-0.44699864726002236,-1.1002666261015883,0.7910537289554608
0.03853003852483096,-0.3046452275169137,0.6774894510603072,-0.8384624030898393,-0.687340865964594,-0.29907185869184666,1.1303775676540562,-1.4515938827687678,-1.4014681278853909,-1.3735254526097533,-1.4497316692091227,1.451052073706214,0.3272405041882469,0.4895387240312183,1.6940785430748475,-0.8838384939911589,-0.6311139667204612,-0.06874917407299261,-1.460013441022972,-0.5820574518689196,-0.5338137665880329,0.7608368091085088,-0.21349729110892088
1.7972725827729177,-1.6879264233420308,-0.33072805104325553,-0.8384624030898393,0.17176703332453822,-0.6292330986743702,0.444409386156146,1.4705180361484222,0.7452007769718818,1.459181103226713,-0.007212595369199463,1.451052073706214,-0.30091768483855236,-0.8068437734032816,-1.0491850037408235,-0.8838384939911589,-0.6311139667204612,-0.062096641331619164,0.21443740309169057,0.3168473704797871,1.196700945350311,0.7608368091085088,-0.8933449511524926
0.20238803954173382,0.6133504751670273,-1.8818319004333532,-0.8384624030898393,1.0766940205757574,-1.9195571284019874,0.444409386156146,-0.28274911520189183,-1.4014681278853909,1.459181103226713,-1.4497316692091227,1.451052073706214,-0.9290758738653516,1.785921221465718,-0.1161021646878742,1.1314284304186495,1.5046163772395595,-0.2084523616418329,0.2434322229032003,0.9182273572623731,1.4166325809812708,1.6913885267135573,0.4308359389323743
-0.14717569596099175,0.38699537039564486,1.0652654134078317,-0.8384624030898393,0.011400225457233543,-0.6528160443874075,-0.24155879534176422,-0.28274911520189183,-0.6859118262663001,-0.6653488136506367,0.7140469415507622,-1.4115212985653218,-1.5572340628921508,3.082303718900218,-0.2653954189363461,-0.8838384939911589,-0.6311139667204612,0.07095401349584769,-1.8369460985725934,-0.10728377809319406,1.6423518912340986,-0.16971490849653975,2.18626347904488
0.14776870586943222,-1.3232431989881372,0.6110135718007322,2.0417519586691513,0.8361438087748004,-1.9195571284019874,-0.24155879534176422,0.8860956523649842,-0.6859118262663001,0.7510044642675964,-0.7284721322891611,-1.4115212985653218,-0.9290758738653516,-0.8068437734032816,-0.1161021646878742,-0.8838384939911589,-0.6311139667204612,-1.7984076868300618,0.6566084052172083,0.9118970416120297,0.6063581339198391,-1.1002666261015883,0.1568674789148157
-0.027013161881929596,0.3995706539940543,0.4115859340220058,1.0816805047494875,-0.9622553937371162,-1.0941540284456788,-0.9275269768396744,-0.28274911520189183,0.7452007769718818,0.7510044642675964,-0.007212595369199463,-0.6958779554974378,-0.30091768483855236,-0.8068437734032816,-0.39602701640375904,-0.8838384939911589,-0.6311139667204612,-1.3926031896062878,-0.010272450447506203,-0.18957788154765343,-0.29073143246960326,-0.16971490849653975,0.608408088943755
-0.19087116289883244,0.2612425344115433,0.0016513452546225037,-0.8384624030898393,-0.9851649377181598,0.7385777526817986,-1.6134951583375847,0.30167326858154614,-0.6859118262663001,-1.3735254526097533,-0.7284721322891611,1.451052073706214,0.3272405041882469,-0.8068437734032816,-0.8065834655870567,1.1314284304186495,1.0300096341373328,-0.7007397845034602,-1.046837258708964,0.44978399913699035,-0.5338137665880329,-0.16971490849653975,-0.10188051110176757
0.5737995085133792,0.9151572815288718,0.11244447735391519,0.12160905082982407,-0.2864238462963323,-1.9195571284019874,0.7873934769051011,0.8860956523649842,-0.6859118262663001,-1.3735254526097533,1.435306478470724,0.019765387570446186,-1.5572340628921508,0.4895387240312183,-1.1984782579892954,-0.8838384939911589,-0.6311139667204612,-2.3173052406571824,-0.7931325853582575,-1.715183953280318,-1.1415196018841067,-1.1002666261015883,-0.07651306110014176
-0.3001098302434337,0.9654584159225112,-0.031586594375164985,0.12160905082982407,1.007965388632627,0.3612506212732003,-0.5845428860907194,-1.4515938827687678,0.02964447535279087,0.7510044642675964,-0.007212595369199463,-0.6958779554974378,-0.30091768483855236,-0.8068437734032816,0.5743791362113083,-0.8838384939911589,-0.6311139667204612,-1.186374674623714,-0.8873657497456631,0.5320781025914493,-0.3833342264194812,-0.16971490849653975,-0.7056258211404616
-2.3210251761185647,0.009736862443340207,-0.5855522548716284,-0.8384624030898393,-0.8591624458224204,-0.6460780598979683,-1.6134951583375847,-0.28274911520189183,-0.6859118262663001,0.7510044642675964,-0.7284721322891611,-0.6958779554974378,1.5835568822418453,-0.8068437734032816,-0.6386285545575259,1.1314284304186495,1.5046163772395595,0.5765465018402218,-0.35096158323274085,-1.2150890169032202,0.6063581339198391,-1.1002666261015883,-0.27437917111282295
-0.977389567779964,-0.12859125713917258,-0.6852660737609925,-0.8384624030898393,-0.297878618286854,-0.585436199493015,1.1303775676540562,0.8860956523649842,-1.4014681278853909,-0.6653488136506367,-0.007212595369199463,0.7354087306383301,-0.9290758738653516,-0.8068437734032816,-0.414688673184818,1.1314284304186495,0.31809951948399257,-0.6076043261242334,-0.2349823039867035,0.44978399913699035,0.5369060384574305,-1.1002666261015883,-0.40121642112095196
1.1418405787053083,-0.5184250486898867,0.4669825000716521,-0.8384624030898393,-0.022964090514331743,-0.22495402930801486,1.1303775676540562,0.8860956523649842,-1.4014681278853909,0.7510044642675964,0.7140469415507622,-0.6958779554974378,-0.9290758738653516,-0.8068437734032816,0.014529432779538715,-0.8838384939911589,-0.6311139667204612,1.9004005173735166,0.7725876844632451,0.11427726966881117,-0.4990877188568286,-1.1002666261015883,-0.00041071109526435323
1.480480447473572,-0.12859125713917258,0.5445376925411557,-0.8384624030898393,2.634543011286717,-1.4478982141412395,0.10142529540719089,-0.8671714989853299,0.7452007769718818,1.459181103226713,1.435306478470724,0.7354087306383301,-1.5572340628921508,-0.8068437734032816,-0.8812300927112927,-0.8838384939911589,-0.6311139667204612,-0.5543840641932465,1.077033292484093,1.1144671424230062,-0.1923409638978578,-0.16971490849653975,-0.49761273112712995
-0.6605974324806192,-0.3297957947137343,-0.48583843598226595,2.0417519586691513,2.0847139557416727,-0.2923338742024074,-1.2705110675886295,0.8860956523649842,-1.4014681278853909,0.7510044642675964,1.435306478470724,-1.4115212985653218,-0.9290758738653516,-0.8068437734032816,-0.04145553756363825,1.1314284304186495,-0.39381059516934774,1.6276466749772098,0.35941150214923717,-0.1579263032959384,2.6031058784640817,-1.1002666261015883,0.9534054089658661
-1.6109738383786536,-0.40524749630419454,-1.7931973947539193,0.12160905082982407,-0.4582454261541587,-0.413617595012314,0.444409386156146,1.4705180361484222,0.7452007769718818,0.7510044642675964,-0.7284721322891611,-0.6958779554974378,-0.30091768483855236,-0.8068437734032816,0.5930407929923673,1.1314284304186495,2.6911332349951267,1.3149776361326626,-1.0395885537560872,-1.607568587224487,0.5137553399699611,-0.16971490849653975,-0.4722452811255042
-0.1362518292265318,0.17321554922267188,0.40050662081207555,-0.8384624030898393,-0.3780620222205064,0.10520721067450862,0.7873934769051011,0.8860956523649842,-0.6859118262663001,1.459181103226713,-0.007212595369199463,0.019765387570446186,0.3272405041882469,-0.8068437734032816,-1.1984782579892954,1.1314284304186495,1.884301771721341,-0.6342144570897268,-0.6481584863007109,1.5069467127442726,-0.9563140139843508,1.6913885267135573,-0.5026862211274552
1.032601911360705,-0.8328071386501406,-0.5855522548716284,-0.8384624030898393,0.7215960888695828,-0.10367030849810827,0.10142529540719089,0.8860956523649842,0.02964447535279087,0.7510044642675964,-0.7284721322891611,-1.4115212985653218,0.9553986932150462,-0.8068437734032816,0.6117024497734264,1.1314284304186495,1.5520770515497821,1.4280706927360096,0.20718869813881366,-0.7339850274771521,-1.3788142613806689,-0.16971490849653975,-0.8527570311498912
0.9889064444228653,-0.05313955554871057,1.4419620625454275,2.0417519586691513,-0.733159953926681,-1.0132982145724077,0.7873934769051011,-1.4515938827687678,-1.4014681278853909,-0.6653488136506367,-0.7284721322891611,0.019765387570446186,-0.30091768483855236,-0.8068437734032816,-1.1984782579892954,-0.8838384939911589,-0.6311139667204612,-0.3614606146934196,0.21443740309169057,-0.6200393457709777,-0.4006972502850832,0.7608368091085088,-0.010557691095914458
-1.7966795728644762,0.7642538783479496,0.0792065377241277,-0.8384624030898393,2.2679903075900207,-0.7201958892818001,1.1303775676540562,1.4705180361484222,-1.4014681278853909,-0.6653488136506367,-0.7284721322891611,-0.6958779554974378,0.3272405041882469,-0.8068437734032816,0.9289506150514291,-0.8838384939911589,-0.6311139667204612,-2.0245938000367554,-0.0030237454946287715,-0.6453606083723497,-1.303574491296393,1.6913885267135573,1.465827898998707
0.049453905259290894,0.1857908328210813,1.641389700324154,-0.8384624030898393,-1.2600794654906822,-0.005969533401239072,1.4733616584030114,-0.8671714989853299,0.02964447535279087,0.7510044642675964,0.7140469415507622,0.019765387570446186,2.2117150712686446,-0.8068437734032816,2.552514755003561,1.1314284304186495,1.1723916570680006,-0.7805701773999405,0.48263948634815196,-1.1517858603997901,0.7221116263571865,0.7608368091085088,-0.2946731311141235
1.4367849805357322,1.2295393714891256,-1.0176454700588706,2.0417519586691513,-0.08023795046694056,0.2264909314844152,0.7873934769051011,-1.4515938827687678,-0.6859118262663001,0.04282782530847982,0.7140469415507622,1.451052073706214,-0.9290758738653516,0.4895387240312183,1.5634469456074347,-0.8838384939911589,-0.6311139667204612,-0.2882827545383127,0.475390781395275,1.5955711318490742,0.6468718562729109,-1.1002666261015883,-0.8020221311466396
0.0166823050559111,-0.12859125713917258,-0.1534590396843879,-0.8384624030898393,0.6528674569264522,0.6274010086060509,-0.9275269768396744,1.4705180361484222,0.02964447535279087,0.04282782530847982,0.7140469415507622,0.7354087306383301,-0.30091768483855236,1.785921221465718,-0.526658613871172,-0.8838384939911589,-0.6311139667204612,-0.08205423955573947,1.1277742271542346,1.5259376596953014,0.1201934656829801,1.6913885267135573,1.0498017189720437
-0.977389567779964,0.32411895240359406,1.973769096622032,2.0417519586691513,-0.7217051819361593,-1.9195571284019874,-1.2705110675886295,0.30167326858154614,1.4607570785909727,0.7510044642675964,0.7140469415507622,0.019765387570446186,3.4680314493222433,0.4895387240312183,0.5930407929923673,-0.8838384939911589,-0.6311139667204612,-0.5743416624173667,-0.9308579794629271,1.696856182254563,-1.679773341717772,-1.1002666261015883,0.6946574189492828
0.14776870586943222,-0.11601597354076135,-2.6241458854986144,-0.8384624030898393,-0.6186122340214634,-0.18452612237137933,-0.5845428860907194,-0.28274911520189183,0.7452007769718818,-0.6653488136506367,0.7140469415507622,1.451052073706214,-1.5572340628921508,-0.8068437734032816,0.16382268702801062,-0.8838384939911589,-0.6311139667204612,-1.5655690408819947,-1.257049702342407,0.12060758531915382,0.12598114030484756,-0.16971490849653975,-1.7355442912064694
-2.0807001079604412,1.0912112519066128,-0.1866969793141754,-0.8384624030898393,-1.1111674296138991,-0.9930842611040899,-0.5845428860907194,-0.28274911520189183,1.4607570785909727,-0.6653488136506367,-0.7284721322891611,-1.4115212985653218,0.9553986932150462,-0.8068437734032816,-0.5453202706522309,1.1314284304186495,1.3622343543088917,1.2218421777534363,0.3159192724319736,-1.797478056734777,-0.2733684086040013,-1.1002666261015883,-0.3098936011150992
1.2620031127843694,0.12291441482903054,-1.405421432406395,-0.8384624030898393,-0.4009715662015499,-0.6629230211215664,0.444409386156146,1.4705180361484222,0.02964447535279087,1.459181103226713,-0.007212595369199463,0.7354087306383301,-0.30091768483855236,-0.8068437734032816,0.3504392548386005,1.1314284304186495,-0.203967897928457,-0.3814182129175399,-1.2498009973895297,-0.6073787144702919,-0.30230678171333814,-1.1002666261015883,1.1715654789798478
-0.9118463673732035,-0.6944790190676295,0.8325998359993176,0.12160905082982407,1.981621007826977,0.020982404556517946,0.10142529540719089,0.30167326858154614,-1.4014681278853909,-0.6653488136506367,-1.4497316692091227,0.7354087306383301,-0.9290758738653516,-0.8068437734032816,0.5370558226491904,-0.8838384939911589,-0.6311139667204612,-0.5078163350036333,-1.3367854568240571,-0.29719324760348426,-0.7132316798659211,1.6913885267135573,0.050324188907987254
-0.2673382300400539,2.0343575217873746,2.0956415419312533,0.12160905082982407,-0.35515247823946283,1.1361188375587146,1.4733616584030114,0.8860956523649842,1.4607570785909727,1.459181103226713,-0.007212595369199463,1.451052073706214,0.9553986932150462,-0.8068437734032816,-0.20941044859316912,-0.8838384939911589,-0.6311139667204612,-0.16188463245221932,-0.7278942407823616,-0.5250846110158326,0.4095771967763486,-1.1002666261015883,-0.3149670911154241
-0.28918596350897374,0.2612425344115433,0.5666963189610146,2.0417519586691513,1.3974276363103668,-0.3159168199154448,0.444409386156146,0.8860956523649842,0.02964447535279087,0.7510044642675964,-0.007212595369199463,0.019765387570446186,1.5835568822418453,-0.8068437734032816,-1.0118616901787056,1.1314284304186495,0.6028635653453287,-1.0466714870548741,1.8598934273948444,-0.9618763908894999,0.2359469581203275,1.6913885267135573,-0.2895996411137983
1.9939021839932003,-0.9334094074374214,-0.7628212662304976,-0.8384624030898393,0.06867408540984235,0.0647793037378731,1.1303775676540562,0.30167326858154614,-1.4014681278853909,1.459181103226713,-1.4497316692091227,0.7354087306383301,-0.30091768483855236,1.785921221465718,-0.6946135249007028,1.1314284304186495,0.22317817086354722,-1.924805808916155,-0.184241369316562,-0.3351751415055424,-0.8289851723032685,-1.1002666261015883,0.3699540589284726
1.2183076458465278,-1.5873241545547498,2.1288794815610426,0.12160905082982407,-1.1111674296138991,0.2803948073999293,-1.6134951583375847,0.30167326858154614,1.4607570785909727,-1.3735254526097533,0.7140469415507622,1.451052073706214,2.8398732602954437,-0.8068437734032816,-0.3773653596227,-0.8838384939911589,-0.6311139667204612,1.255104841460303,0.9610540132380563,-1.74050521588169,0.6642348801385128,-0.16971490849653975,-0.4062899111212772
0.464560841168777,-0.7573554370596803,0.8990757152588926,-0.8384624030898393,-0.1833308983816364,1.1967606979636678,0.444409386156146,0.30167326858154614,0.02964447535279087,1.459181103226713,-0.007212595369199463,-0.6958779554974378,-0.9290758738653516,0.4895387240312183,-0.9185534062734106,-0.8838384939911589,-0.6311139667204612,-0.20179982890045944,0.5188830111125387,0.9941911450664885,-0.30809445633520516,0.7608368091085088,0.04017720890733715
-0.5076632981981772,-1.0968880942167532,-0.7628212662304976,0.12160905082982407,-0.022964090514331743,1.4966010077437149,1.4733616584030114,-0.28274911520189183,0.7452007769718818,0.7510044642675964,-0.007212595369199463,0.019765387570446186,-0.30091768483855236,0.4895387240312183,-0.6759518681196438,1.1314284304186495,0.22317817086354722,-0.32154541824517946,0.27242704271471,-0.5693968205682338,-1.0836428556654332,-0.16971490849653975,-0.7969486411463144
-1.119399835327946,-0.4303980635010152,0.6885687642702375,-0.8384624030898393,-0.5040645141162458,-1.198592788031987,0.10142529540719089,0.30167326858154614,-0.6859118262663001,-1.3735254526097533,-1.4497316692091227,-0.6958779554974378,-0.30091768483855236,-0.8068437734032816,2.9070862338436814,1.1314284304186495,0.22317817086354722,0.5366313053919812,-0.0030237454946287715,0.07629537576675303,-0.7537454022189928,-1.1002666261015883,-1.5376781811937879
1.5787952480837133,2.0469328053857856,0.057047911304268846,-0.8384624030898393,-0.973710165727638,-0.3024408509365663,1.1303775676540562,0.8860956523649842,-1.4014681278853909,-1.3735254526097533,-1.4497316692091227,0.019765387570446186,-0.9290758738653516,1.785921221465718,-0.8439067791491747,-0.8838384939911589,-0.6311139667204612,0.556588903616102,-1.5614953103632545,-0.3351751415055424,0.23015928349846004,-0.16971490849653975,-0.5686415911316821
-0.6824451659495401,0.6259257587654368,2.4169416250192026,-0.8384624030898393,-0.22914998634372347,0.05804131924843385,-0.9275269768396744,-1.4515938827687678,-0.6859118262663001,1.459181103226713,-0.007212595369199463,0.7354087306383301,-0.30091768483855236,0.4895387240312183,-0.340042046060582,-0.8838384939911589,-0.6311139667204612,-1.2529000020374474,-0.061013385117647714,0.6840056781996817,1.1677625722409741,-0.16971490849653975,0.14672049891416525
1.0762973782985468,-2.165787200081616,-0.06482453400495405,-0.8384624030898393,-1.1798960615570298,-1.4916951133225949,1.4733616584030114,-0.28274911520189183,-1.4014681278853909,1.459181103226713,0.7140469415507622,0.7354087306383301,0.3272405041882469,-0.8068437734032816,0.5183941658681314,1.1314284304186495,0.22317817086354722,-0.6408669898311001,-1.6049875400805185,-0.5504058736172045,1.8564958522431907,-0.16971490849653975,-1.152092941169076
0.6174949754512199,-0.8956835566421913,-1.0398040964787294,-0.8384624030898393,1.8327089719501939,-1.3737803847574077,0.7873934769051011,-0.8671714989853299,1.4607570785909727,-1.3735254526097533,0.7140469415507622,0.019765387570446186,-0.9290758738653516,-0.8068437734032816,-0.526658613871172,-0.8838384939911589,-0.6311139667204612,1.9137055828562635,-0.19149007426943943,-1.715183953280318,0.4790292922387568,-0.16971490849653975,-1.76598523120842
0.9561348442194856,1.4936203270557382,-0.9954868436390117,-0.8384624030898393,-0.7446147259172028,2.288314185252827,-1.2705110675886295,0.30167326858154614,0.02964447535279087,-1.3735254526097533,0.7140469415507622,-1.4115212985653218,0.3272405041882469,-0.8068437734032816,0.8729656447082521,-0.8838384939911589,-0.6311139667204612,0.7495123531159283,-0.3292154683741086,1.2980462962829535,0.0970427671955107,3.552491961923655,-1.1064315311661492
0.22423577301065367,0.04746271323857031,-1.0287247832687991,2.0417519586691513,-1.168441289566508,-1.7713214696343238,0.10142529540719089,-0.8671714989853299,0.7452007769718818,-0.6653488136506367,0.7140469415507622,-1.4115212985653218,0.3272405041882469,-0.8068437734032816,-0.526658613871172,1.1314284304186495,-0.25142857223867965,-1.924805808916155,-0.749640355640994,0.9562092511644309,1.0404337305598919,0.7608368091085088,1.4252399789961059
1.8300441829762975,0.12291441482903054,0.5112997529113682,-0.8384624030898393,-0.8362529018413769,0.8901824036941818,0.10142529540719089,-0.28274911520189183,0.7452007769718818,-1.3735254526097533,-0.007212595369199463,-0.6958779554974378,-0.9290758738653516,-0.8068437734032816,-1.1611549444271776,1.1314284304186495,-0.061585874997788954,-0.10866437052123275,0.1129555337514086,0.4181324208852753,0.16070718803605144,-0.16971490849653975,1.3745050789928543
-0.7807599665596814,-1.0465869598231134,0.47806181328158076,2.0417519586691513,0.9277819846989745,0.9103963571624996,-0.24155879534176422,-1.4515938827687678,1.4607570785909727,1.459181103226713,-1.4497316692091227,-1.4115212985653218,-0.9290758738653516,0.4895387240312183,-1.1611549444271776,-0.8838384939911589,-0.6311139667204612,-0.9136208322274073,0.8378260290391415,-1.2340799638542495,-1.210971697346515,-1.1002666261015883,-0.005484201095589586
-2.430263843463166,-0.279494660320093,-0.05374522079502384,-0.8384624030898393,-0.10314749444798409,0.41515449718871433,-0.9275269768396744,-1.4515938827687678,0.7452007769718818,-0.6653488136506367,-0.7284721322891611,0.019765387570446186,-0.30091768483855236,0.4895387240312183,-0.8439067791491747,1.1314284304186495,-0.39381059516934774,-0.7872227101413134,0.45364466653664326,1.4626345031918715,1.3761188586281992,-0.16971490849653975,1.1817124589804984
-1.7748318393955564,-0.46812391429624534,0.6885687642702375,0.12160905082982407,1.3286990043672362,0.42189248167815363,-0.9275269768396744,-0.28274911520189183,1.4607570785909727,0.7510044642675964,-1.4497316692091227,1.451052073706214,-0.9290758738653516,4.378686216334717,-0.8812300927112927,-0.8838384939911589,-0.6311139667204612,-1.5855266391061145,1.091530702389848,-0.9112338656867561,0.617933483163574,-1.1002666261015883,1.491195349000333
-1.8512989065367769,-0.16631710793440269,-0.28641079820353943,-0.8384624030898393,-0.3436977062489411,-0.3260237966496037,0.10142529540719089,1.4705180361484222,-1.4014681278853909,1.459181103226713,-0.007212595369199463,1.451052073706214,0.3272405041882469,-0.8068437734032816,-0.5453202706522309,1.1314284304186495,2.5962118863746815,-0.08205423955573947,0.49713689625390683,-0.3858176667082867,1.3587558347625972,0.7608368091085088,-0.005484201095589586
0.890591643812724,1.6948248646303,0.44482387365179327,0.12160905082982407,0.011400225457233543,0.27365682291049,0.10142529540719089,1.4705180361484222,-0.6859118262663001,-1.3735254526097533,-0.007212595369199463,-1.4115212985653218,1.5835568822418453,0.4895387240312183,0.23846931415224656,-0.8838384939911589,-0.6311139667204612,-1.0799341507617408,1.4249711302222048,-1.1074736508473895,-0.12867654305731704,-1.1002666261015883,0.23804331892001834
1.2510792460499096,-0.9962858254294722,-0.14237972647445768,-0.8384624030898393,-0.8820719898034639,1.7762273640554438,1.4733616584030114,-1.4515938827687678,-1.4014681278853909,1.459181103226713,1.435306478470724,-1.4115212985653218,0.3272405041882469,0.4895387240312183,0.4624091955249544,-0.8838384939911589,-0.6311139667204612,-1.4524759842786477,1.403225015363573,0.36748989568253143,-0.1344642176791841,0.7608368091085088,-1.2281952911739533
-0.14717569596099175,0.2235166836163132,0.10136516414398498,-0.8384624030898393,1.4776110402440192,0.553283179222219,0.7873934769051011,-0.28274911520189183,0.02964447535279087,-1.3735254526097533,-1.4497316692091227,-0.6958779554974378,-0.30091768483855236,-0.8068437734032816,-0.6386285545575259,1.1314284304186495,-0.39381059516934774,-0.66082458805522,-0.4089512228557593,0.28519579222807206,0.18385788652352125,-1.1002666261015883,0.8773030589609887
0.8578200436093433,-1.310667915389726,1.2757723643964884,-0.8384624030898393,0.8475985807653222,-1.020036199061847,-0.5845428860907194,0.8860956523649842,-1.4014681278853909,1.459181103226713,-0.7284721322891611,-1.4115212985653218,0.3272405041882469,-0.8068437734032816,-1.1238316308650595,-0.8838384939911589,-0.6311139667204612,-0.9601885614170205,1.0552871776254613,1.8361231265621092,0.8205020949289319,2.621940244318606,-0.2997466211144488
1.4258611138012722,0.2612425344115433,0.8325998359993176,-0.8384624030898393,-0.7217051819361593,-0.5214253468433421,1.1303775676540562,0.8860956523649842,1.4607570785909727,1.459181103226713,-1.4497316692091227,1.451052073706214,0.3272405041882469,0.4895387240312183,1.4328153481400219,1.1314284304186495,-0.061585874997788954,0.42353824878863516,-0.046515975211892845,1.5132770283946153,2.556804481489143,-1.1002666261015883,-0.49761273112712995
1.8300441829762975,-1.373544333381777,-0.5190763756120534,1.0816805047494875,1.8327089719501939,1.6953715501821727,0.7873934769051011,-0.28274911520189183,0.7452007769718818,0.04282782530847982,-1.4497316692091227,0.7354087306383301,-1.5572340628921508,0.4895387240312183,-1.0118616901787056,-0.8838384939911589,-0.6311139667204612,-0.946883495934274,-0.11900302474066614,-0.037650305939421355,1.1098858260223003,0.7608368091085088,-1.0404761611619222
-1.2286385026725481,1.808002417015992,-0.9622489040092242,0.12160905082982407,0.022854997447755307,1.321413411018294,0.7873934769051011,0.8860956523649842,-1.4014681278853909,0.7510044642675964,-0.7284721322891611,1.451052073706214,-0.9290758738653516,-0.8068437734032816,-0.47067364352799496,-0.8838384939911589,-0.6311139667204612,-1.8117127523128087,-0.49593568229028745,-1.9810572105947242,0.3169744028264706,1.6913885267135573,-0.33526105111672505
1.5350997811458735,-1.2980926317913166,0.5445376925411557,-0.8384624030898393,0.7330508608601046,0.5431762024880602,1.4733616584030114,-1.4515938827687678,-0.6859118262663001,-1.3735254526097533,-1.4497316692091227,0.7354087306383301,-1.5572340628921508,-0.8068437734032816,-0.9185534062734106,-0.8838384939911589,-0.6311139667204612,-1.3992557223476612,-0.0030237454946287715,1.2347431397795234,-0.42384794877255255,-0.16971490849653975,-0.9390063611554191
0.10407323893159152,-0.7699307206580898,0.17892035661349018,0.12160905082982407,1.191241740480975,-1.2592346484369406,1.1303775676540562,0.30167326858154614,-1.4014681278853909,0.04282782530847982,1.435306478470724,-1.4115212985653218,0.3272405041882469,0.4895387240312183,-0.9185534062734106,-0.8838384939911589,-0.6311139667204612,1.7673498625460495,-1.351282866729812,-0.19590819719799651,0.7799883725758602,0.7608368091085088,-0.3910694411203015
0.3880937740275565,-2.1280613492863862,0.5999342585908021,0.12160905082982407,-0.6644313219835505,0.5970800784035742,-0.5845428860907194,-0.8671714989853299,1.4607570785909727,-1.3735254526097533,-0.7284721322891611,-1.4115212985653218,0.3272405041882469,0.4895387240312183,-1.1051699740840006,1.1314284304186495,0.7452455882759966,-0.8470955048136739,0.4391472566308884,0.025652850564008713,-0.45857399650375685,-0.16971490849653975,1.4506074289977318
1.7208055156316964,1.3678674910716366,0.25647554908299536,-0.8384624030898393,-0.5498836020783329,0.15911108659002268,0.7873934769051011,1.4705180361484222,0.02964447535279087,0.04282782530847982,-0.7284721322891611,1.451052073706214,0.3272405041882469,-0.8068437734032816,-0.32138038927952306,1.1314284304186495,1.7893804231008956,0.2904875939611678,0.5188830111125387,-0.4301298762606875,-0.29073143246960326,-1.1002666261015883,1.1766389689801726
-0.7042928994184599,-0.493274481493066,0.721806703900025,-0.8384624030898393,-5.454653328821902e-05,-1.020036199061847,0.10142529540719089,0.30167326858154614,0.02964447535279087,-1.3735254526097533,0.7140469415507622,0.7354087306383301,-1.5572340628921508,0.4895387240312183,0.3504392548386005,1.1314284304186495,-0.39381059516934774,0.36366545411627466,0.3014218625262187,0.28519579222807206,-0.48751236961309374,1.6913885267135573,-1.979071811222077
0.5082563081066177,0.852280863536821,0.43374456044186305,-0.8384624030898393,-0.733159953926681,-0.1946330991055382,-0.24155879534176422,1.4705180361484222,0.02964447535279087,-1.3735254526097533,0.7140469415507622,-1.4115212985653218,0.9553986932150462,-0.8068437734032816,-1.0865083173029415,1.1314284304186495,0.033335473622656396,0.6763344929608219,0.35216279719636023,1.3613494527863836,-0.8868619185219422,-0.16971490849653975,-0.12217447110306814
2.234227252151325,0.9780336995209226,0.5999342585908021,-0.8384624030898393,0.7674151768316698,-0.043028448093154974,-0.24155879534176422,0.8860956523649842,-0.6859118262663001,-1.3735254526097533,-0.7284721322891611,1.451052073706214,1.5835568822418453,0.4895387240312183,0.8356423311461342,-0.8838384939911589,-0.6311139667204612,-1.2595525347788208,-0.17699266436368455,-2.0127087888464392,0.37485114904514427,-0.16971490849653975,0.4511298989336749
-0.09255636228869113,0.210941400017902,-2.568749319448968,0.12160905082982407,-0.8018885858698116,-0.46752147092782803,0.444409386156146,0.8860956523649842,0.7452007769718818,-0.6653488136506367,-0.007212595369199463,1.451052073706214,0.3272405041882469,3.082303718900218,-1.3291098554567085,-0.8838384939911589,-0.6311139667204612,-0.15523209971084587,0.19993999318593675,1.9374081769675968,1.2430023423252499,-1.1002666261015883,-0.208423801108596
-0.9118463673732035,0.34926951960041475,0.43374456044186305,-0.8384624030898393,0.5726840529927999,-1.154795888850632,-0.9275269768396744,0.30167326858154614,0.02964447535279087,-0.6653488136506367,0.7140469415507622,1.451052073706214,0.9553986932150462,-0.8068437734032816,1.022258898956724,1.1314284304186495,0.17571749655332447,1.5744264130462233,1.5409504094682427,-0.8099488152812679,-0.05922444759490844,-0.16971490849653975,0.04525069890766202
-0.09255636228869113,0.6007751915686178,1.7300242060035878,-0.8384624030898393,0.6299579129454087,-0.7976827109103515,0.10142529540719089,0.8860956523649842,-0.6859118262663001,0.7510044642675964,-0.7284721322891611,-1.4115212985653218,0.9553986932150462,-0.8068437734032816,-0.9185534062734106,-0.8838384939911589,-0.6311139667204612,-0.6209093916069799,1.3597327856463093,-0.11361409374353716,-0.915800291631279,-1.1002666261015883,1.3136231989889522
0.47548470790323794,-0.48069919789465654,-0.8292971454900726,0.12160905082982407,-1.1111674296138991,-0.32265480440488403,-1.6134951583375847,0.8860956523649842,-0.6859118262663001,0.04282782530847982,-0.007212595369199463,0.019765387570446186,-0.30091768483855236,-0.8068437734032816,-0.9932000333976466,-0.8838384939911589,-0.6311139667204612,0.7162496894090616,0.7798363894161231,-2.5824371973773097,0.35748812517954237,0.7608368091085088,0.23296982891969312
-0.9883134345144249,-0.5813014666819374,0.5334583793312271,-0.8384624030898393,-0.6987956379551157,-0.5820672072482953,1.1303775676540562,-1.4515938827687678,-1.4014681278853909,1.459181103226713,-1.4497316692091227,-0.6958779554974378,-0.9290758738653516,-0.8068437734032816,-0.04145553756363825,1.1314284304186495,1.741919748790673,0.17739453735782126,-0.5829201417248151,1.5639195535973591,0.2706730058515318,-0.16971490849653975,0.9787728589674919
-0.4967394314637173,0.48759763918292576,-0.10914178684467019,-0.8384624030898393,-0.38951679421102814,2.8913637970576405,1.1303775676540562,-0.28274911520189183,-0.6859118262663001,1.459181103226713,-1.4497316692091227,0.019765387570446186,0.9553986932150462,0.4895387240312183,0.8169806743650752,1.1314284304186495,0.413020868104438,-0.1751896979349662,0.982800128096688,-0.7782972370295529,-0.7826837753283297,0.7608368091085088,-0.3403345411170499
-1.1740191690002477,-0.7447801534612691,0.045968598094338634,-0.8384624030898393,0.44668156109706053,1.71895449589521,1.1303775676540562,-0.8671714989853299,-0.6859118262663001,0.04282782530847982,-0.007212595369199463,-0.6958779554974378,0.9553986932150462,-0.8068437734032816,3.690875818648159,1.1314284304186495,-0.014125200687566225,0.669681960219448,0.2434322229032003,-0.03131999028907825,-0.8058344738157991,-0.16971490849653975,-0.3606285011183508
1.163688312174228,-1.0968880942167532,1.2314551115567707,-0.8384624030898393,-0.3780620222205064,1.4730180620306774,-0.9275269768396744,-0.28274911520189183,-1.4014681278853909,-1.3735254526097533,-1.4497316692091227,0.019765387570446186,0.3272405041882469,0.4895387240312183,-0.9745383766165876,1.1314284304186495,0.7927062625862195,0.6962920911849418,1.997618821499514,2.6653944767570428,0.6121458085417061,-0.16971490849653975,-0.9288593811547686
-0.540434898401558,0.08518856403380043,0.10136516414398498,-0.8384624030898393,-1.2600794654906822,-1.3670424002679686,0.10142529540719089,0.8860956523649842,1.4607570785909727,-0.6653488136506367,-1.4497316692091227,1.451052073706214,-0.9290758738653516,-0.8068437734032816,1.0035972421756651,-0.8838384939911589,-0.6311139667204612,-0.2749776890555663,0.2434322229032003,0.48143557738870535,0.5542690623230324,-0.16971490849653975,1.1208305789765962
-1.4689635708306716,-1.5370230201611086,0.057047911304268846,0.12160905082982407,-0.8706172178129422,-0.2855958897129681,-0.24155879534176422,0.30167326858154614,1.4607570785909727,-0.6653488136506367,-0.007212595369199463,-0.6958779554974378,-0.30091768483855236,0.4895387240312183,-0.9185534062734106,1.1314284304186495,0.22317817086354722,-0.16188463245221932,-2.4240911997556567,0.025652850564008713,0.18385788652352125,-0.16971490849653975,-1.6137805311986653
-0.540434898401558,1.1918135206938938,-0.00942796795530771,0.12160905082982407,0.5039554210496693,-1.3636734080232489,-0.24155879534176422,-1.4515938827687678,-0.6859118262663001,0.7510044642675964,-0.7284721322891611,-1.4115212985653218,0.9553986932150462,-0.8068437734032816,-0.7319368384628208,1.1314284304186495,0.6028635653453287,1.5478162820807295,1.1132768172484797,-0.27187198500211235,1.0983104767785656,-1.1002666261015883,-0.3555550111180256
-0.9883134345144249,-0.7573554370596803,-1.33894555314682,-0.8384624030898393,-1.1798960615570298,1.0485250391960044,-1.6134951583375847,0.30167326858154614,-0.6859118262663001,-0.6653488136506367,-0.007212595369199463,0.7354087306383301,2.2117150712686446,0.4895387240312183,0.4810708523060134,-0.8838384939911589,-0.6311139667204612,-1.8183652850541816,0.1129555337514086,-0.37315703540760053,2.001187717789875,0.7608368091085088,-1.2687832111765545
0.5410279083099985,-0.5184250486898867,-1.5162145645056877,0.12160905082982407,-0.6644313219835505,0.9979901555252099,-0.5845428860907194,-0.28274911520189183,-0.6859118262663001,-0.6653488136506367,-0.7284721322891611,1.451052073706214,-0.30091768483855236,-0.8068437734032816,-1.1798166012082365,-0.8838384939911589,-0.6311139667204612,-0.4945112695208864,-0.22773359903382606,0.8106119912065419,-0.5511767904536349,0.7608368091085088,0.7504658089528596
-0.1362518292265318,-0.5561508994851168,-0.6852660737609925,0.12160905082982407,1.1797869684904534,-0.22495402930801486,0.7873934769051011,0.8860956523649842,-1.4014681278853909,1.459181103226713,-0.007212595369199463,1.451052073706214,-0.9290758738653516,0.4895387240312183,-0.15342547824999217,-0.8838384939911589,-0.6311139667204612,-0.8404429720723005,-1.307790637012548,-0.39847829800897244,1.2777283900564536,1.6913885267135573,-0.41643689112192733
-1.1958669024691675,0.563049340773386,-0.47475912277233573,-0.8384624030898393,0.2061313492961035,0.472427365348948,-1.6134951583375847,0.30167326858154614,-1.4014681278853909,1.459181103226713,0.7140469415507622,-0.6958779554974378,-0.9290758738653516,-0.8068437734032816,-0.4893353003090539,1.1314284304186495,-0.203967897928457,0.5831990345815948,-0.07551079502340206,-2.4368399374194207,-0.012923050619969649,0.7608368091085088,0.1315000289131899
0.7158097760613612,-0.9711352582326516,-1.0287247832687991,0.12160905082982407,-0.8477076738318986,-0.6696610056110057,0.7873934769051011,-1.4515938827687678,-1.4014681278853909,0.7510044642675964,-1.4497316692091227,0.019765387570446186,-1.5572340628921508,-0.8068437734032816,-1.1238316308650595,-0.8838384939911589,-0.6311139667204612,0.11086920994408785,-0.41619992780863674,-1.4113288020638535,-1.3614512375150667,-1.1002666261015883,-0.685331861139161
-1.99330917408476,0.41214593759246554,-0.08698316042481133,1.0816805047494875,-1.2257151495191168,2.183875425666519,-0.5845428860907194,-0.8671714989853299,-0.6859118262663001,-0.6653488136506367,-0.7284721322891611,1.451052073706214,0.9553986932150462,-0.8068437734032816,1.6940785430748475,-0.8838384939911589,-0.6311139667204612,-0.5676891296759933,-0.16249525445793023,-0.993527969141215,1.3645435093844642,-0.16971490849653975,-0.1678358811059945
0.9779825776884055,-2.153211916483207,0.40050662081207555,0.12160905082982407,-1.1111674296138991,0.6038180628930134,-0.5845428860907194,0.8860956523649842,-1.4014681278853909,0.7510044642675964,-0.007212595369199463,0.7354087306383301,0.9553986932150462,-0.8068437734032816,1.0035972421756651,1.1314284304186495,1.1249309827577783,-0.7073923172448336,-0.017521155400383636,-0.5883877675192627,0.8899541903913405,-0.16971490849653975,-0.3555550111180256
1.1964599123776078,-0.8328071386501406,-0.20885560573403422,-0.8384624030898393,-1.030984025680247,-0.9728703076357721,-1.2705110675886295,-1.4515938827687678,0.02964447535279087,0.7510044642675964,0.7140469415507622,0.019765387570446186,-1.5572340628921508,-0.8068437734032816,0.5370558226491904,1.1314284304186495,1.4571557029293372,-0.487858736779513,-0.8946144546985405,0.10794695401846807,-1.1588826257497087,-0.16971490849653975,0.1061325789115641
1.338470179925591,0.4372965047892844,-0.4636798095624071,0.12160905082982407,1.340153776357758,-0.9391803851885758,1.1303775676540562,-1.4515938827687678,0.7452007769718818,0.04282782530847982,-0.007212595369199463,0.7354087306383301,0.9553986932150462,1.785921221465718,0.4810708523060134,1.1314284304186495,0.8876276112066649,-1.5456114426578749,1.7439141481488076,-1.2214193325535634,-0.5801151635629718,1.6913885267135573,1.5774446790058607
0.08222550546267166,-1.977157946105464,2.0956415419312533,2.0417519586691513,-0.4009715662015499,0.7790056596184342,0.7873934769051011,-0.28274911520189183,-1.4014681278853909,-1.3735254526097533,0.7140469415507622,0.7354087306383301,0.9553986932150462,-0.8068437734032816,-0.07877885112575622,-0.8838384939911589,-0.6311139667204612,0.017733751564860668,0.9103130785679148,1.3993313466884414,1.0983104767785656,-1.1002666261015883,-0.005484201095589586
1.5132520476769538,0.676226893159078,-0.21993491894396286,-0.8384624030898393,-1.168441289566508,1.846976201194556,0.444409386156146,0.30167326858154614,1.4607570785909727,0.7510044642675964,0.7140469415507622,0.7354087306383301,-0.30091768483855236,-0.8068437734032816,0.7423340472408392,-0.8838384939911589,-0.6311139667204612,2.6920519135969445,1.7294167382430528,-1.4556410116162548,0.9709816350974833,-1.1002666261015883,0.4054684889307485
0.1914641728072729,0.5127482063797464,-0.7960592058602851,0.12160905082982407,1.7639803400070633,-1.5725509271958658,-0.5845428860907194,1.4705180361484222,1.4607570785909727,0.7510044642675964,-0.007212595369199463,-0.6958779554974378,-0.9290758738653516,-0.8068437734032816,-0.9745383766165876,-0.8838384939911589,-0.6311139667204612,-0.5011638022622599,0.6638571101700852,-0.3794873510579436,-0.5280260919661655,-1.1002666261015883,-1.3245916011801313
0.30070284015187515,-1.5747488709563404,-0.5523143152418409,1.0816805047494875,-1.214260377528595,0.49937930330670505,-0.5845428860907194,-1.4515938827687678,0.02964447535279087,-0.6653488136506367,-0.7284721322891611,1.451052073706214,-1.5572340628921508,-0.8068437734032816,-0.47067364352799496,-0.8838384939911589,-0.6311139667204612,-0.953536028675647,-1.0758320785204738,-0.7339850274771521,-0.030286074485571593,0.7608368091085088,0.5525996989401781
0.3662460405586357,-0.3297957947137343,0.6885687642702375,-0.8384624030898393,0.46959110507810403,0.43873744290175176,-1.6134951583375847,-0.8671714989853299,0.02964447535279087,-0.6653488136506367,0.7140469415507622,-1.4115212985653218,-0.9290758738653516,1.785921221465718,1.5447852888263758,-0.8838384939911589,-0.6311139667204612,1.1686219158224487,-0.6771533061122207,0.48143557738870535,-0.9505263393624833,-1.1002666261015883,1.3897255489938296
-0.40934849758803593,-0.3297957947137343,-0.4969177491921946,-0.8384624030898393,-0.5040645141162458,-0.9425493774332955,-1.2705110675886295,-0.8671714989853299,1.4607570785909727,-1.3735254526097533,-0.7284721322891611,0.7354087306383301,-0.30091768483855236,0.4895387240312183,-1.0865083173029415,-0.8838384939911589,-0.6311139667204612,1.1020965884087153,0.8523234389448964,-0.5504058736172045,0.38063882366701174,-0.16971490849653975,-0.3910694411203015
1.043525778095167,0.42472122119087496,0.30079280192271307,-0.8384624030898393,2.97818617100237,0.7655296906395556,1.1303775676540562,-0.28274911520189183,-0.6859118262663001,0.04282782530847982,0.7140469415507622,0.7354087306383301,0.9553986932150462,1.785921221465718,1.8060484837612014,1.1314284304186495,2.5962118863746815,-0.8404429720723005,0.6058674705470668,-0.5630665049178907,0.2590976566077969,3.552491961923655,1.6687674990117134
0.5956472419822991,0.5756246243717972,0.9323136548886801,-0.8384624030898393,-0.21769521435320172,-0.2182160448185756,0.444409386156146,-0.28274911520189183,0.7452007769718818,0.7510044642675964,-1.4497316692091227,-1.4115212985653218,-1.5572340628921508,-0.8068437734032816,-0.43335032996587697,-0.8838384939911589,-0.6311139667204612,2.6920519135969445,-0.03201856530613798,0.5004265243397342,-0.34282050406640946,1.6913885267135573,0.06554465890896295
-0.0379370286163905,1.6193731630398398,0.36726868118228806,-0.8384624030898393,-0.6987956379551157,-0.6022811607166131,1.1303775676540562,-0.28274911520189183,-0.6859118262663001,1.459181103226713,-0.007212595369199463,0.7354087306383301,-1.5572340628921508,-0.8068437734032816,-0.7319368384628208,-0.8838384939911589,-0.6311139667204612,-0.3814182129175399,-0.19873877922231686,0.016157377088494743,-0.1691902654103884,-1.1002666261015883,0.25326378892099366
-0.3001098302434337,-2.907728932387816,1.0320274737780442,-0.8384624030898393,0.5154101930401911,0.472427365348948,0.7873934769051011,-0.8671714989853299,1.4607570785909727,-0.6653488136506367,-0.7284721322891611,1.451052073706214,0.3272405041882469,0.4895387240312183,-1.1424932876461185,-0.8838384939911589,-0.6311139667204612,-0.6541720553138466,0.35941150214923717,-0.5250846110158326,2.134304234092825,1.6913885267135573,0.7352453389518839
-1.39249650368945,0.7642538783479496,-0.71850401339078,2.0417519586691513,-1.1111674296138991,-0.7774687574420337,-1.6134951583375847,1.4705180361484222,0.7452007769718818,1.459181103226713,-0.007212595369199463,-0.6958779554974378,-0.9290758738653516,-0.8068437734032816,2.477868127879325,-0.8838384939911589,-0.6311139667204612,-1.0333664215721272,0.27242704271471,0.6207025216962517,0.2822483550952663,-0.16971490849653975,-1.5275312011931377
-0.33288143044681445,0.1857908328210813,0.6774894510603072,1.0816805047494875,2.3252641675426298,-0.012707517890678328,-0.5845428860907194,-1.4515938827687678,0.02964447535279087,0.7510044642675964,-0.007212595369199463,-0.6958779554974378,-0.9290758738653516,-0.8068437734032816,-0.6199668977764669,-0.8838384939911589,-0.6311139667204612,-0.29493528727968615,-0.03926727025901541,1.0638246172202621,1.5439614226623533,-1.1002666261015883,0.16194096891514093
-0.24549049657113306,-0.4555486306978359,-0.5523143152418409,-0.8384624030898393,1.3057894603861926,-0.9627633309016133,-0.24155879534176422,1.4705180361484222,-1.4014681278853909,-1.3735254526097533,-1.4497316692091227,-0.6958779554974378,-0.30091768483855236,-0.8068437734032816,-0.5079969570901129,-0.8838384939911589,-0.6311139667204612,0.26387746299567455,0.3956550269136238,1.2790553493319239,0.2706730058515318,1.6913885267135573,0.33443962892619633
-0.005165428413009734,-0.2543440931232741,1.4308827493354972,2.0417519586691513,-0.7560694979077245,0.8463855045128267,-0.9275269768396744,-1.4515938827687678,1.4607570785909727,0.7510044642675964,0.7140469415507622,0.7354087306383301,-0.30091768483855236,0.4895387240312183,-0.22807210537422812,-0.8838384939911589,-0.6311139667204612,-1.0333664215721272,-2.3950963799441474,0.42446273653561795,0.6815979040041147,-0.16971490849653975,0.5525996989401781
0.3334744403552559,1.1289371027018429,-0.5190763756120534,-0.8384624030898393,0.8934176687274092,-0.16431216890306155,0.7873934769051011,-0.28274911520189183,-0.6859118262663001,1.459181103226713,-0.007212595369199463,1.451052073706214,1.5835568822418453,-0.8068437734032816,-0.28405707571740507,1.1314284304186495,0.22317817086354722,0.9224782043916359,-0.1117543197877887,-1.7025233219796319,-0.05922444759490844,-0.16971490849653975,0.6845104389486324
-1.3488010367516095,-0.9334094074374214,0.14568241698370268,-0.8384624030898393,-0.8935267617939857,-0.9627633309016133,1.1303775676540562,1.4705180361484222,0.02964447535279087,0.7510044642675964,1.435306478470724,1.451052073706214,-0.9290758738653516,-0.8068437734032816,-0.340042046060582,-0.8838384939911589,-0.6311139667204612,-0.30824035276243306,-0.24223100893958094,0.6207025216962517,0.5311183638355634,0.7608368091085088,-0.005484201095589586
-0.824455433497522,-0.6944790190676295,-0.2531728585737504,2.0417519586691513,0.3550433851728864,0.300608760868247,-1.2705110675886295,0.30167326858154614,0.7452007769718818,-1.3735254526097533,-1.4497316692091227,1.451052073706214,-0.9290758738653516,1.785921221465718,0.23846931415224656,1.1314284304186495,0.6977849139657739,1.8870954518907705,0.1926912882330588,-1.3670165925114528,-0.9505263393624833,-0.16971490849653975,0.4511298989336749
0.6721143091235205,-0.84538242224855,0.10136516414398498,-0.8384624030898393,0.4123172451254952,-1.9195571284019874,-0.9275269768396744,0.30167326858154614,-0.6859118262663001,-1.3735254526097533,0.7140469415507622,0.7354087306383301,-0.30091768483855236,0.4895387240312183,0.8729656447082521,-0.8838384939911589,-0.6311139667204612,-0.10201183777985931,1.1640177519186212,-0.07563219984147904,0.7394746502227885,-0.16971490849653975,-1.1064315311661492
1.6334145817560148,0.6510763259622574,0.20107898303334903,-0.8384624030898393,0.6414126849359305,-0.3731896880756785,0.7873934769051011,1.4705180361484222,-0.6859118262663001,-1.3735254526097533,1.435306478470724,1.451052073706214,1.5835568822418453,0.4895387240312183,-0.5639819274332899,1.1314284304186495,-0.6311139667204612,0.7761224840814221,0.9465566033323014,-0.7086637648757798,1.0520090798036268,-1.1002666261015883,0.9381849389648907
-0.3875007641191151,-0.0279889883518899,2.0291656626716783,-0.8384624030898393,-1.030984025680247,-0.32265480440488403,0.10142529540719089,-1.4515938827687678,-1.4014681278853909,0.7510044642675964,-0.007212595369199463,1.451052073706214,-0.9290758738653516,-0.8068437734032816,1.8806951108854375,1.1314284304186495,1.599537725860005,2.060061303166477,-0.03201856530613798,0.4751052617383627,0.5658444115667673,0.7608368091085088,-0.25915870111184763
-0.37657689738465516,-0.11601597354076135,-1.3832628059865362,1.0816805047494875,-1.1340769735949427,1.3719482946890886,-1.6134951583375847,-1.4515938827687678,0.02964447535279087,-0.6653488136506367,1.435306478470724,0.7354087306383301,-0.30091768483855236,0.4895387240312183,-0.8439067791491747,-0.8838384939911589,-0.6311139667204612,0.21730973380606095,-1.2715471122481614,1.4436435562408425,1.4108449063594037,1.6913885267135573,-1.0404761611619222
-0.693369032684,-0.07829012274553124,-1.571611130555334,-0.8384624030898393,-0.48115497013520225,-1.9195571284019874,0.7873934769051011,0.30167326858154614,1.4607570785909727,-1.3735254526097533,-1.4497316692091227,1.451052073706214,-0.30091768483855236,1.785921221465718,-0.35870370284164105,-0.8838384939911589,-0.6311139667204612,0.42353824878863516,1.08428199743697,-0.08829283114216523,1.422420255603138,-0.16971490849653975,-0.24901172111119715
0.7267336427958212,-3.1718098879544296,-0.5855522548716284,1.0816805047494875,-0.3436977062489411,-1.5995028651536227,0.444409386156146,-0.28274911520189183,0.7452007769718818,0.7510044642675964,0.7140469415507622,1.451052073706214,0.3272405041882469,-0.8068437734032816,0.12649937346589263,-0.8838384939911589,-0.6311139667204612,-0.7606125791758201,2.744235431645879,1.5955711318490742,0.31118672820460314,-0.16971490849653975,0.6895839289489576
-1.545430637971893,1.8708788350080428,0.6996480774801661,0.12160905082982407,0.2061313492961035,0.2231219392396956,-0.5845428860907194,-0.28274911520189183,0.7452007769718818,-0.6653488136506367,-1.4497316692091227,0.019765387570446186,-0.9290758738653516,-0.8068437734032816,-1.1984782579892954,1.1314284304186495,1.3622343543088917,0.5698939690988479,0.2434322229032003,0.016157377088494743,0.994132333584953,1.6913885267135573,1.3186966889892777
1.2073837791120678,-0.05313955554871057,-1.5162145645056877,2.0417519586691513,-1.0080744816992033,-1.0234051913065665,-0.9275269768396744,0.8860956523649842,0.02964447535279087,-1.3735254526097533,1.435306478470724,-0.6958779554974378,-1.5572340628921508,-0.8068437734032816,-0.17208713503105116,1.1314284304186495,-0.6311139667204612,0.6297667637712084,0.7073493398873498,1.5639195535973591,-1.4714170553305466,0.7608368091085088,-0.9593003211567197
0.25700737321403444,-0.279494660320093,-1.2835489870971737,-0.8384624030898393,0.1488574893434947,0.31408472984712554,0.7873934769051011,-0.8671714989853299,-0.6859118262663001,-1.3735254526097533,1.435306478470724,1.451052073706214,-0.9290758738653516,-0.8068437734032816,1.5821086023884936,1.1314284304186495,0.8401669368964422,-0.946883495934274,0.4101524368193787,-0.5630665049178907,1.5671121211498222,-1.1002666261015883,1.6941349490133393
1.480480447473572,1.1163618191034335,-1.5826904437652634,2.0417519586691513,-0.8133433578603334,0.13552814087698528,-0.5845428860907194,0.30167326858154614,-0.6859118262663001,-0.6653488136506367,1.435306478470724,0.019765387570446186,-0.9290758738653516,0.4895387240312183,-0.8439067791491747,1.1314284304186495,1.599537725860005,0.8226902132710358,1.4539659500337145,-0.4111389293096587,-0.15182724154478644,-1.1002666261015883,-0.8629040111505417
0.1586925726038931,-2.0023085133022844,-1.0176454700588706,1.0816805047494875,-0.6529765499930287,0.04119635802483571,-1.2705110675886295,0.8860956523649842,-0.6859118262663001,-1.3735254526097533,-0.7284721322891611,-0.6958779554974378,0.3272405041882469,-0.8068437734032816,-1.1238316308650595,-0.8838384939911589,-0.6311139667204612,-0.5477315314518735,1.2365048014473945,-1.2973831203576796,-0.15182724154478644,-0.16971490849653975,-1.0709171011638732
-0.45304396452587664,1.0912112519066128,1.2536137379766297,0.12160905082982407,0.5497745090117564,0.10520721067450862,1.1303775676540562,-1.4515938827687678,-0.6859118262663001,-1.3735254526097533,-0.007212595369199463,0.019765387570446186,0.9553986932150462,0.4895387240312183,-0.7692601520249388,1.1314284304186495,-0.39381059516934774,-1.2861626657443141,-1.706469409420801,0.2282229513749851,-1.3614512375150667,1.6913885267135573,-0.27437917111282295
0.11499710566605242,-0.7573554370596803,-1.2059937946276684,-0.8384624030898393,-0.733159953926681,0.4926413188172658,0.444409386156146,1.4705180361484222,1.4607570785909727,0.7510044642675964,-0.7284721322891611,-0.6958779554974378,-0.30091768483855236,0.4895387240312183,-0.6199668977764669,-0.8838384939911589,-0.6311139667204612,2.6920519135969445,1.3669814905991864,1.0638246172202621,-0.7826837753283297,-0.16971490849653975,0.8417886289587124
-0.27826209677451386,1.0409101175129734,-1.4608179984560412,-0.8384624030898393,1.0194201606231486,1.9783668987386214,0.444409386156146,-0.28274911520189183,1.4607570785909727,0.7510044642675964,1.435306478470724,0.7354087306383301,0.9553986932150462,-0.8068437734032816,-0.7132751816817618,-0.8838384939911589,-0.6311139667204612,0.8359952787537817,-1.1410704230963695,1.1524490363250637,0.4558785937512874,-1.1002666261015883,-0.49253924112680475
-1.2286385026725481,0.9151572815288718,1.741103519213518,-0.8384624030898393,-0.35515247823946283,0.9676692253227333,1.1303775676540562,0.8860956523649842,-0.6859118262663001,0.7510044642675964,-1.4497316692091227,1.451052073706214,-0.30091768483855236,1.785921221465718,-0.7879218088059977,1.1314284304186495,0.555402891035106,-0.953536028675647,-0.133500434646421,1.386670715387755,-0.8810742439000752,-0.16971490849653975,-0.7106993111407869
-0.7152167661529208,-0.22919352592645345,0.6110135718007322,0.12160905082982407,-0.13751181041954938,1.9109870538442288,0.7873934769051011,-1.4515938827687678,0.7452007769718818,-1.3735254526097533,-0.7284721322891611,1.451052073706214,0.3272405041882469,0.4895387240312183,-1.1611549444271776,1.1314284304186495,1.9317624460315639,-0.6275619243483533,-0.024769860353261067,-0.9492157595888142,0.600570459297972,1.6913885267135573,-0.65489092113721
0.0166823050559111,1.7828518498191714,-0.652028134131205,-0.8384624030898393,-0.4582454261541587,-0.5382703080669402,1.4733616584030114,-0.28274911520189183,1.4607570785909727,0.04282782530847982,-1.4497316692091227,-0.6958779554974378,-0.30091768483855236,-0.8068437734032816,-1.1798166012082365,-0.8838384939911589,-0.6311139667204612,1.3881554962877698,1.3669814905991864,0.5953812590948793,1.0867351275348307,0.7608368091085088,0.33443962892619633
0.25700737321403444,-0.8202318550517311,-0.6631074473411336,-0.8384624030898393,-1.2257151495191168,-0.8616935635600245,-1.2705110675886295,-1.4515938827687678,0.02964447535279087,1.459181103226713,0.7140469415507622,-1.4115212985653218,-0.30091768483855236,-0.8068437734032816,-0.6946135249007028,1.1314284304186495,1.8368410974111185,0.05764894801310082,-1.2642984072952839,0.016157377088494743,-0.7768961007064622,-1.1002666261015883,-1.187607371171352
-1.5345067712374332,-0.0028384211550710197,0.5777756321709447,-0.8384624030898393,0.09158362939088588,-0.09693232400866901,-0.5845428860907194,0.30167326858154614,-1.4014681278853909,0.7510044642675964,1.435306478470724,-0.6958779554974378,-1.5572340628921508,-0.8068437734032816,-0.9185534062734106,1.1314284304186495,0.08079614793287912,0.6962920911849418,-0.7786351754525032,-1.936745001042323,1.6944409628309045,0.7608368091085088,-0.8324630711485906
-0.16902342942991258,-1.2477914973976754,0.9212343416787515,-0.8384624030898393,-0.7446147259172028,0.7419467449265182,1.1303775676540562,-0.8671714989853299,-0.6859118262663001,0.04282782530847982,0.7140469415507622,0.019765387570446186,-0.9290758738653516,0.4895387240312183,-0.9372150630544697,-0.8838384939911589,-0.6311139667204612,1.5611213475634764,-0.843873520028399,0.2155623200742989,0.25330998198592947,-0.16971490849653975,-0.9846677711583455
-0.25641436330559303,1.0912112519066128,0.14568241698370268,-0.8384624030898393,-0.08023795046694056,-0.7168268970370805,-1.6134951583375847,-0.28274911520189183,0.02964447535279087,-1.3735254526097533,1.435306478470724,1.451052073706214,-0.9290758738653516,0.4895387240312183,-0.6946135249007028,-0.8838384939911589,-0.6311139667204612,1.7074770678736901,0.5333804210182934,0.08262569141709614,-0.3543958533101444,-0.16971490849653975,-0.14754192110469394
1.0981451117674665,-1.235216213799266,0.9877102209383265,-0.8384624030898393,0.6070483689643652,1.2203436436767052,1.1303775676540562,-0.8671714989853299,1.4607570785909727,-1.3735254526097533,1.435306478470724,0.019765387570446186,-0.30091768483855236,1.785921221465718,-0.5826435842143489,1.1314284304186495,-0.10904654930801158,0.8892155406847692,1.8671421323477224,-1.0948130195467032,2.006975392411743,-1.1002666261015883,-0.43165736112290304
-0.4311962310569558,-1.5244477365626992,0.34511005476242923,0.12160905082982407,0.4352267891065387,-1.9195571284019874,1.1303775676540562,-0.8671714989853299,1.4607570785909727,0.7510044642675964,0.7140469415507622,1.451052073706214,0.9553986932150462,1.785921221465718,-0.7505984952438798,1.1314284304186495,0.8401669368964422,-1.066629085278994,0.23618351795032339,-1.1454555447494474,0.47324161761688976,-1.1002666261015883,0.3293661389258711
0.6611904423890607,-0.7322048698628597,-1.5383731909255465,1.0816805047494875,1.7410707960260199,0.6105560473824527,-1.2705110675886295,0.30167326858154614,1.4607570785909727,1.459181103226713,0.7140469415507622,1.451052073706214,-0.30091768483855236,0.4895387240312183,0.4997325090870724,-0.8838384939911589,-0.6311139667204612,0.17739453735782126,0.7653389795103682,-0.3794873510579436,0.24173463274219495,1.6913885267135573,0.5323057389388776
-0.17994729616437252,-0.8202318550517311,-0.031586594375164985,0.12160905082982407,-0.4009715662015499,0.47916534983838727,0.7873934769051011,0.30167326858154614,1.4607570785909727,1.459181103226713,-0.7284721322891611,1.451052073706214,0.3272405041882469,3.082303718900218,-1.1798166012082365,-0.8838384939911589,-0.6311139667204612,0.7628174185986752,-0.41619992780863674,-0.7403153431274947,-1.0489168079342288,-1.1002666261015883,0.8975970189622888
0.2460835064795745,0.16064026562426242,-1.0176454700588706,0.12160905082982407,0.34358861318236467,0.8463855045128267,0.10142529540719089,-0.8671714989853299,-0.6859118262663001,-0.6653488136506367,-0.007212595369199463,0.019765387570446186,-0.30091768483855236,-0.8068437734032816,1.4328153481400219,-0.8838384939911589,-0.6311139667204612,-0.8604005702964203,-0.06826209007052463,1.1714399832760936,-0.5974781874285737,-1.1002666261015883,0.912817488963265
-2.8890662463104926,0.1480649820258512,0.14568241698370268,-0.8384624030898393,0.06867408540984235,-0.18452612237137933,0.444409386156146,-0.28274911520189183,0.7452007769718818,-0.6653488136506367,-1.4497316692091227,1.451052073706214,-0.9290758738653516,-0.8068437734032816,-0.19074879181211016,-0.8838384939911589,-0.6311139667204612,-1.419213320571781,0.48263948634815196,0.09528632271778188,-1.4077526344900058,3.552491961923655,-0.2540852111115224
0.4864085746376978,-0.9459846910358326,0.3561893679723594,-0.8384624030898393,-0.35515247823946283,-1.9195571284019874,-0.9275269768396744,0.8860956523649842,0.02964447535279087,-1.3735254526097533,0.7140469415507622,1.451052073706214,-0.30091768483855236,-0.8068437734032816,0.5183941658681314,-0.8838384939911589,-0.6311139667204612,-1.8582804815024216,0.17819387832730393,-0.752975974428181,-0.16340259078852093,-0.16971490849653975,-0.5026862211274552
-0.7589122330907605,-0.9711352582326516,0.7439653303198839,0.12160905082982407,0.904872440717931,0.25681186168689185,-1.2705110675886295,-0.8671714989853299,0.7452007769718818,-1.3735254526097533,-0.007212595369199463,1.451052073706214,-0.9290758738653516,0.4895387240312183,-0.9558767198355287,1.1314284304186495,0.8401669368964422,-0.8138328411068072,1.08428199743697,1.582910500548389,1.0809474529129637,-0.16971490849653975,-1.410840931185659
1.2292315125809896,-1.7885286921293115,1.2203757983468422,-0.8384624030898393,-0.9851649377181598,1.0384180624618453,1.1303775676540562,-0.8671714989853299,-1.4014681278853909,-1.3735254526097533,1.435306478470724,1.451052073706214,0.3272405041882469,0.4895387240312183,0.3877625684007185,1.1314284304186495,-0.014125200687566225,-0.7007397845034602,0.01872236936400301,-0.32251451020485666,1.3008790885439234,-1.1002666261015883,-1.4311348911869597
-1.567278371440813,1.103786535505024,1.9405311569922445,0.12160905082982407,-1.2944437814622474,0.31408472984712554,-0.5845428860907194,0.30167326858154614,-1.4014681278853909,0.7510044642675964,-0.007212595369199463,-1.4115212985653218,0.9553986932150462,-0.8068437734032816,0.8729656447082521,1.1314284304186495,1.3147736799986687,-1.5522639753992478,0.6348622903585764,0.905566725961687,-0.7711084260845947,0.7608368091085088,1.019360778970093
1.0107541778917852,-1.6124747217515705,-1.3832628059865362,2.0417519586691513,0.5612292810022781,-1.4580051908753984,1.4733616584030114,0.30167326858154614,-1.4014681278853909,-0.6653488136506367,-1.4497316692091227,0.019765387570446186,0.3272405041882469,-0.8068437734032816,1.8806951108854375,1.1314284304186495,-0.39381059516934774,0.37697051959902156,-1.2932932271067936,-0.18324756589731034,2.400537266698724,-0.16971490849653975,0.542452718939528
-1.8949943734746175,0.04746271323857031,0.44482387365179327,-0.8384624030898393,2.359628483514195,-0.17441914563722044,-0.5845428860907194,-1.4515938827687678,-0.6859118262663001,1.459181103226713,-0.007212595369199463,-0.6958779554974378,-0.30091768483855236,0.4895387240312183,-1.0305233469597646,-0.8838384939911589,-0.6311139667204612,2.3062050145972908,0.3304166823377285,2.46915469159641,0.8725911665257378,-0.16971490849653975,0.7403188289522092
1.174612178908688,2.2481373429603475,1.1317412926674082,1.0816805047494875,-0.05732840648589703,-0.2788579052235289,0.444409386156146,-1.4515938827687678,-0.6859118262663001,0.7510044642675964,-0.007212595369199463,-1.4115212985653218,0.3272405041882469,-0.8068437734032816,0.5183941658681314,1.1314284304186495,3.3555826753382445,0.6031566328057146,1.598940049091261,-0.6263696614213208,-0.41806027415068553,-1.1002666261015883,-0.2895996411137983
0.6721143091235205,-0.09086540634394068,0.7328860171099536,1.0816805047494875,-0.33224293425841933,0.7419467449265182,0.7873934769051011,0.8860956523649842,-1.4014681278853909,1.459181103226713,-0.007212595369199463,0.7354087306383301,-0.9290758738653516,0.4895387240312183,-1.1051699740840006,-0.8838384939911589,-0.6311139667204612,0.3170977249266611,-1.612236245033396,-0.4744420858130887,0.11440579106111265,-0.16971490849653975,-0.9085654211534681
0.9015155105471839,1.9211799694016842,-0.7074247001808514,-0.8384624030898393,0.7559604048411481,-0.5315323235775009,-0.24155879534176422,1.4705180361484222,-1.4014681278853909,1.459181103226713,1.435306478470724,1.451052073706214,0.3272405041882469,0.4895387240312183,0.3504392548386005,-0.8838384939911589,-0.6311139667204612,0.6763344929608219,1.2002612766830079,-0.08829283114216523,-1.6624103178521699,0.7608368091085088,0.5069382889372517
-1.3488010367516095,0.2235166836163132,0.16784104340356154,-0.8384624030898393,-1.2715342374812038,0.1624800788347423,-0.9275269768396744,-0.8671714989853299,0.02964447535279087,-1.3735254526097533,-0.007212595369199463,0.7354087306383301,0.3272405041882469,0.4895387240312183,1.8993567676664964,1.1314284304186495,1.0774703084475556,-2.5434913538638764,0.25792963280895514,-0.727654711826809,1.6539272404778327,0.7608368091085088,1.4709013889990326
0.3443983070897158,1.2169640878907144,0.3561893679723594,0.12160905082982407,-1.0538935696612903,0.9036583726730604,0.10142529540719089,-0.8671714989853299,-1.4014681278853909,-1.3735254526097533,0.7140469415507622,0.019765387570446186,0.9553986932150462,-0.8068437734032816,0.8916273014893111,1.1314284304186495,1.2198523313782237,-1.0134088233480074,-0.40170251790288186,-1.689862690678946,0.2706730058515318,-0.16971490849653975,-0.7715811911446886
2.791344455608793,-0.493274481493066,-0.3528866774631144,2.0417519586691513,-0.30933339027737583,-0.42035557950175323,0.7873934769051011,0.30167326858154614,0.7452007769718818,0.04282782530847982,1.435306478470724,1.451052073706214,0.3272405041882469,-0.8068437734032816,0.5930407929923673,1.1314284304186495,-0.10904654930801158,-0.22840995986595272,-1.3367854568240571,0.07629537576675303,-1.3383005390275973,-1.1002666261015883,-0.4671717911251789
-0.7152167661529208,0.6007751915686178,-1.1949144814177382,1.0816805047494875,1.7181612520449763,1.7526444183424064,-0.24155879534176422,-0.28274911520189183,0.02964447535279087,0.04282782530847982,-0.7284721322891611,-1.4115212985653218,-0.30091768483855236,0.4895387240312183,0.4624091955249544,-0.8838384939911589,-0.6311139667204612,-3.2420072917080773,-0.3944538129500044,0.5004265243397342,-0.1691902654103884,-0.16971490849653975,-0.061292591099166065
-1.5017351710340523,0.38699537039564486,2.2175139872404763,-0.8384624030898393,0.6872317728980175,2.018794805675257,-0.5845428860907194,-0.8671714989853299,1.4607570785909727,-0.6653488136506367,0.7140469415507622,-0.6958779554974378,-0.9290758738653516,-0.8068437734032816,-0.35870370284164105,-0.8838384939911589,-0.6311139667204612,0.05099641527172738,0.011473664411125578,-0.050310937240107094,0.38063882366701174,0.7608368091085088,0.608408088943755
0.06037777199375179,-0.2669193767216836,1.142820605877337,1.0816805047494875,-0.9966197097086815,-0.039659455848435346,-0.24155879534176422,0.8860956523649842,0.7452007769718818,-0.6653488136506367,1.435306478470724,-0.6958779554974378,0.3272405041882469,0.4895387240312183,0.07051440312271567,-0.8838384939911589,-0.6311139667204612,0.7362072876331816,-0.0030237454946287715,0.7662997816541407,-1.0952182049091677,1.6913885267135573,0.3242926489255459
0.25700737321403444,1.9086046858032728,-0.9954868436390117,-0.8384624030898393,-0.5155192861067676,-0.9459183696780151,0.444409386156146,-1.4515938827687678,0.02964447535279087,1.459181103226713,-0.007212595369199463,-1.4115212985653218,0.3272405041882469,0.4895387240312183,-0.2653954189363461,-0.8838384939911589,-0.6311139667204612,0.25057239751292765,-1.155567833002124,0.08895600706743878,-0.1576149161666539,1.6913885267135573,2.4297909990604873
0.8796677770782642,-0.707054302666039,-1.4386593720361824,1.0816805047494875,-0.733159953926681,0.5836041094246958,-1.2705110675886295,0.8860956523649842,-0.6859118262663001,0.04282782530847982,-0.007212595369199463,0.7354087306383301,-0.30091768483855236,-0.8068437734032816,0.7796573608029572,-0.8838384939911589,-0.6311139667204612,1.2351472432361823,0.23618351795032339,0.016157377088494743,-0.2154916623853276,-1.1002666261015883,0.7606127889535101
1.2510792460499096,-0.7196295862644484,1.054186100197903,-0.8384624030898393,0.011400225457233543,-0.7370408505053982,-1.2705110675886295,0.30167326858154614,-0.6859118262663001,0.7510044642675964,-0.7284721322891611,1.451052073706214,0.3272405041882469,0.4895387240312183,-1.1051699740840006,-0.8838384939911589,-0.6311139667204612,0.6164616982884615,1.896136952159231,1.3613494527863836,1.3298174616532603,1.6913885267135573,0.1822349289164415
-0.08163249555423119,0.009736862443340207,1.4973586285950737,2.0417519586691513,1.099603564556801,-1.9195571284019874,0.7873934769051011,1.4705180361484222,0.7452007769718818,0.7510044642675964,1.435306478470724,0.019765387570446186,-1.5572340628921508,1.785921221465718,-0.6946135249007028,-0.8838384939911589,-0.6311139667204612,-0.14192703422809946,0.1129555337514086,-0.11994440939388026,-0.49330004423496115,-0.16971490849653975,0.5576731889405033
-0.4967394314637173,-0.6693284518708089,-1.3611041795666772,0.12160905082982407,-0.5269740580972893,-1.3501974390443705,-1.6134951583375847,0.30167326858154614,-1.4014681278853909,0.04282782530847982,-0.007212595369199463,0.7354087306383301,-1.5572340628921508,-0.8068437734032816,-0.6386285545575259,1.1314284304186495,0.555402891035106,-1.1131968144686075,0.1636964684215501,0.18391074182258388,-1.0315537840686264,0.7608368091085088,-0.21349729110892088
-0.3438052971812744,-1.0340116762247022,-0.34180736425318575,0.12160905082982407,0.8361438087748004,-0.09356333176394939,-0.24155879534176422,-0.28274911520189183,0.7452007769718818,-1.3735254526097533,-0.7284721322891611,1.451052073706214,0.3272405041882469,-0.8068437734032816,0.014529432779538715,-0.8838384939911589,-0.6311139667204612,0.7229022221504355,0.5986187655941898,0.5700599964935078,-0.07079979683864335,-0.16971490849653975,-1.6594419412015922
-2.0479285077570606,0.7391033111511288,-1.8485939608035657,0.12160905082982407,-0.8362529018413769,0.09846922618506938,0.10142529540719089,0.30167326858154614,-0.6859118262663001,-1.3735254526097533,-0.7284721322891611,-1.4115212985653218,1.5835568822418453,-0.8068437734032816,-0.8625684359302337,1.1314284304186495,2.0741444689622317,-0.9734936268997674,-0.7423916506881165,-0.5314149266661757,0.29961137896086865,-1.1002666261015883,-1.3651795211827324
0.3443983070897158,2.2481373429603475,-0.2753314849936092,2.0417519586691513,-0.6300670060119852,1.115904884090397,1.4733616584030114,1.4705180361484222,-1.4014681278853909,1.459181103226713,0.7140469415507622,1.451052073706214,-0.30091768483855236,0.4895387240312183,-0.3027187324984641,-0.8838384939911589,-0.6311139667204612,-1.2329424038133276,-0.9091118646042949,-0.48710271711377445,1.3008790885439234,0.7608368091085088,0.6743634589479822
-0.9883134345144249,-0.16631710793440269,0.16784104340356154,-0.8384624030898393,1.1110583365473228,-0.9964532533488095,0.7873934769051011,-1.4515938827687678,-1.4014681278853909,-0.6653488136506367,-0.007212595369199463,-1.4115212985653218,0.9553986932150462,0.4895387240312183,-0.5639819274332899,-0.8838384939911589,-0.6311139667204612,-0.6807821862793403,-0.09725690988203435,1.2474037710802088,-0.5396014412099,-1.1002666261015883,-0.2794526611131482
0.322550573620795,-1.8639803937197736,-0.12022110005460039,1.0816805047494875,0.17176703332453822,2.1299715497510046,1.4733616584030114,-0.28274911520189183,0.02964447535279087,-1.3735254526097533,0.7140469415507622,0.019765387570446186,0.3272405041882469,0.4895387240312183,-0.8625684359302337,-0.8838384939911589,-0.6311139667204612,0.6962920911849418,0.43189855167801044,-0.7846275526798959,-0.6958686560003191,-0.16971490849653975,0.3395131189265216
0.8250484434059625,0.776829161946359,-0.4969177491921946,-0.8384624030898393,-0.973710165727638,-0.9054904627413796,-1.2705110675886295,-0.28274911520189183,0.7452007769718818,0.7510044642675964,-0.7284721322891611,0.7354087306383301,1.5835568822418453,-0.8068437734032816,0.9476122718324881,-0.8838384939911589,-0.6311139667204612,-0.7406549809517003,0.5406291259711704,-0.45545113886205946,1.3356051362751273,0.7608368091085088,-0.3657019911186757
0.14776870586943222,-1.1220386614135738,-0.21993491894396286,0.12160905082982407,2.0159853237985423,-1.6837276712716136,-1.6134951583375847,1.4705180361484222,-1.4014681278853909,-1.3735254526097533,1.435306478470724,-0.6958779554974378,-1.5572340628921508,0.4895387240312183,-0.3773653596227,-0.8838384939911589,-0.6311139667204612,-0.30824035276243306,-0.6046662565834474,0.46244463043767653,-1.5698075239022922,-0.16971490849653975,-0.7309932711420875
-0.1253279624920719,0.7894044455447702,0.9212343416787515,-0.8384624030898393,-0.2635143023152888,0.735208760437079,0.10142529540719089,-0.8671714989853299,-1.4014681278853909,-1.3735254526097533,1.435306478470724,-1.4115212985653218,0.3272405041882469,0.4895387240312183,1.8806951108854375,1.1314284304186495,-0.10904654930801158,1.7873074607701704,-0.4379460426672685,1.6208923944504465,-0.33703282944454205,-1.1002666261015883,-0.6041560211339584
-0.1580995626954517,-0.3297957947137343,-0.2753314849936092,0.12160905082982407,-0.3436977062489411,-0.1676811611477812,0.10142529540719089,1.4705180361484222,0.02964447535279087,0.04282782530847982,-0.7284721322891611,0.7354087306383301,2.8398732602954437,-0.8068437734032816,4.4746654034526365,-0.8838384939911589,-0.6311139667204612,-1.5522639753992478,0.43189855167801044,-0.816279130931611,1.76968073291518,0.7608368091085088,0.958478898966191
-0.2236427631022132,1.984056387393735,-0.4193625567226894,1.0816805047494875,-0.2864238462963323,1.44943511631764,1.1303775676540562,-0.8671714989853299,-0.6859118262663001,0.7510044642675964,-0.7284721322891611,-0.6958779554974378,-0.9290758738653516,-0.8068437734032816,0.8916273014893111,1.1314284304186495,0.413020868104438,1.840527722701157,-0.0030237454946287715,-0.25921135370142656,-0.25600538473839896,0.7608368091085088,1.08531614897432
0.8468961768748834,-0.6064520338787581,0.5888549453808735,1.0816805047494875,-0.5498836020783329,0.445475427391191,1.4733616584030114,-0.8671714989853299,1.4607570785909727,0.04282782530847982,1.435306478470724,1.451052073706214,-1.5572340628921508,1.785921221465718,0.5557174794302494,-0.8838384939911589,-0.6311139667204612,-0.6940872517620867,-1.307790637012548,0.5700599964935078,0.21858393425472514,-0.16971490849653975,-1.5173842211924873
0.6611904423890607,1.103786535505024,1.4530413757553562,-0.8384624030898393,-0.2864238462963323,-1.5893958884194639,-1.6134951583375847,0.8860956523649842,-1.4014681278853909,-0.6653488136506367,-1.4497316692091227,0.7354087306383301,0.3272405041882469,0.4895387240312183,-0.47067364352799496,1.1314284304186495,-0.061585874997788954,-0.002223846659259173,-0.3944538129500044,-0.13260504069456644,0.46166626837315483,1.6913885267135573,-1.3347385811807815
-2.244558108977343,-1.0968880942167532,-0.08698316042481133,0.12160905082982407,-0.1833308983816364,0.22985992372913486,-1.6134951583375847,-0.8671714989853299,0.7452007769718818,0.7510044642675964,0.7140469415507622,-1.4115212985653218,0.9553986932150462,-0.8068437734032816,1.7127401998559066,-0.8838384939911589,-0.6311139667204612,1.4347232254773825,1.5844426391855062,-0.056641252890450196,-0.8694988946563402,0.7608368091085088,2.566775229069267
-1.0757043683901053,0.47502235558451633,0.057047911304268846,-0.8384624030898393,-0.8133433578603334,-0.9661323231463329,1.4733616584030114,1.4705180361484222,1.4607570785909727,-1.3735254526097533,-0.007212595369199463,1.451052073706214,0.3272405041882469,-0.8068437734032816,-0.6759518681196438,1.1314284304186495,5.064166950506261,-1.9913311363298887,0.7943337993218769,0.9308879885630585,0.17228253727978635,-1.1002666261015883,0.11120606891188933
0.35532217382417575,-0.5938767502803469,1.4641206889652862,-0.8384624030898393,-0.11460226643850584,1.1563327910270325,0.10142529540719089,1.4705180361484222,-1.4014681278853909,0.7510044642675964,-0.7284721322891611,0.019765387570446186,-1.5572340628921508,0.4895387240312183,0.10783771668483365,-0.8838384939911589,-0.6311139667204612,0.5632414363574749,0.07671200898702195,-0.10728377809319406,0.43851556988568546,0.7608368091085088,0.5881141289424544
-0.33288143044681445,2.1475350741730668,0.8547584624191765,1.0816805047494875,-0.4009715662015499,-1.9195571284019874,0.10142529540719089,0.8860956523649842,0.7452007769718818,-1.3735254526097533,-0.7284721322891611,1.451052073706214,-0.30091768483855236,0.4895387240312183,0.14516103024695162,-0.8838384939911589,-0.6311139667204612,0.3037926594439142,0.692851929981595,0.6396934686472805,0.976769309719351,-0.16971490849653975,-2.1262030212315066
-1.9386898404124584,-0.7699307206580898,0.13460310377377405,-0.8384624030898393,0.30922429721079936,-0.2788579052235289,-1.6134951583375847,-1.4515938827687678,0.02964447535279087,-0.6653488136506367,-1.4497316692091227,0.019765387570446186,-1.5572340628921508,0.4895387240312183,-0.7692601520249388,-0.8838384939911589,-0.6311139667204612,0.5299787726506082,-0.3944538129500044,-0.5883877675192627,-0.7016563306221866,-0.16971490849653975,-1.0709171011638732
1.1527644454397683,-0.7447801534612691,0.622092885010661,-0.8384624030898393,-0.8706172178129422,-0.20474007583969708,1.1303775676540562,-0.8671714989853299,0.02964447535279087,-1.3735254526097533,0.7140469415507622,-1.4115212985653218,-0.9290758738653516,-0.8068437734032816,-1.3664331690188263,-0.8838384939911589,-0.6311139667204612,0.9756984663226224,-0.061013385117647714,0.5194174712907631,-1.396177285246271,-0.16971490849653975,1.1360510489775715
0.03853003852483096,1.1289371027018429,-0.5633936284517711,-0.8384624030898393,-0.9851649377181598,-1.4916951133225949,-1.2705110675886295,-1.4515938827687678,0.02964447535279087,0.7510044642675964,-0.7284721322891611,-0.6958779554974378,1.5835568822418453,1.785921221465718,0.4997325090870724,1.1314284304186495,2.2165264918928997,0.5765465018402218,-0.0030237454946287715,-0.4111389293096587,-1.6161089208772308,-0.16971490849653975,0.6337755389453807
-0.3219575637123545,0.009736862443340207,-1.6824042626546267,2.0417519586691513,-0.9049815337845074,-1.761214492900165,-0.24155879534176422,-0.8671714989853299,-0.6859118262663001,-1.3735254526097533,0.7140469415507622,-1.4115212985653218,0.9553986932150462,-0.8068437734032816,0.1824843438090696,-0.8838384939911589,-0.6311139667204612,-0.8204853738481801,-0.9381066844158041,-0.36682671975725745,-1.7492254371801803,-0.16971490849653975,-0.0663660810994913
0.35532217382417575,0.03488742964016087,0.14568241698370268,0.12160905082982407,-0.2635143023152888,-0.05987340931675311,-0.24155879534176422,0.8860956523649842,0.7452007769718818,-0.6653488136506367,-1.4497316692091227,-0.6958779554974378,-0.30091768483855236,3.082303718900218,0.8916273014893111,1.1314284304186495,1.2198523313782237,1.1553168503397029,0.5913700606413119,-0.2402204067503973,0.5658444115667673,-0.16971490849653975,-0.48239226112615463
0.7813529764681219,0.44987178838769565,1.5084379418050025,-0.8384624030898393,0.3894077011444517,-1.9195571284019874,1.4733616584030114,-0.8671714989853299,0.7452007769718818,1.459181103226713,-1.4497316692091227,0.7354087306383301,2.2117150712686446,-0.8068437734032816,-0.6572902113385848,1.1314284304186495,1.3622343543088917,0.07095401349584769,1.1567690469657432,0.22189263572464202,0.8552281426601358,-0.16971490849653975,-0.5432741411300563
0.5519517750444584,-1.8891309609165943,-1.0508834096886581,0.12160905082982407,-0.5040645141162458,-1.4849571288331556,-0.24155879534176422,0.8860956523649842,-1.4014681278853909,1.459181103226713,0.7140469415507622,0.7354087306383301,-0.30091768483855236,-0.8068437734032816,0.05185274634165669,-0.8838384939911589,-0.6311139667204612,-1.7318823594163284,-0.0030237454946287715,0.4434536834866477,-0.08237514608237784,1.6913885267135573,-0.12724796110339337
0.7376575095302811,-0.5058497650914773,-0.21993491894396286,-0.8384624030898393,1.3286990043672362,0.5566521714669387,-1.6134951583375847,-1.4515938827687678,0.7452007769718818,0.04282782530847982,-1.4497316692091227,0.019765387570446186,-0.9290758738653516,-0.8068437734032816,2.6831463524709736,1.1314284304186495,1.6944590744804504,0.4967161089437415,-0.8946144546985405,-0.49343303276411754,-0.9331633154968814,-0.16971490849653975,-0.07651306110014176
0.5956472419822991,-1.637625288948391,1.1649792322971957,-0.8384624030898393,0.5497745090117564,0.6105560473824527,-1.6134951583375847,0.30167326858154614,0.7452007769718818,-1.3735254526097533,1.435306478470724,0.7354087306383301,-0.30091768483855236,0.4895387240312183,2.2166049329444992,1.1314284304186495,0.46048154241466055,0.48341104346099467,-0.4596921575259008,-2.2785820461608455,0.2359469581203275,0.7608368091085088,0.8722295689606631
0.12592097240051237,1.1163618191034335,1.1538999190872654,-0.8384624030898393,-0.5269740580972893,-1.2828175941499778,-0.24155879534176422,1.4705180361484222,0.02964447535279087,0.04282782530847982,-0.7284721322891611,-0.6958779554974378,-1.5572340628921508,-0.8068437734032816,1.6007702591695527,-0.8838384939911589,-0.6311139667204612,0.024386284306234105,0.30867056747909666,0.016157377088494743,-0.6264165605379105,-1.1002666261015883,1.8311191790221188
-0.977389567779964,0.2612425344115433,-0.06482453400495405,0.12160905082982407,1.0423297046041922,-0.1070393007428279,-1.2705110675886295,-1.4515938827687678,1.4607570785909727,-1.3735254526097533,-1.4497316692091227,-0.6958779554974378,-0.9290758738653516,-0.8068437734032816,0.3504392548386005,1.1314284304186495,0.5079422167248833,0.6896395584435688,1.7584115580545625,-1.1897677543018483,-0.4643616711256243,0.7608368091085088,-1.0100352211599712
0.8250484434059625,-0.36752164550896443,0.24539623587306672,-0.8384624030898393,-0.5269740580972893,0.246704884952733,-0.5845428860907194,1.4705180361484222,0.02964447535279087,-1.3735254526097533,0.7140469415507622,-0.6958779554974378,-0.30091768483855236,0.4895387240312183,0.3877625684007185,-0.8838384939911589,-0.6311139667204612,0.802732615046915,-0.8873657497456631,0.5320781025914493,-0.26758073398213383,-0.16971490849653975,-1.5934865711973647
-0.6605974324806192,-0.01541370475348046,0.6110135718007322,0.12160905082982407,-1.2028056055380734,0.5465451947327798,0.7873934769051011,-0.28274911520189183,-0.6859118262663001,1.459181103226713,0.7140469415507622,-0.6958779554974378,-0.9290758738653516,-0.8068437734032816,0.4250858819628364,1.1314284304186495,-0.1565072236182343,-0.5809941951587402,-1.7282155242794333,-0.8099488152812679,0.24173463274219495,-1.1002666261015883,-1.8065731512110212
1.9283589835864388,1.2672652222843557,-0.71850401339078,-0.8384624030898393,-0.48115497013520225,0.6846738767662846,0.10142529540719089,1.4705180361484222,0.02964447535279087,1.459181103226713,-0.7284721322891611,-0.6958779554974378,-0.30091768483855236,-0.8068437734032816,-0.6013052409954078,-0.8838384939911589,-0.6311139667204612,0.45680091249550187,0.08396071393989887,0.6207025216962517,-1.2514854196995868,-0.16971490849653975,1.1867859489808232
-1.3269533032826895,0.563049340773386,0.8769170888390337,-0.8384624030898393,-0.4697001981446805,-0.0463974403378746,1.1303775676540562,0.8860956523649842,0.7452007769718818,0.7510044642675964,-0.7284721322891611,0.7354087306383301,-0.9290758738653516,0.4895387240312183,-0.414688673184818,-0.8838384939911589,-0.6311139667204612,1.601036544011716,0.6783545200758401,1.133458089374035,2.134304234092825,-1.1002666261015883,0.24311680892034357
-0.8790747671698227,-1.5998994381531593,0.7772032699496714,-0.8384624030898393,0.18322180531505997,0.20627697801609746,-1.6134951583375847,-0.28274911520189183,-1.4014681278853909,-1.3735254526097533,0.7140469415507622,-1.4115212985653218,-0.9290758738653516,-0.8068437734032816,-0.02279388078257926,-0.8838384939911589,-0.6311139667204612,-0.32154541824517946,0.2506809278560772,1.3803403997374124,-0.5743274889411043,0.7608368091085088,-0.4722452811255042
0.14776870586943222,-0.4303980635010152,0.8990757152588926,0.12160905082982407,1.1797869684904534,-0.7943137186656318,-1.2705110675886295,1.4705180361484222,-0.6859118262663001,0.7510044642675964,-0.7284721322891611,-1.4115212985653218,0.3272405041882469,-0.8068437734032816,-0.47067364352799496,1.1314284304186495,0.555402891035106,0.23726733203018127,-0.14799784455217535,-0.4111389293096587,1.0925228021566984,-0.16971490849653975,1.5013423290009833
-1.6546693053164943,-1.6124747217515705,-0.28641079820353943,0.12160905082982407,1.6036135321397587,-1.9195571284019874,-1.2705110675886295,-0.8671714989853299,1.4607570785909727,-1.3735254526097533,-1.4497316692091227,0.7354087306383301,-0.9290758738653516,0.4895387240312183,-0.5639819274332899,-0.8838384939911589,-0.6311139667204612,-0.833790439330927,-0.3799564030442501,-0.018659358988392064,-0.3486081786882769,2.621940244318606,-0.781728171145339
1.3712417801289707,0.47502235558451633,0.8990757152588926,-0.8384624030898393,0.5726840529927999,-0.4776284476619869,-0.24155879534176422,0.8860956523649842,1.4607570785909727,-0.6653488136506367,-0.007212595369199463,0.019765387570446186,0.3272405041882469,-0.8068437734032816,-0.15342547824999217,1.1314284304186495,0.6028635653453287,0.5166737071678614,-0.6699046011593432,-0.664351555323379,-0.08816282070424529,0.7608368091085088,-1.0506231411625726
-1.99330917408476,0.11033913123062108,-1.239231734257456,2.0417519586691513,-0.6300670060119852,0.12205217189810677,0.444409386156146,-1.4515938827687678,1.4607570785909727,-0.6653488136506367,-0.007212595369199463,1.451052073706214,-1.5572340628921508,-0.8068437734032816,0.25713097093330556,1.1314284304186495,3.213200652407576,0.4168857160472612,0.1129555337514086,1.5449286066463304,-1.349875888271332,-0.16971490849653975,1.5267097790026092
0.322550573620795,1.5439214614493795,1.7743414588433055,-0.8384624030898393,1.2714251444146274,-0.21147806032913635,-0.24155879534176422,-0.28274911520189183,1.4607570785909727,1.459181103226713,1.435306478470724,-1.4115212985653218,-1.5572340628921508,-0.8068437734032816,0.05185274634165669,1.1314284304186495,0.033335473622656396,-2.170949520346969,-1.1410704230963695,1.3043766119332962,1.3356051362751273,1.6913885267135573,0.8519356089593628
-0.17994729616437252,-0.8076565714533199,-1.006566156848942,-0.8384624030898393,-0.17187612639111466,1.648205658756098,1.4733616584030114,1.4705180361484222,0.02964447535279087,1.459181103226713,-1.4497316692091227,0.7354087306383301,-0.9290758738653516,0.4895387240312183,0.8356423311461342,-0.8838384939911589,-0.6311139667204612,0.8892155406847692,-1.6049875400805185,0.26620484527704324,0.0854674179517758,-1.1002666261015883,0.9026705089626145
-1.6328215718475745,-0.0028384211550710197,1.9405311569922445,-0.8384624030898393,-0.35515247823946283,1.1125358918456771,1.1303775676540562,0.8860956523649842,-1.4014681278853909,-0.6653488136506367,-1.4497316692091227,0.7354087306383301,0.9553986932150462,-0.8068437734032816,0.10783771668483365,-0.8838384939911589,-0.6311139667204612,-0.2749776890555663,-0.6699046011593432,1.9627294395689694,-0.40648492490695065,-1.1002666261015883,-0.49761273112712995
-1.1740191690002477,-0.0657148391471218,0.3561893679723594,0.12160905082982407,-0.08023795046694056,1.041787054706565,-0.9275269768396744,-0.28274911520189183,-1.4014681278853909,1.459181103226713,-0.007212595369199463,-0.6958779554974378,0.3272405041882469,0.4895387240312183,-0.15342547824999217,1.1314284304186495,-0.10904654930801158,-1.532306377175128,-1.148319128049247,-2.019039104496782,-0.9852523870936876,-1.1002666261015883,-1.603633551198015
0.21331190627619373,-1.4741466021690577,-0.19777629252410403,0.12160905082982407,-0.8477076738318986,1.6583126354902569,0.444409386156146,-0.8671714989853299,-0.6859118262663001,-0.6653488136506367,1.435306478470724,0.7354087306383301,-0.9290758738653516,-0.8068437734032816,-0.8252451223681158,-0.8838384939911589,-0.6311139667204612,0.8825630079433953,-0.0030237454946287715,-0.6263696614213208,0.6642348801385128,-0.16971490849653975,-0.8273895811482654
-1.403420370423911,-0.5310003322882961,0.15676173019363132,-0.8384624030898393,-0.9393458497560727,-0.21147806032913635,1.1303775676540562,0.8860956523649842,0.7452007769718818,-1.3735254526097533,1.435306478470724,0.019765387570446186,-0.9290758738653516,1.785921221465718,-0.8065834655870567,-0.8838384939911589,-0.6311139667204612,-0.7007397845034602,1.5337017045153647,0.8929060946610008,-1.6218965954990983,-0.16971490849653975,0.009736268905386113
0.6611904423890607,-1.3232431989881372,0.8215205227893875,1.0816805047494875,-1.0538935696612903,2.045746743633014,0.444409386156146,1.4705180361484222,0.02964447535279087,0.7510044642675964,-0.7284721322891611,0.7354087306383301,-0.30091768483855236,0.4895387240312183,1.3021837506726088,-0.8838384939911589,-0.6311139667204612,-0.16188463245221932,0.18544258328018187,-0.3351751415055424,-0.42384794877255255,-0.16971490849653975,0.07061814890928783
-1.7420602391921758,0.8397055799384098,-0.4636798095624071,1.0816805047494875,0.13740271735297294,-1.0739400749773609,-1.6134951583375847,-0.8671714989853299,-1.4014681278853909,0.7510044642675964,-1.4497316692091227,0.7354087306383301,-0.30091768483855236,1.785921221465718,0.23846931415224656,-0.8838384939911589,-0.6311139667204612,2.6920519135969445,-1.706469409420801,0.01299221926332297,1.3703311840063321,0.7608368091085088,0.9026705089626145
0.02760617179037103,1.4181686254652779,-0.7739005794404263,0.12160905082982407,-1.0653483416518121,-0.25190596726577186,1.1303775676540562,0.30167326858154614,0.02964447535279087,0.04282782530847982,1.435306478470724,0.019765387570446186,-0.30091768483855236,-0.8068437734032816,-0.2467337621552871,1.1314284304186495,-0.29888924654890237,-1.239594936554701,-0.8873657497456631,-0.11994440939388026,0.0970427671955107,0.7608368091085088,0.9077439989629393
-0.28918596350897374,-0.01541370475348046,-1.8264353343837068,2.0417519586691513,-0.9851649377181598,-0.585436199493015,-0.9275269768396744,1.4705180361484222,-0.6859118262663001,-0.6653488136506367,1.435306478470724,1.451052073706214,2.2117150712686446,-0.8068437734032816,-1.3850948257998854,1.1314284304186495,-0.203967897928457,1.2284947104948092,-2.5255730690959397,-0.639030292722007,0.37485114904514427,-1.1002666261015883,-0.41643689112192733
-0.7698360998252214,0.29896838520677343,-0.8292971454900726,-0.8384624030898393,-0.20624044236267994,-0.24516798277633262,-1.6134951583375847,0.8860956523649842,0.02964447535279087,-1.3735254526097533,-1.4497316692091227,0.019765387570446186,0.3272405041882469,-0.8068437734032816,-0.452011986746936,-0.8838384939911589,-0.6311139667204612,-0.7340024482103269,1.2799970311646582,0.3928111582839029,1.4513586287124747,0.7608368091085088,-0.5331271611294063
0.3443983070897158,0.4624470719861051,0.27863417550285424,-0.8384624030898393,1.6723421640828893,2.0390087591435746,1.4733616584030114,-1.4515938827687678,-1.4014681278853909,-0.6653488136506367,-1.4497316692091227,-0.6958779554974378,-0.9290758738653516,-0.8068437734032816,0.6490257633355443,-0.8838384939911589,-0.6311139667204612,-0.035486510366125885,-0.8003812903111349,2.045023543023428,-0.22127933700719463,-0.16971490849653975,0.4359094289326995
-0.33288143044681445,-0.7447801534612691,-0.031586594375164985,-0.8384624030898393,-0.09169272245746232,1.0182041089935276,1.1303775676540562,-1.4515938827687678,0.02964447535279087,0.7510044642675964,1.435306478470724,-1.4115212985653218,-0.9290758738653516,0.4895387240312183,-0.8439067791491747,1.1314284304186495,-0.10904654930801158,1.6342992077185827,-0.4596921575259008,-0.10728377809319406,-0.26758073398213383,-0.16971490849653975,1.420166488995781
-0.7916838332941413,1.2672652222843557,-0.48583843598226595,-0.8384624030898393,-0.9966197097086815,1.964890929759743,1.1303775676540562,1.4705180361484222,-0.6859118262663001,1.459181103226713,-1.4497316692091227,-1.4115212985653218,-0.9290758738653516,-0.8068437734032816,0.6490257633355443,1.1314284304186495,0.12825682224310186,-0.7406549809517003,-0.3654589931384952,-1.1074736508473895,0.2590976566077969,-0.16971490849653975,-0.5787885711323326
-0.27826209677451386,-1.4364207513738276,0.43374456044186305,0.12160905082982407,-0.7789790418887681,-1.380518369246847,1.4733616584030114,-1.4515938827687678,-0.6859118262663001,0.04282782530847982,0.7140469415507622,-1.4115212985653218,-0.30091768483855236,0.4895387240312183,-0.6946135249007028,-0.8838384939911589,-0.6311139667204612,-1.0466714870548741,1.0625358825783382,-0.5693968205682338,0.45009091912941995,1.6913885267135573,0.9026705089626145
1.3056985797222092,1.4684697598589176,0.555617005751086,2.0417519586691513,-0.41242633819207164,-0.2586439517552111,1.1303775676540562,-0.28274911520189183,-0.6859118262663001,0.04282782530847982,-0.7284721322891611,-1.4115212985653218,-0.9290758738653516,-0.8068437734032816,0.6676874201166033,-0.8838384939911589,-0.6311139667204612,-0.48120620403814,-0.09725690988203435,0.3231776861301302,0.5369060384574305,-0.16971490849653975,-0.8375365611489158
-0.1253279624920719,0.23609196721472264,1.0320274737780442,-0.8384624030898393,1.1110583365473228,-0.26875092848937,0.10142529540719089,0.30167326858154614,1.4607570785909727,-0.6653488136506367,-0.007212595369199463,-0.6958779554974378,-0.30091768483855236,-0.8068437734032816,-1.0118616901787056,1.1314284304186495,0.413020868104438,-1.1331544126927275,-0.8656196348870309,1.374010084087069,0.021802997111234654,-0.16971490849653975,0.16194096891514093
0.22423577301065367,0.28639310160836395,1.1871378587170547,-0.8384624030898393,-0.35515247823946283,0.37472659025207883,-1.6134951583375847,-1.4515938827687678,1.4607570785909727,0.7510044642675964,-0.007212595369199463,-0.6958779554974378,-0.30091768483855236,-0.8068437734032816,0.7796573608029572,-0.8838384939911589,-0.6311139667204612,-0.16853716519359274,0.35216279719636023,-0.993527969141215,-0.9042249423875445,-0.16971490849653975,0.5069382889372517
-0.45304396452587664,1.6193731630398398,0.7550446435298125,2.0417519586691513,-0.9393458497560727,0.10857620291922826,-1.2705110675886295,-1.4515938827687678,-1.4014681278853909,1.459181103226713,-1.4497316692091227,1.451052073706214,-0.30091768483855236,-0.8068437734032816,0.08917605990377467,1.1314284304186495,0.5079422167248833,1.2617573742016759,0.07671200898702195,0.07629537576675303,-0.10552584456984723,-1.1002666261015883,-0.8223160911479401
-0.6387496990116993,0.11033913123062108,-1.0176454700588706,0.12160905082982407,-0.9049815337845074,-0.2653819362446504,-1.6134951583375847,0.8860956523649842,0.7452007769718818,0.7510044642675964,-0.7284721322891611,-1.4115212985653218,0.3272405041882469,0.4895387240312183,-0.32138038927952306,1.1314284304186495,0.17571749655332447,-0.255020090831446,0.062214599081267086,1.772819970058679,-1.5466568254148225,1.6913885267135573,0.826568158957737
-2.965533313451714,0.08518856403380043,-0.4969177491921946,-0.8384624030898393,-1.030984025680247,1.4325901550940419,0.444409386156146,0.8860956523649842,-0.6859118262663001,-1.3735254526097533,-1.4497316692091227,0.019765387570446186,1.5835568822418453,-0.8068437734032816,-0.2467337621552871,-0.8838384939911589,-0.6311139667204612,1.3415877670981562,-0.9453553893686816,-0.41746924496000176,-0.5106630681005632,3.552491961923655,-0.05621910109884119
1.906511250117519,0.36184480319882417,0.7328860171099536,0.12160905082982407,-0.8591624458224204,0.4926413188172658,-0.9275269768396744,0.30167326858154614,-1.4014681278853909,-1.3735254526097533,-0.7284721322891611,-0.6958779554974378,0.9553986932150462,-0.8068437734032816,1.6940785430748475,-0.8838384939911589,-0.6311139667204612,-0.20179982890045944,0.7363441596988585,0.2345532670253282,0.9478309366100143,-1.1002666261015883,0.4308359389323743
0.4317892409653972,-1.3861196169801882,-0.6187901945014175,-0.8384624030898393,0.7674151768316698,-1.1379509276270339,-0.5845428860907194,1.4705180361484222,0.02964447535279087,-0.6653488136506367,-0.7284721322891611,-1.4115212985653218,-0.30091768483855236,0.4895387240312183,-0.060117194344697235,1.1314284304186495,0.7452455882759966,-0.4612486058140197,1.2147586865887627,0.016157377088494743,1.8101944552682518,1.6913885267135573,1.1309775589772466
-0.20179502963329238,0.34926951960041475,0.33403074155250057,0.12160905082982407,-0.8247981298508551,-0.17441914563722044,-0.5845428860907194,0.8860956523649842,0.7452007769718818,-0.6653488136506367,0.7140469415507622,0.019765387570446186,2.2117150712686446,0.4895387240312183,0.20114600059012858,-0.8838384939911589,-0.6311139667204612,-0.7140448499862071,0.5986187655941898,0.25987452962670016,-0.29651910709147067,-1.1002666261015883,-0.2794526611131482
0.39901764076201646,-0.5561508994851168,-0.1866969793141754,-0.8384624030898393,0.9621463006705399,-0.6191261219402112,-1.6134951583375847,-0.8671714989853299,1.4607570785909727,-1.3735254526097533,-1.4497316692091227,1.451052073706214,-0.9290758738653516,-0.8068437734032816,-0.060117194344697235,-0.8838384939911589,-0.6311139667204612,1.1819269813051956,1.598940049091261,1.6335530257511328,-1.4714170553305466,-1.1002666261015883,0.2583372789213189
-0.4967394314637173,0.9277325651272812,-1.1838351682078097,2.0417519586691513,-0.6186122340214634,0.5734971326905368,1.1303775676540562,1.4705180361484222,-0.6859118262663001,-0.6653488136506367,0.7140469415507622,1.451052073706214,-1.5572340628921508,0.4895387240312183,0.984935585394606,-0.8838384939911589,-0.6311139667204612,2.532391127803984,0.054965894128389654,-1.5695866933224287,1.3298174616532603,1.6913885267135573,0.9077439989629393
-0.3001098302434337,-0.19146767513122334,-0.12022110005460039,2.0417519586691513,-1.2600794654906822,-0.6966129435687627,1.4733616584030114,1.4705180361484222,0.7452007769718818,0.7510044642675964,0.7140469415507622,0.019765387570446186,-0.9290758738653516,-0.8068437734032816,0.5557174794302494,-0.8838384939911589,-0.6311139667204612,0.024386284306234105,-2.815521267211033,1.2537340867305524,-1.8649789296175276,1.6913885267135573,2.480525899063739
-1.9496137071469193,0.42472122119087496,-1.172755854997881,-0.8384624030898393,0.2061313492961035,-1.0773090672220806,1.1303775676540562,-0.8671714989853299,0.02964447535279087,0.04282782530847982,0.7140469415507622,-0.6958779554974378,0.3272405041882469,-0.8068437734032816,0.29445428449542355,1.1314284304186495,1.7893804231008956,-0.6940872517620867,0.5043856012067838,-0.9682067065398431,-0.08237514608237784,-1.1002666261015883,-2.5067147712558935
-1.7202125057232558,-1.0214363926262928,0.8104412095794589,-0.8384624030898393,1.3974276363103668,-0.1676811611477812,1.1303775676540562,1.4705180361484222,-1.4014681278853909,0.7510044642675964,-0.7284721322891611,0.019765387570446186,-0.30091768483855236,-0.8068437734032816,0.9662739286135471,1.1314284304186495,2.6911332349951267,1.241799775977556,-1.880438328289857,1.2790553493319239,0.7510499994665233,0.7608368091085088,1.4506074289977318
-0.1362518292265318,0.7265280275527194,-1.3278662399368897,0.12160905082982407,-1.1913508335475516,0.20627697801609746,0.10142529540719089,-0.28274911520189183,-0.6859118262663001,1.459181103226713,-0.7284721322891611,0.7354087306383301,-0.30091768483855236,-0.8068437734032816,1.3581687210157858,-0.8838384939911589,-0.6311139667204612,1.0023085972881152,1.0480384726725833,-1.1581161760501333,-1.396177285246271,-1.1002666261015883,-0.49761273112712995
1.2838508462532894,0.9780336995209226,-1.5494525041354752,0.12160905082982407,0.9277819846989745,-1.1514268966059125,1.1303775676540562,-0.8671714989853299,0.02964447535279087,-0.6653488136506367,-0.007212595369199463,0.7354087306383301,0.9553986932150462,-0.8068437734032816,0.20114600059012858,1.1314284304186495,5.064166950506261,0.03103881704760754,1.08428199743697,-0.9618763908894999,-0.4817246949912263,-0.16971490849653975,-0.528053671129081
0.42086537423093634,1.0031842667177413,-0.23101423215389308,-0.8384624030898393,-0.24060475833424522,0.4757963575936676,1.4733616584030114,-0.8671714989853299,-0.6859118262663001,-0.6653488136506367,1.435306478470724,1.451052073706214,0.9553986932150462,-0.8068437734032816,-1.3850948257998854,-0.8838384939911589,-0.6311139667204612,0.9224782043916359,0.685603225028717,-0.6833425022744077,0.21279625963285811,-1.1002666261015883,-2.0247332212250035
0.5082563081066177,0.11033913123062108,-0.9511695907992955,-0.8384624030898393,1.0766940205757574,-0.31928581216016444,-1.6134951583375847,0.8860956523649842,0.7452007769718818,0.04282782530847982,-0.007212595369199463,0.7354087306383301,0.9553986932150462,3.082303718900218,-0.9558767198355287,-0.8838384939911589,-0.6311139667204612,0.6563768947367021,-0.9815989141330682,1.709516813555249,0.6700225547603799,-1.1002666261015883,1.1309775589772466
0.759505242999202,1.669674297433481,0.5666963189610146,-0.8384624030898393,0.423772017116017,-0.9054904627413796,-0.24155879534176422,0.30167326858154614,1.4607570785909727,-1.3735254526097533,-1.4497316692091227,1.451052073706214,-0.30091768483855236,1.785921221465718,-0.20941044859316912,-0.8838384939911589,-0.6311139667204612,0.7761224840814221,0.25792963280895514,1.6082317631497605,-1.5929582223897614,0.7608368091085088,0.3039986889242453
0.9452109774850237,-1.2980926317913166,0.32295142834257035,-0.8384624030898393,-0.6415217780025069,1.9244630228231074,-0.9275269768396744,0.30167326858154614,0.7452007769718818,-1.3735254526097533,1.435306478470724,0.019765387570446186,-0.30091768483855236,-0.8068437734032816,0.8169806743650752,-0.8838384939911589,-0.6311139667204612,-0.16853716519359274,1.1495203420128663,-1.120134282148075,-0.8926495931438096,0.7608368091085088,-0.5635681011313572
0.3443983070897158,-0.6064520338787581,0.43374456044186305,-0.8384624030898393,-0.13751181041954938,0.8531234890022659,0.10142529540719089,-1.4515938827687678,-1.4014681278853909,0.7510044642675964,-1.4497316692091227,1.451052073706214,0.9553986932150462,-0.8068437734032816,-0.8065834655870567,-0.8838384939911589,-0.6311139667204612,0.07760654623722113,0.07671200898702195,0.10794695401846807,-0.030286074485571593,-0.16971490849653975,0.1568674789148157
0.08222550546267166,1.2295393714891256,2.117800168351112,0.12160905082982407,0.22904089327714702,-0.16431216890306155,0.444409386156146,-0.8671714989853299,0.02964447535279087,-1.3735254526097533,1.435306478470724,-0.6958779554974378,-0.30091768483855236,1.785921221465718,0.3317775980575415,-0.8838384939911589,-0.6311139667204612,-2.423745764519156,-1.1628165379550015,0.5637296808431643,-0.17497794003225584,-1.1002666261015883,0.07569163890961306
0.4536369744343171,0.06003799683697975,-0.1534590396843879,1.0816805047494875,-0.16042135440059288,-0.30917883542600555,-0.5845428860907194,-1.4515938827687678,0.02964447535279087,-1.3735254526097533,-0.7284721322891611,1.451052073706214,-0.30091768483855236,-0.8068437734032816,1.5447852888263758,1.1314284304186495,1.741919748790673,0.5898515673229687,0.43189855167801044,0.03831348186469491,-0.2154916623853276,-0.16971490849653975,-0.15768890110534442
-0.9446179675765842,-0.7573554370596803,-1.4275800588262537,0.12160905082982407,-0.7904338138792898,0.8868134114494621,1.1303775676540562,-0.28274911520189183,1.4607570785909727,1.459181103226713,-0.7284721322891611,0.019765387570446186,0.9553986932150462,-0.8068437734032816,-0.3027187324984641,1.1314284304186495,0.033335473622656396,-0.5676891296759933,-1.1265730131906146,0.46244463043767653,0.3632757998014094,-0.16971490849653975,0.3090721789245705
-0.5076632981981772,1.1540876698986635,-0.3528866774631144,-0.8384624030898393,-0.927891077765551,-0.875169532538903,-1.2705110675886295,-0.8671714989853299,-0.6859118262663001,0.04282782530847982,1.435306478470724,0.019765387570446186,0.3272405041882469,-0.8068437734032816,-0.452011986746936,1.1314284304186495,1.267313005688446,0.3503603886335278,-0.3147180584683542,0.3358383174308164,0.7047486024915846,1.6913885267135573,-0.25915870111184763
1.1090689785019265,-0.2920699439185042,-1.0508834096886581,2.0417519586691513,-0.03441886250485351,-0.295702866447127,0.7873934769051011,-1.4515938827687678,0.7452007769718818,0.04282782530847982,-0.007212595369199463,-1.4115212985653218,-1.5572340628921508,-0.8068437734032816,-0.7319368384628208,-0.8838384939911589,-0.6311139667204612,-0.002223846659259173,0.9465566033323014,1.4942860814435865,0.4095771967763486,-0.16971490849653975,0.7352453389518839
0.2679312399484944,-1.8011039757277227,-1.0287247832687991,-0.8384624030898393,0.28631475322975586,-0.838110617846987,1.1303775676540562,0.30167326858154614,0.02964447535279087,-1.3735254526097533,1.435306478470724,0.7354087306383301,-0.30091768483855236,0.4895387240312183,0.05185274634165669,1.1314284304186495,0.08079614793287912,-0.18184223067633962,-0.539427912007551,-0.24655072240074039,-0.1691902654103884,-0.16971490849653975,-0.4722452811255042
1.4040133803323525,0.8774314307336398,0.6885687642702375,1.0816805047494875,2.3710832555047165,-0.703350928058202,-0.24155879534176422,0.8860956523649842,0.7452007769718818,0.04282782530847982,-0.007212595369199463,-1.4115212985653218,-1.5572340628921508,0.4895387240312183,-0.22807210537422812,-0.8838384939911589,-0.6311139667204612,-0.10866437052123275,1.077033292484093,0.38648084263356025,0.5079676653480937,-1.1002666261015883,-1.3601060311824074
0.9342871107505638,-1.411270184177007,-0.3528866774631144,2.0417519586691513,-0.08023795046694056,1.2439265893897427,0.10142529540719089,1.4705180361484222,1.4607570785909727,0.04282782530847982,1.435306478470724,0.7354087306383301,0.3272405041882469,0.4895387240312183,1.8806951108854375,-0.8838384939911589,-0.6311139667204612,-1.3659930586407945,-1.3947750964470762,1.3486888214856976,-0.5685398143192368,-0.16971490849653975,-0.5534211211307069
0.09314937219713158,-0.01541370475348046,-1.006566156848942,0.12160905082982407,-0.733159953926681,0.21638395475025635,0.10142529540719089,0.30167326858154614,0.02964447535279087,0.7510044642675964,1.435306478470724,-1.4115212985653218,2.2117150712686446,-0.8068437734032816,-0.7879218088059977,-0.8838384939911589,-0.6311139667204612,0.6962920911849418,0.6421109953114534,0.2345532670253282,0.25330998198592947,0.7608368091085088,-1.6137805311986653
-0.09255636228869113,0.5504740571749765,-1.0508834096886581,-0.8384624030898393,0.9277819846989745,0.4926413188172658,0.444409386156146,0.30167326858154614,0.02964447535279087,-0.6653488136506367,-0.7284721322891611,0.019765387570446186,-0.30091768483855236,-0.8068437734032816,1.6754168862937886,-0.8838384939911589,-0.6311139667204612,0.6962920911849418,-0.5249305021017967,0.696666309500368,1.3182421124095254,0.7608368091085088,0.11120606891188933
0.8796677770782642,-3.4484661271194526,-0.7074247001808514,1.0816805047494875,-0.5727931460593764,-1.9195571284019874,0.444409386156146,0.8860956523649842,0.7452007769718818,-0.6653488136506367,1.435306478470724,0.019765387570446186,-0.30091768483855236,1.785921221465718,0.08917605990377467,-0.8838384939911589,-0.6311139667204612,-0.4146808766244066,0.27242704271471,0.016157377088494743,0.843652793416401,-1.1002666261015883,1.1208305789765962
0.06037777199375179,-0.6441778846739882,-1.1062799757383044,-0.8384624030898393,-0.8133433578603334,-0.5820672072482953,-1.2705110675886295,-0.28274911520189183,0.7452007769718818,1.459181103226713,-0.7284721322891611,-1.4115212985653218,1.5835568822418453,-0.8068437734032816,-0.9932000333976466,-0.8838384939911589,-0.6311139667204612,-0.2882827545383127,-0.0030237454946287715,0.5637296808431643,0.41536487139821604,0.7608368091085088,-2.5067147712558935
0.759505242999202,-1.5244477365626992,1.0209481605681157,0.12160905082982407,-1.0538935696612903,1.014835116748808,0.7873934769051011,0.30167326858154614,-1.4014681278853909,-0.6653488136506367,-0.7284721322891611,-1.4115212985653218,2.8398732602954437,-0.8068437734032816,-1.2358015715514135,1.1314284304186495,1.5520770515497821,-1.5056962462096348,1.2437535064002716,-0.9302248126377849,-1.2977868166745254,-0.16971490849653975,-0.2794526611131482
0.2897789734174152,0.7013774603558988,-0.00942796795530771,1.0816805047494875,-0.297878618286854,-0.7538858117289964,-0.9275269768396744,-1.4515938827687678,-1.4014681278853909,0.7510044642675964,0.7140469415507622,-0.6958779554974378,0.3272405041882469,0.4895387240312183,-0.526658613871172,-0.8838384939911589,-0.6311139667204612,-0.5144688677450068,-0.3944538129500044,-1.9747268949443813,-0.8058344738157991,-0.16971490849653975,-0.6193764911349338
0.35532217382417575,-1.6502005725468005,-1.4165007456163237,-0.8384624030898393,1.775435111997585,0.2702878306657704,0.444409386156146,-0.8671714989853299,0.7452007769718818,0.7510044642675964,1.435306478470724,-1.4115212985653218,0.3272405041882469,0.4895387240312183,-0.7505984952438798,1.1314284304186495,1.884301771721341,0.34370785589215486,-0.0030237454946287715,-1.120134282148075,0.35748812517954237,-1.1002666261015883,-0.39614293112062676
0.5082563081066177,0.7265280275527194,-1.3943421191964662,1.0816805047494875,-0.4353358821731152,0.3578816290284807,-1.6134951583375847,1.4705180361484222,1.4607570785909727,0.04282782530847982,0.7140469415507622,-1.4115212985653218,-0.30091768483855236,-0.8068437734032816,-0.47067364352799496,-0.8838384939911589,-0.6311139667204612,0.323750257668035,1.0335410627668296,0.08895600706743878,1.4282079302250057,-0.16971490849653975,0.7250983589512339
0.5628756417789194,-0.07829012274553124,-0.6631074473411336,-0.8384624030898393,2.061804411760629,0.5330692257539013,0.10142529540719089,0.30167326858154614,0.7452007769718818,-1.3735254526097533,-0.7284721322891611,-1.4115212985653218,-0.9290758738653516,0.4895387240312183,1.171552153205196,-0.8838384939911589,-0.6311139667204612,-0.42133340936577957,1.990370116546636,0.5700599964935078,1.1330365245097693,-1.1002666261015883,-0.2794526611131482
-1.1303237020624068,0.7642538783479496,0.954472281308539,-0.8384624030898393,-0.22914998634372347,-0.2552749595104915,-0.9275269768396744,-0.28274911520189183,-0.6859118262663001,0.04282782530847982,-0.007212595369199463,-1.4115212985653218,-0.9290758738653516,-0.8068437734032816,-1.1611549444271776,-0.8838384939911589,-0.6311139667204612,-0.00887637940063261,1.1640177519186212,0.016157377088494743,-0.007135375998102197,0.7608368091085088,1.273035278986351
0.5082563081066177,-0.7573554370596803,-1.4608179984560412,0.12160905082982407,-0.5269740580972893,-1.9195571284019874,0.7873934769051011,-0.8671714989853299,-1.4014681278853909,-1.3735254526097533,0.7140469415507622,0.7354087306383301,-0.30091768483855236,0.4895387240312183,2.19794327616344,1.1314284304186495,1.1723916570680006,0.48341104346099467,0.8523234389448964,0.36115958003218834,1.190913270728443,0.7608368091085088,0.9331114489645651
-0.8572270337009028,-0.09086540634394068,-1.1616765417879507,2.0417519586691513,-0.25205953032476697,-1.1884858112978283,-1.2705110675886295,-1.4515938827687678,0.7452007769718818,0.7510044642675964,-0.007212595369199463,-1.4115212985653218,2.2117150712686446,-0.8068437734032816,-0.9745383766165876,-0.8838384939911589,-0.6311139667204612,-1.1464594781754742,-1.242552292436652,0.7662997816541407,0.826289769550799,0.7608368091085088,-0.49761273112712995
1.2401553793154496,-0.6441778846739882,-1.8818319004333532,-0.8384624030898393,1.6608873920923675,-1.6938346480057724,-1.6134951583375847,1.4705180361484222,-1.4014681278853909,0.7510044642675964,-0.7284721322891611,-1.4115212985653218,-0.30091768483855236,0.4895387240312183,0.25713097093330556,-0.8838384939911589,-0.6311139667204612,-0.7872227101413134,1.294494441070413,1.6272227101007892,1.8622835268650586,0.7608368091085088,-0.19827682110794556
0.9779825776884055,1.1918135206938938,-0.4636798095624071,-0.8384624030898393,-0.6529765499930287,-0.8583245713153048,1.4733616584030114,-1.4515938827687678,-1.4014681278853909,1.459181103226713,1.435306478470724,-1.4115212985653218,-0.9290758738653516,-0.8068437734032816,-1.0305233469597646,1.1314284304186495,-0.061585874997788954,-0.34150301646929976,-0.03201856530613798,-0.22755977544971157,-1.980732422054875,-1.1002666261015883,-0.9491533411560694
-0.6059780988083185,-1.2226409302008547,0.28971348871278285,1.0816805047494875,-1.0424387976707685,0.5128552722855836,1.4733616584030114,-0.28274911520189183,1.4607570785909727,-1.3735254526097533,0.7140469415507622,0.019765387570446186,0.3272405041882469,-0.8068437734032816,-0.5639819274332899,-0.8838384939911589,-0.6311139667204612,-0.38807074565891286,0.5478778309240483,-0.22755977544971157,0.21858393425472514,-1.1002666261015883,0.5678201689411538
-0.14717569596099175,1.166662953497075,0.47806181328158076,0.12160905082982407,0.4352267891065387,0.43199945841231246,-0.24155879534176422,1.4705180361484222,-1.4014681278853909,0.04282782530847982,-1.4497316692091227,0.019765387570446186,-0.9290758738653516,-0.8068437734032816,-0.8998917494923516,1.1314284304186495,1.409695028619114,0.6364192965125813,0.6711058151229631,0.016157377088494743,0.42694022064195053,-1.1002666261015883,0.6591429889470065
-0.824455433497522,-1.876555677318183,-1.3832628059865362,0.12160905082982407,-0.24060475833424522,1.9480459685361449,-0.5845428860907194,-0.8671714989853299,0.7452007769718818,0.04282782530847982,-0.007212595369199463,-0.6958779554974378,-0.9290758738653516,1.785921221465718,-0.7879218088059977,-0.8838384939911589,-0.6311139667204612,-0.20179982890045944,0.685603225028717,0.8042816755561983,-1.019978434824892,0.7608368091085088,-0.35048152111770037
-0.8790747671698227,-0.6441778846739882,-0.1866969793141754,-0.8384624030898393,-0.687340865964594,0.5600211637116583,-0.5845428860907194,0.8860956523649842,0.7452007769718818,0.7510044642675964,-0.7284721322891611,-0.6958779554974378,-0.30091768483855236,-0.8068437734032816,1.3395070642347269,-0.8838384939911589,-0.6311139667204612,-1.1065442817272342,-1.0395885537560872,-0.4744420858130887,0.24173463274219495,-0.16971490849653975,-1.1723869011703765
-2.845370779372652,-1.1094633778151644,-1.7045628890744855,2.0417519586691513,0.7445056328506263,-0.3260237966496037,-0.5845428860907194,0.30167326858154614,0.02964447535279087,-0.6653488136506367,1.435306478470724,0.019765387570446186,-0.9290758738653516,-0.8068437734032816,1.1528904964241369,1.1314284304186495,0.6503242396555514,1.5145536183738628,-0.133500434646421,-0.6073787144702919,-0.08237514608237784,0.7608368091085088,-0.7969486411463144
0.4536369744343171,0.4372965047892844,0.09028585093405633,-0.8384624030898393,-0.6071574620309417,-0.3159168199154448,-1.6134951583375847,1.4705180361484222,-1.4014681278853909,0.7510044642675964,0.7140469415507622,0.7354087306383301,-0.30091768483855236,0.4895387240312183,3.48559759405651,-0.8838384939911589,-0.6311139667204612,-2.117729258415982,-1.5107543756931134,1.7158471292055917,-0.012923050619969649,-0.16971490849653975,0.3801010389291227
0.2679312399484944,1.342716923874816,1.6967862663738003,-0.8384624030898393,0.6757770009074958,0.8463855045128267,-0.9275269768396744,-0.8671714989853299,0.02964447535279087,-1.3735254526097533,-0.007212595369199463,1.451052073706214,1.5835568822418453,-0.8068437734032816,2.2352665897255584,-0.8838384939911589,-0.6311139667204612,0.48341104346099467,0.692851929981595,2.4564940602957237,1.2661530408127195,-1.1002666261015883,0.3953215089300984
-0.016089295147469665,-0.354946361910555,-1.6491663230248392,-0.8384624030898393,-1.0538935696612903,-1.5253850357697911,-1.6134951583375847,1.4705180361484222,0.7452007769718818,0.7510044642675964,1.435306478470724,-0.6958779554974378,1.5835568822418453,-0.8068437734032816,0.7050107336787212,1.1314284304186495,-0.6311139667204612,1.8006125262529165,0.8595721438977733,0.10161663836812497,-1.6913486909615068,-0.16971490849653975,-0.04607212109819073
-0.07070862881977029,-0.6819037354692183,-1.305707613517031,2.0417519586691513,0.03430976943827707,-1.020036199061847,-0.5845428860907194,1.4705180361484222,1.4607570785909727,1.459181103226713,1.435306478470724,1.451052073706214,-0.9290758738653516,0.4895387240312183,0.20114600059012858,1.1314284304186495,0.31809951948399257,0.8426478114951556,0.9248104884736696,0.5384084182417928,-0.26179305936026637,-1.1002666261015883,0.892523528961964
0.5628756417789194,1.166662953497075,0.5999342585908021,-0.8384624030898393,-1.0997126576233773,-0.3024408509365663,0.7873934769051011,0.8860956523649842,1.4607570785909727,1.459181103226713,1.435306478470724,0.019765387570446186,0.9553986932150462,1.785921221465718,1.3208454074536677,-0.8838384939911589,-0.6311139667204612,-1.605484237330235,0.22893481299744545,-1.1264645977984182,-0.3891219010413487,-1.1002666261015883,-1.4260614011866344
0.8141245766715026,0.36184480319882417,0.9433929680986104,2.0417519586691513,0.2634052092487123,0.2365979082185741,-0.5845428860907194,0.8860956523649842,-1.4014681278853909,-0.6653488136506367,-1.4497316692091227,-0.6958779554974378,0.3272405041882469,0.4895387240312183,-0.4893353003090539,1.1314284304186495,0.08079614793287912,-1.5589165081406213,-1.1048268983319829,0.31051705482944403,-0.23285468625092953,-0.16971490849653975,1.0447282289717188
-1.272333969610389,1.3175663566779954,0.9655515945184692,-0.8384624030898393,0.664322228916974,-0.6258641064296505,-1.6134951583375847,0.30167326858154614,1.4607570785909727,0.04282782530847982,0.7140469415507622,-1.4115212985653218,-0.30091768483855236,-0.8068437734032816,-0.4893353003090539,1.1314284304186495,0.27063884517376985,-0.40137581114165977,1.4322198351750826,-0.24655072240074039,-0.9505263393624833,-1.1002666261015883,-0.5179066911284306
0.11499710566605242,-0.3926722127057851,-0.1866969793141754,0.12160905082982407,0.6872317728980175,-0.2923338742024074,0.444409386156146,0.8860956523649842,0.02964447535279087,1.459181103226713,1.435306478470724,-1.4115212985653218,-0.9290758738653516,0.4895387240312183,0.07051440312271567,-0.8838384939911589,-0.6311139667204612,-1.6786620974853417,-0.7351429457352391,-0.27187198500211235,-0.5453891158317674,-1.1002666261015883,-0.03592514109754026
-0.17994729616437252,-0.6190273174771675,-1.0508834096886581,-0.8384624030898393,0.08012885740036411,0.9205033338966585,0.7873934769051011,-0.8671714989853299,-1.4014681278853909,-1.3735254526097533,-1.4497316692091227,1.451052073706214,0.3272405041882469,-0.8068437734032816,0.3504392548386005,1.1314284304186495,0.31809951948399257,0.05099641527172738,-1.7282155242794333,0.3168473704797871,-0.48751236961309374,-1.1002666261015883,1.146198028978222
0.322550573620795,-1.1471892286103944,1.6192310739042952,1.0816805047494875,-1.214260377528595,-0.5921741839824542,0.7873934769051011,-1.4515938827687678,1.4607570785909727,0.7510044642675964,-1.4497316692091227,-0.6958779554974378,-0.30091768483855236,-0.8068437734032816,-0.6946135249007028,-0.8838384939911589,-0.6311139667204612,1.241799775977556,0.8740695538035281,-1.2657315421059645,1.6423518912340986,-0.16971490849653975,0.6388490289457059
-0.824455433497522,1.7828518498191714,-1.2170731078375971,-0.8384624030898393,-0.297878618286854,-1.0267741835512862,0.444409386156146,-1.4515938827687678,-1.4014681278853909,0.04282782530847982,1.435306478470724,0.7354087306383301,0.9553986932150462,-0.8068437734032816,-0.8812300927112927,1.1314284304186495,0.12825682224310186,-1.1597645436582207,-1.0105937339445774,0.5573993651928216,-1.3788142613806689,-1.1002666261015883,1.4353869589967563
0.3116267068863351,0.08518856403380043,-0.09806247363474155,0.12160905082982407,0.8590533527558439,-0.09356333176394939,0.7873934769051011,0.8860956523649842,1.4607570785909727,-1.3735254526097533,1.435306478470724,-1.4115212985653218,-0.30091768483855236,1.785921221465718,2.1792816193823814,-0.8838384939911589,-0.6311139667204612,-1.5589165081406213,0.3666602071021151,-0.29719324760348426,2.6031058784640817,-0.16971490849653975,-0.040998631097865494
0.5737995085133792,0.34926951960041475,-0.1866969793141754,2.0417519586691513,-1.214260377528595,2.0255327901646965,0.10142529540719089,-1.4515938827687678,-0.6859118262663001,0.04282782530847982,0.7140469415507622,-0.6958779554974378,0.9553986932150462,-0.8068437734032816,-0.004132224001520273,-0.8838384939911589,-0.6311139667204612,-2.0512039310022487,-0.5321792070546741,-0.5693968205682338,1.4455709540906077,1.6913885267135573,-0.751287231143388
-0.2236427631022132,0.5253234899781558,-0.4304418699326196,1.0816805047494875,1.6265230761208023,0.020982404556517946,0.444409386156146,-0.8671714989853299,-0.6859118262663001,-1.3735254526097533,-1.4497316692091227,-1.4115212985653218,-0.30091768483855236,-0.8068437734032816,2.7018080092520327,-0.8838384939911589,-0.6311139667204612,-1.5855266391061145,0.38840632196074687,0.19657137312327008,0.4906046414824917,-1.1002666261015883,0.3395131189265216
-0.6496735657461593,1.204388804292305,-0.7628212662304976,-0.8384624030898393,0.09158362939088588,0.5195932567750228,-0.24155879534176422,0.8860956523649842,0.7452007769718818,0.04282782530847982,1.435306478470724,0.7354087306383301,-0.30091768483855236,-0.8068437734032816,0.12649937346589263,-0.8838384939911589,-0.6311139667204612,-1.492391180726888,-1.046837258708964,1.1587793519754073,1.1040981514004327,1.6913885267135573,0.4003949989304233
-0.08163249555423119,-0.46812391429624534,0.43374456044186305,-0.8384624030898393,0.1488574893434947,-0.7774687574420337,1.1303775676540562,-0.28274911520189183,0.7452007769718818,1.459181103226713,-0.007212595369199463,0.019765387570446186,0.9553986932150462,0.4895387240312183,-0.2467337621552871,-0.8838384939911589,-0.6311139667204612,-1.3460354604166747,-0.0030237454946287715,0.42446273653561795,0.3517004505576749,2.621940244318606,0.8773030589609887
0.464560841168777,0.7642538783479496,-1.5937697569751927,-0.8384624030898393,-0.08023795046694056,-1.788166430857922,1.4733616584030114,0.30167326858154614,0.02964447535279087,-1.3735254526097533,1.435306478470724,-1.4115212985653218,0.3272405041882469,0.4895387240312183,0.7050107336787212,-0.8838384939911589,-0.6311139667204612,-0.062096641331619164,0.787085094369,1.0574943015699185,-1.7492254371801803,-1.1002666261015883,-2.3392896012451634
0.3880937740275565,-0.6441778846739882,0.9987895341482567,-0.8384624030898393,2.840728907116109,1.8166552709920794,0.7873934769051011,-0.8671714989853299,-1.4014681278853909,-0.6653488136506367,-0.7284721322891611,-0.6958779554974378,0.3272405041882469,-0.8068437734032816,-0.8252451223681158,-0.8838384939911589,-0.6311139667204612,0.915825671650262,0.7943337993218769,0.016157377088494743,0.5426937130792984,-0.16971490849653975,0.4663503689346506
0.35532217382417575,0.41214593759246554,-0.23101423215389308,-0.8384624030898393,1.6608873920923675,0.933979302875537,0.10142529540719089,0.8860956523649842,-0.6859118262663001,-0.6653488136506367,-1.4497316692091227,0.7354087306383301,0.3272405041882469,-0.8068437734032816,1.3768303777968447,-0.8838384939911589,-0.6311139667204612,-0.6209093916069799,0.7001006349344718,-0.5250846110158326,-1.4540540314649446,-0.16971490849653975,0.512011778937577
0.09314937219713158,1.380442774670046,-0.7849798926503565,-0.8384624030898393,-0.4697001981446805,-1.9195571284019874,0.7873934769051011,0.8860956523649842,0.7452007769718818,0.04282782530847982,-0.7284721322891611,-0.6958779554974378,-1.5572340628921508,1.785921221465718,-0.6572902113385848,-0.8838384939911589,-0.6311139667204612,0.5366313053919812,-0.7568890605938708,1.22841282412918,0.8147144203070641,-1.1002666261015883,1.4607544089983822
1.469556580739112,0.36184480319882417,-1.8264353343837068,0.12160905082982407,0.17176703332453822,0.9946211632804902,-0.9275269768396744,1.4705180361484222,-1.4014681278853909,-1.3735254526097533,1.435306478470724,1.451052073706214,-0.9290758738653516,-0.8068437734032816,-0.3027187324984641,-0.8838384939911589,-0.6311139667204612,0.3902755850817684,0.5913700606413119,1.1841006145767787,-1.3556635628931992,-1.1002666261015883,-1.6391479812002911
-0.8135315667630622,0.7265280275527194,0.3894273076021469,2.0417519586691513,-0.9049815337845074,-0.16431216890306155,1.1303775676540562,0.30167326858154614,0.02964447535279087,1.459181103226713,-0.7284721322891611,-1.4115212985653218,1.5835568822418453,-0.8068437734032816,0.9476122718324881,-0.8838384939911589,-0.6311139667204612,0.03103881704760754,0.7580902745574902,1.6905258666042193,2.6031058784640817,-0.16971490849653975,0.6287020489450555
-2.1899387753050426,-1.348393766184956,0.5999342585908021,0.12160905082982407,-0.8247981298508551,-1.6028718573983425,-0.5845428860907194,0.30167326858154614,0.02964447535279087,-0.6653488136506367,-1.4497316692091227,0.019765387570446186,-0.30091768483855236,-0.8068437734032816,-0.8252451223681158,-0.8838384939911589,-0.6311139667204612,0.7694699513400483,-1.090329488426228,1.405661662338784,-0.5627521396973698,-0.16971490849653975,0.5221587589382274
0.11499710566605242,0.9151572815288718,1.8518966513128108,-0.8384624030898393,0.6070483689643652,-0.26201294399993075,-0.5845428860907194,1.4705180361484222,-1.4014681278853909,-1.3735254526097533,-1.4497316692091227,1.451052073706214,2.2117150712686446,0.4895387240312183,-0.9558767198355287,-0.8838384939911589,-0.6311139667204612,0.44349584701275496,1.5626965243268744,1.3360281901850113,-1.5177184523054856,0.7608368091085088,-0.3657019911186757
0.5082563081066177,-0.7322048698628597,0.4669825000716521,1.0816805047494875,1.4088824083008886,-1.0335121680407253,-1.6134951583375847,-1.4515938827687678,0.02964447535279087,1.459181103226713,0.7140469415507622,1.451052073706214,-0.9290758738653516,0.4895387240312183,-0.8812300927112927,-0.8838384939911589,-0.6311139667204612,-0.055444108590245726,-0.8003812903111349,0.48776589303904805,0.623721157785441,0.7608368091085088,-0.7715811911446886
-1.0757043683901053,0.23609196721472264,-1.737800828704273,-0.8384624030898393,-0.8018885858698116,-1.2120687570108657,-0.9275269768396744,1.4705180361484222,1.4607570785909727,-1.3735254526097533,1.435306478470724,0.7354087306383301,-0.30091768483855236,-0.8068437734032816,-0.340042046060582,-0.8838384939911589,-0.6311139667204612,0.9490883353571287,-0.1117543197877887,-0.6326999770716639,-0.32545748020080756,1.6913885267135573,-0.22871776110989658
-0.17994729616437252,-0.7196295862644484,0.21215829624327767,0.12160905082982407,1.3057894603861926,-0.15083619992418304,-1.2705110675886295,0.30167326858154614,0.7452007769718818,-1.3735254526097533,0.7140469415507622,-0.6958779554974378,0.3272405041882469,1.785921221465718,-0.414688673184818,-0.8838384939911589,-0.6311139667204612,-0.32154541824517946,0.4608933714895202,-0.3541660884565717,-0.9736770378499527,-1.1002666261015883,0.14164700891384036
-0.5513587651360179,0.29896838520677343,-1.4608179984560412,0.12160905082982407,-0.5842479180498981,-0.8583245713153048,-1.2705110675886295,0.8860956523649842,0.7452007769718818,-0.6653488136506367,0.7140469415507622,0.019765387570446186,-1.5572340628921508,-0.8068437734032816,1.171552153205196,-0.8838384939911589,-0.6311139667204612,-1.0932392162444873,-0.19149007426943943,-0.20856882849868227,0.826289769550799,-0.16971490849653975,-1.6188540211989906
0.759505242999202,1.2546899386859445,2.106720855141184,1.0816805047494875,-0.42388111018259345,-0.9223354239649777,0.7873934769051011,-1.4515938827687678,-1.4014681278853909,1.459181103226713,0.7140469415507622,-1.4115212985653218,0.9553986932150462,0.4895387240312183,0.29445428449542355,-0.8838384939911589,-0.6311139667204612,-0.13527450148672604,-0.0030237454946287715,-0.9428854439384712,-0.1344642176791841,-0.16971490849653975,-0.38599595111997664
1.032601911360705,-0.0657148391471218,0.10136516414398498,0.12160905082982407,1.878528059912281,-0.09356333176394939,1.4733616584030114,1.4705180361484222,0.02964447535279087,-0.6653488136506367,-0.007212595369199463,-1.4115212985653218,-0.9290758738653516,-0.8068437734032816,0.3504392548386005,1.1314284304186495,1.1723916570680006,0.3969281178231414,0.49713689625390683,1.905756598715882,-0.34282050406640946,-0.16971490849653975,-1.3702530111830578
0.6939620425924404,-0.19146767513122334,-1.305707613517031,-0.8384624030898393,-0.0687831784764188,-0.5955431762271739,1.4733616584030114,-1.4515938827687678,-0.6859118262663001,0.7510044642675964,0.7140469415507622,0.7354087306383301,-0.30091768483855236,0.4895387240312183,-0.8252451223681158,1.1314284304186495,0.6503242396555514,-1.0134088233480074,0.7798363894161231,0.9688698824651171,-0.1923409638978578,-0.16971490849653975,-0.4418043411235531
0.6721143091235205,0.23609196721472264,-0.5966315680815586,-0.8384624030898393,1.145422652518888,1.729061472629369,0.444409386156146,1.4705180361484222,-0.6859118262663001,-1.3735254526097533,-0.007212595369199463,-0.6958779554974378,-0.30091768483855236,0.4895387240312183,0.16382268702801062,1.1314284304186495,-0.1565072236182343,-1.239594936554701,-1.8659409183841025,-2.3545458339649614,0.06810439408617386,0.7608368091085088,0.11627955891221456
0.47548470790323794,1.242114655087535,0.7772032699496714,-0.8384624030898393,-0.4697001981446805,0.5970800784035742,-0.5845428860907194,0.8860956523649842,1.4607570785909727,0.7510044642675964,-0.007212595369199463,-1.4115212985653218,-0.9290758738653516,-0.8068437734032816,-0.47067364352799496,1.1314284304186495,1.7893804231008956,-0.6142568588656069,1.0190436528610747,0.016157377088494743,1.4282079302250057,-0.16971490849653975,0.4206889589317242
0.08222550546267166,0.6888021767574876,-0.12022110005460039,0.12160905082982407,0.011400225457233543,0.9845141865463314,-0.24155879534176422,0.30167326858154614,0.7452007769718818,1.459181103226713,-0.007212595369199463,1.451052073706214,-0.30091768483855236,0.4895387240312183,-1.3850948257998854,-0.8838384939911589,-0.6311139667204612,-1.0267138888307539,0.3304166823377285,-0.6770121866240647,0.47324161761688976,-0.16971490849653975,-0.3758489711193262
-0.3547291639157353,0.6510763259622574,-0.16453835289431654,-0.8384624030898393,0.6185031409548869,1.3348893799971726,-0.5845428860907194,-1.4515938827687678,0.7452007769718818,-0.6653488136506367,0.7140469415507622,0.7354087306383301,1.5835568822418453,1.785921221465718,-0.2653954189363461,1.1314284304186495,0.31809951948399257,-0.2084523616418329,0.7798363894161231,-1.1707768073508196,1.7870437567807829,-1.1002666261015883,0.4511298989336749
0.20238803954173382,-0.34237107831214375,-0.1866969793141754,0.12160905082982407,-0.21769521435320172,-1.4344222451623612,-0.24155879534176422,1.4705180361484222,-0.6859118262663001,1.459181103226713,1.435306478470724,-1.4115212985653218,-0.30091768483855236,-0.8068437734032816,0.4810708523060134,-0.8838384939911589,-0.6311139667204612,-0.14857956696947291,1.3597327856463093,0.03831348186469491,-0.3833342264194812,-1.1002666261015883,0.07061814890928783
0.06037777199375179,0.8397055799384098,-1.9926250325326458,-0.8384624030898393,-0.6186122340214634,-0.8044206953997908,0.10142529540719089,-0.28274911520189183,0.02964447535279087,0.04282782530847982,-1.4497316692091227,0.019765387570446186,-0.30091768483855236,-0.8068437734032816,1.9553417380096734,-0.8838384939911589,-0.6311139667204612,0.2439198647715547,0.18544258328018187,1.2853856649822675,-0.37175887717574635,0.7608368091085088,-0.2337912511102218
-0.9992373012488849,-1.62505000534998,-0.9179316511695065,-0.8384624030898393,3.4249222786327187,-0.056504417072033485,0.10142529540719089,-0.8671714989853299,-1.4014681278853909,0.7510044642675964,-1.4497316692091227,-1.4115212985653218,-0.9290758738653516,-0.8068437734032816,-1.1611549444271776,1.1314284304186495,0.6503242396555514,-0.4146808766244066,0.692851929981595,-1.689862690678946,1.3124544377876584,-0.16971490849653975,0.25326378892099366
2.201455651947943,0.4624470719861051,1.2314551115567707,-0.8384624030898393,0.12594794536245116,1.3685793024443689,0.444409386156146,-0.28274911520189183,-1.4014681278853909,-1.3735254526097533,1.435306478470724,1.451052073706214,-0.30091768483855236,0.4895387240312183,0.5743791362113083,-0.8838384939911589,-0.6311139667204612,0.14413187365095456,0.07671200898702195,-0.10095346244285142,0.80313907106333,-1.1002666261015883,-0.05114561109851596
-1.3051055698137688,-0.40524749630419454,1.0652654134078317,0.12160905082982407,0.06867408540984235,0.7419467449265182,0.10142529540719089,0.30167326858154614,-1.4014681278853909,0.04282782530847982,-0.007212595369199463,0.7354087306383301,-0.9290758738653516,-0.8068437734032816,0.8169806743650752,-0.8838384939911589,-0.6311139667204612,-1.419213320571781,-2.503826954237307,-0.1579263032959384,-0.8926495931438096,2.621940244318606,0.07569163890961306
-0.09255636228869113,0.6133504751670273,-2.6241458854986144,1.0816805047494875,-0.9508006217465945,0.32419170658128443,0.444409386156146,-0.8671714989853299,0.7452007769718818,-1.3735254526097533,-0.007212595369199463,-0.6958779554974378,-0.30091768483855236,-0.8068437734032816,-0.452011986746936,1.1314284304186495,0.6503242396555514,0.3902755850817684,-0.44519474762014594,0.17758042617224123,0.5542690623230324,-0.16971490849653975,-1.2738567011768795
0.20238803954173382,-1.7885286921293115,0.2232376094532079,-0.8384624030898393,-0.6644313219835505,-0.413617595012314,1.1303775676540562,-1.4515938827687678,0.02964447535279087,1.459181103226713,-0.007212595369199463,-0.6958779554974378,-0.30091768483855236,-0.8068437734032816,1.2461987803294319,-0.8838384939911589,-0.6311139667204612,1.6742144041668234,1.0625358825783382,-0.22122945979936845,-0.7132316798659211,-1.1002666261015883,0.13657351891351513
-0.4202723643224959,-0.6693284518708089,0.5999342585908021,2.0417519586691513,2.8636384510971524,-1.5759199194405855,0.7873934769051011,0.8860956523649842,-1.4014681278853909,1.459181103226713,0.7140469415507622,0.019765387570446186,1.5835568822418453,-0.8068437734032816,-0.22807210537422812,1.1314284304186495,2.0741444689622317,0.03103881704760754,-0.6699046011593432,-0.6263696614213208,-0.0997381699479802,-1.1002666261015883,-0.7411402511427378
0.30070284015187515,-1.0591622434215229,0.10136516414398498,-0.8384624030898393,0.3206790692013211,0.698149845745163,0.10142529540719089,-1.4515938827687678,-0.6859118262663001,-0.6653488136506367,0.7140469415507622,0.019765387570446186,-0.9290758738653516,1.785921221465718,-1.4410797961430624,1.1314284304186495,0.9825489598271102,-0.015528912142006048,-1.1773139478607562,-0.13260504069456644,-0.7884714499501971,-0.16971490849653975,0.669289968947657
0.5628756417789194,1.7577012826223506,-1.0508834096886581,0.12160905082982407,0.4925006490591476,-0.04976643258259423,0.10142529540719089,-0.28274911520189183,-1.4014681278853909,-1.3735254526097533,-0.7284721322891611,-0.6958779554974378,-0.30091768483855236,-0.8068437734032816,0.08917605990377467,1.1314284304186495,-0.3463499208591251,-1.066629085278994,-0.19873877922231686,-0.24655072240074039,0.7047486024915846,-0.16971490849653975,0.4003949989304233
-1.7966795728644762,0.9277325651272812,-0.652028134131205,-0.8384624030898393,-0.6987956379551157,0.9440862796096958,-0.5845428860907194,0.30167326858154614,0.7452007769718818,-0.6653488136506367,1.435306478470724,0.019765387570446186,2.2117150712686446,-0.8068437734032816,0.984935585394606,1.1314284304186495,-0.6311139667204612,0.8759104752020223,-0.30022064856259933,0.4307930521859615,1.399269557115669,-0.16971490849653975,0.9990668189687921
1.032601911360705,0.8271302963400002,-1.5826904437652634,-0.8384624030898393,0.022854997447755307,-1.3771493770021275,-0.5845428860907194,-0.8671714989853299,0.02964447535279087,1.459181103226713,1.435306478470724,1.451052073706214,-0.30091768483855236,0.4895387240312183,-0.7132751816817618,1.1314284304186495,1.0774703084475556,0.7561648858573022,-0.6264123714420792,0.10794695401846807,0.7568376740883904,-0.16971490849653975,0.21267586891839255
-0.8026077000286013,-0.34237107831214375,-0.4969177491921946,2.0417519586691513,-0.38951679421102814,-0.918966431720258,-1.6134951583375847,-0.28274911520189183,0.7452007769718818,-1.3735254526097533,-1.4497316692091227,1.451052073706214,-0.9290758738653516,0.4895387240312183,-0.9185534062734106,-0.8838384939911589,-0.6311139667204612,1.5278586838566097,0.982800128096688,-0.34783577280622857,-2.4668970902917344,-1.1002666261015883,1.146198028978222
0.4099415074964764,0.7139527439543082,-0.7406626398106388,2.0417519586691513,-0.2864238462963323,1.26750953510278,-1.2705110675886295,-0.8671714989853299,1.4607570785909727,0.7510044642675964,-0.007212595369199463,0.019765387570446186,0.9553986932150462,0.4895387240312183,0.12649937346589263,1.1314284304186495,1.5046163772395595,0.5698939690988479,0.7435928646517365,-1.2150890169032202,1.2835160646783215,-1.1002666261015883,-0.41643689112192733
-1.6218977051131136,1.166662953497075,-0.5412350020319123,0.12160905082982407,1.3745180923293232,0.3376676755601629,1.1303775676540562,1.4705180361484222,0.7452007769718818,0.04282782530847982,-1.4497316692091227,0.019765387570446186,-0.9290758738653516,0.4895387240312183,-0.5079969570901129,1.1314284304186495,0.3655601937942153,0.6297667637712084,0.12020423870428551,2.6653944767570428,-0.8810742439000752,-1.1002666261015883,-1.7000298612041933
-0.45304396452587664,-0.9837105418310628,-0.00942796795530771,-0.8384624030898393,-0.14896658241007113,0.8564924812469855,-0.5845428860907194,0.8860956523649842,-1.4014681278853909,-1.3735254526097533,-0.7284721322891611,-0.6958779554974378,-0.30091768483855236,0.4895387240312183,-0.13476382146893318,-0.8838384939911589,-0.6311139667204612,-0.6541720553138466,1.5409504094682427,-1.1391252290991045,-0.9100126170094119,0.7608368091085088,-0.48746575112647983
-1.39249650368945,-1.1597645122088038,0.9987895341482567,-0.8384624030898393,-0.5384288300878111,-0.7875757341761926,-1.6134951583375847,0.30167326858154614,-1.4014681278853909,1.459181103226713,-0.007212595369199463,0.019765387570446186,-0.30091768483855236,1.785921221465718,-0.8625684359302337,1.1314284304186495,1.8368410974111185,1.2284947104948092,-0.8003812903111349,0.2155623200742989,0.14913183879231695,-1.1002666261015883,-0.2540852111115224
-1.1630953022657866,-0.3046452275169137,-1.8485939608035657,-0.8384624030898393,1.9587114638459333,-0.1542051921689027,0.7873934769051011,-0.8671714989853299,0.02964447535279087,-0.6653488136506367,-0.007212595369199463,-0.6958779554974378,-0.30091768483855236,-0.8068437734032816,-1.3850948257998854,-0.8838384939911589,-0.6311139667204612,1.7407397315805568,-1.8007025738082068,0.10161663836812497,1.6597149150997006,-0.16971490849653975,1.39987252899448
1.1309167119708483,-1.6124747217515705,-1.8818319004333532,0.12160905082982407,0.8590533527558439,-0.693243951324043,-1.6134951583375847,0.30167326858154614,-0.6859118262663001,0.7510044642675964,-0.007212595369199463,-1.4115212985653218,2.2117150712686446,-0.8068437734032816,-0.47067364352799496,1.1314284304186495,0.7927062625862195,2.519086062321238,0.5116343061596617,-1.1327949134487614,0.432727895263818,1.6913885267135573,-1.3702530111830578
-0.824455433497522,-1.0465869598231134,1.120661979457478,-0.8384624030898393,-0.5040645141162458,1.4460661240729202,-0.5845428860907194,0.30167326858154614,0.02964447535279087,-1.3735254526097533,-0.7284721322891611,-1.4115212985653218,-0.30091768483855236,-0.8068437734032816,-1.1424932876461185,1.1314284304186495,0.27063884517376985,0.14413187365095456,-0.38720510799712754,-2.7533557199365712,1.1040981514004327,0.7608368091085088,1.4759748789993574
-0.37657689738465516,0.9654584159225112,-1.3943421191964662,1.0816805047494875,-1.0882578856328557,1.3517343412207707,-0.9275269768396744,0.30167326858154614,-0.6859118262663001,-0.6653488136506367,-0.007212595369199463,0.019765387570446186,0.3272405041882469,-0.8068437734032816,-0.2467337621552871,-0.8838384939911589,-0.6311139667204612,-0.5011638022622599,-0.3437128782798634,0.8929060946610008,-0.614841211294176,-1.1002666261015883,1.8209721990214682
-0.1253279624920719,2.235562059361938,0.8769170888390337,-0.8384624030898393,-0.4582454261541587,0.6644599232979668,-0.9275269768396744,-0.8671714989853299,-0.6859118262663001,-0.6653488136506367,0.7140469415507622,0.019765387570446186,-0.9290758738653516,1.785921221465718,-0.15342547824999217,-0.8838384939911589,-0.6311139667204612,-0.035486510366125885,0.692851929981595,0.7156572564513968,-0.30230678171333814,-0.16971490849653975,0.7707597689541599
2.201455651947943,-0.9082588402406008,0.2232376094532079,-0.8384624030898393,-0.8706172178129422,-0.6797679823451646,0.444409386156146,0.8860956523649842,0.02964447535279087,1.459181103226713,-0.7284721322891611,0.019765387570446186,-0.9290758738653516,0.4895387240312183,-1.1798166012082365,-0.8838384939911589,-0.6311139667204612,-0.8936632340032871,-0.44519474762014594,-0.3415054571558855,-1.8997049773487322,-1.1002666261015883,1.6941349490133393
-0.7698360998252214,0.34926951960041475,0.36726868118228806,1.0816805047494875,2.073259183751151,-0.13736023094530453,0.10142529540719089,-0.8671714989853299,0.7452007769718818,-0.6653488136506367,-0.007212595369199463,-1.4115212985653218,-1.5572340628921508,-0.8068437734032816,0.12649937346589263,1.1314284304186495,0.413020868104438,-0.60095179338286,0.49713689625390683,0.44978399913699035,0.80313907106333,-1.1002666261015883,1.0498017189720437
0.5410279083099985,0.41214593759246554,0.09028585093405633,-0.8384624030898393,0.5039554210496693,0.1254211641428264,-0.5845428860907194,0.8860956523649842,0.02964447535279087,0.04282782530847982,0.7140469415507622,1.451052073706214,-1.5572340628921508,0.4895387240312183,0.3131159412764825,1.1314284304186495,-0.6311139667204612,-0.8870107012619136,-0.2639771237982127,-1.1327949134487614,0.2359469581203275,1.6913885267135573,0.21774935891871777
0.30070284015187515,0.9025819979304605,-0.19777629252410403,0.12160905082982407,1.0308749326136704,1.702109534671612,-0.24155879534176422,0.30167326858154614,0.7452007769718818,1.459181103226713,1.435306478470724,0.019765387570446186,-1.5572340628921508,-0.8068437734032816,0.10783771668483365,1.1314284304186495,1.2198523313782237,-0.00887637940063261,-1.6339823598920278,0.36748989568253143,1.202488619972178,2.621940244318606,1.8361926690224437
0.02760617179037103,0.776829161946359,0.4669825000716521,0.12160905082982407,-0.8133433578603334,1.9547839530255842,1.4733616584030114,0.8860956523649842,-0.6859118262663001,-1.3735254526097533,-0.7284721322891611,0.019765387570446186,0.9553986932150462,-0.8068437734032816,-0.47067364352799496,-0.8838384939911589,-0.6311139667204612,-2.0512039310022487,0.17094517337442702,1.2537340867305524,1.5323860734186183,-1.1002666261015883,1.0650221889730198
-0.1580995626954517,0.06003799683697975,0.4559031868617219,-0.8384624030898393,-0.6415217780025069,-0.34960674236264105,1.4733616584030114,-1.4515938827687678,-0.6859118262663001,1.459181103226713,1.435306478470724,0.019765387570446186,-0.9290758738653516,1.785921221465718,0.6490257633355443,-0.8838384939911589,-0.6311139667204612,-1.3327303949339278,-0.0030237454946287715,-0.13260504069456644,-0.33124515482267497,-1.1002666261015883,-0.48239226112615463
0.03853003852483096,-1.9017062445150037,-0.00942796795530771,-0.8384624030898393,-1.168441289566508,-0.9223354239649777,1.4733616584030114,1.4705180361484222,-0.6859118262663001,-0.6653488136506367,0.7140469415507622,0.7354087306383301,-0.9290758738653516,1.785921221465718,2.1046349922581453,-0.8838384939911589,-0.6311139667204612,-0.9867986923825137,1.171266456871498,-0.4048086136593156,-0.5801151635629718,-1.1002666261015883,-2.415391951250041
1.1527644454397683,-0.6693284518708089,-1.8707525872234245,-0.8384624030898393,0.4352267891065387,0.7992196130867518,0.444409386156146,-0.8671714989853299,0.7452007769718818,-1.3735254526097533,-1.4497316692091227,0.7354087306383301,0.9553986932150462,0.4895387240312183,-1.2917865418945904,1.1314284304186495,1.9317624460315639,-0.1884947634177126,-0.5611740268661833,-0.08196251549182212,-0.01871072524183669,-1.1002666261015883,-0.4570248111245288
0.5519517750444584,-0.9334094074374214,-2.0812595382120804,0.12160905082982407,-0.1260570384290276,0.6745669000321256,-1.2705110675886295,0.30167326858154614,1.4607570785909727,0.7510044642675964,-1.4497316692091227,0.7354087306383301,-0.9290758738653516,0.4895387240312183,-0.17208713503105116,1.1314284304186495,-0.29888924654890237,0.8759104752020223,-0.35096158323274085,-0.34783577280622857,-1.5466568254148225,-0.16971490849653975,0.5931876189427796
0.09314937219713158,-0.279494660320093,0.9433929680986104,0.12160905082982407,-0.8706172178129422,1.5302909301909111,-1.6134951583375847,-0.8671714989853299,-1.4014681278853909,0.7510044642675964,-0.007212595369199463,-1.4115212985653218,-0.30091768483855236,0.4895387240312183,-0.4893353003090539,-0.8838384939911589,-0.6311139667204612,0.25057239751292765,0.3159192724319736,-0.06930188419113639,1.3182421124095254,0.7608368091085088,0.5272322489385523
1.2510792460499096,-0.46812391429624534,0.8658377756291051,-0.8384624030898393,0.7788699488221916,-0.34960674236264105,-1.2705110675886295,0.30167326858154614,0.02964447535279087,-1.3735254526097533,0.7140469415507622,0.7354087306383301,-0.9290758738653516,-0.8068437734032816,0.5370558226491904,-0.8838384939911589,-0.6311139667204612,-0.8005277756240603,0.14919905851579524,0.006661903612979874,1.011495357450555,1.6913885267135573,-0.1069540011020928
-0.3438052971812744,0.07261328043539099,-1.33894555314682,0.12160905082982407,-1.1111674296138991,0.39157155147567696,1.1303775676540562,0.8860956523649842,1.4607570785909727,1.459181103226713,0.7140469415507622,-1.4115212985653218,2.8398732602954437,0.4895387240312183,-0.32138038927952306,-0.8838384939911589,-0.6311139667204612,-0.7606125791758201,2.048359756169656,1.5069467127442726,0.617933483163574,-1.1002666261015883,-0.558494611131032
-0.4967394314637173,2.021782238188965,-0.13130041326452904,-0.8384624030898393,0.4810458770686258,0.25344286944217226,1.1303775676540562,-0.28274911520189183,-0.6859118262663001,-0.6653488136506367,-1.4497316692091227,1.451052073706214,0.3272405041882469,-0.8068437734032816,-0.15342547824999217,-0.8838384939911589,-0.6311139667204612,0.8093851477882889,0.32316797738485054,1.4752951344925576,-1.2456977450777194,-0.16971490849653975,-0.8324630711485906
-1.0210850347178047,0.210941400017902,-0.6298695077113461,-0.8384624030898393,-1.2028056055380734,-1.08404705171152,-1.2705110675886295,-0.8671714989853299,-0.6859118262663001,0.04282782530847982,1.435306478470724,-1.4115212985653218,2.2117150712686446,-0.8068437734032816,-1.1424932876461185,-0.8838384939911589,-0.6311139667204612,0.9623934008398756,-0.5031843872431644,0.5827206277941931,-0.0418614237293065,0.7608368091085088,1.8818540790253704
2.0048260507276603,-0.0279889883518899,0.40050662081207555,1.0816805047494875,-0.6415217780025069,-0.1440982154347438,0.444409386156146,-0.8671714989853299,1.4607570785909727,-1.3735254526097533,1.435306478470724,1.451052073706214,0.3272405041882469,-0.8068437734032816,-0.5826435842143489,-0.8838384939911589,-0.6311139667204612,1.1220541866328362,1.395976310410696,-1.2340799638542495,0.49639231610435913,-0.16971490849653975,-1.096284551165499
-0.8572270337009028,1.0534854011113828,-0.16453835289431654,0.12160905082982407,-0.30933339027737583,-1.9195571284019874,-0.24155879534176422,0.8860956523649842,-1.4014681278853909,0.7510044642675964,-0.7284721322891611,0.019765387570446186,-0.9290758738653516,-0.8068437734032816,-0.9185534062734106,-0.8838384939911589,-0.6311139667204612,-0.4545960730726463,-1.2135574726251428,-1.3670165925114528,-1.3440882136494645,-0.16971490849653975,0.9229644689639147
0.39901764076201646,-0.8202318550517311,-1.1062799757383044,0.12160905082982407,-0.4353358821731152,-1.9195571284019874,0.10142529540719089,-0.28274911520189183,1.4607570785909727,1.459181103226713,0.7140469415507622,0.019765387570446186,-0.9290758738653516,-0.8068437734032816,-0.9372150630544697,-0.8838384939911589,-0.6311139667204612,-0.015528912142006048,-0.6554071912535884,-1.4239894333645398,0.8378651187945338,-1.1002666261015883,0.09598559891091363
-0.11440409575761099,-1.4992971693658783,0.0016513452546225037,2.0417519586691513,-1.1569865175759861,-1.9195571284019874,-0.5845428860907194,1.4705180361484222,-1.4014681278853909,0.7510044642675964,-1.4497316692091227,0.019765387570446186,0.9553986932150462,-0.8068437734032816,-0.6013052409954078,-0.8838384939911589,-0.6311139667204612,0.5499363708747281,-0.1117543197877887,-0.7909578683302391,0.6989609278697166,0.7608368091085088,-1.131798981167775
0.6721143091235205,-1.62505000534998,-1.1173592889482347,0.12160905082982407,-0.20624044236267994,-0.8347416256022674,1.4733616584030114,1.4705180361484222,-0.6859118262663001,0.04282782530847982,-0.7284721322891611,-0.6958779554974378,-0.30091768483855236,-0.8068437734032816,-1.1611549444271776,-0.8838384939911589,-0.6311139667204612,-0.833790439330927,-0.2059874841751943,0.8042816755561983,-0.41227259952881806,-0.16971490849653975,0.23804331892001834
0.11499710566605242,0.41214593759246554,-0.6077108812914873,-0.8384624030898393,0.09158362939088588,0.09510023394034975,-1.6134951583375847,1.4705180361484222,0.02964447535279087,-1.3735254526097533,0.7140469415507622,0.019765387570446186,2.2117150712686446,0.4895387240312183,1.3395070642347269,-0.8838384939911589,-0.6311139667204612,-0.7938752428826868,-0.5466766169604285,-0.24655072240074039,0.32276207744833807,-0.16971490849653975,-0.15768890110534442
0.2897789734174152,-1.3861196169801882,1.209296485136912,-0.8384624030898393,1.5577944441776717,1.2708785273474996,1.1303775676540562,-0.8671714989853299,0.7452007769718818,1.459181103226713,1.435306478470724,0.7354087306383301,0.3272405041882469,3.082303718900218,-0.17208713503105116,1.1314284304186495,1.5046163772395595,0.07760654623722113,1.4684633599394694,0.016157377088494743,0.14913183879231695,-0.16971490849653975,-0.2033503111082708
-0.7916838332941413,-1.235216213799266,-1.073042036108517,-0.8384624030898393,1.4432467242724538,0.3713575980073592,0.444409386156146,-0.28274911520189183,1.4607570785909727,-0.6653488136506367,1.435306478470724,-1.4115212985653218,-0.9290758738653516,-0.8068437734032816,-1.3850948257998854,-0.8838384939911589,-0.6311139667204612,-0.04879157584887276,-0.3292154683741086,0.08895600706743878,0.9131048888788096,-0.16971490849653975,-0.5432741411300563
0.8359723101404234,-0.6567531682723976,0.555617005751086,-0.8384624030898393,1.7181612520449763,-0.5045803856197439,1.4733616584030114,-0.28274911520189183,-0.6859118262663001,-0.6653488136506367,1.435306478470724,0.7354087306383301,-0.9290758738653516,0.4895387240312183,-1.0305233469597646,1.1314284304186495,-0.6311139667204612,-0.5011638022622599,0.9755514231438102,-0.7213243961764659,-0.0650121222167759,-0.16971490849653975,-1.4818697911902112
-1.829451173067857,0.13548969842744177,1.707865579583729,1.0816805047494875,-0.14896658241007113,0.45221341188063024,0.10142529540719089,-0.8671714989853299,0.7452007769718818,0.7510044642675964,-1.4497316692091227,0.019765387570446186,-0.30091768483855236,1.785921221465718,0.8729656447082521,-0.8838384939911589,-0.6311139667204612,-1.066629085278994,1.3669814905991864,0.006661903612979874,1.746530034427711,-1.1002666261015883,0.1822349289164415
0.09314937219713158,-0.04056427195030113,0.44482387365179327,1.0816805047494875,-0.7904338138792898,0.4252614739228732,-1.6134951583375847,0.8860956523649842,0.02964447535279087,-0.6653488136506367,1.435306478470724,-0.6958779554974378,-0.30091768483855236,0.4895387240312183,-1.3291098554567085,1.1314284304186495,0.9350882855168874,-1.6587044992612214,-0.08275949997627949,0.42446273653561795,0.3980018475326137,-0.16971490849653975,-0.18812984110729508
-0.7152167661529208,1.342716923874816,0.6110135718007322,2.0417519586691513,0.08012885740036411,1.0586320159301632,-0.9275269768396744,1.4705180361484222,1.4607570785909727,1.459181103226713,-0.7284721322891611,-0.6958779554974378,-0.9290758738653516,1.785921221465718,-0.32138038927952306,1.1314284304186495,1.5046163772395595,0.1374793409095811,0.1636964684215501,0.8232726225072281,-0.37754655179761376,-1.1002666261015883,0.1822349289164415
0.7922768432025827,-1.637625288948391,-1.3832628059865362,-0.8384624030898393,0.6528674569264522,-1.9195571284019874,-1.2705110675886295,1.4705180361484222,1.4607570785909727,-1.3735254526097533,-1.4497316692091227,0.019765387570446186,-1.5572340628921508,0.4895387240312183,0.10783771668483365,1.1314284304186495,1.3147736799986687,-1.9514159398816486,-0.3944538129500044,0.016157377088494743,-0.4701493457474918,-0.16971490849653975,-0.8020221311466396
-1.6655931720509543,-0.7447801534612691,1.6857069531638718,0.12160905082982407,-0.022964090514331743,-0.7370408505053982,0.10142529540719089,0.30167326858154614,-0.6859118262663001,0.7510044642675964,1.435306478470724,0.019765387570446186,0.3272405041882469,-0.8068437734032816,-0.526658613871172,1.1314284304186495,0.7927062625862195,-1.7318823594163284,-0.08275949997627949,0.9752001981154598,0.5426937130792984,-1.1002666261015883,1.1563450089788725
-0.3547291639157353,0.638501042363848,0.3894273076021469,0.12160905082982407,-0.687340865964594,-0.10030131625338864,0.444409386156146,1.4705180361484222,-1.4014681278853909,0.7510044642675964,-1.4497316692091227,1.451052073706214,0.3272405041882469,1.785921221465718,-0.004132224001520273,1.1314284304186495,1.409695028619114,-0.055444108590245726,0.4608933714895202,1.0701549328706048,-1.6971363655833742,-0.16971490849653975,1.1309775589772466
1.8846635166485992,-0.1788923915328121,1.5305965682248612,-0.8384624030898393,-1.2371699215096386,-1.6129788341325013,1.4733616584030114,-1.4515938827687678,1.4607570785909727,-1.3735254526097533,-0.007212595369199463,1.451052073706214,1.5835568822418453,0.4895387240312183,-0.6572902113385848,-0.8838384939911589,-0.6311139667204612,0.09091161171996753,-1.3947750964470762,-0.6200393457709777,1.5265983987967513,-0.16971490849653975,0.8062741989564361
0.1914641728072729,-0.4555486306978359,1.7521828324234467,-0.8384624030898393,-0.8133433578603334,-0.5247943390880617,-1.2705110675886295,-1.4515938827687678,-1.4014681278853909,1.459181103226713,-1.4497316692091227,-1.4115212985653218,-0.30091768483855236,1.785921221465718,1.09690552608096,1.1314284304186495,0.8876276112066649,0.31044519218528815,-0.05376468016477028,0.7346482034024256,-1.7781638102895172,-0.16971490849653975,-1.7304708012061438
0.4536369744343171,0.2612425344115433,-2.2142112967312313,2.0417519586691513,0.21758612128662527,2.1266025575062852,0.10142529540719089,0.8860956523649842,0.7452007769718818,-0.6653488136506367,0.7140469415507622,0.7354087306383301,-0.30091768483855236,0.4895387240312183,0.4997325090870724,1.1314284304186495,0.6503242396555514,0.5831990345815948,0.0912094188927763,1.5955711318490742,1.555536771906088,0.7608368091085088,0.33443962892619633
0.3880937740275565,-0.5310003322882961,-0.21993491894396286,0.12160905082982407,0.5039554210496693,0.418523489433434,0.10142529540719089,-0.8671714989853299,-1.4014681278853909,0.04282782530847982,-1.4497316692091227,-1.4115212985653218,0.3272405041882469,0.4895387240312183,0.14516103024695162,1.1314284304186495,-0.25142857223867965,0.5166737071678614,-0.29297194360972195,-0.6263696614213208,0.46166626837315483,-0.16971490849653975,-0.5483476311303815
0.322550573620795,-0.354946361910555,0.023809971674481355,-0.8384624030898393,-0.492609742125724,-1.0941540284456788,-1.6134951583375847,-1.4515938827687678,1.4607570785909727,-0.6653488136506367,-1.4497316692091227,0.7354087306383301,0.9553986932150462,1.785921221465718,-0.20941044859316912,-0.8838384939911589,-0.6311139667204612,-0.6142568588656069,-1.5759927202690094,-0.9618763908894999,-0.36018352793201186,1.6913885267135573,-0.685331861139161
-0.5295110316670971,0.16064026562426242,-0.21993491894396286,-0.8384624030898393,-0.3436977062489411,-0.8044206953997908,-1.6134951583375847,0.30167326858154614,-0.6859118262663001,-0.6653488136506367,-1.4497316692091227,0.7354087306383301,1.5835568822418453,-0.8068437734032816,-0.9745383766165876,-0.8838384939911589,-0.6311139667204612,-0.022181444883379014,-0.024769860353261067,0.4751052617383627,1.202488619972178,-0.16971490849653975,-0.4570248111245288
1.4040133803323525,-0.7196295862644484,0.17892035661349018,-0.8384624030898393,0.5841388249833217,-0.11040829298754752,0.10142529540719089,-0.8671714989853299,-1.4014681278853909,-0.6653488136506367,-1.4497316692091227,-1.4115212985653218,0.9553986932150462,-0.8068437734032816,0.9662739286135471,1.1314284304186495,0.555402891035106,-0.7340024482103269,-0.9671015042273138,-0.10728377809319406,-0.49330004423496115,-0.16971490849653975,1.5368567590032596
0.1586925726038931,-0.9711352582326516,0.21215829624327767,-0.8384624030898393,-0.7904338138792898,-0.8347416256022674,0.7873934769051011,0.8860956523649842,0.02964447535279087,-1.3735254526097533,-1.4497316692091227,-1.4115212985653218,0.3272405041882469,1.785921221465718,-0.340042046060582,1.1314284304186495,1.3622343543088917,1.4214181599946365,0.7798363894161231,1.2663947180312385,0.37485114904514427,0.7608368091085088,-1.7406177812067944
-0.027013161881929596,0.7265280275527194,0.23431692266313653,-0.8384624030898393,1.8899828319028027,-0.05987340931675311,-1.6134951583375847,-0.8671714989853299,0.7452007769718818,0.04282782530847982,0.7140469415507622,1.451052073706214,1.5835568822418453,-0.8068437734032816,-0.7879218088059977,-0.8838384939911589,-0.6311139667204612,0.07760654623722113,-1.7137181143736786,-0.6200393457709777,1.5092353749311485,-0.16971490849653975,0.9381849389648907
0.2460835064795745,0.676226893159078,0.9212343416787515,-0.8384624030898393,1.0766940205757574,-1.9195571284019874,1.4733616584030114,-0.8671714989853299,1.4607570785909727,-1.3735254526097533,1.435306478470724,-1.4115212985653218,2.8398732602954437,-0.8068437734032816,-0.5826435842143489,-0.8838384939911589,-0.6311139667204612,-2.98921104753589,-0.9888476190859457,-1.1454555447494474,1.8912218999743953,-1.1002666261015883,0.6439225189460313
2.048521517665502,2.2481373429603475,0.7328860171099536,-0.8384624030898393,1.4088824083008886,0.6745669000321256,1.4733616584030114,1.4705180361484222,0.7452007769718818,-1.3735254526097533,-1.4497316692091227,-1.4115212985653218,-0.30091768483855236,-0.8068437734032816,2.1792816193823814,1.1314284304186495,1.409695028619114,-1.3460354604166747,-1.090329488426228,-0.27820230065245544,-0.5801151635629718,-0.16971490849653975,1.3745050789928543
0.6611904423890607,1.0912112519066128,-0.20885560573403422,0.12160905082982407,-1.363172413405378,-1.3636734080232489,-0.24155879534176422,0.30167326858154614,-1.4014681278853909,-0.6653488136506367,-0.7284721322891611,-0.6958779554974378,0.3272405041882469,-0.8068437734032816,0.12649937346589263,1.1314284304186495,0.27063884517376985,0.5698939690988479,1.7946550828189491,1.582910500548389,-0.8637112200344728,-0.16971490849653975,-1.162239921169726
1.1964599123776078,2.2481373429603475,-0.5633936284517711,-0.8384624030898393,0.8934176687274092,-0.6730299978557253,-0.9275269768396744,-0.28274911520189183,0.02964447535279087,1.459181103226713,-1.4497316692091227,-0.6958779554974378,0.9553986932150462,-0.8068437734032816,-0.47067364352799496,-0.8838384939911589,-0.6311139667204612,-0.7273499154689534,0.06946330403414452,-1.1327949134487614,0.6526595308947779,-1.1002666261015883,-0.7918751511459895
0.6393427089201398,-1.0088611090278834,-2.258528549570949,0.12160905082982407,0.4008624731349735,-0.3664517035862392,-0.5845428860907194,1.4705180361484222,1.4607570785909727,-1.3735254526097533,-0.7284721322891611,0.019765387570446186,1.5835568822418453,-0.8068437734032816,-0.7879218088059977,-0.8838384939911589,-0.6311139667204612,0.8692579424606484,1.08428199743697,-0.7213243961764659,0.2359469581203275,-1.1002666261015883,-1.152092941169076
-0.5732064986049378,-1.373544333381777,-0.042665907585095204,-0.8384624030898393,0.7215960888695828,0.17932504005834043,0.444409386156146,1.4705180361484222,-1.4014681278853909,-0.6653488136506367,-0.007212595369199463,1.451052073706214,-0.30091768483855236,-0.8068437734032816,-1.0678466605218826,-0.8838384939911589,-0.6311139667204612,-0.5277739332277531,0.22168610804456854,-2.1583060488043286,0.0970427671955107,-0.16971490849653975,1.445533938997407
-0.6605974324806192,-0.8076565714533199,2.117800168351112,0.12160905082982407,-0.7560694979077245,-0.8819075170283422,1.4733616584030114,-1.4515938827687678,-1.4014681278853909,0.04282782530847982,-0.7284721322891611,-1.4115212985653218,-0.30091768483855236,-0.8068437734032816,-0.9932000333976466,-0.8838384939911589,-0.6311139667204612,0.9623934008398756,-0.5756714367719377,-0.3288448258551993,-1.6450472939865677,-1.1002666261015883,2.566775229069267
-0.8572270337009028,0.38699537039564486,-0.24209354536382172,-0.8384624030898393,-1.214260377528595,-0.11714627747698678,-0.24155879534176422,0.30167326858154614,0.7452007769718818,0.7510044642675964,-0.7284721322891611,-1.4115212985653218,0.3272405041882469,0.4895387240312183,-0.6199668977764669,1.1314284304186495,0.8876276112066649,0.26387746299567455,-1.1773139478607562,-0.27820230065245544,-0.05343677297304099,0.7608368091085088,0.4511298989336749
0.0166823050559111,-0.04056427195030113,0.17892035661349018,-0.8384624030898393,-1.2257151495191168,0.07825527271675162,0.444409386156146,0.30167326858154614,0.02964447535279087,0.04282782530847982,-0.7284721322891611,-0.6958779554974378,0.3272405041882469,0.4895387240312183,-1.0491850037408235,-0.8838384939911589,-0.6311139667204612,0.37697051959902156,-0.5176817971489193,-0.4111389293096587,0.6815979040041147,-0.16971490849653975,-0.6599644111375352
1.185536045643148,-0.5184250486898867,0.5445376925411557,-0.8384624030898393,1.5577944441776717,-1.2524966639475013,-0.24155879534176422,-1.4515938827687678,0.7452007769718818,-1.3735254526097533,-1.4497316692091227,1.451052073706214,0.3272405041882469,0.4895387240312183,-0.7879218088059977,-0.8838384939911589,-0.6311139667204612,0.20400466832331454,0.5043856012067838,0.4054717895845891,-1.5408691507929553,0.7608368091085088,0.6337755389453807
0.5191801748410786,-0.0279889883518899,-1.8042767079638489,0.12160905082982407,-0.10314749444798409,-0.9324424006991366,0.444409386156146,0.8860956523649842,0.02964447535279087,0.04282782530847982,0.7140469415507622,0.7354087306383301,-0.9290758738653516,-0.8068437734032816,0.9662739286135471,-0.8838384939911589,-0.6311139667204612,1.3482402998395293,0.054965894128389654,0.19024105747292697,-1.9228556758362012,-1.1002666261015883,-1.0709171011638732
0.759505242999202,-1.8011039757277227,1.120661979457478,1.0816805047494875,-0.8477076738318986,-0.5113183701091831,0.10142529540719089,-0.28274911520189183,0.7452007769718818,1.459181103226713,-0.7284721322891611,-1.4115212985653218,0.3272405041882469,0.4895387240312183,-0.7879218088059977,1.1314284304186495,1.5046163772395595,-0.15523209971084587,0.23618351795032339,-0.8099488152812679,-0.1344642176791841,-1.1002666261015883,-0.08666004110079187
1.338470179925591,0.32411895240359406,0.5666963189610146,-0.8384624030898393,-0.9622553937371162,-0.07671837054035124,-0.5845428860907194,0.8860956523649842,1.4607570785909727,0.04282782530847982,-0.7284721322891611,-1.4115212985653218,-1.5572340628921508,0.4895387240312183,-0.6759518681196438,-0.8838384939911589,-0.6311139667204612,-0.6940872517620867,0.38115761700787,0.5827206277941931,0.0507413702205715,-1.1002666261015883,0.8975970189622888
-0.2673382300400539,-0.4555486306978359,-0.34180736425318575,-0.8384624030898393,1.6036135321397587,-1.2053307725214264,-0.5845428860907194,0.8860956523649842,0.7452007769718818,-0.6653488136506367,-0.007212595369199463,0.7354087306383301,-0.9290758738653516,3.082303718900218,0.6676874201166033,1.1314284304186495,0.3655601937942153,-0.08870677229711244,1.185763866777253,1.4879557657932438,-1.274636118187056,-1.1002666261015883,-1.5833395911967145
0.0057584383214501975,-1.5244477365626992,1.4419620625454275,-0.8384624030898393,-0.42388111018259345,1.3989002326468456,0.7873934769051011,-0.28274911520189183,0.7452007769718818,0.7510044642675964,-0.007212595369199463,-0.6958779554974378,1.5835568822418453,-0.8068437734032816,0.25713097093330556,1.1314284304186495,0.413020868104438,-1.4391709187959014,0.5478778309240483,1.032173038968547,-0.08816282070424529,0.7608368091085088,0.5525996989401781
0.9342871107505638,-0.6316026010755788,2.372624372179485,1.0816805047494875,-0.5842479180498981,1.1900227134742287,0.444409386156146,0.8860956523649842,-1.4014681278853909,0.7510044642675964,1.435306478470724,0.019765387570446186,-0.30091768483855236,-0.8068437734032816,-0.7319368384628208,-0.8838384939911589,-0.6311139667204612,0.21730973380606095,0.6058674705470668,0.5067568399900778,-0.2733684086040013,0.7608368091085088,1.3339171589902532
-0.05978476208531036,-1.134613945011985,0.5999342585908021,2.0417519586691513,-0.9049815337845074,0.960931240833294,1.4733616584030114,-0.8671714989853299,-1.4014681278853909,-1.3735254526097533,1.435306478470724,-0.6958779554974378,0.3272405041882469,-0.8068437734032816,-0.060117194344697235,1.1314284304186495,-0.39381059516934774,0.03103881704760754,1.6931732134786661,0.15858947922121194,-0.26179305936026637,-1.1002666261015883,0.2583372789213189
0.49733244137215776,0.13548969842744177,1.7854207720532342,-0.8384624030898393,0.6872317728980175,1.6380986820219392,0.10142529540719089,-1.4515938827687678,-1.4014681278853909,-0.6653488136506367,0.7140469415507622,0.7354087306383301,0.3272405041882469,0.4895387240312183,-0.8625684359302337,-0.8838384939911589,-0.6311139667204612,0.895868073426142,0.576872650735557,-0.9112338656867561,-1.1183689033966369,-1.1002666261015883,1.0447282289717188
0.0166823050559111,0.4624470719861051,1.1649792322971957,0.12160905082982407,-0.5040645141162458,-0.4776284476619869,0.10142529540719089,-0.8671714989853299,-1.4014681278853909,-1.3735254526097533,-0.7284721322891611,-1.4115212985653218,-0.30091768483855236,-0.8068437734032816,0.2757926277143645,-0.8838384939911589,-0.6311139667204612,1.4147656272532627,-0.184241369316562,-0.41746924496000176,-1.8302528818863237,-1.1002666261015883,-0.4722452811255042
0.8250484434059625,-0.5938767502803469,-0.16453835289431654,0.12160905082982407,-0.5269740580972893,-0.7538858117289964,1.4733616584030114,-0.28274911520189183,-1.4014681278853909,-1.3735254526097533,1.435306478470724,0.019765387570446186,0.9553986932150462,-0.8068437734032816,0.10783771668483365,-0.8838384939911589,-0.6311139667204612,0.34370785589215486,-0.9018631596514175,-0.46178145451240254,2.6031058784640817,-0.16971490849653975,0.9026705089626145
-1.1084759685934862,-2.1783624836800275,0.20107898303334903,-0.8384624030898393,1.6265230761208023,-0.8246346488681086,-1.6134951583375847,0.30167326858154614,-1.4014681278853909,-1.3735254526097533,-0.7284721322891611,-0.6958779554974378,-0.30091768483855236,-0.8068437734032816,2.19794327616344,-0.8838384939911589,-0.6311139667204612,0.9291307371330089,0.6421109953114534,0.3168473704797871,1.0809474529129637,-1.1002666261015883,0.06047116890863772
-2.4958070438699274,0.5378987735765671,-0.5744729416616998,0.12160905082982407,0.022854997447755307,0.5869731016694153,-0.24155879534176422,-0.8671714989853299,-0.6859118262663001,-0.6653488136506367,0.7140469415507622,-1.4115212985653218,2.8398732602954437,-0.8068437734032816,-0.20941044859316912,-0.8838384939911589,-0.6311139667204612,0.26387746299567455,0.5913700606413119,-1.1011433351970463,1.931735622327467,0.7608368091085088,-1.28400368117753
0.6174949754512199,-0.920834123839012,2.16211742119083,1.0816805047494875,0.5612292810022781,-0.43383154848063177,1.1303775676540562,0.8860956523649842,1.4607570785909727,-0.6653488136506367,0.7140469415507622,0.7354087306383301,-1.5572340628921508,0.4895387240312183,0.10783771668483365,-0.8838384939911589,-0.6311139667204612,0.323750257668035,0.17094517337442702,-0.9492157595888142,-0.7190193544877885,-0.16971490849653975,1.1005366189752952
-1.709288638988795,-1.1471892286103944,-1.6602456362347677,0.12160905082982407,-0.6758860939740722,-1.1716408500742301,-0.9275269768396744,0.8860956523649842,-0.6859118262663001,-1.3735254526097533,-1.4497316692091227,-1.4115212985653218,0.9553986932150462,1.785921221465718,0.23846931415224656,1.1314284304186495,0.5079422167248833,0.6563768947367021,-0.6046662565834474,0.19657137312327008,-0.9563140139843508,-1.1002666261015883,0.42576244893204906
1.2947747129877492,0.7894044455447702,2.2618312400801925,-0.8384624030898393,3.8258392983009806,-0.6797679823451646,0.7873934769051011,-1.4515938827687678,1.4607570785909727,0.7510044642675964,0.7140469415507622,1.451052073706214,1.5835568822418453,-0.8068437734032816,1.7500635134180245,1.1314284304186495,-0.39381059516934774,0.17074200461644784,0.1347016486100404,0.29152610787841515,1.9027972492181302,-1.1002666261015883,-1.0303291811612718
0.2679312399484944,-0.84538242224855,1.6192310739042952,-0.8384624030898393,-0.8362529018413769,-0.09356333176394939,1.4733616584030114,0.30167326858154614,-1.4014681278853909,0.04282782530847982,-0.7284721322891611,1.451052073706214,-0.30091768483855236,1.785921221465718,-0.9558767198355287,-0.8838384939911589,-0.6311139667204612,-0.4479435403312733,1.7511628531016845,-0.8732519717846979,0.8783788411476057,0.7608368091085088,-0.3403345411170499
0.8141245766715026,0.022312146041749647,1.6081517606943665,1.0816805047494875,-5.454653328821902e-05,0.7587917061501164,0.444409386156146,1.4705180361484222,-0.6859118262663001,1.459181103226713,1.435306478470724,-1.4115212985653218,0.9553986932150462,-0.8068437734032816,3.2056727423406253,1.1314284304186495,0.8401669368964422,0.6364192965125813,0.22168610804456854,0.016157377088494743,-0.9215879662531464,-1.1002666261015883,1.9224419990279715
-1.0647805016556453,-2.140636632884797,1.6192310739042952,1.0816805047494875,-0.3780620222205064,0.2905017841340881,0.10142529540719089,0.8860956523649842,0.02964447535279087,-0.6653488136506367,1.435306478470724,-1.4115212985653218,-0.9290758738653516,0.4895387240312183,-0.9372150630544697,-0.8838384939911589,-0.6311139667204612,0.37697051959902156,-0.22048489408094865,-1.689862690678946,-0.6842933067565842,0.7608368091085088,2.4855993890640646
-1.9277659736779984,1.9714811037953237,0.3894273076021469,-0.8384624030898393,4.604763793656461,0.45221341188063024,1.4733616584030114,-0.8671714989853299,-0.6859118262663001,0.7510044642675964,-0.007212595369199463,0.019765387570446186,0.3272405041882469,-0.8068437734032816,2.6271613821277966,1.1314284304186495,0.8401669368964422,1.2617573742016759,-1.0830807834733507,-1.4113288020638535,-0.49330004423496115,-1.1002666261015883,0.8823765489613136
-0.3110336969778946,-0.493274481493066,1.6081517606943665,1.0816805047494875,0.5154101930401911,-1.4310532529176414,1.1303775676540562,-0.8671714989853299,1.4607570785909727,-0.6653488136506367,-0.7284721322891611,1.451052073706214,-0.9290758738653516,0.4895387240312183,0.5743791362113083,1.1314284304186495,-0.6311139667204612,1.7540447970633037,-1.1845626528136337,-0.4491208232117168,-0.8637112200344728,0.7608368091085088,-0.39614293112062676
-1.6328215718475745,1.8205777006144015,0.44482387365179327,0.12160905082982407,-1.317353325443291,-1.0402501525301646,-0.9275269768396744,0.30167326858154614,1.4607570785909727,0.7510044642675964,0.7140469415507622,-0.6958779554974378,-1.5572340628921508,-0.8068437734032816,1.3208454074536677,1.1314284304186495,0.9825489598271102,-1.6254418355543547,-0.08275949997627949,0.5763903121438505,-0.8579235454126053,-1.1002666261015883,-2.3342161112448383
1.480480447473572,-0.9334094074374214,-0.00942796795530771,2.0417519586691513,-0.8706172178129422,-1.6904656557610527,-1.6134951583375847,-0.8671714989853299,0.02964447535279087,1.459181103226713,-1.4497316692091227,0.7354087306383301,0.9553986932150462,-0.8068437734032816,0.2757926277143645,1.1314284304186495,1.8368410974111185,0.017733751564860668,-1.5832414252218867,-0.46178145451240254,0.4790292922387568,-1.1002666261015883,-0.6751848811385106
0.03853003852483096,-1.0214363926262928,-2.4025596213000293,-0.8384624030898393,2.5199952913814996,0.81606457431035,-0.5845428860907194,0.30167326858154614,-0.6859118262663001,1.459181103226713,0.7140469415507622,0.019765387570446186,-0.9290758738653516,0.4895387240312183,-0.22807210537422812,1.1314284304186495,1.741919748790673,-0.31489288550380645,-0.2784745337039676,-1.461971327266598,-0.11710119381358214,-0.16971490849653975,-0.8426100511492411
-0.016089295147469665,-2.0777602148927468,-0.1866969793141754,-0.8384624030898393,0.4581363330875823,-0.12388426196642603,0.7873934769051011,0.8860956523649842,-0.6859118262663001,0.04282782530847982,1.435306478470724,-1.4115212985653218,0.9553986932150462,-0.8068437734032816,-0.1161021646878742,1.1314284304186495,2.5487512120644586,1.1619693830810758,0.033219779269757874,1.310706927583639,-0.012923050619969649,-1.1002666261015883,-1.3651795211827324
0.8578200436093433,0.44987178838769565,0.6553308246404485,0.12160905082982407,-1.030984025680247,1.3786862791785277,-1.6134951583375847,-0.28274911520189183,-0.6859118262663001,-0.6653488136506367,-1.4497316692091227,0.019765387570446186,-0.9290758738653516,-0.8068437734032816,-1.0305233469597646,1.1314284304186495,0.9825489598271102,0.323750257668035,0.062214599081267086,0.016157377088494743,0.1896455611453883,-0.16971490849653975,0.6489960089463565
1.4367849805357322,-0.5938767502803469,-0.1534590396843879,0.12160905082982407,-0.6758860939740722,0.06814829598259273,-0.24155879534176422,-0.28274911520189183,-1.4014681278853909,1.459181103226713,-1.4497316692091227,-1.4115212985653218,0.3272405041882469,1.785921221465718,-0.9745383766165876,-0.8838384939911589,-0.6311139667204612,-0.5078163350036333,-0.3799564030442501,-2.069681629699526,0.14913183879231695,1.6913885267135573,-0.4062899111212772
-0.9446179675765842,0.29896838520677343,-0.2531728585737504,1.0816805047494875,0.30922429721079936,-0.6427090676532486,-1.2705110675886295,0.8860956523649842,0.7452007769718818,0.7510044642675964,1.435306478470724,0.7354087306383301,-0.30091768483855236,0.4895387240312183,-0.8252451223681158,1.1314284304186495,0.033335473622656396,0.9690459335812485,1.0117949479081967,-2.569776566076624,-0.7653207514627277,-0.16971490849653975,0.24311680892034357
-0.05978476208531036,-2.5933468424275623,0.1899996698234204,-0.8384624030898393,-0.41242633819207164,-0.1575741844136223,1.4733616584030114,0.30167326858154614,-0.6859118262663001,-1.3735254526097533,1.435306478470724,1.451052073706214,-0.30091768483855236,-0.8068437734032816,2.7577929795952096,-0.8838384939911589,-0.6311139667204612,0.6364192965125813,2.0918519858869193,2.6653944767570428,2.6031058784640817,0.7608368091085088,0.14672049891416525
0.180540306072813,0.2612425344115433,1.4641206889652862,0.12160905082982407,-0.36660725022998464,1.648205658756098,-0.5845428860907194,0.30167326858154614,0.7452007769718818,-1.3735254526097533,1.435306478470724,-1.4115212985653218,0.3272405041882469,-0.8068437734032816,1.9553417380096734,1.1314284304186495,0.6977849139657739,1.1885795140465696,0.4174011417722566,0.016157377088494743,0.28803602971713377,-0.16971490849653975,0.9229644689639147
0.13684483913497228,0.28639310160836395,0.16784104340356154,0.12160905082982407,-1.2028056055380734,0.08499325720619087,1.1303775676540562,-1.4515938827687678,-0.6859118262663001,1.459181103226713,-0.7284721322891611,0.019765387570446186,-0.9290758738653516,-0.8068437734032816,-0.13476382146893318,1.1314284304186495,0.5079422167248833,-0.14192703422809946,-0.9960963240388231,-0.22755977544971157,-0.2849437578477358,-1.1002666261015883,1.7448698490165908
0.2460835064795745,0.38699537039564486,-0.40828324351276074,-0.8384624030898393,1.8899828319028027,3.123824261943295,-1.2705110675886295,1.4705180361484222,0.02964447535279087,0.7510044642675964,-1.4497316692091227,0.7354087306383301,-0.9290758738653516,0.4895387240312183,-0.6572902113385848,-0.8838384939911589,-0.6311139667204612,1.8006125262529165,0.8668208488506501,-0.06930188419113639,1.6076258435028938,0.7608368091085088,-2.5067147712558935
0.09314937219713158,-0.1788923915328121,-0.08698316042481133,-0.8384624030898393,1.1225131085378446,-0.2923338742024074,1.1303775676540562,0.8860956523649842,0.02964447535279087,-1.3735254526097533,-0.007212595369199463,-0.6958779554974378,1.5835568822418453,-0.8068437734032816,-0.22807210537422812,1.1314284304186495,-0.014125200687566225,-0.2217574271245793,0.12745294365716295,-1.7594961628327188,0.062316719464306405,-0.16971490849653975,0.9229644689639147
-1.6765170387854151,0.32411895240359406,0.0792065377241277,-0.8384624030898393,1.5463396721871498,-0.8616935635600245,-0.9275269768396744,1.4705180361484222,0.02964447535279087,0.7510044642675964,0.7140469415507622,-0.6958779554974378,1.5835568822418453,-0.8068437734032816,-0.9185534062734106,1.1314284304186495,-0.203967897928457,1.9203581155976372,-0.5684227318190608,1.0258427233182037,-0.8116221484376666,-1.1002666261015883,-0.1373949411040435
-0.4311962310569558,0.7013774603558988,-0.6298695077113461,1.0816805047494875,-0.1833308983816364,0.6307700008507705,0.444409386156146,-0.28274911520189183,-0.6859118262663001,1.459181103226713,-0.7284721322891611,0.019765387570446186,0.3272405041882469,1.785921221465718,0.29445428449542355,-0.8838384939911589,-0.6311139667204612,-1.9447634071402753,0.685603225028717,1.9943810178206844,-1.477204729952414,0.7608368091085088,-1.3042976411788307
-1.0429327681867255,0.5881999079702066,-1.0619627228985882,-0.8384624030898393,0.6528674569264522,-0.9257044162096973,0.444409386156146,0.8860956523649842,1.4607570785909727,0.7510044642675964,-1.4497316692091227,1.451052073706214,1.5835568822418453,-0.8068437734032816,3.0003945177489766,-0.8838384939911589,-0.6311139667204612,1.0754864574432226,-1.554246605410377,0.34849894873150217,-1.7665884610457825,-1.1002666261015883,-1.6290010011996408
-0.6387496990116993,0.6888021767574876,0.5666963189610146,-0.8384624030898393,1.1110583365473228,-0.9930842611040899,1.4733616584030114,0.30167326858154614,-1.4014681278853909,-0.6653488136506367,-0.007212595369199463,0.019765387570446186,0.3272405041882469,-0.8068437734032816,-0.7879218088059977,-0.8838384939911589,-0.6311139667204612,0.07095401349584769,-0.017521155400383636,0.016157377088494743,0.635296507029176,2.621940244318606,0.6794369489483071
0.6830381758579805,0.5504740571749765,-0.9733282172191529,0.12160905082982407,-0.7217051819361593,0.23322891597385448,-1.2705110675886295,0.8860956523649842,-0.6859118262663001,-1.3735254526097533,1.435306478470724,0.019765387570446186,-0.30091768483855236,-0.8068437734032816,-0.15342547824999217,1.1314284304186495,0.7452455882759966,-1.3726455913821678,-0.9308579794629271,0.6460237842976232,-0.1807656146541233,-1.1002666261015883,0.6134815789440802
1.2510792460499096,-0.15374182433599146,1.3200896172362044,0.12160905082982407,-1.1798960615570298,-0.34960674236264105,-0.5845428860907194,0.8860956523649842,0.7452007769718818,0.04282782530847982,-0.7284721322891611,0.7354087306383301,0.9553986932150462,0.4895387240312183,-0.39602701640375904,1.1314284304186495,1.2198523313782237,-1.5389589099165015,-0.30022064856259933,-0.08829283114216523,-0.9389509901187488,-0.16971490849653975,1.2882557489873263
-0.5185871649326371,0.1857908328210813,0.1899996698234204,-0.8384624030898393,2.39399279948576,1.0754769771537613,-0.24155879534176422,-0.8671714989853299,0.02964447535279087,-1.3735254526097533,-0.007212595369199463,-0.6958779554974378,0.9553986932150462,-0.8068437734032816,0.12649937346589263,-0.8838384939911589,-0.6311139667204612,0.33040279040940795,-0.7786351754525032,-1.2847224890569935,0.30539905358273567,-1.1002666261015883,0.8671560789603382
-0.3656530306501952,0.23609196721472264,1.3200896172362044,-0.8384624030898393,0.3206790692013211,-1.6803586790268938,-1.2705110675886295,0.8860956523649842,0.7452007769718818,0.04282782530847982,-1.4497316692091227,0.019765387570446186,0.3272405041882469,0.4895387240312183,-0.6013052409954078,1.1314284304186495,4.494638858783589,0.48341104346099467,-0.5104330921960418,-1.1327949134487614,-1.8534035803737932,-0.16971490849653975,-1.162239921169726
0.35532217382417575,-0.6693284518708089,-0.20885560573403422,-0.8384624030898393,0.22904089327714702,0.418523489433434,-0.9275269768396744,1.4705180361484222,1.4607570785909727,0.7510044642675964,0.7140469415507622,-1.4115212985653218,1.5835568822418453,0.4895387240312183,-0.39602701640375904,-0.8838384939911589,-0.6311139667204612,0.7761224840814221,0.8740695538035281,-0.5124239797151469,0.37485114904514427,1.6913885267135573,0.29892519892392005
-2.1025478414293612,-2.5681962752307417,-0.4636798095624071,-0.8384624030898393,2.9667313990118482,-0.7336718582606786,-0.9275269768396744,-1.4515938827687678,-0.6859118262663001,1.459181103226713,0.7140469415507622,-0.6958779554974378,1.5835568822418453,0.4895387240312183,0.4810708523060134,-0.8838384939911589,-0.6311139667204612,-0.28163022179693975,-0.9743502091801908,-0.5504058736172045,-1.55244450003669,-0.16971490849653975,-0.38599595111997664
-0.05978476208531036,0.4624470719861051,-0.5633936284517711,0.12160905082982407,-1.0653483416518121,-0.2182160448185756,0.10142529540719089,0.8860956523649842,-1.4014681278853909,0.04282782530847982,-0.7284721322891611,-0.6958779554974378,1.5835568822418453,0.4895387240312183,-0.9185534062734106,-0.8838384939911589,-0.6311139667204612,0.8892155406847692,0.33766538729060536,0.5637296808431643,-1.6161089208772308,-1.1002666261015883,-0.6041560211339584
0.07130163872821173,-1.4489960349722388,0.8990757152588926,0.12160905082982407,0.710141316879061,0.07825527271675162,0.10142529540719089,0.30167326858154614,0.02964447535279087,0.04282782530847982,-0.7284721322891611,0.019765387570446186,0.3272405041882469,-0.8068437734032816,0.5370558226491904,1.1314284304186495,0.46048154241466055,0.2439198647715547,0.01872236936400301,0.044643797515038004,-0.8000467991939316,1.6913885267135573,-0.8984184411528178
-2.2117865087739625,-0.5813014666819374,1.0098688473581854,2.0417519586691513,1.294334688395671,1.294461473060537,0.7873934769051011,0.8860956523649842,-0.6859118262663001,0.7510044642675964,-0.7284721322891611,-1.4115212985653218,-0.9290758738653516,1.785921221465718,-0.7692601520249388,-0.8838384939911589,-0.6311139667204612,0.0842590789785941,-1.0323398488032096,0.26620484527704324,-1.0431291333123613,-0.16971490849653975,0.20252888891774207
2.0048260507276603,0.09776384763221165,0.6331721982205911,-0.8384624030898393,-0.022964090514331743,0.472427365348948,1.4733616584030114,-0.28274911520189183,-1.4014681278853909,0.7510044642675964,-0.007212595369199463,0.7354087306383301,-0.9290758738653516,0.4895387240312183,-0.5453202706522309,-0.8838384939911589,-0.6311139667204612,-1.4258658533131545,-0.3147180584683542,-0.34783577280622857,-0.8521358707907383,0.7608368091085088,0.3801010389291227
0.03853003852483096,1.0786359683082034,-1.1838351682078097,0.12160905082982407,-0.7102504099456375,1.1428568220481539,-1.6134951583375847,-0.8671714989853299,-0.6859118262663001,-0.6653488136506367,1.435306478470724,0.019765387570446186,-0.9290758738653516,-0.8068437734032816,-0.39602701640375904,1.1314284304186495,4.304796161542699,-0.7539600464344467,0.011473664411125578,0.10161663836812497,-0.11131351919171469,2.621940244318606,-2.0501006712266294
-0.7370644996218406,-0.8076565714533199,-1.1062799757383044,0.12160905082982407,-0.973710165727638,-0.639340075408529,1.4733616584030114,0.30167326858154614,1.4607570785909727,0.7510044642675964,-0.007212595369199463,-0.6958779554974378,1.5835568822418453,-0.8068437734032816,1.3581687210157858,1.1314284304186495,-0.1565072236182343,0.15743693913370096,-0.37270769809137266,1.1207974580733486,-1.0489168079342288,0.7608368091085088,1.014287288969768
-0.28918596350897374,0.33669423600200354,-0.5966315680815586,-0.8384624030898393,-0.8706172178129422,-0.5921741839824542,0.444409386156146,-1.4515938827687678,0.7452007769718818,0.04282782530847982,-0.7284721322891611,-0.6958779554974378,-1.5572340628921508,-0.8068437734032816,-0.3773653596227,-0.8838384939911589,-0.6311139667204612,-1.3260778621925542,-0.24947971389245785,0.3991414739342465,-0.16340259078852093,-0.16971490849653975,1.9833238790318735
0.47548470790323794,1.2924157894811763,-1.172755854997881,0.12160905082982407,-0.6529765499930287,-0.5349013158222206,0.444409386156146,-0.28274911520189183,-1.4014681278853909,0.04282782530847982,0.7140469415507622,-1.4115212985653218,0.3272405041882469,-0.8068437734032816,-1.0865083173029415,-0.8838384939911589,-0.6311139667204612,0.9823509990639954,0.7145980448402267,-0.36682671975725745,-0.047649098351173536,-1.1002666261015883,0.02495673890636145
-1.3051055698137688,-2.44244343924664,0.40050662081207555,-0.8384624030898393,0.06867408540984235,0.8632304657364248,0.7873934769051011,1.4705180361484222,-0.6859118262663001,0.7510044642675964,-0.007212595369199463,0.019765387570446186,0.3272405041882469,1.785921221465718,-0.7505984952438798,-0.8838384939911589,-0.6311139667204612,0.6563768947367021,-0.5684227318190608,1.4499738718911852,0.8089267456851971,-0.16971490849653975,-0.1373949411040435
-1.6546693053164943,-1.1220386614135738,-1.1505972285780222,0.12160905082982407,0.8361438087748004,-1.2390206949686227,0.10142529540719089,0.8860956523649842,-0.6859118262663001,-1.3735254526097533,-0.007212595369199463,-1.4115212985653218,-0.30091768483855236,-0.8068437734032816,0.9662739286135471,-0.8838384939911589,-0.6311139667204612,0.48341104346099467,-0.0030237454946287715,1.1271277737236922,-1.2456977450777194,-0.16971490849653975,1.3186966889892777
1.9939021839932003,0.8397055799384098,1.2536137379766297,0.12160905082982407,0.03430976943827707,-0.784206741931473,0.10142529540719089,1.4705180361484222,1.4607570785909727,-0.6653488136506367,-0.7284721322891611,0.019765387570446186,-0.9290758738653516,-0.8068437734032816,0.14516103024695162,1.1314284304186495,1.2198523313782237,1.1154016538914622,0.1926912882330588,-0.3351751415055424,0.38063882366701174,0.7608368091085088,0.4054684889307485
0.09314937219713158,0.7894044455447702,0.5223790661212985,0.12160905082982407,0.6986865448885393,0.03108938129067683,-1.6134951583375847,1.4705180361484222,1.4607570785909727,0.04282782530847982,-0.007212595369199463,-1.4115212985653218,-0.9290758738653516,-0.8068437734032816,1.059582212518842,-0.8838384939911589,-0.6311139667204612,1.1819269813051956,0.5188830111125387,-0.7656366057288672,0.8205020949289319,-0.16971490849653975,0.3090721789245705
-0.4858155647292564,-0.279494660320093,0.2232376094532079,2.0417519586691513,-0.7675242698982463,1.1832847289847894,0.444409386156146,-1.4515938827687678,0.7452007769718818,1.459181103226713,1.435306478470724,-0.6958779554974378,-0.9290758738653516,1.785921221465718,-0.43335032996587697,1.1314284304186495,-0.10904654930801158,0.3370553231507809,0.35941150214923717,1.3043766119332962,-0.4354232980162875,0.7608368091085088,-0.7766546811450138
0.14776870586943222,0.1857908328210813,0.7550446435298125,1.0816805047494875,-1.0653483416518121,-1.3737803847574077,0.10142529540719089,-0.28274911520189183,-1.4014681278853909,0.04282782530847982,-1.4497316692091227,0.019765387570446186,0.3272405041882469,0.4895387240312183,0.4997325090870724,-0.8838384939911589,-0.6311139667204612,-0.7140448499862071,0.0912094188927763,0.3168473704797871,0.5716320861886351,-1.1002666261015883,-0.2388647411105467
-0.398424630853576,-0.493274481493066,-0.530155688821982,-0.8384624030898393,1.7525255680165417,1.2540335661239015,0.7873934769051011,-0.8671714989853299,0.02964447535279087,0.7510044642675964,-0.7284721322891611,0.019765387570446186,0.9553986932150462,0.4895387240312183,1.5447852888263758,-0.8838384939911589,-0.6311139667204612,-1.9913311363298887,1.816401197677581,1.0385033546188898,-0.2791560832258683,0.7608368091085088,-0.8070956211469649
0.4536369744343171,-1.0214363926262928,0.057047911304268846,1.0816805047494875,-0.6071574620309417,0.34440566004960216,1.1303775676540562,-0.28274911520189183,0.02964447535279087,0.7510044642675964,-0.7284721322891611,0.7354087306383301,1.5835568822418453,-0.8068437734032816,-0.39602701640375904,-0.8838384939911589,-0.6311139667204612,-1.006756290606634,-1.3295367518711803,0.8549242007589432,0.5716320861886351,-0.16971490849653975,0.5272322489385523
1.2838508462532894,-1.411270184177007,0.622092885010661,-0.8384624030898393,-0.297878618286854,-0.17778813788194006,-1.6134951583375847,-0.28274911520189183,1.4607570785909727,-1.3735254526097533,0.7140469415507622,1.451052073706214,-0.9290758738653516,-0.8068437734032816,0.21980765737118757,1.1314284304186495,0.9350882855168874,0.5233262399092353,-0.1117543197877887,1.0448336702692333,0.6758102293822477,-1.1002666261015883,-0.751287231143388
0.9561348442194856,1.4055933418668667,-0.2531728585737504,-0.8384624030898393,-0.6987956379551157,-0.04976643258259423,0.7873934769051011,-0.28274911520189183,-0.6859118262663001,0.04282782530847982,-0.007212595369199463,-0.6958779554974378,-0.30091768483855236,-0.8068437734032816,0.7236723904597803,1.1314284304186495,0.22317817086354722,-0.04879157584887276,0.6638571101700852,0.6080418903955656,-1.4598417060868119,-1.1002666261015883,-0.5179066911284306
0.9998303111573253,2.1978362085667063,0.5334583793312271,0.12160905082982407,0.08012885740036411,-0.9897152688593702,-1.6134951583375847,-0.8671714989853299,0.02964447535279087,-1.3735254526097533,-1.4497316692091227,0.7354087306383301,0.3272405041882469,1.785921221465718,-0.6013052409954078,-0.8838384939911589,-0.6311139667204612,1.128706719374209,-1.7862051639024519,-0.20223851284833916,0.432727895263818,-1.1002666261015883,-1.4818697911902112
0.8359723101404234,-1.0088611090278834,-1.305707613517031,-0.8384624030898393,-0.5957026900404199,-0.7404098427501179,0.7873934769051011,0.8860956523649842,0.02964447535279087,-0.6653488136506367,1.435306478470724,-1.4115212985653218,0.9553986932150462,-0.8068437734032816,-0.7879218088059977,-0.8838384939911589,-0.6311139667204612,1.0754864574432226,0.5551265358769253,-0.8416003935329829,0.7568376740883904,0.7608368091085088,-0.7563607211437132
-0.4967394314637173,-0.3800969291073757,1.0985033530376191,0.12160905082982407,-0.2749690743058105,-0.5517462770458187,-0.9275269768396744,1.4705180361484222,0.02964447535279087,0.7510044642675964,-0.7284721322891611,-0.6958779554974378,0.9553986932150462,-0.8068437734032816,-1.0491850037408235,1.1314284304186495,1.741919748790673,-0.7606125791758201,-0.6046662565834474,-0.037650305939421355,-2.686828725922694,-0.16971490849653975,1.0903896389746455
-0.1580995626954517,-0.8705329894453706,-0.984407530429083,-0.8384624030898393,-0.03441886250485351,2.8475668978762854,1.4733616584030114,-0.28274911520189183,-1.4014681278853909,0.04282782530847982,1.435306478470724,-1.4115212985653218,0.3272405041882469,-0.8068437734032816,-0.7692601520249388,-0.8838384939911589,-0.6311139667204612,-0.9202733649687803,-0.19873877922231686,-0.5440755579668619,-0.8752865692782077,-1.1002666261015883,0.19238190891709198
-1.1412475687968668,-0.7196295862644484,0.9655515945184692,1.0816805047494875,-0.41242633819207164,0.2130149625055367,1.1303775676540562,1.4705180361484222,-1.4014681278853909,-1.3735254526097533,-1.4497316692091227,0.019765387570446186,2.2117150712686446,0.4895387240312183,-0.13476382146893318,1.1314284304186495,-0.39381059516934774,-0.12196943600397915,-1.0395885537560872,0.5004265243397342,0.1780702119016538,-0.16971490849653975,-0.35048152111770037
-0.824455433497522,-0.3297957947137343,-1.4386593720361824,2.0417519586691513,1.8556185159312375,-1.498433097812034,1.1303775676540562,-0.8671714989853299,-1.4014681278853909,0.04282782530847982,-0.7284721322891611,-0.6958779554974378,-0.9290758738653516,0.4895387240312183,-0.22807210537422812,-0.8838384939911589,-0.6311139667204612,0.323750257668035,-0.5031843872431644,0.016157377088494743,1.0577967544254938,-1.1002666261015883,0.3953215089300984
0.5628756417789194,-0.141166540737582,-0.08698316042481133,0.12160905082982407,0.9392367566894962,-0.30917883542600555,0.444409386156146,0.30167326858154614,-1.4014681278853909,0.04282782530847982,1.435306478470724,0.7354087306383301,0.3272405041882469,0.4895387240312183,-0.22807210537422812,-0.8838384939911589,-0.6311139667204612,-0.8670531030377937,-1.1120756032848604,0.7219875721017395,-0.4354232980162875,0.7608368091085088,1.105610108975621
-1.1303237020624068,-0.5184250486898867,-1.8042767079638489,-0.8384624030898393,-0.2749690743058105,0.9575622485885743,-0.24155879534176422,0.8860956523649842,-1.4014681278853909,0.7510044642675964,1.435306478470724,1.451052073706214,-0.30091768483855236,-0.8068437734032816,-0.4893353003090539,-0.8838384939911589,-0.6311139667204612,0.8493003442365286,0.7725876844632451,-0.36682671975725745,0.5021799907262265,-1.1002666261015883,0.7200248689509087
-1.8512989065367769,-0.920834123839012,0.5666963189610146,-0.8384624030898393,1.2256060564525404,-0.5416393003116599,1.1303775676540562,0.8860956523649842,1.4607570785909727,-1.3735254526097533,-1.4497316692091227,-1.4115212985653218,0.9553986932150462,-0.8068437734032816,-0.22807210537422812,1.1314284304186495,1.2198523313782237,0.4767585107196217,1.6569296887142795,0.36748989568253143,-1.1415196018841067,-1.1002666261015883,2.480525899063739
-0.28918596350897374,0.31154366880518286,1.375486183285851,0.12160905082982407,3.0125504869739355,1.4022692248915651,-1.2705110675886295,-0.8671714989853299,-0.6859118262663001,0.04282782530847982,-1.4497316692091227,-0.6958779554974378,-0.9290758738653516,0.4895387240312183,-0.15342547824999217,-0.8838384939911589,-0.6311139667204612,0.15743693913370096,-0.32196676342123115,0.20290168877361317,-0.44699864726002236,-0.16971490849653975,-0.2337912511102218
0.03853003852483096,0.9151572815288718,0.5334583793312271,1.0816805047494875,0.13740271735297294,0.0007684510882001824,-1.6134951583375847,-0.28274911520189183,0.02964447535279087,-1.3735254526097533,0.7140469415507622,0.7354087306383301,-0.30091768483855236,0.4895387240312183,-0.09744050790681522,1.1314284304186495,0.46048154241466055,0.044343882530354414,-1.3802776865413213,0.5447387338921355,-0.5106630681005632,-0.16971490849653975,0.9280379589642402
-0.3001098302434337,-0.34237107831214375,-0.8292971454900726,1.0816805047494875,-0.09169272245746232,0.698149845745163,1.4733616584030114,-0.28274911520189183,0.7452007769718818,0.04282782530847982,1.435306478470724,0.7354087306383301,-0.30091768483855236,0.4895387240312183,-0.452011986746936,1.1314284304186495,-0.3463499208591251,0.09091161171996753,0.982800128096688,1.0954761954719772,-0.6785056321347172,1.6913885267135573,-0.025778161096890156
1.480480447473572,-1.348393766184956,-0.2753314849936092,-0.8384624030898393,-0.3207881622678976,0.03108938129067683,0.7873934769051011,-1.4515938827687678,0.7452007769718818,-0.6653488136506367,1.435306478470724,-0.6958779554974378,-0.9290758738653516,0.4895387240312183,-1.2917865418945904,-0.8838384939911589,-0.6311139667204612,0.1640894718750744,-1.046837258708964,0.26620484527704324,0.6931732532478496,0.7608368091085088,1.0295077589707435
-0.5622826318704779,0.38699537039564486,-1.1949144814177382,2.0417519586691513,4.158027686026112,-0.9391803851885758,-0.24155879534176422,-0.8671714989853299,0.02964447535279087,1.459181103226713,-0.007212595369199463,1.451052073706214,0.3272405041882469,-0.8068437734032816,0.7983190175840161,-0.8838384939911589,-0.6311139667204612,-1.3260778621925542,-0.16974395941080764,0.8296029381575707,-0.1807656146541233,-0.16971490849653975,-1.984145301222402
-0.40934849758803593,1.556496745047789,1.076344726617762,-0.8384624030898393,2.2908998515710643,-1.9195571284019874,-0.24155879534176422,-0.28274911520189183,-1.4014681278853909,-0.6653488136506367,1.435306478470724,-1.4115212985653218,0.3272405041882469,1.785921221465718,-0.526658613871172,-0.8838384939911589,-0.6311139667204612,0.323750257668035,-0.5829201417248151,0.8042816755561983,0.7799883725758602,0.7608368091085088,0.9026705089626145
0.35532217382417575,0.47502235558451633,0.555617005751086,-0.8384624030898393,0.5955935969738434,-1.5725509271958658,-1.2705110675886295,0.30167326858154614,1.4607570785909727,1.459181103226713,-1.4497316692091227,0.019765387570446186,-0.30091768483855236,-0.8068437734032816,0.16382268702801062,1.1314284304186495,0.7452455882759966,-0.46790113855539317,1.0480384726725833,-1.0188492317425875,0.3517004505576749,-1.1002666261015883,-0.0663660810994913
0.7158097760613612,1.6570990138350699,-0.2642521717836806,2.0417519586691513,-5.454653328821902e-05,0.1388971331217049,0.7873934769051011,-0.28274911520189183,-1.4014681278853909,-1.3735254526097533,-0.7284721322891611,-1.4115212985653218,0.9553986932150462,0.4895387240312183,-0.3027187324984641,1.1314284304186495,-0.6311139667204612,0.19735213558194112,1.2075099816358847,-0.29719324760348426,-0.7537454022189928,0.7608368091085088,0.8773030589609887
-1.1084759685934862,-0.6567531682723976,1.142820605877337,-0.8384624030898393,0.17176703332453822,0.960931240833294,1.1303775676540562,-1.4515938827687678,-0.6859118262663001,0.7510044642675964,1.435306478470724,0.019765387570446186,-0.9290758738653516,1.785921221465718,-0.28405707571740507,-0.8838384939911589,-0.6311139667204612,0.3170977249266611,-1.4962569657873586,-0.17058693459662413,1.6655025897215676,-1.1002666261015883,1.7702372990182167
-1.698364772254335,0.7139527439543082,1.0652654134078317,0.12160905082982407,-0.04587363449537527,-1.9195571284019874,1.4733616584030114,-1.4515938827687678,-0.6859118262663001,0.7510044642675964,-0.007212595369199463,0.7354087306383301,-0.30091768483855236,-0.8068437734032816,-0.02279388078257926,-0.8838384939911589,-0.6311139667204612,1.255104841460303,0.6276135854056986,0.044643797515038004,0.7799883725758602,-0.16971490849653975,0.02495673890636145
-2.878142379576033,0.8019797291431796,0.09028585093405633,-0.8384624030898393,2.073259183751151,0.30397775311296665,-0.5845428860907194,-1.4515938827687678,-0.6859118262663001,1.459181103226713,-0.007212595369199463,-0.6958779554974378,-0.30091768483855236,-0.8068437734032816,1.040920555737783,-0.8838384939911589,-0.6311139667204612,-0.6541720553138466,1.0625358825783382,0.3295080017804733,-0.30230678171333814,0.7608368091085088,0.12135304891253944
1.5787952480837133,-1.9394320953102338,-0.14237972647445768,0.12160905082982407,0.05721931341932059,-1.7039416247399313,-0.9275269768396744,0.30167326858154614,-0.6859118262663001,1.459181103226713,0.7140469415507622,0.019765387570446186,-0.9290758738653516,0.4895387240312183,1.9180184244475553,-0.8838384939911589,-0.6311139667204612,-0.1751896979349662,1.5409504094682427,1.7538290231076494,-0.8058344738157991,-1.1002666261015883,-0.9288593811547686
-0.24549049657113306,-1.0088611090278834,0.012730658464551143,2.0417519586691513,-0.2864238462963323,-1.9195571284019874,-0.9275269768396744,0.30167326858154614,0.02964447535279087,-1.3735254526097533,-1.4497316692091227,1.451052073706214,-0.9290758738653516,-0.8068437734032816,-0.39602701640375904,1.1314284304186495,0.033335473622656396,0.23726733203018127,-0.6481584863007109,0.29152610787841515,1.5497490972842203,0.7608368091085088,1.6839879690126889
-1.9386898404124584,0.27381781800995275,-0.9290109643794368,0.12160905082982407,-0.5155192861067676,0.16921806332418154,1.4733616584030114,-0.28274911520189183,1.4607570785909727,0.04282782530847982,-1.4497316692091227,1.451052073706214,-1.5572340628921508,0.4895387240312183,-0.15342547824999217,1.1314284304186495,-0.25142857223867965,-0.7273499154689534,0.6493597002643303,0.016157377088494743,-0.12867654305731704,-0.16971490849653975,-0.08666004110079187
0.4317892409653972,0.563049340773386,-0.17561766610424676,-0.8384624030898393,-0.1947856703721582,1.4662800775412381,0.444409386156146,1.4705180361484222,-1.4014681278853909,0.7510044642675964,0.7140469415507622,-0.6958779554974378,0.3272405041882469,-0.8068437734032816,1.115567182862019,1.1314284304186495,-0.3463499208591251,-0.6342144570897268,-1.7934538688553292,0.01932253491366607,-1.9112803265924667,-1.1002666261015883,0.12135304891253944
-0.5513587651360179,0.17321554922267188,-0.00942796795530771,-0.8384624030898393,-0.9049815337845074,-1.08404705171152,-0.24155879534176422,0.8860956523649842,1.4607570785909727,1.459181103226713,-0.007212595369199463,0.019765387570446186,-1.5572340628921508,0.4895387240312183,0.5370558226491904,1.1314284304186495,0.3655601937942153,1.5677738803048493,-1.3440341617769347,-0.2528810380510835,-0.8289851723032685,1.6913885267135573,-0.6295234711355843
0.30070284015187515,0.36184480319882417,1.1871378587170547,-0.8384624030898393,-0.6415217780025069,-0.005969533401239072,0.7873934769051011,-0.28274911520189183,-0.6859118262663001,-0.6653488136506367,-0.007212595369199463,1.451052073706214,0.3272405041882469,-0.8068437734032816,-0.32138038927952306,-0.8838384939911589,-0.6311139667204612,-0.8071803083654338,1.3089918509761678,-0.4997633484144607,1.2661530408127195,0.7608368091085088,-1.8065731512110212
1.6552623152249348,-1.3861196169801882,-0.2531728585737504,1.0816805047494875,-0.5957026900404199,0.2702878306657704,-1.6134951583375847,0.8860956523649842,0.02964447535279087,-0.6653488136506367,-0.7284721322891611,-0.6958779554974378,-0.9290758738653516,-0.8068437734032816,1.115567182862019,1.1314284304186495,0.31809951948399257,1.1686219158224487,-0.4669408624787777,1.3930010310380987,1.196700945350311,0.7608368091085088,-0.38599595111997664
-0.5295110316670971,-1.4489960349722388,-0.031586594375164985,-0.8384624030898393,1.3057894603861926,-0.5281633313327814,0.444409386156146,1.4705180361484222,1.4607570785909727,-0.6653488136506367,1.435306478470724,0.7354087306383301,0.3272405041882469,-0.8068437734032816,0.6490257633355443,1.1314284304186495,-0.061585874997788954,1.5278586838566097,0.9538053082851783,0.7662997816541407,-1.2688484435651886,-1.1002666261015883,0.6642164789473318
-1.567278371440813,-0.6944790190676295,-0.6077108812914873,-0.8384624030898393,-0.6071574620309417,0.9474552718544155,1.4733616584030114,0.30167326858154614,0.7452007769718818,0.7510044642675964,-0.007212595369199463,1.451052073706214,-0.9290758738653516,-0.8068437734032816,-0.47067364352799496,1.1314284304186495,2.3114478405133454,-0.427985942107153,-0.0030237454946287715,1.0131820920175183,0.03916602097683701,0.7608368091085088,-0.7005523311401364
0.13684483913497228,1.0031842667177413,0.8215205227893875,-0.8384624030898393,-0.14896658241007113,2.3927529448391356,-0.24155879534176422,0.8860956523649842,0.02964447535279087,0.04282782530847982,-0.7284721322891611,0.019765387570446186,1.5835568822418453,1.785921221465718,-0.02279388078257926,1.1314284304186495,1.0774703084475556,1.0488763264777288,-0.843873520028399,0.10794695401846807,0.9073172142569425,-0.16971490849653975,0.8823765489613136
-1.6546693053164943,1.594222595843019,-0.17561766610424676,-0.8384624030898393,0.2404956652676688,-0.06661139380619237,1.1303775676540562,-0.28274911520189183,-0.6859118262663001,1.459181103226713,0.7140469415507622,1.451052073706214,0.9553986932150462,0.4895387240312183,0.10783771668483365,1.1314284304186495,-0.203967897928457,0.4634534452368748,0.5261317160654165,2.2159420655826896,1.4455709540906077,1.6913885267135573,-0.2033503111082708
-0.33288143044681445,1.4307439090636873,-0.4636798095624071,1.0816805047494875,-0.1260570384290276,-1.2019617802767069,-1.6134951583375847,0.30167326858154614,0.02964447535279087,0.7510044642675964,1.435306478470724,-1.4115212985653218,0.3272405041882469,0.4895387240312183,0.014529432779538715,-0.8838384939911589,-0.6311139667204612,-1.2861626657443141,-0.6626558962064658,0.665014731248653,0.7221116263571865,0.7608368091085088,-1.0506231411625726
1.2729269795188294,-0.0657148391471218,0.8325998359993176,-0.8384624030898393,-0.9049815337845074,0.5734971326905368,-0.9275269768396744,0.8860956523649842,-1.4014681278853909,1.459181103226713,-0.7284721322891611,0.019765387570446186,-0.9290758738653516,0.4895387240312183,-0.7132751816817618,1.1314284304186495,4.87432425326537,0.6829870257021949,1.1640177519186212,0.0509741131653811,-1.0662798317998308,-1.1002666261015883,-1.2687832111765545
1.1090689785019265,1.7828518498191714,0.28971348871278285,-0.8384624030898393,-1.2028056055380734,-0.8347416256022674,-0.24155879534176422,-1.4515938827687678,-0.6859118262663001,0.7510044642675964,1.435306478470724,-0.6958779554974378,-0.9290758738653516,-0.8068437734032816,-0.9372150630544697,1.1314284304186495,0.6028635653453287,1.022266195512236,-2.119645591734809,0.20923200442395626,-0.18655328927599074,-0.16971490849653975,0.42576244893204906
-1.0757043683901053,-1.1094633778151644,0.25647554908299536,0.12160905082982407,1.7181612520449763,-1.9195571284019874,0.7873934769051011,-0.28274911520189183,1.4607570785909727,-0.6653488136506367,0.7140469415507622,0.019765387570446186,-0.30091768483855236,-0.8068437734032816,1.040920555737783,-0.8838384939911589,-0.6311139667204612,0.49006357620236857,-0.6844020110650976,-0.9175641813370992,-0.7132316798659211,-1.1002666261015883,-0.24901172111119715
-1.5126590377685123,0.7642538783479496,-0.45260049635247845,0.12160905082982407,1.053784476594714,-0.3934036415439962,-0.5845428860907194,0.30167326858154614,0.7452007769718818,0.04282782530847982,-1.4497316692091227,-1.4115212985653218,0.3272405041882469,-0.8068437734032816,0.8169806743650752,1.1314284304186495,1.0300096341373328,0.6231142310298354,1.8816395422534762,0.3041867391791014,0.2359469581203275,-1.1002666261015883,0.8519356089593628
-2.670588911621289,0.29896838520677343,0.3561893679723594,2.0417519586691513,-1.0195292536897251,1.6583126354902569,-0.5845428860907194,0.8860956523649842,-1.4014681278853909,0.7510044642675964,-0.007212595369199463,-0.6958779554974378,1.5835568822418453,1.785921221465718,-1.3104481986756493,1.1314284304186495,0.9350882855168874,-0.60095179338286,1.3452353757405544,-1.02517954739293,0.06810439408617386,-0.16971490849653975,0.4714238589349758
0.5301040415755386,-0.2669193767216836,-1.1284386021581632,-0.8384624030898393,-0.09169272245746232,0.8093265898209108,-0.9275269768396744,-1.4515938827687678,0.02964447535279087,-1.3735254526097533,0.7140469415507622,0.7354087306383301,-1.5572340628921508,0.4895387240312183,0.6863490768976622,-0.8838384939911589,-0.6311139667204612,-0.9202733649687803,-1.8949357381956118,-1.2720618577563076,1.4976600256874144,-1.1002666261015883,2.0492792490361005
0.4317892409653972,-1.4489960349722388,-0.2531728585737504,-0.8384624030898393,-0.22914998634372347,-1.7679524773896043,-0.9275269768396744,-0.28274911520189183,0.7452007769718818,1.459181103226713,0.7140469415507622,0.7354087306383301,0.3272405041882469,-0.8068437734032816,-0.452011986746936,-0.8838384939911589,-0.6311139667204612,-0.31489288550380645,0.1926912882330588,-1.1327949134487614,0.8957418650132076,-1.1002666261015883,0.8214946689574115
-0.5841303653393987,0.37442008679723365,-1.0398040964787294,-0.8384624030898393,-1.0653483416518121,-0.39677263378871586,1.4733616584030114,1.4705180361484222,0.02964447535279087,-0.6653488136506367,1.435306478470724,-0.6958779554974378,-0.30091768483855236,1.785921221465718,-0.414688673184818,1.1314284304186495,3.213200652407576,0.43684331427138107,-0.03926727025901541,0.4181324208852753,-0.2849437578477358,-0.16971490849653975,1.4962688390006584
-1.9386898404124584,-0.2920699439185042,0.6664101378503786,0.12160905082982407,2.13053304370376,-0.6191261219402112,1.1303775676540562,-0.8671714989853299,1.4607570785909727,0.7510044642675964,-0.007212595369199463,-0.6958779554974378,-1.5572340628921508,1.785921221465718,0.07051440312271567,1.1314284304186495,0.5079422167248833,0.909173138908889,-0.7351429457352391,-1.8987631071402653,0.5137553399699611,-0.16971490849653975,0.31414566892489576
-0.7152167661529208,1.4181686254652779,0.3783479943922167,-0.8384624030898393,-0.14896658241007113,0.4960103110619854,-0.5845428860907194,1.4705180361484222,0.02964447535279087,-0.6653488136506367,1.435306478470724,0.019765387570446186,0.3272405041882469,-0.8068437734032816,0.5557174794302494,-0.8838384939911589,-0.6311139667204612,-0.8604005702964203,-0.03201856530613798,0.9941911450664885,0.7857760471977272,-0.16971490849653975,-1.4209879111863093
0.0057584383214501975,-0.568726183083528,-1.2170731078375971,-0.8384624030898393,-0.733159953926681,1.3921622481574063,-0.5845428860907194,0.8860956523649842,1.4607570785909727,-0.6653488136506367,-0.7284721322891611,0.019765387570446186,0.3272405041882469,1.785921221465718,-0.6946135249007028,-0.8838384939911589,-0.6311139667204612,-0.26167262357281945,-0.8801170447927856,0.7473088347031118,-1.5929582223897614,-0.16971490849653975,0.2583372789213189
-1.840375039802317,0.009736862443340207,0.5223790661212985,-0.8384624030898393,1.007965388632627,-0.2822268974682485,0.10142529540719089,0.8860956523649842,0.7452007769718818,0.04282782530847982,0.7140469415507622,0.019765387570446186,-0.9290758738653516,-0.8068437734032816,-0.8625684359302337,1.1314284304186495,0.8876276112066649,0.8626054097192754,-0.9018631596514175,0.8042816755561983,-0.5338137665880329,-0.16971490849653975,-0.32511407111607454
0.5847233752478391,-0.141166540737582,0.9212343416787515,-0.8384624030898393,0.5154101930401911,-0.2653819362446504,1.4733616584030114,1.4705180361484222,0.7452007769718818,-1.3735254526097533,-1.4497316692091227,-0.6958779554974378,-0.9290758738653516,0.4895387240312183,0.8729656447082521,1.1314284304186495,-0.39381059516934774,-0.06874917407299261,1.2437535064002716,0.016157377088494743,1.6018381688810268,1.6913885267135573,-0.4418043411235531
1.327546313191131,-2.6436479768212027,0.5666963189610146,-0.8384624030898393,-0.3207881622678976,0.8800754269600229,0.10142529540719089,1.4705180361484222,-0.6859118262663001,-0.6653488136506367,-1.4497316692091227,0.019765387570446186,0.9553986932150462,-0.8068437734032816,0.5930407929923673,1.1314284304186495,-0.203967897928457,0.6297667637712084,1.2147586865887627,-0.9682067065398431,0.1896455611453883,1.6913885267135573,0.7859802389551359
1.5569475146147935,0.6259257587654368,-0.3085694246233967,-0.8384624030898393,-0.1833308983816364,-1.7679524773896043,-1.2705110675886295,-0.8671714989853299,-1.4014681278853909,-1.3735254526097533,-0.007212595369199463,-0.6958779554974378,0.3272405041882469,-0.8068437734032816,0.7796573608029572,1.1314284304186495,-0.10904654930801158,-0.60095179338286,1.8671421323477224,0.456114314787333,1.0404337305598919,-1.1002666261015883,0.8164211789570865
-0.28918596350897374,0.4624470719861051,0.057047911304268846,2.0417519586691513,-1.214260377528595,1.2371886049003034,1.4733616584030114,0.8860956523649842,0.7452007769718818,-0.6653488136506367,1.435306478470724,-0.6958779554974378,1.5835568822418453,-0.8068437734032816,0.07051440312271567,-0.8838384939911589,-0.6311139667204612,0.7162496894090616,-0.336464173326986,0.3738202113328741,-0.7190193544877885,-1.1002666261015883,1.0447282289717188
0.03853003852483096,1.8205777006144015,-0.3861246170929019,1.0816805047494875,4.53603516171333,-0.8515865868258655,0.7873934769051011,-1.4515938827687678,-1.4014681278853909,1.459181103226713,-0.7284721322891611,1.451052073706214,1.5835568822418453,0.4895387240312183,1.9366800812286145,-0.8838384939911589,-0.6311139667204612,0.789427549564169,-2.489329544331553,-1.9747268949443813,0.6526595308947779,0.7608368091085088,0.6134815789440802
0.6502665756545998,-0.05313955554871057,0.14568241698370268,-0.8384624030898393,-0.44679065416363695,1.0350490702171258,1.1303775676540562,0.8860956523649842,0.7452007769718818,0.04282782530847982,1.435306478470724,0.019765387570446186,-0.9290758738653516,0.4895387240312183,-0.9745383766165876,-0.8838384939911589,-0.6311139667204612,-1.5056962462096348,0.7435928646517365,1.342358505835354,-0.9447386647406159,0.7608368091085088,0.319219158925221
0.6393427089201398,0.28639310160836395,-0.3528866774631144,0.12160905082982407,1.5119753562155847,0.7756366673737145,1.4733616584030114,-0.28274911520189183,1.4607570785909727,-1.3735254526097533,0.7140469415507622,1.451052073706214,0.9553986932150462,0.4895387240312183,-1.3291098554567085,1.1314284304186495,1.7893804231008956,-0.6807821862793403,-0.184241369316562,-0.6960031335750939,-0.012923050619969649,0.7608368091085088,0.22282284891904264
-1.807603439598937,0.9277325651272812,0.267554862292924,-0.8384624030898393,-0.5384288300878111,-0.31928581216016444,-0.9275269768396744,0.8860956523649842,-1.4014681278853909,-0.6653488136506367,-1.4497316692091227,1.451052073706214,-0.9290758738653516,0.4895387240312183,0.21980765737118757,-0.8838384939911589,-0.6311139667204612,-1.5788741063647416,1.9251317719707408,0.15225916357086886,0.42694022064195053,1.6913885267135573,0.8620825889600133
1.3603179133945107,-1.373544333381777,2.040244975881607,-0.8384624030898393,-1.030984025680247,1.3011994575499763,-0.5845428860907194,-1.4515938827687678,-1.4014681278853909,-1.3735254526097533,-1.4497316692091227,0.019765387570446186,-1.5572340628921508,1.785921221465718,-0.4893353003090539,-0.8838384939911589,-0.6311139667204612,-1.5988317045888614,2.418043708766399,1.2220825084788374,0.19543323576725574,-1.1002666261015883,-1.8268671112123223
1.3603179133945107,0.17321554922267188,0.721806703900025,2.0417519586691513,-0.14896658241007113,0.843016512268107,1.1303775676540562,-0.28274911520189183,1.4607570785909727,0.7510044642675964,1.435306478470724,1.451052073706214,-0.30091768483855236,3.082303718900218,-1.0305233469597646,-0.8838384939911589,-0.6311139667204612,0.07760654623722113,1.7511628531016845,0.9435486198637447,0.4443032445075529,0.7608368091085088,-1.0151087111602966
0.3880937740275565,1.0660606847097922,0.43374456044186305,2.0417519586691513,0.5039554210496693,-1.4512672063859593,1.4733616584030114,-0.8671714989853299,1.4607570785909727,0.04282782530847982,-0.7284721322891611,0.019765387570446186,-1.5572340628921508,-0.8068437734032816,-0.8439067791491747,-0.8838384939911589,-0.6311139667204612,-0.21510489438320632,1.7294167382430528,-1.4556410116162548,0.26488533122966434,0.7608368091085088,-1.5173842211924873
2.2669988523547047,-0.7825060042564992,0.7439653303198839,0.12160905082982407,-0.05732840648589703,0.4555824041253499,-1.6134951583375847,0.30167326858154614,-0.6859118262663001,0.7510044642675964,1.435306478470724,-1.4115212985653218,-0.30091768483855236,-0.8068437734032816,1.0035972421756651,-0.8838384939911589,-0.6311139667204612,0.40358065056451436,-3.489650827828624,1.886765651764853,0.3285497520702055,-1.1002666261015883,1.105610108975621
0.2788551066829543,0.41214593759246554,0.012730658464551143,0.12160905082982407,-0.0687831784764188,-0.4877354243961458,1.4733616584030114,0.30167326858154614,-1.4014681278853909,0.7510044642675964,0.7140469415507622,0.019765387570446186,-0.30091768483855236,1.785921221465718,-0.9932000333976466,-0.8838384939911589,-0.6311139667204612,-1.2728576002615677,-0.2784745337039676,0.2155623200742989,2.2500577265301724,-0.16971490849653975,-1.7101768412048437
-2.037004641022601,-0.9962858254294722,-0.5523143152418409,-0.8384624030898393,-0.8706172178129422,-0.24853697502105224,-0.9275269768396744,-0.28274911520189183,1.4607570785909727,-1.3735254526097533,-0.7284721322891611,-1.4115212985653218,-0.30091768483855236,-0.8068437734032816,-0.8065834655870567,-0.8838384939911589,-0.6311139667204612,0.915825671650262,-1.4382673261643402,-0.6010483988199489,1.381906533250067,-1.1002666261015883,-0.2642321911121725
-0.5185871649326371,-1.4364207513738276,-0.39720393030283213,-0.8384624030898393,-0.8477076738318986,1.5471358914145092,-0.24155879534176422,-0.28274911520189183,0.7452007769718818,0.04282782530847982,1.435306478470724,1.451052073706214,2.8398732602954437,0.4895387240312183,-0.340042046060582,-0.8838384939911589,-0.6311139667204612,-1.1198493472099806,-0.5249305021017967,-0.664351555323379,0.34591277593580744,-1.1002666261015883,-0.7157728011411121
-0.3656530306501952,-0.8956835566421913,-0.530155688821982,2.0417519586691513,1.4661562682534974,0.7587917061501164,-0.5845428860907194,0.30167326858154614,-0.6859118262663001,-0.6653488136506367,0.7140469415507622,-1.4115212985653218,-1.5572340628921508,-0.8068437734032816,0.3317775980575415,-0.8838384939911589,-0.6311139667204612,-0.30824035276243306,0.19993999318593675,-1.6138989028748298,1.0635844290473617,0.7608368091085088,-1.938483891219476
0.20238803954173382,-1.0214363926262928,0.1899996698234204,-0.8384624030898393,0.6757770009074958,1.5943017828405839,1.4733616584030114,-1.4515938827687678,-0.6859118262663001,-0.6653488136506367,-0.007212595369199463,0.7354087306383301,-1.5572340628921508,0.4895387240312183,2.552514755003561,1.1314284304186495,0.7927062625862195,0.7761224840814221,-0.14799784455217535,0.006661903612979874,-0.23285468625092953,-1.1002666261015883,-0.2388647411105467
-0.977389567779964,-1.738227557735672,-0.7960592058602851,0.12160905082982407,-0.1833308983816364,0.8194335665550696,1.4733616584030114,-0.8671714989853299,0.02964447535279087,1.459181103226713,0.7140469415507622,0.7354087306383301,-0.30091768483855236,-0.8068437734032816,-0.452011986746936,-0.8838384939911589,-0.6311139667204612,0.782775016822795,1.5192042946096098,-1.2594012264556214,0.994132333584953,0.7608368091085088,1.125904068976921
0.0057584383214501975,-0.354946361910555,-0.2753314849936092,0.12160905082982407,0.4008624731349735,0.04456535026955534,-1.6134951583375847,-0.28274911520189183,0.02964447535279087,-1.3735254526097533,-0.007212595369199463,0.019765387570446186,0.3272405041882469,-0.8068437734032816,0.6863490768976622,1.1314284304186495,1.409695028619114,1.1885795140465696,-1.7427129341851877,0.9498789355140882,-0.36018352793201186,0.7608368091085088,-0.10188051110176757
0.35532217382417575,0.13548969842744177,-0.5744729416616998,-0.8384624030898393,-0.297878618286854,-1.579288911685305,-0.5845428860907194,-1.4515938827687678,1.4607570785909727,0.7510044642675964,0.7140469415507622,0.7354087306383301,0.3272405041882469,-0.8068437734032816,0.12649937346589263,-0.8838384939911589,-0.6311139667204612,-1.6853146302267148,-0.6988994209708524,1.3803403997374124,-0.9215879662531464,-1.1002666261015883,0.24311680892034357
0.322550573620795,1.9714811037953237,-0.3528866774631144,1.0816805047494875,-0.7560694979077245,1.341627364486612,-0.24155879534176422,-1.4515938827687678,0.02964447535279087,0.7510044642675964,1.435306478470724,0.7354087306383301,0.9553986932150462,-0.8068437734032816,-0.8998917494923516,-0.8838384939911589,-0.6311139667204612,0.004428686082114264,-0.47418956743165513,1.8297928109117656,-0.5164507427224306,-0.16971490849653975,-0.4418043411235531
0.464560841168777,-0.11601597354076135,0.0016513452546225037,-0.8384624030898393,0.7330508608601046,0.7992196130867518,1.1303775676540562,-0.28274911520189183,-0.6859118262663001,-0.6653488136506367,1.435306478470724,-1.4115212985653218,-0.30091768483855236,-0.8068437734032816,-1.0491850037408235,1.1314284304186495,1.741919748790673,0.7229022221504355,2.099100690839796,2.6653944767570428,-1.477204729952414,0.7608368091085088,0.17716143891611627
0.7376575095302811,0.09776384763221165,0.5777756321709447,-0.8384624030898393,-0.1947856703721582,-0.6629230211215664,0.7873934769051011,-0.8671714989853299,0.02964447535279087,0.04282782530847982,1.435306478470724,-1.4115212985653218,0.9553986932150462,0.4895387240312183,0.8543039879271932,-0.8838384939911589,-0.6311139667204612,0.6563768947367021,-1.2498009973895297,-1.0125189160922443,-1.6161089208772308,0.7608368091085088,1.0345812489710684
-0.8681509004353627,-0.19146767513122334,-0.5079970624021248,2.0417519586691513,-0.01150931852380998,0.2365979082185741,1.1303775676540562,-1.4515938827687678,-1.4014681278853909,-1.3735254526097533,1.435306478470724,0.7354087306383301,1.5835568822418453,0.4895387240312183,-1.1424932876461185,-0.8838384939911589,-0.6311139667204612,0.19735213558194112,-0.5684227318190608,-1.1707768073508196,-0.991040061715555,1.6913885267135573,-1.1368724711681002
-0.45304396452587664,1.7954271334175826,0.5002204397014396,-0.8384624030898393,-0.7904338138792898,-1.0065602300829684,0.7873934769051011,0.30167326858154614,1.4607570785909727,-0.6653488136506367,0.7140469415507622,-1.4115212985653218,-0.9290758738653516,0.4895387240312183,-0.02279388078257926,-0.8838384939911589,-0.6311139667204612,-1.412560787830408,-0.5611740268661833,-2.348215518314619,-0.724807029109656,1.6913885267135573,-0.22871776110989658
0.3116267068863351,-1.0968880942167532,1.0652654134078317,2.0417519586691513,0.8246890367842786,-0.956025346412174,0.10142529540719089,0.30167326858154614,0.02964447535279087,-1.3735254526097533,0.7140469415507622,0.7354087306383301,0.3272405041882469,-0.8068437734032816,0.07051440312271567,1.1314284304186495,2.026683794652009,1.3149776361326626,-2.293614510603865,-1.1011433351970463,-1.88234195348313,-1.1002666261015883,1.6992084390136648
0.39901764076201646,1.1540876698986635,-0.19777629252410403,-0.8384624030898393,-0.36660725022998464,-0.5989121684718935,1.4733616584030114,-1.4515938827687678,-0.6859118262663001,-0.6653488136506367,1.435306478470724,0.7354087306383301,1.5835568822418453,-0.8068437734032816,-1.0491850037408235,-0.8838384939911589,-0.6311139667204612,-0.002223846659259173,-1.090329488426228,1.6588742883525043,0.6815979040041147,-1.1002666261015883,0.14164700891384036
0.8032007099370426,-0.2669193767216836,-0.652028134131205,2.0417519586691513,-0.9164363057750292,-1.181747826808389,1.1303775676540562,-0.28274911520189183,0.7452007769718818,-1.3735254526097533,0.7140469415507622,0.019765387570446186,0.3272405041882469,0.4895387240312183,-0.6759518681196438,1.1314284304186495,0.8401669368964422,-0.18184223067633962,0.35941150214923717,1.1841006145767787,-0.8521358707907383,-0.16971490849653975,-0.21349729110892088
-0.7589122330907605,1.2672652222843557,0.32295142834257035,0.12160905082982407,-0.6071574620309417,0.11868317965338714,1.4733616584030114,-1.4515938827687678,0.02964447535279087,1.459181103226713,0.7140469415507622,1.451052073706214,1.5835568822418453,1.785921221465718,0.5557174794302494,-0.8838384939911589,-0.6311139667204612,-0.7473075136930738,1.6351835738556477,1.1018065111223199,-0.10552584456984723,-0.16971490849653975,0.44605640893335
-1.5126590377685123,0.09776384763221165,0.8104412095794589,-0.8384624030898393,0.3206790692013211,-1.1379509276270339,0.7873934769051011,0.30167326858154614,-0.6859118262663001,0.04282782530847982,-1.4497316692091227,-0.6958779554974378,-0.9290758738653516,0.4895387240312183,-1.2358015715514135,1.1314284304186495,1.2198523313782237,0.47010597797824777,-0.6264123714420792,-0.037650305939421355,0.34591277593580744,-1.1002666261015883,0.7707597689541599
0.06037777199375179,0.6259257587654368,0.17892035661349018,1.0816805047494875,-0.8477076738318986,-0.3024408509365663,-0.24155879534176422,-0.28274911520189183,-1.4014681278853909,-0.6653488136506367,-0.007212595369199463,-1.4115212985653218,-0.30091768483855236,-0.8068437734032816,-0.07877885112575622,1.1314284304186495,3.3555826753382445,0.3902755850817684,-1.5252517855988679,0.36748989568253143,0.5079676653480937,-0.16971490849653975,1.5977386390071617
0.49733244137215776,1.9714811037953237,-1.2724696738872434,-0.8384624030898393,-0.9164363057750292,-1.697203640250492,0.444409386156146,-0.28274911520189183,0.02964447535279087,0.7510044642675964,-0.7284721322891611,0.019765387570446186,0.3272405041882469,1.785921221465718,1.4701386617021397,1.1314284304186495,-0.10904654930801158,-0.2084523616418329,-1.257049702342407,-0.18957788154765343,2.394749592076857,-0.16971490849653975,0.17716143891611627
-0.3438052971812744,-2.2160883344752578,-0.06482453400495405,-0.8384624030898393,-0.5155192861067676,1.3281513955077333,-1.6134951583375847,-0.8671714989853299,-1.4014681278853909,1.459181103226713,-0.7284721322891611,-0.6958779554974378,0.3272405041882469,-0.8068437734032816,0.7796573608029572,1.1314284304186495,0.3655601937942153,-0.15523209971084587,-0.3147180584683542,-0.20223851284833916,0.07967974332990835,2.621940244318606,0.27355774892229423
0.4099415074964764,-0.8831082730437819,-1.1284386021581632,2.0417519586691513,-5.454653328821902e-05,-0.39677263378871586,-0.24155879534176422,-1.4515938827687678,0.7452007769718818,1.459181103226713,0.7140469415507622,0.7354087306383301,-0.30091768483855236,0.4895387240312183,-0.6013052409954078,1.1314284304186495,0.08079614793287912,-2.3771780353295426,0.881318258756405,-1.0948130195467032,1.6076258435028938,0.7608368091085088,1.3237701789896026
0.39901764076201646,-0.22919352592645345,0.5223790661212985,-0.8384624030898393,-0.4697001981446805,-0.8785385247836226,1.1303775676540562,0.30167326858154614,-0.6859118262663001,0.04282782530847982,-1.4497316692091227,-1.4115212985653218,0.9553986932150462,-0.8068437734032816,0.0331910895605977,1.1314284304186495,1.9317624460315639,1.3881554962877698,-0.44519474762014594,-0.09462314679250833,-0.8752865692782077,-0.16971490849653975,0.4359094289326995
-1.3269533032826895,1.8708788350080428,1.2203757983468422,0.12160905082982407,-0.35515247823946283,0.7251017837029201,0.7873934769051011,-0.8671714989853299,-1.4014681278853909,-0.6653488136506367,-1.4497316692091227,-0.6958779554974378,-0.30091768483855236,-0.8068437734032816,1.3581687210157858,1.1314284304186495,-0.3463499208591251,1.2617573742016759,0.685603225028717,-0.12627472504422335,0.13755648954858204,1.6913885267135573,-0.8933449511524926
0.3880937740275565,-0.9711352582326516,-0.44152118314254823,-0.8384624030898393,0.22904089327714702,-0.27211992073408964,-1.6134951583375847,0.30167326858154614,0.02964447535279087,0.04282782530847982,0.7140469415507622,1.451052073706214,0.3272405041882469,1.785921221465718,-1.2917865418945904,1.1314284304186495,1.5046163772395595,-0.02883397762475245,-0.7568890605938708,-0.1389353563449091,-1.2977868166745254,-0.16971490849653975,-0.09680702110144233
0.6502665756545998,-1.235216213799266,0.27863417550285424,-0.8384624030898393,-0.022964090514331743,-1.0705710827326413,-0.5845428860907194,-0.8671714989853299,0.02964447535279087,0.04282782530847982,-0.007212595369199463,0.019765387570446186,0.3272405041882469,-0.8068437734032816,-0.9932000333976466,-0.8838384939911589,-0.6311139667204612,-0.3348504837279263,0.5333804210182934,0.342168633081159,0.21279625963285811,-1.1002666261015883,0.11120606891188933
0.7267336427958212,1.1792382370954844,0.057047911304268846,1.0816805047494875,-0.687340865964594,-1.0031912378382488,-1.2705110675886295,1.4705180361484222,-1.4014681278853909,1.459181103226713,-1.4497316692091227,0.7354087306383301,-0.9290758738653516,-0.8068437734032816,-0.8252451223681158,-0.8838384939911589,-0.6311139667204612,0.5765465018402218,0.6493597002643303,-0.8669216561343549,-0.9215879662531464,-1.1002666261015883,-0.5686415911316821
1.2183076458465278,0.8648561471352304,1.7854207720532342,-0.8384624030898393,-0.5727931460593764,-1.417577283938763,-0.9275269768396744,-0.28274911520189183,-1.4014681278853909,0.7510044642675964,-0.7284721322891611,-1.4115212985653218,0.3272405041882469,1.785921221465718,1.227537123548373,-0.8838384939911589,-0.6311139667204612,0.03103881704760754,0.040468484222635305,-1.7848174254340912,0.9594062858537483,-0.16971490849653975,-1.9892187912227275
0.464560841168777,0.638501042363848,1.1982171719269832,1.0816805047494875,-0.7675242698982463,-0.002600541156519445,1.4733616584030114,-1.4515938827687678,-1.4014681278853909,-0.6653488136506367,1.435306478470724,0.7354087306383301,-1.5572340628921508,-0.8068437734032816,-0.22807210537422812,-0.8838384939911589,-0.6311139667204612,-0.2749776890555663,1.903385657112109,-1.0441704943439594,-0.1923409638978578,-1.1002666261015883,-0.21857078110924613
0.2679312399484944,-0.05313955554871057,0.267554862292924,0.12160905082982407,-1.1455317455854646,0.7419467449265182,-1.6134951583375847,-0.28274911520189183,-0.6859118262663001,0.04282782530847982,-0.007212595369199463,-0.6958779554974378,-0.30091768483855236,0.4895387240312183,0.8169806743650752,-0.8838384939911589,-0.6311139667204612,1.2151896450120623,0.9610540132380563,-1.848120581937521,0.23015928349846004,-1.1002666261015883,-0.12724796110339337
0.5847233752478391,-1.172339795807215,-0.12022110005460039,1.0816805047494875,-0.42388111018259345,-1.8218563533051182,0.444409386156146,1.4705180361484222,1.4607570785909727,1.459181103226713,-1.4497316692091227,0.7354087306383301,-0.9290758738653516,0.4895387240312183,-0.7319368384628208,-0.8838384939911589,-0.6311139667204612,0.43684331427138107,-1.351282866729812,-0.8922429187357273,0.09125509257364325,-1.1002666261015883,-0.9745207911576952
-0.14717569596099175,-0.84538242224855,0.8325998359993176,2.0417519586691513,-0.7675242698982463,0.81606457431035,-1.6134951583375847,-1.4515938827687678,1.4607570785909727,0.7510044642675964,-0.007212595369199463,0.7354087306383301,1.5835568822418453,-0.8068437734032816,0.21980765737118757,-0.8838384939911589,-0.6311139667204612,1.9270106483390101,-1.0250911438503323,-0.46178145451240254,-2.54213686037601,-1.1002666261015883,1.151271518978547
-1.414344237158371,-2.656223260419613,0.5888549453808735,0.12160905082982407,-0.733159953926681,-1.1480579043611927,0.7873934769051011,-0.28274911520189183,1.4607570785909727,0.04282782530847982,0.7140469415507622,0.7354087306383301,0.9553986932150462,1.785921221465718,-0.8252451223681158,1.1314284304186495,-0.39381059516934774,1.255104841460303,2.0556084611225325,0.44978399913699035,0.5658444115667673,-0.16971490849653975,-0.7918751511459895
-0.19087116289883244,-1.62505000534998,-1.0398040964787294,1.0816805047494875,1.3057894603861926,-0.413617595012314,0.10142529540719089,0.8860956523649842,-1.4014681278853909,-1.3735254526097533,1.435306478470724,-0.6958779554974378,-0.30091768483855236,0.4895387240312183,-0.22807210537422812,-0.8838384939911589,-0.6311139667204612,-0.9069682994860339,-0.3147180584683542,-1.1581161760501333,0.33433742669207256,-0.16971490849653975,1.805751729020493
0.3880937740275565,0.009736862443340207,-0.33072805104325553,0.12160905082982407,-0.13751181041954938,-0.3799276725651177,1.4733616584030114,-1.4515938827687678,0.7452007769718818,-0.6653488136506367,-1.4497316692091227,-0.6958779554974378,-0.30091768483855236,-0.8068437734032816,-0.04145553756363825,-0.8838384939911589,-0.6311139667204612,-1.0799341507617408,-0.8801170447927856,0.791621044255513,-0.7016563306221866,-0.16971490849653975,1.2628882989857007
-0.7589122330907605,2.2481373429603475,-0.5523143152418409,1.0816805047494875,-1.1798960615570298,0.8396475200233874,-0.5845428860907194,-0.8671714989853299,1.4607570785909727,-0.6653488136506367,-0.7284721322891611,0.7354087306383301,-0.9290758738653516,1.785921221465718,2.0113267083528505,-0.8838384939911589,-0.6311139667204612,-1.3726455913821678,-0.5756714367719377,-0.20223851284833916,0.4674539429950223,1.6913885267135573,-0.177982861106645
0.1586925726038931,-1.348393766184956,0.3561893679723594,2.0417519586691513,0.05721931341932059,0.3780955824967985,-1.2705110675886295,0.30167326858154614,-1.4014681278853909,1.459181103226713,-0.7284721322891611,1.451052073706214,-0.9290758738653516,0.4895387240312183,-1.1051699740840006,-0.8838384939911589,-0.6311139667204612,1.8139175917356631,-0.024769860353261067,1.3993313466884414,0.7105362771134516,0.7608368091085088,1.25274131898505
-0.5622826318704779,2.2481373429603475,-1.0619627228985882,-0.8384624030898393,-0.9508006217465945,1.2136056591872662,1.1303775676540562,0.30167326858154614,0.7452007769718818,0.04282782530847982,-0.7284721322891611,-0.6958779554974378,0.9553986932150462,-0.8068437734032816,0.3131159412764825,1.1314284304186495,0.08079614793287912,-0.1286219687453526,0.990048833049565,0.6080418903955656,-0.17497794003225584,-0.16971490849653975,1.3237701789896026
-0.6496735657461593,1.4307439090636873,0.267554862292924,-0.8384624030898393,0.6757770009074958,-0.6157571296954917,-0.24155879534176422,1.4705180361484222,0.7452007769718818,0.04282782530847982,1.435306478470724,0.7354087306383301,-0.30091768483855236,-0.8068437734032816,-0.35870370284164105,1.1314284304186495,0.413020868104438,-0.9601885614170205,-0.14799784455217535,0.03831348186469491,1.8333451537557217,-0.16971490849653975,1.273035278986351
-0.824455433497522,1.7325507154255317,0.8769170888390337,-0.8384624030898393,0.16031226133401646,-0.14746720767946342,0.444409386156146,-0.28274911520189183,1.4607570785909727,-0.6653488136506367,-1.4497316692091227,1.451052073706214,-0.30091768483855236,-0.8068437734032816,-0.3773653596227,-0.8838384939911589,-0.6311139667204612,-0.48120620403814,1.403225015363573,-0.639030292722007,-1.1646703003715762,-1.1002666261015883,1.4607544089983822
-0.9664657010455041,0.36184480319882417,-0.3861246170929019,1.0816805047494875,-0.927891077765551,0.07151728822731236,1.1303775676540562,-0.28274911520189183,0.02964447535279087,0.04282782530847982,1.435306478470724,0.019765387570446186,-0.30091768483855236,-0.8068437734032816,1.6007702591695527,1.1314284304186495,-0.25142857223867965,-1.632094368295728,-1.9891689025830168,-0.36049640410691436,-0.0418614237293065,-1.1002666261015883,0.6743634589479822
0.4099415074964764,-0.19146767513122334,1.3311689304461347,-0.8384624030898393,-0.9966197097086815,0.6880428690110042,1.1303775676540562,0.8860956523649842,0.7452007769718818,0.7510044642675964,0.7140469415507622,-0.6958779554974378,-0.9290758738653516,-0.8068437734032816,1.059582212518842,-0.8838384939911589,-0.6311139667204612,-1.3526879931580476,1.2075099816358847,-0.8922429187357273,-1.1473072765059737,-0.16971490849653975,0.29892519892392005
0.8468961768748834,1.669674297433481,-0.2642521717836806,0.12160905082982407,-0.6758860939740722,-0.34960674236264105,0.444409386156146,-0.28274911520189183,-0.6859118262663001,0.7510044642675964,-0.7284721322891611,-0.6958779554974378,-1.5572340628921508,-0.8068437734032816,0.1824843438090696,-0.8838384939911589,-0.6311139667204612,0.34370785589215486,-0.8583709299341539,-0.06297156854079329,1.3471804855188623,1.6913885267135573,-0.2794526611131482
0.9233632440161038,0.32411895240359406,-0.4304418699326196,-0.8384624030898393,-0.7675242698982463,-0.09693232400866901,0.7873934769051011,-1.4515938827687678,1.4607570785909727,0.04282782530847982,0.7140469415507622,0.019765387570446186,0.3272405041882469,0.4895387240312183,0.40642422518177745,1.1314284304186495,-0.3463499208591251,0.9756984663226224,1.1495203420128663,-0.07563219984147904,1.5497490972842203,-1.1002666261015883,-0.061292591099166065
-0.17994729616437252,-0.920834123839012,-0.1866969793141754,-0.8384624030898393,0.46959110507810403,0.2803948073999293,-1.6134951583375847,-1.4515938827687678,0.7452007769718818,1.459181103226713,-0.007212595369199463,1.451052073706214,-1.5572340628921508,-0.8068437734032816,-0.6013052409954078,-0.8838384939911589,-0.6311139667204612,-0.37476568017616646,1.091530702389848,-0.904903550036413,-1.0141907602030245,0.7608368091085088,0.5525996989401781
-0.05978476208531036,-1.8891309609165943,1.707865579583729,-0.8384624030898393,-0.36660725022998464,-1.35356643128909,0.10142529540719089,-0.28274911520189183,0.7452007769718818,-1.3735254526097533,-0.007212595369199463,0.019765387570446186,-1.5572340628921508,0.4895387240312183,1.3768303777968447,-0.8838384939911589,-0.6311139667204612,-1.1597645436582207,-0.5684227318190608,-0.012329043338048967,0.18385788652352125,-1.1002666261015883,1.0650221889730198
-0.6169019655427785,-1.210065646602445,-1.0287247832687991,-0.8384624030898393,7.777735635030988,-0.865062555804744,-0.24155879534176422,1.4705180361484222,-0.6859118262663001,-0.6653488136506367,-0.7284721322891611,0.7354087306383301,0.9553986932150462,0.4895387240312183,0.3131159412764825,1.1314284304186495,1.599537725860005,-0.15523209971084587,0.3159192724319736,-0.7213243961764659,1.0404337305598919,2.621940244318606,-0.7309932711420875
-0.9446179675765842,-0.2417688095248629,0.0016513452546225037,0.12160905082982407,-0.5957026900404199,-0.5214253468433421,0.10142529540719089,-0.8671714989853299,1.4607570785909727,0.04282782530847982,-1.4497316692091227,-1.4115212985653218,-0.9290758738653516,0.4895387240312183,-1.1424932876461185,1.1314284304186495,-0.014125200687566225,0.9557408680985026,0.6638571101700852,-1.9557359479933523,-0.6206288859160435,-0.16971490849653975,-1.9689248312214265
0.464560841168777,0.4624470719861051,-0.20885560573403422,-0.8384624030898393,-0.14896658241007113,0.020982404556517946,-0.9275269768396744,0.8860956523649842,0.7452007769718818,-1.3735254526097533,-1.4497316692091227,-1.4115212985653218,0.3272405041882469,-0.8068437734032816,1.6754168862937886,1.1314284304186495,3.4505040239586897,2.4725183331316245,-0.22773359903382606,-0.6770121866240647,-0.8926495931438096,2.621940244318606,0.8417886289587124
0.5628756417789194,-1.0717375270199343,0.17892035661349018,0.12160905082982407,0.904872440717931,0.07825527271675162,-0.24155879534176422,-0.28274911520189183,0.7452007769718818,-0.6653488136506367,0.7140469415507622,0.7354087306383301,-0.9290758738653516,0.4895387240312183,0.6863490768976622,1.1314284304186495,0.555402891035106,0.17074200461644784,0.4246498467251335,1.0954761954719772,-1.3383005390275973,0.7608368091085088,-1.6340744911999663
-1.5017351710340523,0.5001729227813352,-0.6741867605510639,1.0816805047494875,0.1488574893434947,0.6813048845215649,0.7873934769051011,0.8860956523649842,-0.6859118262663001,-1.3735254526097533,-0.7284721322891611,0.019765387570446186,2.2117150712686446,0.4895387240312183,1.3021837506726088,-0.8838384939911589,-0.6311139667204612,0.4634534452368748,-0.7641377655467483,-0.3415054571558855,-0.41227259952881806,2.621940244318606,0.07061814890928783
-1.4361919706272908,-0.05313955554871057,0.43374456044186305,0.12160905082982407,0.30922429721079936,-0.7201958892818001,0.10142529540719089,0.30167326858154614,-1.4014681278853909,0.04282782530847982,-1.4497316692091227,-1.4115212985653218,1.5835568822418453,0.4895387240312183,0.8729656447082521,-0.8838384939911589,-0.6311139667204612,-1.5722215736233682,-2.076153362017545,-1.5695866933224287,1.208276294594046,-1.1002666261015883,-1.0252556911609467
0.16961643933835305,-0.9837105418310628,-1.4275800588262537,2.0417519586691513,1.2026965124714968,-1.9195571284019874,0.10142529540719089,0.30167326858154614,-1.4014681278853909,-0.6653488136506367,-0.007212595369199463,1.451052073706214,0.9553986932150462,-0.8068437734032816,0.23846931415224656,-0.8838384939911589,-0.6311139667204612,-0.4412910075898999,-0.41619992780863674,0.728317887752083,0.5021799907262265,0.7608368091085088,0.07569163890961306
-0.3110336969778946,0.12291441482903054,2.4169416250192026,0.12160905082982407,-0.14896658241007113,-0.22495402930801486,1.1303775676540562,1.4705180361484222,0.7452007769718818,-1.3735254526097533,0.7140469415507622,0.019765387570446186,0.3272405041882469,1.785921221465718,-0.8065834655870567,1.1314284304186495,1.267313005688446,1.7008245351323161,0.2506809278560772,1.5069467127442726,-0.7190193544877885,-0.16971490849653975,-0.5229801811287558
-1.414344237158371,0.2486672508131321,1.1982171719269832,0.12160905082982407,-0.297878618286854,-0.9627633309016133,-0.24155879534176422,1.4705180361484222,0.7452007769718818,-1.3735254526097533,-0.7284721322891611,0.019765387570446186,-0.9290758738653516,-0.8068437734032816,0.3504392548386005,-0.8838384939911589,-0.6311139667204612,0.1507844063923275,0.49713689625390683,-0.5440755579668619,-0.4990877188568286,-0.16971490849653975,-1.6087070411983402
-0.977389567779964,0.4372965047892844,-0.23101423215389308,0.12160905082982407,-0.21769521435320172,-1.299662555373576,1.1303775676540562,0.30167326858154614,0.7452007769718818,0.04282782530847982,-1.4497316692091227,0.7354087306383301,-0.30091768483855236,0.4895387240312183,-0.28405707571740507,-0.8838384939911589,-0.6311139667204612,-0.31489288550380645,1.7874063778660711,0.34849894873150217,0.4095771967763486,-1.1002666261015883,1.1411245389778972
0.14776870586943222,-1.2980926317913166,-0.14237972647445768,-0.8384624030898393,-0.04587363449537527,-0.8549555790705852,1.4733616584030114,-1.4515938827687678,0.7452007769718818,0.7510044642675964,-0.007212595369199463,-1.4115212985653218,0.3272405041882469,-0.8068437734032816,-0.17208713503105116,-0.8838384939911589,-0.6311139667204612,0.6430718292539552,-0.2059874841751943,0.08895600706743878,-0.16340259078852093,0.7608368091085088,-0.04607212109819073
0.464560841168777,0.1480649820258512,0.6664101378503786,-0.8384624030898393,0.03430976943827707,0.960931240833294,-0.24155879534176422,1.4705180361484222,0.7452007769718818,-0.6653488136506367,0.7140469415507622,0.019765387570446186,-0.30091768483855236,-0.8068437734032816,0.5370558226491904,1.1314284304186495,0.08079614793287912,-1.0932392162444873,0.7435928646517365,-1.031509863043273,-0.15182724154478644,-1.1002666261015883,0.319219158925221
1.1527644454397683,0.03488742964016087,0.9766309077283979,2.0417519586691513,-1.2486246935001604,-1.2760796096605387,-0.9275269768396744,1.4705180361484222,1.4607570785909727,-1.3735254526097533,0.7140469415507622,-0.6958779554974378,0.3272405041882469,-0.8068437734032816,-0.8812300927112927,-0.8838384939911589,-0.6311139667204612,1.3016725706499157,0.054965894128389654,0.36115958003218834,-0.12288886843544959,-1.1002666261015883,-0.37077548111900094
-1.2286385026725481,0.852280863536821,-1.1062799757383044,2.0417519586691513,-0.3207881622678976,-1.9195571284019874,1.4733616584030114,-0.8671714989853299,-0.6859118262663001,0.04282782530847982,1.435306478470724,0.7354087306383301,0.9553986932150462,-0.8068437734032816,0.3877625684007185,-0.8838384939911589,-0.6311139667204612,-0.5610365969346198,-0.0030237454946287715,1.196761245877465,-0.7653207514627277,-0.16971490849653975,0.4003949989304233
-0.05978476208531036,-1.0340116762247022,2.4169416250192026,1.0816805047494875,2.5085405193909778,-0.7673617807078749,-0.5845428860907194,0.8860956523649842,-1.4014681278853909,1.459181103226713,-1.4497316692091227,0.7354087306383301,0.3272405041882469,-0.8068437734032816,0.3131159412764825,-0.8838384939911589,-0.6311139667204612,1.3149776361326626,-0.09000820492915693,0.025652850564008713,-2.333780573988785,0.7608368091085088,1.3440641389909036
-0.11440409575761099,-1.5370230201611086,-0.7628212662304976,-0.8384624030898393,-0.297878618286854,1.1529637987823127,-1.6134951583375847,0.8860956523649842,1.4607570785909727,-0.6653488136506367,-0.007212595369199463,-0.6958779554974378,0.3272405041882469,-0.8068437734032816,-0.6199668977764669,-0.8838384939911589,-0.6311139667204612,-0.14857956696947291,0.3666602071021151,0.8992364103113435,-0.522238417344298,-1.1002666261015883,-0.847683541149566
-1.261410102875929,-0.1788923915328121,0.12352379056384383,2.0417519586691513,-0.05732840648589703,-0.7404098427501179,1.1303775676540562,-1.4515938827687678,1.4607570785909727,0.7510044642675964,-0.007212595369199463,1.451052073706214,-0.9290758738653516,-0.8068437734032816,-0.8065834655870567,1.1314284304186495,0.9825489598271102,-0.9934512251238872,-0.6699046011593432,-0.06930188419113639,-0.5338137665880329,-0.16971490849653975,-0.3555550111180256
-0.5841303653393987,1.0786359683082034,-2.180973357101444,-0.8384624030898393,-0.38951679421102814,0.6947808535004434,0.7873934769051011,-0.28274911520189183,1.4607570785909727,0.7510044642675964,-1.4497316692091227,-0.6958779554974378,-0.30091768483855236,1.785921221465718,-0.7319368384628208,-0.8838384939911589,-0.6311139667204612,0.1374793409095811,1.5264529995624878,1.3930010310380987,0.7973513964414621,-0.16971490849653975,-1.3550325411820823
0.8032007099370426,0.47502235558451633,-0.1866969793141754,2.0417519586691513,-0.2635143023152888,1.1462258142928734,0.444409386156146,-1.4515938827687678,-1.4014681278853909,-0.6653488136506367,-0.7284721322891611,-0.6958779554974378,0.3272405041882469,1.785921221465718,-0.47067364352799496,1.1314284304186495,1.267313005688446,-2.031246332778129,-1.5469979004575,0.22189263572464202,0.03916602097683701,-0.16971490849653975,-1.507237241191837
0.10407323893159152,-1.4489960349722388,0.5002204397014396,-0.8384624030898393,-0.5727931460593764,1.7324304648740887,1.1303775676540562,-0.8671714989853299,-0.6859118262663001,-0.6653488136506367,1.435306478470724,0.019765387570446186,0.3272405041882469,0.4895387240312183,-0.20941044859316912,1.1314284304186495,-0.203967897928457,1.1752744485638227,0.28692445262046384,1.1841006145767787,-0.5859028381848392,0.7608368091085088,-0.685331861139161
0.3334744403552559,0.34926951960041475,1.1871378587170547,-0.8384624030898393,-0.1833308983816364,-0.4540455019489495,0.444409386156146,-1.4515938827687678,-0.6859118262663001,-1.3735254526097533,0.7140469415507622,0.7354087306383301,-0.30091768483855236,-0.8068437734032816,1.2648604371104908,-0.8838384939911589,-0.6311139667204612,-0.2217574271245793,1.3814789005049413,0.791621044255513,-0.3833342264194812,-0.16971490849653975,1.2831822589870014
0.8578200436093433,0.009736862443340207,0.5445376925411557,-0.8384624030898393,0.9277819846989745,0.8497544967575463,-1.2705110675886295,-1.4515938827687678,0.02964447535279087,0.04282782530847982,0.7140469415507622,0.019765387570446186,1.5835568822418453,-0.8068437734032816,-0.3773653596227,-0.8838384939911589,-0.6311139667204612,0.5033686416851145,-0.2857232386568445,-0.2402204067503973,-1.291999142052658,0.7608368091085088,-1.3550325411820823
1.469556580739112,0.5756246243717972,-0.34180736425318575,-0.8384624030898393,1.4776110402440192,-1.1615338733400713,-0.5845428860907194,-0.8671714989853299,1.4607570785909727,-0.6653488136506367,1.435306478470724,0.019765387570446186,-1.5572340628921508,-0.8068437734032816,-0.47067364352799496,1.1314284304186495,0.7927062625862195,-0.255020090831446,-1.3802776865413213,1.35501913713604,0.5311183638355634,1.6913885267135573,-0.5686415911316821
1.054449644829627,-1.8514051101213624,1.3865654964957812,-0.8384624030898393,0.11449317337192941,-0.21147806032913635,1.4733616584030114,-0.28274911520189183,0.02964447535279087,0.7510044642675964,-0.7284721322891611,1.451052073706214,0.3272405041882469,0.4895387240312183,1.7127401998559066,-0.8838384939911589,-0.6311139667204612,-0.60095179338286,-1.7137181143736786,0.9752001981154598,-0.05343677297304099,-1.1002666261015883,0.27355774892229423
0.5301040415755386,0.890006714332051,0.6331721982205911,1.0816805047494875,0.34358861318236467,-0.6561850366321271,-0.5845428860907194,0.8860956523649842,0.7452007769718818,0.04282782530847982,1.435306478470724,0.7354087306383301,-0.30091768483855236,-0.8068437734032816,0.7609957040218982,1.1314284304186495,0.413020868104438,-0.4745536712967666,-0.08275949997627949,-1.3606862768611097,-0.3196698055789401,0.7608368091085088,0.4714238589349758
-0.2236427631022132,1.8960294022048634,-0.8736143983297904,-0.8384624030898393,-0.7217051819361593,-0.11377728523226716,-0.5845428860907194,-1.4515938827687678,0.7452007769718818,0.04282782530847982,1.435306478470724,1.451052073706214,0.3272405041882469,1.785921221465718,-0.6013052409954078,-0.8838384939911589,-0.6311139667204612,2.286247416373171,-1.257049702342407,0.12693790096949692,1.8564958522431907,-0.16971490849653975,0.6540694989466813
-1.2941817030793088,-0.46812391429624534,1.5527551946447202,-0.8384624030898393,-0.8018885858698116,1.0855839538879202,1.4733616584030114,1.4705180361484222,0.7452007769718818,0.04282782530847982,0.7140469415507622,0.7354087306383301,0.9553986932150462,0.4895387240312183,1.9553417380096734,-0.8838384939911589,-0.6311139667204612,-0.28163022179693975,1.0987794073427248,-0.49343303276411754,1.1619748976191062,-1.1002666261015883,0.14672049891416525
-1.556354504706353,0.44987178838769565,-0.16453835289431654,0.12160905082982407,-1.0080744816992033,-0.7235648815265197,1.4733616584030114,-0.28274911520189183,0.02964447535279087,0.04282782530847982,-0.7284721322891611,0.019765387570446186,-0.30091768483855236,-0.8068437734032816,-0.02279388078257926,1.1314284304186495,0.7452455882759966,-1.2928151984856875,-0.2349823039867035,-0.12627472504422335,0.2012209103891232,1.6913885267135573,0.4206889589317242
0.03853003852483096,1.4181686254652779,-0.23101423215389308,-0.8384624030898393,-0.5269740580972893,0.5734971326905368,-0.9275269768396744,0.30167326858154614,0.02964447535279087,1.459181103226713,-0.007212595369199463,1.451052073706214,0.9553986932150462,-0.8068437734032816,0.4250858819628364,-0.8838384939911589,-0.6311139667204612,0.6563768947367021,-0.2132361891280712,1.0258427233182037,0.47324161761688976,-0.16971490849653975,-0.5990825311336332
-0.7698360998252214,0.48759763918292576,-1.7599594551241318,-0.8384624030898393,-0.2864238462963323,-1.9195571284019874,0.7873934769051011,0.8860956523649842,-1.4014681278853909,0.7510044642675964,-0.7284721322891611,0.7354087306383301,-0.9290758738653516,-0.8068437734032816,-0.6386285545575259,-0.8838384939911589,-0.6311139667204612,-0.29493528727968615,0.6203648804528216,0.38015052698321716,0.0160153224893672,-1.1002666261015883,0.3699540589284726
-0.5295110316670971,0.9528831323241018,-0.17561766610424676,-0.8384624030898393,-0.4697001981446805,2.8543048823657244,1.4733616584030114,-0.28274911520189183,-0.6859118262663001,0.04282782530847982,-1.4497316692091227,0.019765387570446186,0.3272405041882469,-0.8068437734032816,1.5074619752642577,-0.8838384939911589,-0.6311139667204612,1.3282827016154093,0.18544258328018187,-1.879772160189236,0.4906046414824917,-1.1002666261015883,-0.7462137411430627
-2.0916239746949015,-0.8579577058469612,-0.6187901945014175,-0.8384624030898393,0.022854997447755307,0.5128552722855836,0.7873934769051011,1.4705180361484222,-0.6859118262663001,0.7510044642675964,-0.7284721322891611,0.019765387570446186,-0.30091768483855236,-0.8068437734032816,-1.1984782579892954,-0.8838384939911589,-0.6311139667204612,0.7229022221504355,-0.2132361891280712,0.06996506011640995,0.5832074354323693,-1.1002666261015883,0.00466277890506088
-1.0101611679833447,1.1918135206938938,1.3976448097057097,-0.8384624030898393,-0.14896658241007113,1.7998103097684812,1.4733616584030114,-0.28274911520189183,0.7452007769718818,0.7510044642675964,0.7140469415507622,0.7354087306383301,0.3272405041882469,0.4895387240312183,3.6722141618671,1.1314284304186495,-0.29888924654890237,-1.7717975558645684,-1.0323398488032096,1.8487837578627944,0.4790292922387568,3.552491961923655,-0.3758489711193262
0.25700737321403444,-0.09086540634394068,-1.6270076966049802,0.12160905082982407,-0.21769521435320172,1.6279917052877801,-0.9275269768396744,1.4705180361484222,-1.4014681278853909,0.7510044642675964,-1.4497316692091227,0.019765387570446186,-0.30091768483855236,0.4895387240312183,-0.9372150630544697,-0.8838384939911589,-0.6311139667204612,-0.7473075136930738,-0.5901688466776925,0.3168473704797871,-0.26179305936026637,-0.16971490849653975,-0.15261541110501917
-2.1790149085705828,-0.493274481493066,-1.0176454700588706,-0.8384624030898393,-0.05732840648589703,0.17595604781362081,0.10142529540719089,0.30167326858154614,1.4607570785909727,-1.3735254526097533,0.7140469415507622,1.451052073706214,-0.30091768483855236,-0.8068437734032816,-0.8439067791491747,1.1314284304186495,0.46048154241466055,-1.492391180726888,0.49713689625390683,0.8549242007589432,-0.5511767904536349,-1.1002666261015883,1.23244735898375
0.11499710566605242,0.563049340773386,0.31187211513264174,-0.8384624030898393,-0.6529765499930287,0.024351396801237574,-0.9275269768396744,0.8860956523649842,0.02964447535279087,-0.6653488136506367,-0.7284721322891611,1.451052073706214,-1.5572340628921508,1.785921221465718,-0.28405707571740507,1.1314284304186495,-0.10904654930801158,0.19735213558194112,-0.010272450447506203,-0.20223851284833916,0.03916602097683701,0.7608368091085088,1.0041403089691177
-0.1580995626954517,-0.279494660320093,-0.34180736425318575,-0.8384624030898393,-0.3207881622678976,0.5431762024880602,0.444409386156146,1.4705180361484222,-1.4014681278853909,0.04282782530847982,-0.007212595369199463,-1.4115212985653218,-0.30091768483855236,0.4895387240312183,-1.0305233469597646,-0.8838384939911589,-0.6311139667204612,0.9956560645467423,-0.47418956743165513,0.8739151477099719,-0.3833342264194812,-0.16971490849653975,0.21774935891871777
-0.6169019655427785,-0.3046452275169137,0.7661239567397411,0.12160905082982407,-1.168441289566508,0.5027482955514246,1.4733616584030114,1.4705180361484222,-0.6859118262663001,-1.3735254526097533,-1.4497316692091227,0.019765387570446186,1.5835568822418453,0.4895387240312183,-0.8625684359302337,1.1314284304186495,2.358908514823568,0.5698939690988479,-0.3437128782798634,-0.4491208232117168,2.6031058784640817,-0.16971490849653975,1.1208305789765962
0.7813529764681219,1.0031842667177413,-0.33072805104325553,0.12160905082982407,-0.8247981298508551,-0.7538858117289964,0.7873934769051011,-1.4515938827687678,1.4607570785909727,0.04282782530847982,-0.007212595369199463,1.451052073706214,0.9553986932150462,0.4895387240312183,-0.13476382146893318,-0.8838384939911589,-0.6311139667204612,0.8626054097192754,-0.6264123714420792,0.35482926438184526,-0.8347728469251359,-0.16971490849653975,-1.7152503312051686
0.7158097760613612,-0.05313955554871057,-2.169894043891514,-0.8384624030898393,-0.48115497013520225,1.132749845313995,0.10142529540719089,-1.4515938827687678,1.4607570785909727,0.04282782530847982,-1.4497316692091227,-1.4115212985653218,0.9553986932150462,-0.8068437734032816,0.6303641065544853,-0.8838384939911589,-0.6311139667204612,1.248452308718929,-0.08275949997627949,-1.2467405951549353,-1.8649789296175276,-0.16971490849653975,-0.12217447110306814
-0.6387496990116993,0.17321554922267188,1.2868516776064172,-0.8384624030898393,-1.168441289566508,-0.49784240113030465,-0.9275269768396744,0.30167326858154614,0.7452007769718818,-0.6653488136506367,-0.7284721322891611,0.019765387570446186,-1.5572340628921508,1.785921221465718,2.9444095474057996,1.1314284304186495,1.4571557029293372,1.0355712609949819,-0.0030237454946287715,0.26620484527704324,0.80313907106333,-1.1002666261015883,-0.177982861106645
-2.299177442649644,-1.1094633778151644,0.9877102209383265,2.0417519586691513,-1.2944437814622474,-1.2794486019052582,-1.2705110675886295,0.30167326858154614,-0.6859118262663001,-1.3735254526097533,-1.4497316692091227,1.451052073706214,0.9553986932150462,-0.8068437734032816,0.40642422518177745,-0.8838384939911589,-0.6311139667204612,-1.4724335825027681,-0.40170251790288186,0.5763903121438505,-1.708711714827109,-1.1002666261015883,-1.3702530111830578
-1.6655931720509543,-0.8328071386501406,-0.7406626398106388,-0.8384624030898393,-0.5384288300878111,0.5195932567750228,1.1303775676540562,1.4705180361484222,0.02964447535279087,-0.6653488136506367,-1.4497316692091227,0.019765387570446186,-0.9290758738653516,1.785921221465718,-0.452011986746936,-0.8838384939911589,-0.6311139667204612,1.4413757582187563,-0.1407491395992979,1.0701549328706048,1.7407423598058434,0.7608368091085088,-1.1673134111700514
-0.19087116289883244,-0.9837105418310628,1.1317412926674082,0.12160905082982407,-0.7904338138792898,1.7223234881399299,-0.24155879534176422,0.30167326858154614,0.02964447535279087,1.459181103226713,-0.7284721322891611,0.019765387570446186,0.3272405041882469,1.785921221465718,-0.8625684359302337,-0.8838384939911589,-0.6311139667204612,0.5698939690988479,0.08396071393989887,1.4183222936394702,0.5484813877011654,-0.16971490849653975,0.19745539891741684
-1.6000499716441936,-1.7508028413340815,-0.47475912277233573,-0.8384624030898393,-0.6415217780025069,-0.929073408454417,-0.5845428860907194,-0.8671714989853299,-1.4014681278853909,-0.6653488136506367,-0.7284721322891611,-0.6958779554974378,-0.9290758738653516,-0.8068437734032816,-0.9185534062734106,-0.8838384939911589,-0.6311139667204612,-0.8537480375550469,0.37390891205499205,2.26025427513509,-0.17497794003225584,0.7608368091085088,0.7555392989531845
0.20238803954173382,-0.15374182433599146,-1.8818319004333532,-0.8384624030898393,1.8097994279691505,-1.08404705171152,-0.24155879534176422,-0.8671714989853299,-1.4014681278853909,-1.3735254526097533,-0.007212595369199463,1.451052073706214,-0.9290758738653516,-0.8068437734032816,-0.39602701640375904,-0.8838384939911589,-0.6311139667204612,-2.091119127450489,1.1567690469657432,0.3358383174308164,-1.182033324237178,-1.1002666261015883,1.5774446790058607
0.44271310769985717,0.5253234899781558,0.5112997529113682,0.12160905082982407,2.4169023434668038,-0.19126410686081857,0.444409386156146,-0.28274911520189183,0.7452007769718818,0.7510044642675964,-1.4497316692091227,-0.6958779554974378,-0.30091768483855236,-0.8068437734032816,-1.3291098554567085,1.1314284304186495,1.599537725860005,-1.4325183860545279,-0.16974395941080764,0.791621044255513,0.39221417291074623,-0.16971490849653975,1.5723711890055359
0.6939620425924404,1.7074001482287111,-0.5412350020319123,-0.8384624030898393,-0.7102504099456375,0.4960103110619854,0.7873934769051011,-0.8671714989853299,0.7452007769718818,1.459181103226713,0.7140469415507622,1.451052073706214,-0.9290758738653516,1.785921221465718,-0.6386285545575259,-0.8838384939911589,-0.6311139667204612,-1.2329424038133276,-1.7282155242794333,1.468964818842214,-0.5164507427224306,-1.1002666261015883,-2.5067147712558935
0.08222550546267166,1.5061956106541476,1.4530413757553562,-0.8384624030898393,-0.7446147259172028,-0.0463974403378746,1.4733616584030114,-0.8671714989853299,1.4607570785909727,1.459181103226713,-0.007212595369199463,0.7354087306383301,1.5835568822418453,-0.8068437734032816,-0.22807210537422812,-0.8838384939911589,-0.6311139667204612,0.9623934008398756,-0.17699266436368455,-0.639030292722007,0.044953695598704047,-1.1002666261015883,-0.22871776110989658
-0.7042928994184599,0.5127482063797464,0.8658377756291051,-0.8384624030898393,1.0652392485852358,0.30397775311296665,-1.6134951583375847,0.8860956523649842,0.7452007769718818,-1.3735254526097533,1.435306478470724,0.7354087306383301,0.9553986932150462,0.4895387240312183,-0.7505984952438798,-0.8838384939911589,-0.6311139667204612,1.72743466609781,-0.8148787002168898,-0.37315703540760053,-1.726074738692711,-1.1002666261015883,0.02495673890636145
-0.5185871649326371,-0.5058497650914773,-1.1173592889482347,-0.8384624030898393,-0.4582454261541587,-0.4304625562359121,-0.9275269768396744,0.30167326858154614,0.7452007769718818,1.459181103226713,-0.007212595369199463,-0.6958779554974378,0.9553986932150462,-0.8068437734032816,-0.3773653596227,1.1314284304186495,0.12825682224310186,-0.5211214004863797,-0.22048489408094865,-0.037650305939421355,1.9375232969493341,-0.16971490849653975,0.19238190891709198
0.8796677770782642,1.4936203270557382,-1.970466406112788,-0.8384624030898393,-0.6987956379551157,0.698149845745163,-0.24155879534176422,-0.28274911520189183,-1.4014681278853909,-0.6653488136506367,-1.4497316692091227,-1.4115212985653218,1.5835568822418453,0.4895387240312183,1.4701386617021397,1.1314284304186495,1.3622343543088917,0.03103881704760754,0.32316797738485054,-1.2087587012528775,-2.362718947098122,-1.1002666261015883,0.11627955891221456
2.2233033854168647,-0.15374182433599146,-0.9290109643794368,-0.8384624030898393,-0.9851649377181598,-0.9088594549860992,1.4733616584030114,1.4705180361484222,0.7452007769718818,0.04282782530847982,1.435306478470724,0.7354087306383301,-0.30091768483855236,0.4895387240312183,1.5074619752642577,-0.8838384939911589,-0.6311139667204612,0.4767585107196217,-1.6049875400805185,-0.6580212396730358,0.42694022064195053,0.7608368091085088,-1.0404761611619222
0.9015155105471839,-1.7759534085309021,-1.1838351682078097,0.12160905082982407,-0.6758860939740722,0.418523489433434,-1.6134951583375847,1.4705180361484222,0.02964447535279087,-0.6653488136506367,-0.007212595369199463,0.7354087306383301,0.3272405041882469,0.4895387240312183,-0.8252451223681158,-0.8838384939911589,-0.6311139667204612,1.3016725706499157,0.4101524368193787,0.2408835826756713,0.5658444115667673,-0.16971490849653975,-1.4260614011866344
0.11499710566605242,0.9654584159225112,-0.363965990673043,-0.8384624030898393,1.7181612520449763,0.6105560473824527,0.444409386156146,-1.4515938827687678,-1.4014681278853909,1.459181103226713,0.7140469415507622,0.7354087306383301,-0.9290758738653516,-0.8068437734032816,-0.9558767198355287,-0.8838384939911589,-0.6311139667204612,0.2239622665474344,0.17094517337442702,-1.031509863043273,0.26488533122966434,1.6913885267135573,0.28370472892294474
2.8787353894844743,0.8648561471352304,1.7854207720532342,-0.8384624030898393,-0.1947856703721582,1.1832847289847894,-0.24155879534176422,0.8860956523649842,0.02964447535279087,-0.6653488136506367,-0.7284721322891611,0.7354087306383301,1.5835568822418453,0.4895387240312183,-0.5639819274332899,1.1314284304186495,0.27063884517376985,1.1619693830810758,-1.0540859636618414,1.2600644023808951,-0.20970398776346014,-0.16971490849653975,0.16194096891514093
1.0107541778917852,-1.876555677318183,0.721806703900025,-0.8384624030898393,-0.42388111018259345,-0.005969533401239072,1.1303775676540562,0.30167326858154614,0.7452007769718818,-0.6653488136506367,0.7140469415507622,1.451052073706214,0.3272405041882469,-0.8068437734032816,-1.1051699740840006,-0.8838384939911589,-0.6311139667204612,0.044343882530354414,0.27967574766758696,0.342168633081159,-1.274636118187056,-1.1002666261015883,-0.8629040111505417
-1.0210850347178047,-1.0591622434215229,-0.031586594375164985,0.12160905082982407,3.56237954251898,1.80991728650264,0.444409386156146,-1.4515938827687678,1.4607570785909727,-1.3735254526097533,-1.4497316692091227,-0.6958779554974378,-0.30091768483855236,0.4895387240312183,0.44374753874389544,-0.8838384939911589,-0.6311139667204612,0.9224782043916359,0.07671200898702195,0.665014731248653,0.5832074354323693,-0.16971490849653975,-0.025778161096890156
0.6174949754512199,0.04746271323857031,0.555617005751086,-0.8384624030898393,0.10303840138140764,1.159701783271752,1.4733616584030114,-0.8671714989853299,0.7452007769718818,-0.6653488136506367,0.7140469415507622,0.019765387570446186,-0.30091768483855236,1.785921221465718,-1.1611549444271776,1.1314284304186495,0.6503242396555514,0.5499363708747281,-1.460013441022972,0.696666309500368,-1.2167593719683825,-0.16971490849653975,0.14164700891384036
1.327546313191131,-0.3926722127057851,-0.10914178684467019,-0.8384624030898393,0.06867408540984235,0.2871327918893685,0.444409386156146,1.4705180361484222,0.02964447535279087,1.459181103226713,-0.7284721322891611,1.451052073706214,0.3272405041882469,-0.8068437734032816,1.2088754667673138,-0.8838384939911589,-0.6311139667204612,0.323750257668035,1.5699452292797513,0.5067568399900778,0.5484813877011654,-0.16971490849653975,-0.15768890110534442
0.5956472419822991,-1.0340116762247022,-0.7849798926503565,0.12160905082982407,1.3516085483482798,0.6274010086060509,1.4733616584030114,-0.8671714989853299,-1.4014681278853909,0.7510044642675964,-0.7284721322891611,0.019765387570446186,-0.9290758738653516,-0.8068437734032816,-0.7132751816817618,1.1314284304186495,2.8335152579257947,1.3016725706499157,-1.2135574726251428,0.36115958003218834,0.4674539429950223,-1.1002666261015883,-0.5179066911284306
-1.425268103892831,-0.9962858254294722,0.17892035661349018,-0.8384624030898393,0.22904089327714702,-0.6494470521426879,-0.5845428860907194,-1.4515938827687678,1.4607570785909727,-1.3735254526097533,0.7140469415507622,-0.6958779554974378,-0.30091768483855236,3.082303718900218,-1.0305233469597646,-0.8838384939911589,-0.6311139667204612,0.323750257668035,-1.0685833735675963,-1.74050521588169,-0.2733684086040013,-0.16971490849653975,-0.8578305211502164
0.44271310769985717,0.6007751915686178,-0.4193625567226894,2.0417519586691513,-0.5498836020783329,0.5431762024880602,0.10142529540719089,0.8860956523649842,0.7452007769718818,1.459181103226713,-0.007212595369199463,0.019765387570446186,0.9553986932150462,0.4895387240312183,-0.452011986746936,-0.8838384939911589,-0.6311139667204612,-0.8470955048136739,-1.8514435084783476,0.36748989568253143,-0.9389509901187488,0.7608368091085088,-0.15261541110501917
0.5301040415755386,-0.3926722127057851,0.33403074155250057,0.12160905082982407,0.11449317337192941,1.6380986820219392,1.4733616584030114,1.4705180361484222,-0.6859118262663001,0.04282782530847982,-0.7284721322891611,-0.6958779554974378,1.5835568822418453,0.4895387240312183,0.0331910895605977,1.1314284304186495,0.8401669368964422,1.1553168503397029,-0.4379460426672685,0.7979513599058558,-0.2791560832258683,0.7608368091085088,-0.6751848811385106
-0.5950542320738587,0.06003799683697975,0.6996480774801661,-0.8384624030898393,-0.7789790418887681,-0.019445502380117583,0.444409386156146,1.4705180361484222,0.02964447535279087,0.04282782530847982,-0.7284721322891611,0.019765387570446186,0.3272405041882469,0.4895387240312183,-0.04145553756363825,-0.8838384939911589,-0.6311139667204612,0.41023318330588826,-0.14799784455217535,2.6653944767570428,0.4558785937512874,-1.1002666261015883,-1.3448855611814319
0.8578200436093433,1.1289371027018429,1.475200002175215,0.12160905082982407,-0.022964090514331743,-0.2822268974682485,-1.2705110675886295,-0.28274911520189183,-1.4014681278853909,0.04282782530847982,-1.4497316692091227,1.451052073706214,-0.9290758738653516,0.4895387240312183,-0.8812300927112927,-0.8838384939911589,-0.6311139667204612,1.0821389901845955,-1.2280548825308972,-0.7719669213792097,-0.8347728469251359,-0.16971490849653975,-0.781728171145339
1.469556580739112,-0.05313955554871057,0.7550446435298125,-0.8384624030898393,0.9163272127084527,-0.5214253468433421,1.1303775676540562,-1.4515938827687678,-1.4014681278853909,0.04282782530847982,-0.007212595369199463,0.019765387570446186,-0.9290758738653516,0.4895387240312183,-0.3027187324984641,-0.8838384939911589,-0.6311139667204612,-0.06874917407299261,1.6424322788085246,0.48143557738870535,0.1086181164392452,-0.16971490849653975,0.9534054089658661
0.14776870586943222,-0.6819037354692183,1.1095826662475494,-0.8384624030898393,-0.9622553937371162,1.493232015498995,1.1303775676540562,0.30167326858154614,-0.6859118262663001,-0.6653488136506367,0.7140469415507622,0.7354087306383301,-0.9290758738653516,0.4895387240312183,1.3208454074536677,1.1314284304186495,2.738593909305349,-0.32819795098655286,0.9393078983794235,1.9627294395689694,1.5439614226623533,1.6913885267135573,0.44605640893335
-0.8681509004353627,-1.235216213799266,1.1538999190872654,0.12160905082982407,-0.08023795046694056,0.20290798577137784,0.10142529540719089,-0.8671714989853299,0.7452007769718818,-0.6653488136506367,1.435306478470724,0.019765387570446186,-0.30091768483855236,0.4895387240312183,3.0190561745300353,-0.8838384939911589,-0.6311139667204612,-0.5144688677450068,-2.6705471681534863,0.10794695401846807,0.7742006979539932,-1.1002666261015883,0.23804331892001834
0.8250484434059625,0.4372965047892844,-0.884693711539719,0.12160905082982407,-0.5384288300878111,-1.9195571284019874,0.444409386156146,1.4705180361484222,1.4607570785909727,0.04282782530847982,-0.007212595369199463,-1.4115212985653218,-0.9290758738653516,0.4895387240312183,-0.8625684359302337,-0.8838384939911589,-0.6311139667204612,-0.833790439330927,0.4463959615837653,0.016157377088494743,-0.1344642176791841,-0.16971490849653975,-0.43165736112290304
-0.9555418343110441,0.5001729227813352,-0.24209354536382172,0.12160905082982407,0.3779529291539299,-1.6399307720902583,-1.2705110675886295,-1.4515938827687678,0.7452007769718818,0.04282782530847982,-0.007212595369199463,0.7354087306383301,0.9553986932150462,-0.8068437734032816,-0.15342547824999217,1.1314284304186495,0.27063884517376985,-1.5056962462096348,0.9320591934265465,0.7979513599058558,0.7626253487102582,-1.1002666261015883,-0.48239226112615463
0.5301040415755386,-0.3046452275169137,1.375486183285851,-0.8384624030898393,-0.6529765499930287,-0.693243951324043,0.444409386156146,-1.4515938827687678,0.7452007769718818,0.7510044642675964,-0.007212595369199463,-1.4115212985653218,0.3272405041882469,-0.8068437734032816,0.2757926277143645,-0.8838384939911589,-0.6311139667204612,0.669681960219448,-1.3802776865413213,-1.7025233219796319,-1.303574491296393,-1.1002666261015883,0.9483319189655405
0.02760617179037103,-0.8328071386501406,-0.21993491894396286,-0.8384624030898393,0.46959110507810403,-0.5315323235775009,1.4733616584030114,-0.28274911520189183,0.7452007769718818,-1.3735254526097533,1.435306478470724,0.7354087306383301,-1.5572340628921508,0.4895387240312183,-0.02279388078257926,-0.8838384939911589,-0.6311139667204612,1.1220541866328362,1.08428199743697,-0.6770121866240647,0.5947827846761042,-0.16971490849653975,0.17716143891611627
-0.05978476208531036,-0.7699307206580898,0.44482387365179327,-0.8384624030898393,-0.3780620222205064,-0.9627633309016133,-0.9275269768396744,-1.4515938827687678,1.4607570785909727,0.04282782530847982,-0.7284721322891611,-0.6958779554974378,-0.30091768483855236,-0.8068437734032816,-0.7132751816817618,1.1314284304186495,2.3114478405133454,1.4347232254773825,0.9610540132380563,0.5067568399900778,-1.274636118187056,-0.16971490849653975,0.44098291893302477
-0.8135315667630622,1.0786359683082034,1.0209481605681157,-0.8384624030898393,1.1339678805283662,2.0423777513882944,0.7873934769051011,-0.8671714989853299,-0.6859118262663001,1.459181103226713,0.7140469415507622,1.451052073706214,-0.30091768483855236,-0.8068437734032816,-0.6946135249007028,-0.8838384939911589,-0.6311139667204612,-0.08205423955573947,-0.6554071912535884,-0.1642566189462815,-0.19812863851972523,-0.16971490849653975,1.5774446790058607
0.8359723101404234,-0.7322048698628597,0.0016513452546225037,0.12160905082982407,0.2061313492961035,1.5976707750853036,0.10142529540719089,0.8860956523649842,0.7452007769718818,-0.6653488136506367,-1.4497316692091227,0.019765387570446186,-0.9290758738653516,1.785921221465718,-0.5826435842143489,-0.8838384939911589,-0.6311139667204612,-0.7672651119171936,-0.4234486327615142,1.6272227101007892,0.4095771967763486,-0.16971490849653975,1.0903896389746455
-0.3547291639157353,-0.2920699439185042,-0.6187901945014175,0.12160905082982407,-0.3207881622678976,-0.9998222455935292,-1.2705110675886295,-0.8671714989853299,-0.6859118262663001,1.459181103226713,-0.007212595369199463,1.451052073706214,-1.5572340628921508,-0.8068437734032816,-0.452011986746936,1.1314284304186495,0.6028635653453287,-1.2462474692960746,0.025971074316880442,-0.13260504069456644,-0.5974781874285737,1.6913885267135573,0.27355774892229423
0.6830381758579805,1.8708788350080428,0.622092885010661,-0.8384624030898393,0.13740271735297294,0.8295405432892285,-0.9275269768396744,1.4705180361484222,-0.6859118262663001,-1.3735254526097533,-1.4497316692091227,-0.6958779554974378,0.3272405041882469,-0.8068437734032816,0.6490257633355443,-0.8838384939911589,-0.6311139667204612,1.720782133356437,-0.8873657497456631,-0.17691725024696722,-0.34282050406640946,-1.1002666261015883,0.9736993689671662
0.0166823050559111,-3.146659320757609,-1.5605318173454052,2.0417519586691513,-0.22914998634372347,0.8025886053314715,-1.2705110675886295,-0.8671714989853299,1.4607570785909727,-1.3735254526097533,0.7140469415507622,-0.6958779554974378,-0.30091768483855236,-0.8068437734032816,0.1824843438090696,-0.8838384939911589,-0.6311139667204612,0.20400466832331454,0.12020423870428551,2.019702280422056,-0.5511767904536349,-0.16971490849653975,0.49171781893627636
2.6930296549986514,0.009736862443340207,-0.5079970624021248,0.12160905082982407,-0.1260570384290276,0.9306103106308173,-1.2705110675886295,0.30167326858154614,0.7452007769718818,-0.6653488136506367,-1.4497316692091227,-0.6958779554974378,0.3272405041882469,-0.8068437734032816,0.12649937346589263,-0.8838384939911589,-0.6311139667204612,-0.40802834388303316,-1.7644590490438201,-0.18957788154765343,0.39221417291074623,-1.1002666261015883,-0.7563607211437132
1.906511250117519,-1.0465869598231134,0.17892035661349018,-0.8384624030898393,-0.33224293425841933,1.8402382167051168,1.1303775676540562,-0.8671714989853299,-1.4014681278853909,0.04282782530847982,1.435306478470724,1.451052073706214,-0.30091768483855236,0.4895387240312183,0.25713097093330556,1.1314284304186495,1.409695028619114,-0.9003157667446604,0.15644776346867215,-2.2595910992098163,-0.33124515482267497,-1.1002666261015883,-1.5123107311921622
1.4149372470668125,1.1540876698986635,-0.8514557719099315,-0.8384624030898393,1.1683321964999316,-0.7673617807078749,0.444409386156146,0.8860956523649842,-0.6859118262663001,0.7510044642675964,1.435306478470724,-1.4115212985653218,-0.9290758738653516,-0.8068437734032816,-0.8252451223681158,-0.8838384939911589,-0.6311139667204612,-0.11531690326260619,0.07671200898702195,0.38648084263356025,2.1111535356053555,-1.1002666261015883,0.3547335889274969
0.25700737321403444,-0.9585599746342421,1.2979309908163472,0.12160905082982407,-0.0687831784764188,-1.0402501525301646,-1.6134951583375847,1.4705180361484222,1.4607570785909727,-0.6653488136506367,1.435306478470724,0.7354087306383301,-0.30091768483855236,-0.8068437734032816,-0.19074879181211016,-0.8838384939911589,-0.6311139667204612,-0.4612486058140197,2.229577379991589,1.0891458798216336,-0.7363823783533909,0.7608368091085088,1.7905312590195177
-0.4202723643224959,-0.2920699439185042,-0.07590384721488269,0.12160905082982407,-0.5040645141162458,-1.1649028655847908,-1.2705110675886295,-1.4515938827687678,-1.4014681278853909,1.459181103226713,-0.007212595369199463,0.019765387570446186,0.9553986932150462,-0.8068437734032816,-0.2653954189363461,-0.8838384939911589,-0.6311139667204612,-0.11531690326260619,-0.9960963240388231,0.016157377088494743,-0.23285468625092953,-0.16971490849653975,-0.4418043411235531
0.08222550546267166,0.06003799683697975,1.3865654964957812,1.0816805047494875,0.3779529291539299,0.22985992372913486,-0.9275269768396744,0.8860956523649842,-0.6859118262663001,-1.3735254526097533,-1.4497316692091227,0.019765387570446186,1.5835568822418453,0.4895387240312183,0.4624091955249544,-0.8838384939911589,-0.6311139667204612,-1.938110874398902,0.6131161754999437,-1.0694917569453313,-1.0431291333123613,-0.16971490849653975,0.4359094289326995
-0.19087116289883244,1.1540876698986635,0.1899996698234204,0.12160905082982407,4.902587865410026,0.6745669000321256,1.4733616584030114,-1.4515938827687678,0.7452007769718818,0.04282782530847982,-0.7284721322891611,0.019765387570446186,-0.9290758738653516,0.4895387240312183,-0.7692601520249388,-0.8838384939911589,-0.6311139667204612,0.5831990345815948,0.5478778309240483,1.9563991239186258,-0.5569644650755023,-0.16971490849653975,-0.05621910109884119
-1.1958669024691675,-0.141166540737582,0.7993618963695301,-0.8384624030898393,0.06867408540984235,-0.45741449419366914,-1.6134951583375847,-1.4515938827687678,-0.6859118262663001,-1.3735254526097533,-1.4497316692091227,1.451052073706214,-1.5572340628921508,1.785921221465718,-0.7692601520249388,-0.8838384939911589,-0.6311139667204612,0.23061479928880782,1.4322198351750826,-0.6580212396730358,0.8089267456851971,0.7608368091085088,-0.7005523311401364
0.10407323893159152,-0.6819037354692183,-0.5412350020319123,-0.8384624030898393,2.302354623561586,-0.09693232400866901,1.4733616584030114,-0.8671714989853299,-1.4014681278853909,0.04282782530847982,-0.7284721322891611,0.7354087306383301,-0.9290758738653516,-0.8068437734032816,-1.3477715122377674,-0.8838384939911589,-0.6311139667204612,-0.14192703422809946,0.1129555337514086,0.6333631529969379,-0.17497794003225584,-0.16971490849653975,1.2375208489840748
0.16961643933835305,-0.920834123839012,-0.39720393030283213,1.0816805047494875,-0.17187612639111466,0.4926413188172658,0.444409386156146,0.8860956523649842,0.02964447535279087,0.04282782530847982,1.435306478470724,0.7354087306383301,-0.9290758738653516,-0.8068437734032816,0.3131159412764825,1.1314284304186495,1.267313005688446,0.9623934008398756,-0.0030237454946287715,-0.5630665049178907,-0.9968277363374225,0.7608368091085088,0.319219158925221
-0.14717569596099175,0.2486672508131321,-0.4969177491921946,-0.8384624030898393,1.0308749326136704,-1.4041013149598844,-0.5845428860907194,0.8860956523649842,0.7452007769718818,1.459181103226713,-1.4497316692091227,-1.4115212985653218,-0.30091768483855236,0.4895387240312183,-0.1161021646878742,1.1314284304186495,1.5520770515497821,-1.4657810497613946,-0.8801170447927856,-0.5693968205682338,-1.274636118187056,-0.16971490849653975,1.491195349000333
-0.2236427631022132,0.563049340773386,0.9877102209383265,-0.8384624030898393,-0.09169272245746232,-0.9223354239649777,-1.6134951583375847,-0.28274911520189183,-1.4014681278853909,-0.6653488136506367,0.7140469415507622,-1.4115212985653218,-0.9290758738653516,1.785921221465718,1.115567182862019,-0.8838384939911589,-0.6311139667204612,-1.066629085278994,1.2365048014473945,-0.9175641813370992,-1.3614512375150667,-0.16971490849653975,0.019883248906036217
0.6721143091235205,0.890006714332051,-2.9122080289567758,0.12160905082982407,0.06867408540984235,-1.3400904623102114,-0.24155879534176422,-1.4515938827687678,-0.6859118262663001,-0.6653488136506367,0.7140469415507622,-1.4115212985653218,1.5835568822418453,0.4895387240312183,-0.8439067791491747,-0.8838384939911589,-0.6311139667204612,-0.23506249260732617,1.0625358825783382,-1.056831125644645,2.551016806867275,-0.16971490849653975,-0.685331861139161
0.06037777199375179,1.3552922074732272,-1.2835489870971737,0.12160905082982407,0.710141316879061,-1.2255447259897443,1.4733616584030114,0.8860956523649842,0.7452007769718818,0.04282782530847982,-1.4497316692091227,0.7354087306383301,1.5835568822418453,0.4895387240312183,-0.8625684359302337,1.1314284304186495,0.9825489598271102,1.142011784856956,-0.6699046011593432,-0.2845326163027985,2.1169412102272225,3.552491961923655,-1.7812057012093956
1.7208055156316964,0.5127482063797464,-1.1505972285780222,1.0816805047494875,-0.08023795046694056,-0.24853697502105224,-1.2705110675886295,-0.8671714989853299,0.7452007769718818,0.04282782530847982,-0.007212595369199463,-1.4115212985653218,-0.30091768483855236,0.4895387240312183,-0.39602701640375904,1.1314284304186495,0.17571749655332447,-0.4945112695208864,-0.7061481259237299,1.0701549328706048,-0.02449839986370414,-1.1002666261015883,1.8514131390234196
0.03853003852483096,-0.2669193767216836,0.5999342585908021,1.0816805047494875,-0.927891077765551,1.2540335661239015,-0.9275269768396744,1.4705180361484222,1.4607570785909727,-0.6653488136506367,-0.7284721322891611,0.019765387570446186,0.9553986932150462,-0.8068437734032816,1.078243869299901,1.1314284304186495,3.1182793037871313,-1.1597645436582207,0.8378260290391415,-0.8416003935329829,-0.0650121222167759,-0.16971490849653975,0.6845104389486324
0.7813529764681219,-0.15374182433599146,1.309010304026276,-0.8384624030898393,-0.41242633819207164,1.3348893799971726,-0.5845428860907194,-0.8671714989853299,-0.6859118262663001,-0.6653488136506367,1.435306478470724,1.451052073706214,-0.9290758738653516,0.4895387240312183,-0.9185534062734106,-0.8838384939911589,-0.6311139667204612,-0.1286219687453526,0.6276135854056986,-0.5947180831696057,0.5426937130792984,0.7608368091085088,0.512011778937577
-0.4202723643224959,2.2481373429603475,1.4641206889652862,0.12160905082982407,-0.33224293425841933,-0.5719602305141365,0.7873934769051011,1.4705180361484222,-0.6859118262663001,1.459181103226713,-0.7284721322891611,0.019765387570446186,-0.30091768483855236,-0.8068437734032816,-0.17208713503105116,1.1314284304186495,1.5046163772395595,-1.4391709187959014,-0.5176817971489193,-0.4364601919110306,-0.42384794877255255,-1.1002666261015883,1.7651638090178918
0.25700737321403444,-0.21661824232804222,1.2203757983468422,0.12160905082982407,-0.20624044236267994,-1.8117493765709594,-1.6134951583375847,0.30167326858154614,0.02964447535279087,-1.3735254526097533,-0.7284721322891611,0.7354087306383301,-0.9290758738653516,0.4895387240312183,-0.8625684359302337,1.1314284304186495,0.7927062625862195,0.14413187365095456,-0.2857232386568445,0.9941911450664885,0.5947827846761042,-0.16971490849653975,0.8012007089561113
-0.9992373012488849,1.2169640878907144,-0.5523143152418409,-0.8384624030898393,-0.5384288300878111,-0.7774687574420337,-1.6134951583375847,-1.4515938827687678,0.7452007769718818,1.459181103226713,-0.007212595369199463,0.019765387570446186,-0.9290758738653516,0.4895387240312183,-0.4893353003090539,1.1314284304186495,1.4571557029293372,-0.28163022179693975,1.700421918431543,-0.49343303276411754,-0.42963562339442,-1.1002666261015883,0.12135304891253944
-0.540434898401558,1.946330536598503,0.5223790661212985,-0.8384624030898393,-0.5498836020783329,0.04119635802483571,-1.2705110675886295,0.8860956523649842,-1.4014681278853909,-0.6653488136506367,1.435306478470724,-0.6958779554974378,-1.5572340628921508,-0.8068437734032816,-1.3104481986756493,-0.8838384939911589,-0.6311139667204612,-1.0599765525376206,0.7290954547459816,0.13326821661984,0.12598114030484756,1.6913885267135573,-0.020704671096564924
0.6830381758579805,0.36184480319882417,-0.00942796795530771,0.12160905082982407,-0.9164363057750292,0.5499141869774995,-1.2705110675886295,-1.4515938827687678,-1.4014681278853909,0.04282782530847982,-0.007212595369199463,-1.4115212985653218,0.9553986932150462,-0.8068437734032816,2.403221500755089,1.1314284304186495,0.5079422167248833,0.1640894718750744,0.8160799141805097,0.9498789355140882,-1.0836428556654332,-1.1002666261015883,-1.6492949612009415
-0.4202723643224959,-0.48069919789465654,1.9516104702021733,-0.8384624030898393,-0.5384288300878111,-0.5315323235775009,1.1303775676540562,1.4705180361484222,-0.6859118262663001,-1.3735254526097533,1.435306478470724,1.451052073706214,0.3272405041882469,0.4895387240312183,-1.2171399147703545,1.1314284304186495,1.0300096341373328,0.8426478114951556,-0.09000820492915693,0.8992364103113435,-0.8000467991939316,-1.1002666261015883,-0.005484201095589586
-1.119399835327946,-0.07829012274553124,2.317227806129839,2.0417519586691513,0.3206790692013211,1.341627364486612,-1.6134951583375847,1.4705180361484222,-0.6859118262663001,-0.6653488136506367,-0.007212595369199463,-0.6958779554974378,-0.9290758738653516,-0.8068437734032816,0.3877625684007185,1.1314284304186495,-0.25142857223867965,1.1087491211500893,1.0045462429553198,1.2663947180312385,1.8680712014869256,0.7608368091085088,1.019360778970093
1.5460236478803335,1.4936203270557382,0.16784104340356154,-0.8384624030898393,-0.42388111018259345,0.9845141865463314,1.4733616584030114,-0.8671714989853299,0.7452007769718818,0.7510044642675964,1.435306478470724,0.019765387570446186,-0.30091768483855236,-0.8068437734032816,1.8993567676664964,-0.8838384939911589,-0.6311139667204612,-0.22840995986595272,0.8958156686621599,0.1459288479205262,-1.760800786423915,0.7608368091085088,1.2831822589870014
2.1249885848067214,0.47502235558451633,1.5305965682248612,-0.8384624030898393,-0.17187612639111466,0.563390155956378,0.7873934769051011,1.4705180361484222,-1.4014681278853909,0.04282782530847982,-0.007212595369199463,1.451052073706214,0.9553986932150462,-0.8068437734032816,0.6676874201166033,1.1314284304186495,1.0774703084475556,0.19735213558194112,0.32316797738485054,-0.17691725024696722,-0.02449839986370414,-0.16971490849653975,0.3242926489255459
1.2401553793154496,-0.7825060042564992,0.7772032699496714,0.12160905082982407,0.5841388249833217,-0.2788579052235289,-0.9275269768396744,0.30167326858154614,-0.6859118262663001,-0.6653488136506367,0.7140469415507622,-0.6958779554974378,-0.30091768483855236,1.785921221465718,-0.9745383766165876,1.1314284304186495,0.6028635653453287,0.05764894801310082,-0.24947971389245785,-0.36049640410691436,-0.2039163131415927,0.7608368091085088,-0.2895996411137983
0.2679312399484944,1.103786535505024,1.1982171719269832,-0.8384624030898393,-0.8018885858698116,-0.8684315480494637,-1.2705110675886295,1.4705180361484222,-1.4014681278853909,0.7510044642675964,1.435306478470724,-0.6958779554974378,-0.30091768483855236,-0.8068437734032816,0.10783771668483365,-0.8838384939911589,-0.6311139667204612,-0.1884947634177126,0.6638571101700852,-0.4491208232117168,-1.6971363655833742,0.7608368091085088,0.28370472892294474
0.08222550546267166,-0.8579577058469612,1.1982171719269832,2.0417519586691513,0.19467657730558174,-0.9526563541674544,-0.5845428860907194,1.4705180361484222,-1.4014681278853909,1.459181103226713,-0.007212595369199463,1.451052073706214,-0.9290758738653516,1.785921221465718,-1.1051699740840006,-0.8838384939911589,-0.6311139667204612,-0.5078163350036333,1.091530702389848,0.665014731248653,0.48481696686062425,-0.16971490849653975,0.6287020489450555
0.4864085746376978,0.9277325651272812,0.057047911304268846,-0.8384624030898393,0.12594794536245116,1.503338992233154,-0.9275269768396744,-1.4515938827687678,0.02964447535279087,-0.6653488136506367,1.435306478470724,-1.4115212985653218,0.9553986932150462,-0.8068437734032816,-0.4893353003090539,-0.8838384939911589,-0.6311139667204612,0.45014837975412797,0.040468484222635305,-0.1452656719952522,-0.7595330768408602,0.7608368091085088,0.9331114489645651
-0.027013161881929596,0.852280863536821,-1.3611041795666772,0.12160905082982407,-0.6300670060119852,-0.7100889125476412,-0.9275269768396744,-1.4515938827687678,-0.6859118262663001,0.04282782530847982,-1.4497316692091227,-0.6958779554974378,-0.9290758738653516,-0.8068437734032816,-0.5826435842143489,-0.8838384939911589,-0.6311139667204612,-0.9202733649687803,-1.3367854568240571,1.5955711318490742,-1.0315537840686264,-0.16971490849653975,0.24819029892066846
-1.3051055698137688,0.5756246243717972,-0.3196487378333269,-0.8384624030898393,-5.454653328821902e-05,-1.9195571284019874,-1.2705110675886295,1.4705180361484222,1.4607570785909727,-0.6653488136506367,-0.007212595369199463,0.7354087306383301,0.9553986932150462,3.082303718900218,3.354965996589097,-0.8838384939911589,-0.6311139667204612,-1.2795101330029413,-2.3443554452740063,-1.3100437516583654,1.017283032072422,-0.16971490849653975,-1.7000298612041933
1.054449644829627,-1.62505000534998,-0.8736143983297904,-0.8384624030898393,-0.8591624458224204,0.3107157376024059,-0.9275269768396744,-1.4515938827687678,0.7452007769718818,-0.6653488136506367,-0.007212595369199463,0.019765387570446186,0.3272405041882469,-0.8068437734032816,-1.0678466605218826,1.1314284304186495,0.7927062625862195,0.5965041000643416,-0.7423916506881165,0.06996506011640995,0.5658444115667673,-0.16971490849653975,0.2583372789213189
-0.6605974324806192,1.279840505882765,-1.8042767079638489,-0.8384624030898393,-0.22914998634372347,0.300608760868247,-0.9275269768396744,-1.4515938827687678,-0.6859118262663001,0.7510044642675964,0.7140469415507622,-0.6958779554974378,-1.5572340628921508,4.378686216334717,-0.7692601520249388,1.1314284304186495,-0.014125200687566225,-0.15523209971084587,-0.7858838804053806,0.01932253491366607,0.1896455611453883,-1.1002666261015883,0.49171781893627636
-0.3438052971812744,-0.5435756158867073,-1.1173592889482347,1.0816805047494875,-0.05732840648589703,0.8767064347153033,0.7873934769051011,0.8860956523649842,0.7452007769718818,1.459181103226713,-0.007212595369199463,0.019765387570446186,1.5835568822418453,-0.8068437734032816,3.187011085559566,-0.8838384939911589,-0.6311139667204612,1.1220541866328362,-0.2059874841751943,-0.816279130931611,-0.2154916623853276,-0.16971490849653975,0.5170852689379022
-1.39249650368945,0.7139527439543082,-0.71850401339078,0.12160905082982407,-0.9622553937371162,1.5909327905958643,-1.2705110675886295,1.4705180361484222,0.02964447535279087,-1.3735254526097533,-0.7284721322891611,0.7354087306383301,-0.30091768483855236,0.4895387240312183,-0.04145553756363825,-0.8838384939911589,-0.6311139667204612,1.3415877670981562,0.9248104884736696,-0.7656366057288672,-0.707444005244054,0.7608368091085088,-0.2540852111115224
-0.6278258322772394,0.009736862443340207,0.5666963189610146,-0.8384624030898393,-0.5269740580972893,-0.1339912387005849,-1.2705110675886295,-0.8671714989853299,0.7452007769718818,0.7510044642675964,1.435306478470724,1.451052073706214,-0.9290758738653516,0.4895387240312183,0.7796573608029572,1.1314284304186495,0.9350882855168874,-0.368113147434793,-1.8369460985725934,0.08262569141709614,-0.30230678171333814,0.7608368091085088,-0.04607212109819073
-1.2504862361414681,0.022312146041749647,-0.042665907585095204,-0.8384624030898393,-0.3207881622678976,0.1523731021005834,1.4733616584030114,-1.4515938827687678,1.4607570785909727,-0.6653488136506367,-0.007212595369199463,-1.4115212985653218,-0.9290758738653516,0.4895387240312183,-1.0491850037408235,1.1314284304186495,0.17571749655332447,0.7561648858573022,-0.691650716017975,0.13326821661984,-0.9215879662531464,-1.1002666261015883,-0.8629040111505417
-0.07070862881977029,-1.0465869598231134,-0.8736143983297904,2.0417519586691513,0.05721931341932059,-0.3563447268520803,-0.5845428860907194,-0.8671714989853299,-0.6859118262663001,0.7510044642675964,0.7140469415507622,-0.6958779554974378,0.9553986932150462,0.4895387240312183,0.14516103024695162,1.1314284304186495,-0.203967897928457,-0.15523209971084587,-0.7206455358294842,-1.0694917569453313,-0.2039163131415927,-0.16971490849653975,1.5114893090016337
-0.33288143044681445,0.19836611641949253,2.4169416250192026,-0.8384624030898393,0.6299579129454087,1.3247824032630138,-1.2705110675886295,-1.4515938827687678,-1.4014681278853909,-0.6653488136506367,-1.4497316692091227,-1.4115212985653218,0.3272405041882469,1.785921221465718,1.6754168862937886,-0.8838384939911589,-0.6311139667204612,-1.312772796709808,-0.6264123714420792,0.46244463043767653,0.7221116263571865,-0.16971490849653975,-1.410840931185659
1.7208055156316964,-1.4489960349722388,-0.1866969793141754,0.12160905082982407,1.6494326201018457,0.4353684506570321,0.7873934769051011,0.30167326858154614,0.02964447535279087,0.04282782530847982,-0.007212595369199463,0.019765387570446186,-0.9290758738653516,0.4895387240312183,-0.8812300927112927,-0.8838384939911589,-0.6311139667204612,-0.5277739332277531,-0.8801170447927856,1.2157521928284938,1.2487900169471169,-0.16971490849653975,0.19745539891741684
0.09314937219713158,-0.44297334709942643,0.7439653303198839,-0.8384624030898393,0.18322180531505997,-0.1946330991055382,-0.9275269768396744,0.30167326858154614,0.02964447535279087,0.04282782530847982,-0.7284721322891611,-0.6958779554974378,2.2117150712686446,0.4895387240312183,0.7423340472408392,-0.8838384939911589,-0.6311139667204612,2.312857547338664,0.1419503535629173,1.5892408161987315,-0.10552584456984723,0.7608368091085088,-0.41643689112192733
1.469556580739112,-1.1974903630040357,-0.24209354536382172,-0.8384624030898393,-0.04587363449537527,0.21975294699497597,-1.6134951583375847,-0.8671714989853299,0.7452007769718818,1.459181103226713,-0.7284721322891611,0.019765387570446186,0.3272405041882469,0.4895387240312183,0.7236723904597803,-0.8838384939911589,-0.6311139667204612,1.5943840112703431,-1.460013441022972,0.3991414739342465,-0.48751236961309374,-1.1002666261015883,-1.385473481184033
1.8081964495073777,0.563049340773386,0.5002204397014396,-0.8384624030898393,-0.8362529018413769,0.6577219388085275,-1.6134951583375847,0.8860956523649842,-0.6859118262663001,-0.6653488136506367,0.7140469415507622,-0.6958779554974378,-0.30091768483855236,1.785921221465718,0.9289506150514291,1.1314284304186495,0.8401669368964422,-0.5610365969346198,1.7294167382430528,0.9308879885630585,-0.7132316798659211,1.6913885267135573,-0.9339328711550938
-1.0757043683901053,-0.09086540634394068,-0.08698316042481133,1.0816805047494875,0.5841388249833217,1.7627513950765652,1.1303775676540562,0.8860956523649842,0.7452007769718818,0.7510044642675964,-0.007212595369199463,-0.6958779554974378,-0.9290758738653516,1.785921221465718,-1.1424932876461185,1.1314284304186495,1.2198523313782237,-1.5522639753992478,2.1860851502743244,0.016157377088494743,0.49639231610435913,-0.16971490849653975,-0.878124481151517
-1.8731466400056977,-0.4303980635010152,2.2175139872404763,-0.8384624030898393,-1.0195292536897251,-0.2754889129788093,0.444409386156146,-1.4515938827687678,0.7452007769718818,0.04282782530847982,-0.007212595369199463,0.019765387570446186,-0.30091768483855236,0.4895387240312183,-0.3027187324984641,1.1314284304186495,-0.25142857223867965,0.011081218823487702,-0.8801170447927856,0.08262569141709614,-1.633471944742833,0.7608368091085088,0.12642653891286468
-0.7589122330907605,-2.0651849312943353,-1.2503110474673846,2.0417519586691513,0.5154101930401911,-1.643299764334978,-0.9275269768396744,-0.28274911520189183,0.02964447535279087,0.04282782530847982,-0.007212595369199463,0.7354087306383301,-0.30091768483855236,0.4895387240312183,0.4997325090870724,1.1314284304186495,0.8876276112066649,-0.4945112695208864,-1.1338217181434922,-0.22755977544971157,1.555536771906088,0.7608368091085088,0.19238190891709198
0.42086537423093634,1.3175663566779954,-2.446876874139746,-0.8384624030898393,0.08012885740036411,-0.6865059668346039,1.1303775676540562,-1.4515938827687678,-0.6859118262663001,-1.3735254526097533,-0.007212595369199463,-1.4115212985653218,-0.30091768483855236,-0.8068437734032816,-0.2653954189363461,-0.8838384939911589,-0.6311139667204612,0.23061479928880782,-1.1990600627193881,0.5257477869411066,0.7336869756009214,-1.1002666261015883,0.05539767890831249
-1.0647805016556453,-0.12859125713917258,-0.47475912277233573,2.0417519586691513,0.950691528680018,0.6509839543190883,0.444409386156146,-0.8671714989853299,-0.6859118262663001,-1.3735254526097533,-0.7284721322891611,1.451052073706214,-0.30091768483855236,-0.8068437734032816,-1.2358015715514135,-0.8838384939911589,-0.6311139667204612,1.7740023952874235,-1.5904901301747636,1.1207974580733486,0.39221417291074623,-1.1002666261015883,-0.42151038112225253
0.5191801748410786,-1.210065646602445,0.13460310377377405,-0.8384624030898393,-0.25205953032476697,1.041787054706565,-0.5845428860907194,-0.8671714989853299,1.4607570785909727,0.7510044642675964,-1.4497316692091227,1.451052073706214,0.9553986932150462,-0.8068437734032816,0.05185274634165669,-0.8838384939911589,-0.6311139667204612,0.19735213558194112,0.23618351795032339,0.016157377088494743,0.25330998198592947,-1.1002666261015883,0.49171781893627636
-0.005165428413009734,-0.9585599746342421,0.5666963189610146,-0.8384624030898393,-0.8820719898034639,-0.11714627747698678,0.10142529540719089,1.4705180361484222,0.7452007769718818,0.7510044642675964,1.435306478470724,0.7354087306383301,-0.30091768483855236,0.4895387240312183,-1.3850948257998854,-0.8838384939911589,-0.6311139667204612,-1.066629085278994,-0.12625172969354356,-0.9492157595888142,-0.2791560832258683,-0.16971490849653975,0.030030228906686683
-0.398424630853576,-0.4303980635010152,-1.0508834096886581,1.0816805047494875,-0.6300670060119852,2.759973099513575,-1.6134951583375847,0.30167326858154614,1.4607570785909727,0.04282782530847982,-0.7284721322891611,0.019765387570446186,0.3272405041882469,-0.8068437734032816,-0.8065834655870567,-0.8838384939911589,-0.6311139667204612,0.21730973380606095,0.3304166823377285,0.8485938851085996,0.41536487139821604,-1.1002666261015883,0.3395131189265216
2.4308568533716075,-0.5561508994851168,1.9405311569922445,0.12160905082982407,-0.17187612639111466,2.3017901542317056,1.4733616584030114,-1.4515938827687678,1.4607570785909727,-1.3735254526097533,0.7140469415507622,1.451052073706214,-0.30091768483855236,0.4895387240312183,1.7500635134180245,-0.8838384939911589,-0.6311139667204612,-0.66082458805522,2.0846032809340422,0.8865757790106582,0.07967974332990835,-1.1002666261015883,0.8722295689606631
-0.25641436330559303,0.6007751915686178,0.6553308246404485,0.12160905082982407,-0.297878618286854,-0.23506100604217373,1.1303775676540562,1.4705180361484222,-0.6859118262663001,0.7510044642675964,1.435306478470724,-0.6958779554974378,-0.30091768483855236,-0.8068437734032816,0.4810708523060134,1.1314284304186495,-0.014125200687566225,-0.9601885614170205,-0.046515975211892845,-0.4048086136593156,-2.027033819029814,-0.16971490849653975,-0.8882714611521675
-0.25641436330559303,-2.807126663600535,1.5638345078546487,1.0816805047494875,0.10303840138140764,-0.4237245717464729,-0.9275269768396744,0.8860956523649842,0.7452007769718818,1.459181103226713,-0.007212595369199463,-1.4115212985653218,2.8398732602954437,-0.8068437734032816,-0.6199668977764669,-0.8838384939911589,-0.6311139667204612,0.23061479928880782,0.27242704271471,0.8929060946610008,-0.5511767904536349,-0.16971490849653975,-1.349959051181757
2.2233033854168647,-1.9645826625070546,1.9848484098319608,1.0816805047494875,0.5268649650307129,0.8093265898209108,-0.5845428860907194,-0.28274911520189183,0.7452007769718818,-1.3735254526097533,-0.7284721322891611,-1.4115212985653218,-0.30091768483855236,3.082303718900218,1.040920555737783,-0.8838384939911589,-0.6311139667204612,-1.2662050675201943,-1.6049875400805185,-1.1581161760501333,1.1156735006441674,2.621940244318606,0.18730841891676675
0.2679312399484944,-2.2538141852704876,0.1899996698234204,-0.8384624030898393,-1.2600794654906822,0.7149948069687612,0.7873934769051011,-0.28274911520189183,0.02964447535279087,0.04282782530847982,0.7140469415507622,0.7354087306383301,0.9553986932150462,0.4895387240312183,-1.2171399147703545,-0.8838384939911589,-0.6311139667204612,1.7340871988391828,0.011473664411125578,-0.22755977544971157,1.1677625722409741,1.6913885267135573,1.3491376289912285
1.043525778095167,-0.354946361910555,-0.3085694246233967,1.0816805047494875,-1.0195292536897251,-0.12725325421114567,0.7873934769051011,0.8860956523649842,0.02964447535279087,1.459181103226713,-0.7284721322891611,-1.4115212985653218,-0.30091768483855236,1.785921221465718,0.984935585394606,1.1314284304186495,0.31809951948399257,1.028918728253609,-0.4596921575259008,-0.11361409374353716,0.635296507029176,-1.1002666261015883,-0.40121642112095196
1.0107541778917852,0.27381781800995275,0.057047911304268846,2.0417519586691513,-0.1833308983816364,1.1361188375587146,0.10142529540719089,-0.28274911520189183,-0.6859118262663001,-0.6653488136506367,-0.7284721322891611,1.451052073706214,0.3272405041882469,-0.8068437734032816,-0.7879218088059977,-0.8838384939911589,-0.6311139667204612,1.4014605617705158,-1.1410704230963695,-0.3541660884565717,-1.1299442526403718,2.621940244318606,0.20252888891774207
-0.7479883663563006,-1.4615713185706483,0.33403074155250057,0.12160905082982407,-0.7446147259172028,0.18606302454777968,0.10142529540719089,-0.28274911520189183,1.4607570785909727,-1.3735254526097533,-1.4497316692091227,-0.6958779554974378,-0.30091768483855236,-0.8068437734032816,-0.1161021646878742,-0.8838384939911589,-0.6311139667204612,-0.5676891296759933,1.5554478193739965,-0.7846275526798959,0.19543323576725574,1.6913885267135573,-0.2540852111115224
0.7376575095302811,-0.5561508994851168,-0.5966315680815586,-0.8384624030898393,-0.5040645141162458,-1.1514268966059125,0.444409386156146,-0.8671714989853299,-0.6859118262663001,0.04282782530847982,-1.4497316692091227,0.019765387570446186,-1.5572340628921508,-0.8068437734032816,-1.2358015715514135,-0.8838384939911589,-0.6311139667204612,-1.1464594781754742,0.12020423870428551,1.4119919779891275,-0.09395049532611274,-1.1002666261015883,1.2172268889827746
-0.16902342942991258,0.6133504751670273,-1.7931973947539193,-0.8384624030898393,-0.9393458497560727,-0.09356333176394939,-1.2705110675886295,-1.4515938827687678,-0.6859118262663001,-0.6653488136506367,-0.007212595369199463,-0.6958779554974378,0.9553986932150462,-0.8068437734032816,0.2757926277143645,1.1314284304186495,1.3622343543088917,0.49006357620236857,1.511955589656733,0.8929060946610008,-0.047649098351173536,-0.16971490849653975,-0.7005523311401364
-0.10348022902315106,-0.354946361910555,-0.21993491894396286,-0.8384624030898393,2.153442587684803,1.341627364486612,0.7873934769051011,-0.8671714989853299,0.02964447535279087,1.459181103226713,1.435306478470724,0.7354087306383301,0.9553986932150462,-0.8068437734032816,-0.6946135249007028,-0.8838384939911589,-0.6311139667204612,-0.18184223067633962,-0.6844020110650976,-1.0188492317425875,-0.2039163131415927,-0.16971490849653975,-0.9440798511557441
-1.261410102875929,-0.05313955554871057,0.8990757152588926,-0.8384624030898393,0.7903247208127134,-0.026183486869556835,-0.9275269768396744,0.30167326858154614,0.7452007769718818,-0.6653488136506367,-0.7284721322891611,0.7354087306383301,-0.9290758738653516,1.785921221465718,-1.3104481986756493,1.1314284304186495,0.6503242396555514,1.6542568059427036,0.25792963280895514,-1.2404102795045926,-0.12288886843544959,-1.1002666261015883,1.2679617889860262
-1.0975521018590262,-0.2417688095248629,-0.37504530388297325,-0.8384624030898393,-0.8018885858698116,1.3449963567313314,0.444409386156146,1.4705180361484222,-0.6859118262663001,-1.3735254526097533,-1.4497316692091227,1.451052073706214,1.5835568822418453,-0.8068437734032816,-1.3477715122377674,1.1314284304186495,0.555402891035106,1.3083251033912895,-0.952604094321559,-0.9492157595888142,-0.707444005244054,-0.16971490849653975,-0.5686415911316821
-0.1253279624920719,0.852280863536821,1.0209481605681157,-0.8384624030898393,-1.1798960615570298,-0.4809974399067065,-0.24155879534176422,1.4705180361484222,-0.6859118262663001,1.459181103226713,-0.007212595369199463,-0.6958779554974378,0.3272405041882469,-0.8068437734032816,0.10783771668483365,-0.8838384939911589,-0.6311139667204612,1.7673498625460495,0.38115761700787,0.46244463043767653,0.3632757998014094,0.7608368091085088,0.6489960089463565
-0.8463031669664419,0.27381781800995275,-0.00942796795530771,0.12160905082982407,-0.5842479180498981,0.41178550494399474,-0.24155879534176422,-0.28274911520189183,1.4607570785909727,1.459181103226713,0.7140469415507622,0.7354087306383301,-0.30091768483855236,0.4895387240312183,-0.8252451223681158,1.1314284304186495,1.0300096341373328,-0.9136208322274073,-1.0033450289917005,-0.1642566189462815,-1.2630607689433213,-1.1002666261015883,0.25326378892099366
-0.45304396452587664,-0.2920699439185042,-0.652028134131205,2.0417519586691513,1.9014376038933245,-1.2693416251710994,-1.2705110675886295,1.4705180361484222,-0.6859118262663001,1.459181103226713,0.7140469415507622,-1.4115212985653218,2.2117150712686446,0.4895387240312183,2.9444095474057996,-0.8838384939911589,-0.6311139667204612,0.1640894718750744,-0.3074693535154768,-2.050690682748497,-1.274636118187056,-0.16971490849653975,0.319219158925221
0.3880937740275565,0.36184480319882417,0.8215205227893875,-0.8384624030898393,-0.35515247823946283,-1.1177369741587162,-0.9275269768396744,-0.8671714989853299,-1.4014681278853909,0.04282782530847982,-0.007212595369199463,1.451052073706214,0.3272405041882469,-0.8068437734032816,-1.0865083173029415,-0.8838384939911589,-0.6311139667204612,0.19735213558194112,-2.076153362017545,-0.36049640410691436,-0.8231974976814014,1.6913885267135573,-0.43673085112322824
-1.4361919706272908,-1.0088611090278834,2.250751926870264,-0.8384624030898393,-0.3207881622678976,-0.06998038605091199,-0.5845428860907194,-0.28274911520189183,0.02964447535279087,1.459181103226713,1.435306478470724,-0.6958779554974378,0.9553986932150462,1.785921221465718,-1.1798166012082365,-0.8838384939911589,-0.6311139667204612,-0.7406549809517003,-0.8801170447927856,-0.050310937240107094,0.8783788411476057,-0.16971490849653975,0.9838463489678168
0.7922768432025827,-0.5058497650914773,1.7632621456333752,-0.8384624030898393,-0.6758860939740722,1.0822149616432006,-1.2705110675886295,-1.4515938827687678,-0.6859118262663001,-0.6653488136506367,0.7140469415507622,0.019765387570446186,-0.30091768483855236,-0.8068437734032816,0.5183941658681314,-0.8838384939911589,-0.6311139667204612,-0.24836755809007305,0.23618351795032339,2.000711333471027,1.387694207871934,-0.16971490849653975,-1.8725285212152485
0.44271310769985717,-0.8076565714533199,0.057047911304268846,0.12160905082982407,-1.1455317455854646,0.010875427822359065,-1.6134951583375847,1.4705180361484222,0.7452007769718818,-0.6653488136506367,-0.007212595369199463,-0.6958779554974378,0.3272405041882469,-0.8068437734032816,-0.8065834655870567,-0.8838384939911589,-0.6311139667204612,1.2151896450120623,0.38840632196074687,0.41180210523493266,0.9709816350974833,-0.16971490849653975,0.07569163890961306
0.4099415074964764,-1.1597645122088038,-0.14237972647445768,-0.8384624030898393,0.8705081247463657,-1.0065602300829684,0.444409386156146,-0.28274911520189183,-1.4014681278853909,-1.3735254526097533,-0.7284721322891611,0.7354087306383301,0.9553986932150462,0.4895387240312183,-1.1984782579892954,1.1314284304186495,0.555402891035106,1.0488763264777288,-0.0030237454946287715,-0.37315703540760053,-0.8810742439000752,0.7608368091085088,1.1309775589772466
-0.1362518292265318,0.5378987735765671,-0.9179316511695065,-0.8384624030898393,-0.492609742125724,-1.62645480311138,-1.2705110675886295,-0.8671714989853299,0.02964447535279087,1.459181103226713,0.7140469415507622,-0.6958779554974378,0.3272405041882469,0.4895387240312183,4.23206386529887,1.1314284304186495,0.27063884517376985,1.72743466609781,0.033219779269757874,-0.39214798235862935,-0.36018352793201186,-0.16971490849653975,0.29892519892392005
0.7267336427958212,0.2235166836163132,-0.530155688821982,1.0816805047494875,1.821254199959672,0.8800754269600229,-0.9275269768396744,1.4705180361484222,0.02964447535279087,-1.3735254526097533,-1.4497316692091227,0.7354087306383301,-0.30091768483855236,-0.8068437734032816,0.4997325090870724,-0.8838384939911589,-0.6311139667204612,0.0842590789785941,-0.9743502091801908,0.5953812590948793,-0.20970398776346014,0.7608368091085088,0.15179398891449047
-1.1084759685934862,0.6133504751670273,-0.40828324351276074,-0.8384624030898393,-0.9966197097086815,0.327560698826004,-1.2705110675886295,-1.4515938827687678,0.02964447535279087,1.459181103226713,-0.7284721322891611,0.7354087306383301,-1.5572340628921508,0.4895387240312183,-0.340042046060582,1.1314284304186495,2.3114478405133454,1.501248552891116,-1.0105937339445774,-0.5440755579668619,-1.1067935541529024,0.7608368091085088,-1.5427516711941132
-0.37657689738465516,1.6570990138350699,0.12352379056384383,-0.8384624030898393,-0.42388111018259345,-0.3630827113415196,-0.9275269768396744,-1.4515938827687678,-0.6859118262663001,-0.6653488136506367,0.7140469415507622,0.7354087306383301,1.5835568822418453,-0.8068437734032816,3.0377178313110944,-0.8838384939911589,-0.6311139667204612,0.20400466832331454,-0.5901688466776925,-0.09462314679250833,-0.1923409638978578,-0.16971490849653975,-0.5128332011281057
-0.37657689738465516,1.7074001482287111,1.5970724474844362,-0.8384624030898393,-0.2749690743058105,-1.5489679814828283,-0.5845428860907194,1.4705180361484222,0.7452007769718818,1.459181103226713,1.435306478470724,-0.6958779554974378,0.3272405041882469,-0.8068437734032816,0.8356423311461342,-0.8838384939911589,-0.6311139667204612,0.8160376805296619,0.06946330403414452,0.905566725961687,0.8147144203070641,-1.1002666261015883,-1.6594419412015922
0.2460835064795745,1.7074001482287111,0.5888549453808735,-0.8384624030898393,-0.04587363449537527,-0.6966129435687627,1.1303775676540562,0.8860956523649842,0.02964447535279087,-1.3735254526097533,-0.7284721322891611,0.7354087306383301,2.2117150712686446,-0.8068437734032816,-0.19074879181211016,1.1314284304186495,-0.061585874997788954,0.0842590789785941,1.0625358825783382,-1.0948130195467032,-0.0013477013762347445,-1.1002666261015883,1.0498017189720437
0.3116267068863351,-0.8956835566421913,-1.2503110474673846,0.12160905082982407,-0.7446147259172028,0.3679886057626396,-0.24155879534176422,0.8860956523649842,0.02964447535279087,-1.3735254526097533,-0.7284721322891611,0.7354087306383301,-0.30091768483855236,1.785921221465718,2.141958305820263,1.1314284304186495,-0.014125200687566225,1.3282827016154093,-0.5104330921960418,1.196761245877465,-0.7711084260845947,-1.1002666261015883,-0.17290937110631974
-0.5076632981981772,-0.4555486306978359,0.6885687642702375,-0.8384624030898393,-1.0080744816992033,-1.3771493770021275,0.7873934769051011,0.30167326858154614,-0.6859118262663001,-1.3735254526097533,-1.4497316692091227,-1.4115212985653218,1.5835568822418453,0.4895387240312183,-0.35870370284164105,-0.8838384939911589,-0.6311139667204612,-0.23506249260732617,-1.0250911438503323,1.741168391806964,-0.7826837753283297,0.7608368091085088,-0.44687783112387836
-0.9446179675765842,2.2481373429603475,0.33403074155250057,-0.8384624030898393,0.4581363330875823,-1.3434594545549312,-0.5845428860907194,-0.28274911520189183,0.7452007769718818,0.04282782530847982,-0.7284721322891611,0.7354087306383301,-0.30091768483855236,0.4895387240312183,-1.1984782579892954,-0.8838384939911589,-0.6311139667204612,-0.3814182129175399,-0.4524434525730234,-0.8036184996309248,0.13755648954858204,-0.16971490849653975,-0.8324630711485906
-0.5513587651360179,-0.0657148391471218,-1.1838351682078097,2.0417519586691513,-0.5613383740688546,0.5970800784035742,-0.24155879534176422,1.4705180361484222,-1.4014681278853909,-0.6653488136506367,-1.4497316692091227,-0.6958779554974378,-0.30091768483855236,-0.8068437734032816,0.3877625684007185,-0.8838384939911589,-0.6311139667204612,-0.02883397762475245,-0.5104330921960418,0.42446273653561795,0.1317688149267146,-0.16971490849653975,-0.43165736112290304
-0.05978476208531036,-1.0968880942167532,1.5195172550149327,-0.8384624030898393,-0.492609742125724,0.5869731016694153,1.4733616584030114,1.4705180361484222,-1.4014681278853909,-0.6653488136506367,0.7140469415507622,-0.6958779554974378,-0.9290758738653516,-0.8068437734032816,-1.3664331690188263,-0.8838384939911589,-0.6311139667204612,0.6031566328057146,-1.4527647360700946,0.15858947922121194,1.202488619972178,0.7608368091085088,-0.005484201095589586
-1.3706487702205303,0.4372965047892844,-1.2724696738872434,-0.8384624030898393,0.7559604048411481,-0.3428687578732018,0.444409386156146,-0.28274911520189183,-1.4014681278853909,-1.3735254526097533,-0.7284721322891611,1.451052073706214,0.3272405041882469,0.4895387240312183,1.078243869299901,-0.8838384939911589,-0.6311139667204612,0.05099641527172738,-0.7641377655467483,1.3043766119332962,-0.3543958533101444,1.6913885267135573,-1.0404761611619222
-0.3110336969778946,0.6007751915686178,-0.8957730247496493,-0.8384624030898393,0.9736010726610616,0.2601808539316115,0.444409386156146,-0.8671714989853299,1.4607570785909727,1.459181103226713,1.435306478470724,-0.6958779554974378,-1.5572340628921508,-0.8068437734032816,1.6567552295127297,-0.8838384939911589,-0.6311139667204612,0.12417427542683425,-0.5321792070546741,0.016157377088494743,0.29961137896086865,-1.1002666261015883,-1.4209879111863093
-0.7042928994184599,1.0409101175129734,-1.1505972285780222,2.0417519586691513,-0.5269740580972893,0.7756366673737145,1.1303775676540562,-1.4515938827687678,-0.6859118262663001,1.459181103226713,0.7140469415507622,0.019765387570446186,0.3272405041882469,-0.8068437734032816,-0.04145553756363825,1.1314284304186495,1.1249309827577783,0.7628174185986752,-0.3654589931384952,-0.12627472504422335,-0.01871072524183669,0.7608368091085088,0.18730841891676675
-1.1849430357347075,-0.279494660320093,0.721806703900025,-0.8384624030898393,-1.0882578856328557,0.11868317965338714,0.7873934769051011,-0.8671714989853299,1.4607570785909727,0.04282782530847982,-1.4497316692091227,0.7354087306383301,0.9553986932150462,-0.8068437734032816,-1.1051699740840006,-0.8838384939911589,-0.6311139667204612,-0.4479435403312733,0.8305773240862635,-1.1138039664977324,0.247522307364062,-0.16971490849653975,-0.03592514109754026
2.1249885848067214,0.5378987735765671,0.057047911304268846,-0.8384624030898393,-1.3402628694243344,0.18606302454777968,0.7873934769051011,-1.4515938827687678,0.02964447535279087,-0.6653488136506367,1.435306478470724,-0.6958779554974378,-0.9290758738653516,0.4895387240312183,-0.39602701640375904,-0.8838384939911589,-0.6311139667204612,-0.7273499154689534,0.17094517337442702,-0.2528810380510835,-1.2977868166745254,0.7608368091085088,0.050324188907987254
-1.1303237020624068,0.31154366880518286,-0.8736143983297904,-0.8384624030898393,0.09158362939088588,0.13552814087698528,-1.6134951583375847,-1.4515938827687678,0.02964447535279087,1.459181103226713,1.435306478470724,1.451052073706214,-1.5572340628921508,0.4895387240312183,-0.2467337621552871,-0.8838384939911589,-0.6311139667204612,2.5057809968384914,-1.0395885537560872,2.6653944767570428,-0.11710119381358214,0.7608368091085088,2.3689091190565854
0.02760617179037103,0.28639310160836395,0.40050662081207555,0.12160905082982407,2.0961687277321945,-1.3030315476182956,0.10142529540719089,0.30167326858154614,-1.4014681278853909,0.04282782530847982,1.435306478470724,0.019765387570446186,0.9553986932150462,0.4895387240312183,0.6676874201166033,-0.8838384939911589,-0.6311139667204612,0.8426478114951556,-0.2132361891280712,1.2474037710802088,-0.9505263393624833,-0.16971490849653975,0.014809758905711345
0.7704291097336619,-0.6441778846739882,0.012730658464551143,-0.8384624030898393,-0.492609742125724,2.5207746501384816,0.7873934769051011,0.8860956523649842,1.4607570785909727,1.459181103226713,-0.007212595369199463,1.451052073706214,0.3272405041882469,-0.8068437734032816,-0.340042046060582,1.1314284304186495,2.2165264918928997,0.8093851477882889,-0.38720510799712754,0.09528632271778188,0.5253306892136956,-0.16971490849653975,1.6941349490133393
1.0107541778917852,0.19836611641949253,-0.2753314849936092,-0.8384624030898393,-0.8018885858698116,-0.1440982154347438,0.444409386156146,0.8860956523649842,0.7452007769718818,-1.3735254526097533,-0.7284721322891611,0.019765387570446186,0.3272405041882469,-0.8068437734032816,1.9180184244475553,-0.8838384939911589,-0.6311139667204612,0.7229022221504355,0.787085094369,-1.829129634986492,-1.1993963481027805,-0.16971490849653975,-0.10188051110176757
-0.6387496990116993,0.022312146041749647,0.0016513452546225037,-0.8384624030898393,-1.122622201604421,-0.730302866015959,-0.24155879534176422,0.30167326858154614,-0.6859118262663001,1.459181103226713,-0.007212595369199463,1.451052073706214,0.3272405041882469,0.4895387240312183,-0.6386285545575259,-0.8838384939911589,-0.6311139667204612,1.5877314785289702,-1.148319128049247,0.08262569141709614,0.03916602097683701,0.7608368091085088,-0.9136389111537933
-0.7261406328873807,-1.838829826522953,-2.0812595382120804,-0.8384624030898393,1.489065812234541,-0.548377284801099,0.10142529540719089,0.8860956523649842,0.7452007769718818,-0.6653488136506367,1.435306478470724,0.7354087306383301,-0.30091768483855236,-0.8068437734032816,-0.6013052409954078,-0.8838384939911589,-0.6311139667204612,0.024386284306234105,-0.8003812903111349,-0.46178145451240254,-0.6958686560003191,-1.1002666261015883,-2.0805416112285804
0.7704291097336619,0.42472122119087496,-0.19777629252410403,0.12160905082982407,-1.076803113642334,0.03445837353539646,-0.9275269768396744,-0.28274911520189183,1.4607570785909727,-1.3735254526097533,-0.007212595369199463,0.7354087306383301,-0.30091768483855236,0.4895387240312183,-0.02279388078257926,-0.8838384939911589,-0.6311139667204612,0.3902755850817684,-1.2208061775780203,0.7789604129548269,0.5658444115667673,0.7608368091085088,0.44605640893335
0.6502665756545998,1.1918135206938938,0.43374456044186305,1.0816805047494875,1.7983446559786287,1.493232015498995,-0.5845428860907194,-1.4515938827687678,-1.4014681278853909,1.459181103226713,-0.007212595369199463,-1.4115212985653218,-0.30091768483855236,1.785921221465718,-0.7879218088059977,-0.8838384939911589,-0.6311139667204612,-2.476966026450143,-0.3292154683741086,0.5890509434445367,-2.29905452625758,-0.16971490849653975,0.9077439989629393
0.42086537423093634,-1.1597645122088038,-1.3943421191964662,-0.8384624030898393,-0.35515247823946283,1.8132862787473598,0.7873934769051011,-0.8671714989853299,0.02964447535279087,-0.6653488136506367,-0.007212595369199463,0.7354087306383301,-0.30091768483855236,-0.8068437734032816,0.16382268702801062,-0.8838384939911589,-0.6311139667204612,-0.1751896979349662,0.07671200898702195,1.5702498692477027,1.6597149150997006,-0.16971490849653975,-0.4062899111212772
0.8141245766715026,-0.48069919789465654,1.1095826662475494,2.0417519586691513,-0.5384288300878111,0.9272413183860977,0.10142529540719089,-1.4515938827687678,-1.4014681278853909,1.459181103226713,-1.4497316692091227,-1.4115212985653218,-0.9290758738653516,-0.8068437734032816,1.09690552608096,-0.8838384939911589,-0.6311139667204612,1.1885795140465696,-0.9308579794629271,-0.6770121866240647,1.4397832794687406,-1.1002666261015883,0.6134815789440802
2.5837909876540484,-0.7322048698628597,0.7439653303198839,-0.8384624030898393,0.36649815716340817,0.8901824036941818,0.7873934769051011,0.8860956523649842,-1.4014681278853909,1.459181103226713,-0.007212595369199463,0.7354087306383301,0.3272405041882469,0.4895387240312183,0.6490257633355443,-0.8838384939911589,-0.6311139667204612,-0.66082458805522,-0.0030237454946287715,1.0258427233182037,-0.6611426082691149,-1.1002666261015883,1.019360778970093
0.9342871107505638,1.455894476260508,-0.8957730247496493,0.12160905082982407,2.1076234997227163,-0.005969533401239072,0.10142529540719089,0.8860956523649842,-1.4014681278853909,1.459181103226713,0.7140469415507622,1.451052073706214,-0.9290758738653516,-0.8068437734032816,0.23846931415224656,-0.8838384939911589,-0.6311139667204612,-0.7406549809517003,0.888566963709283,-0.24655072240074039,0.28803602971713377,-1.1002666261015883,0.8874500389616391
0.3662460405586357,0.1857908328210813,0.10136516414398498,-0.8384624030898393,-0.2635143023152888,1.115904884090397,-1.6134951583375847,0.8860956523649842,-1.4014681278853909,1.459181103226713,-0.007212595369199463,0.7354087306383301,-0.9290758738653516,-0.8068437734032816,0.6490257633355443,-0.8838384939911589,-0.6311139667204612,0.1640894718750744,0.692851929981595,-1.2847224890569935,0.2706730058515318,-1.1002666261015883,1.4404604489970811
-1.414344237158371,1.1918135206938938,1.5084379418050025,2.0417519586691513,1.8899828319028027,-1.0402501525301646,1.4733616584030114,-0.28274911520189183,0.7452007769718818,0.7510044642675964,0.7140469415507622,-0.6958779554974378,0.9553986932150462,-0.8068437734032816,-0.8625684359302337,1.1314284304186495,-0.061585874997788954,-0.7340024482103269,0.6203648804528216,-0.9492157595888142,0.600570459297972,-1.1002666261015883,0.3547335889274969
1.9502067170553608,-0.8579577058469612,1.2314551115567707,1.0816805047494875,-0.1260570384290276,0.8733374424705836,1.1303775676540562,0.8860956523649842,1.4607570785909727,0.7510044642675964,0.7140469415507622,1.451052073706214,-0.30091768483855236,-0.8068437734032816,0.7983190175840161,-0.8838384939911589,-0.6311139667204612,-1.938110874398902,1.990370116546636,-2.9622561363978903,-0.37754655179761376,-1.1002666261015883,0.1315000289131899
0.464560841168777,-0.04056427195030113,1.4641206889652862,-0.8384624030898393,-0.5384288300878111,-0.14746720767946342,-0.5845428860907194,-0.28274911520189183,0.02964447535279087,0.04282782530847982,-0.007212595369199463,1.451052073706214,-0.9290758738653516,0.4895387240312183,-0.9558767198355287,-0.8838384939911589,-0.6311139667204612,0.915825671650262,-0.2349823039867035,0.5384084182417928,1.949098646193069,0.7608368091085088,0.5170852689379022
-0.08163249555423119,0.5001729227813352,-1.1505972285780222,-0.8384624030898393,-0.5842479180498981,0.13552814087698528,1.4733616584030114,-0.28274911520189183,0.02964447535279087,0.7510044642675964,0.7140469415507622,0.7354087306383301,1.5835568822418453,-0.8068437734032816,-0.8998917494923516,1.1314284304186495,4.020032115681363,-0.8737056357791672,0.5696239457826802,-2.538124987824909,0.826289769550799,-1.1002666261015883,0.11627955891221456
0.322550573620795,1.594222595843019,-0.09806247363474155,0.12160905082982407,0.5039554210496693,0.5465451947327798,0.7873934769051011,0.8860956523649842,1.4607570785909727,-1.3735254526097533,-0.007212595369199463,-1.4115212985653218,-0.30091768483855236,0.4895387240312183,1.8806951108854375,-0.8838384939911589,-0.6311139667204612,-0.04213904310749932,-1.061334668614719,0.6840056781996817,-0.5685398143192368,-0.16971490849653975,1.0447282289717188
0.37716990729309563,-1.4867218857674689,0.034889284884409996,-0.8384624030898393,-0.4582454261541587,1.3045684497946959,0.10142529540719089,-0.8671714989853299,-1.4014681278853909,0.04282782530847982,-0.007212595369199463,-1.4115212985653218,2.2117150712686446,0.4895387240312183,-0.8065834655870567,1.1314284304186495,-0.10904654930801158,-0.062096641331619164,0.787085094369,-1.1771071230011625,0.5600567369449003,-0.16971490849653975,-0.65489092113721
0.25700737321403444,0.08518856403380043,-0.07590384721488269,-0.8384624030898393,0.28631475322975586,-0.8448486023364263,0.10142529540719089,0.30167326858154614,-1.4014681278853909,1.459181103226713,-0.007212595369199463,-0.6958779554974378,-1.5572340628921508,1.785921221465718,0.7050107336787212,-0.8838384939911589,-0.6311139667204612,-0.9136208322274073,-0.8076299952640124,1.696856182254563,1.0983104767785656,-1.1002666261015883,0.21774935891871777
0.09314937219713158,-1.0591622434215229,0.034889284884409996,-0.8384624030898393,-0.8820719898034639,-1.0672020904879218,1.1303775676540562,-1.4515938827687678,0.7452007769718818,0.04282782530847982,-0.007212595369199463,-1.4115212985653218,0.3272405041882469,-0.8068437734032816,-1.0118616901787056,1.1314284304186495,0.12825682224310186,-0.487858736779513,0.18544258328018187,0.5320781025914493,-1.5698075239022922,-0.16971490849653975,1.8158987090211434
-1.272333969610389,-1.9645826625070546,-1.6602456362347677,0.12160905082982407,-0.48115497013520225,0.553283179222219,1.4733616584030114,-1.4515938827687678,-1.4014681278853909,-0.6653488136506367,0.7140469415507622,0.019765387570446186,0.9553986932150462,-0.8068437734032816,1.2648604371104908,-0.8838384939911589,-0.6311139667204612,0.024386284306234105,0.3666602071021151,-2.759686035586914,-1.2688484435651886,-1.1002666261015883,-1.218048311173303
1.9283589835864388,-1.9268568117118243,0.12352379056384383,-0.8384624030898393,-0.8591624458224204,0.5566521714669387,-0.9275269768396744,-1.4515938827687678,0.02964447535279087,-0.6653488136506367,1.435306478470724,1.451052073706214,0.9553986932150462,-0.8068437734032816,-0.6759518681196438,1.1314284304186495,0.6503242396555514,1.4746384219256232,-0.9018631596514175,0.016157377088494743,-0.6611426082691149,-0.16971490849653975,0.16194096891514093
-1.0210850347178047,1.8834541186064522,0.8990757152588926,0.12160905082982407,-0.5498836020783329,-0.30917883542600555,1.1303775676540562,0.8860956523649842,0.02964447535279087,1.459181103226713,0.7140469415507622,-1.4115212985653218,-0.9290758738653516,-0.8068437734032816,1.8806951108854375,1.1314284304186495,-0.39381059516934774,-0.7606125791758201,0.4391472566308884,0.3928111582839029,-0.9621016886062183,-0.16971490849653975,-1.7456912712071195
0.20238803954173382,-1.210065646602445,-0.5633936284517711,-0.8384624030898393,-0.17187612639111466,0.5094862800408639,-0.9275269768396744,-0.8671714989853299,-1.4014681278853909,-1.3735254526097533,-0.7284721322891611,-0.6958779554974378,-1.5572340628921508,0.4895387240312183,-0.6946135249007028,1.1314284304186495,0.31809951948399257,-1.778450088605942,-0.749640355640994,-0.8732519717846979,-1.182033324237178,1.6913885267135573,0.5881141289424544
0.30070284015187515,0.210941400017902,1.0874240398276904,-0.8384624030898393,-1.2715342374812038,0.24333589270801334,1.4733616584030114,-0.8671714989853299,0.02964447535279087,1.459181103226713,-1.4497316692091227,-1.4115212985653218,-0.30091768483855236,1.785921221465718,0.8543039879271932,1.1314284304186495,-0.014125200687566225,-2.031246332778129,1.2799970311646582,1.1207974580733486,0.8378651187945338,-0.16971490849653975,-0.9491533411560694
1.3712417801289707,-2.027459080499105,-0.06482453400495405,-0.8384624030898393,-0.8820719898034639,0.5499141869774995,-0.9275269768396744,-0.8671714989853299,-1.4014681278853909,-0.6653488136506367,-0.7284721322891611,-1.4115212985653218,-0.30091768483855236,0.4895387240312183,4.41868043310946,-0.8838384939911589,-0.6311139667204612,0.909173138908889,-0.5901688466776925,0.9182273572623731,-0.7016563306221866,1.6913885267135573,0.5525996989401781
0.9561348442194856,0.04746271323857031,-0.20885560573403422,-0.8384624030898393,-0.4009715662015499,-0.26201294399993075,1.4733616584030114,0.30167326858154614,-1.4014681278853909,1.459181103226713,-1.4497316692091227,-1.4115212985653218,-0.9290758738653516,0.4895387240312183,0.6863490768976622,-0.8838384939911589,-0.6311139667204612,0.7495123531159283,-0.1407491395992979,0.728317887752083,-2.0964859144922223,0.7608368091085088,-0.878124481151517
-1.2832578363448488,0.4624470719861051,-0.9733282172191529,-0.8384624030898393,-0.5155192861067676,2.089543642814369,1.4733616584030114,-1.4515938827687678,-0.6859118262663001,1.459181103226713,-1.4497316692091227,1.451052073706214,0.3272405041882469,-0.8068437734032816,-1.4037564825809443,-0.8838384939911589,-0.6311139667204612,-0.833790439330927,1.0407897677197064,2.3488786942398923,-1.8707666042393956,-0.16971490849653975,-1.0252556911609467
-1.0320089014522646,-1.210065646602445,2.4169416250192026,1.0816805047494875,0.6299579129454087,-0.9425493774332955,-0.5845428860907194,-0.28274911520189183,1.4607570785909727,-0.6653488136506367,1.435306478470724,0.7354087306383301,-0.30091768483855236,0.4895387240312183,-0.340042046060582,1.1314284304186495,0.413020868104438,1.5212061511152366,0.9393078983794235,0.044643797515038004,-0.26179305936026637,0.7608368091085088,0.7352453389518839
-1.7857557061300164,0.7265280275527194,-0.363965990673043,-0.8384624030898393,-0.16042135440059288,0.9407172873649762,1.4733616584030114,-0.8671714989853299,0.02964447535279087,0.04282782530847982,-0.7284721322891611,0.7354087306383301,-0.30091768483855236,1.785921221465718,0.6863490768976622,-0.8838384939911589,-0.6311139667204612,-0.6807821862793403,-0.6554071912535884,-1.8038083723851202,-1.008403085581157,0.7608368091085088,1.4556809189980566
-0.07070862881977029,-1.3232431989881372,-0.020507281165236348,2.0417519586691513,-0.2864238462963323,-1.35356643128909,0.444409386156146,-0.28274911520189183,0.7452007769718818,-1.3735254526097533,1.435306478470724,-1.4115212985653218,0.3272405041882469,0.4895387240312183,-0.5079969570901129,-0.8838384939911589,-0.6311139667204612,1.60768907675309,-0.03926727025901541,2.5071365854984675,-0.2039163131415927,-0.16971490849653975,-0.040998631097865494
0.5301040415755386,1.380442774670046,-0.17561766610424676,-0.8384624030898393,-0.9966197097086815,0.246704884952733,-0.5845428860907194,-0.8671714989853299,-0.6859118262663001,0.04282782530847982,-1.4497316692091227,-0.6958779554974378,0.9553986932150462,-0.8068437734032816,-0.32138038927952306,-0.8838384939911589,-0.6311139667204612,-1.006756290606634,-0.09725690988203435,0.2155623200742989,-0.6495672590253804,0.7608368091085088,0.9483319189655405
0.6830381758579805,-1.7885286921293115,-1.7045628890744855,-0.8384624030898393,0.28631475322975586,-0.9088594549860992,1.1303775676540562,-1.4515938827687678,0.02964447535279087,0.04282782530847982,0.7140469415507622,0.019765387570446186,-0.9290758738653516,-0.8068437734032816,0.3877625684007185,-0.8838384939911589,-0.6311139667204612,-1.3061202639684344,0.07671200898702195,-1.6835323750286029,-0.5916905128067066,-1.1002666261015883,-0.1932033311076203
-1.971461440615839,0.852280863536821,0.9766309077283979,0.12160905082982407,0.03430976943827707,1.0350490702171258,0.444409386156146,0.8860956523649842,-1.4014681278853909,1.459181103226713,0.7140469415507622,-1.4115212985653218,1.5835568822418453,0.4895387240312183,-0.7505984952438798,-0.8838384939911589,-0.6311139667204612,1.1154016538914622,0.37390891205499205,-0.09462314679250833,-0.2039163131415927,-1.1002666261015883,-1.0759905911641985
0.5737995085133792,-1.5370230201611086,-1.0841213493184456,-0.8384624030898393,0.710141316879061,0.4589513963700695,-1.2705110675886295,0.8860956523649842,-0.6859118262663001,-1.3735254526097533,-0.007212595369199463,-1.4115212985653218,-0.9290758738653516,-0.8068437734032816,0.014529432779538715,-0.8838384939911589,-0.6311139667204612,0.1374793409095811,-0.2784745337039676,-0.29719324760348426,-0.08816282070424529,-0.16971490849653975,-1.2637097211762294
-0.6496735657461593,2.2481373429603475,1.0098688473581854,-0.8384624030898393,-0.6415217780025069,-1.2221757337450245,1.1303775676540562,-1.4515938827687678,0.02964447535279087,0.04282782530847982,-0.007212595369199463,-1.4115212985653218,1.5835568822418453,-0.8068437734032816,0.5743791362113083,-0.8838384939911589,-0.6311139667204612,1.714129600615063,-1.8876870332427342,-0.6200393457709777,-0.0418614237293065,-1.1002666261015883,2.3283211990539843
1.3712417801289707,-0.9459846910358326,-0.2753314849936092,0.12160905082982407,-0.733159953926681,-0.6427090676532486,-1.6134951583375847,0.30167326858154614,0.02964447535279087,0.04282782530847982,1.435306478470724,-1.4115212985653218,-1.5572340628921508,-0.8068437734032816,0.21980765737118757,-0.8838384939911589,-0.6311139667204612,2.5856113897349715,2.142592920557061,0.3738202113328741,0.4790292922387568,0.7608368091085088,0.7301718489515587
-1.2395623694070081,0.07261328043539099,-2.1366561042617267,1.0816805047494875,-0.16042135440059288,-0.3327617811390429,-0.5845428860907194,-1.4515938827687678,1.4607570785909727,-0.6653488136506367,1.435306478470724,-1.4115212985653218,-0.30091768483855236,-0.8068437734032816,0.20114600059012858,1.1314284304186495,-0.25142857223867965,-0.015528912142006048,0.4608933714895202,-0.1389353563449091,0.7742006979539932,2.621940244318606,-0.8527570311498912
-0.1362518292265318,-0.4303980635010152,0.11244447735391519,0.12160905082982407,0.10303840138140764,-1.4950641055673144,-0.24155879534176422,0.30167326858154614,0.02964447535279087,0.04282782530847982,-0.7284721322891611,0.7354087306383301,-1.5572340628921508,0.4895387240312183,-0.43335032996587697,1.1314284304186495,0.31809951948399257,0.210657201064688,-0.7278942407823616,-0.17058693459662413,0.5947827846761042,-0.16971490849653975,-1.6391479812002911
-1.7202125057232558,0.638501042363848,-1.3167869267269612,-0.8384624030898393,-0.24060475833424522,-1.4411602296518002,1.1303775676540562,-1.4515938827687678,1.4607570785909727,0.04282782530847982,-0.007212595369199463,-1.4115212985653218,-0.9290758738653516,0.4895387240312183,0.5370558226491904,1.1314284304186495,-0.1565072236182343,-0.3481555492106732,1.091530702389848,0.8485938851085996,-0.4701493457474918,-0.16971490849653975,-0.2946731311141235
-0.3875007641191151,0.990608983119332,0.5777756321709447,0.12160905082982407,2.302354623561586,-0.029552479114276463,-0.5845428860907194,0.8860956523649842,-1.4014681278853909,1.459181103226713,-0.007212595369199463,1.451052073706214,2.8398732602954437,-0.8068437734032816,0.5183941658681314,1.1314284304186495,2.1216051432724545,-1.632094368295728,-0.4596921575259008,0.20923200442395626,-0.6842933067565842,-0.16971490849653975,0.5069382889372517
-0.45304396452587664,-2.014883796900696,0.721806703900025,0.12160905082982407,2.5772691513341086,-0.7100889125476412,0.10142529540719089,1.4705180361484222,0.02964447535279087,-1.3735254526097533,1.435306478470724,1.451052073706214,-0.9290758738653516,3.082303718900218,0.6490257633355443,-0.8838384939911589,-0.6311139667204612,0.2239622665474344,0.040468484222635305,0.016157377088494743,-2.339568248610652,-1.1002666261015883,0.14672049891416525
1.491404314208032,0.5504740571749765,-0.9954868436390117,2.0417519586691513,-0.9851649377181598,0.6206630241166117,0.10142529540719089,-1.4515938827687678,0.02964447535279087,0.7510044642675964,1.435306478470724,-0.6958779554974378,0.3272405041882469,-0.8068437734032816,-1.0118616901787056,-0.8838384939911589,-0.6311139667204612,-0.5543840641932465,0.7073493398873498,2.399521219442636,-0.9736770378499527,-0.16971490849653975,-0.208423801108596
2.4090091199026875,-0.19146767513122334,-0.5744729416616998,-0.8384624030898393,-0.9622553937371162,1.6044087595747427,0.444409386156146,-0.28274911520189183,0.02964447535279087,0.7510044642675964,0.7140469415507622,-1.4115212985653218,0.3272405041882469,1.785921221465718,-0.7505984952438798,-0.8838384939911589,-0.6311139667204612,-1.5589165081406213,0.5623752408298032,-1.5316047994203705,0.641084181651043,-1.1002666261015883,-1.6340744911999663
-0.37657689738465516,0.563049340773386,1.5970724474844362,1.0816805047494875,-0.14896658241007113,0.590342093914135,0.444409386156146,-0.8671714989853299,0.7452007769718818,-0.6653488136506367,1.435306478470724,-1.4115212985653218,-1.5572340628921508,-0.8068437734032816,0.6490257633355443,-0.8838384939911589,-0.6311139667204612,-0.38807074565891286,0.19993999318593675,1.4246526092898137,-0.6727179575128497,0.7608368091085088,0.26848425892196937
1.054449644829627,0.29896838520677343,-1.571611130555334,-0.8384624030898393,-5.454653328821902e-05,-0.33613077338376257,0.444409386156146,0.30167326858154614,-1.4014681278853909,-1.3735254526097533,-1.4497316692091227,0.7354087306383301,-0.30091768483855236,-0.8068437734032816,-0.7505984952438798,-0.8838384939911589,-0.6311139667204612,-0.2417150253486996,-0.017521155400383636,-1.1074736508473895,-0.6437795844035129,1.6913885267135573,0.06554465890896295
0.6611904423890607,0.38699537039564486,1.707865579583729,-0.8384624030898393,-0.36660725022998464,-0.3293927888943233,0.7873934769051011,0.8860956523649842,0.02964447535279087,-1.3735254526097533,-0.007212595369199463,1.451052073706214,-0.9290758738653516,0.4895387240312183,-0.20941044859316912,1.1314284304186495,2.1216051432724545,-0.6209093916069799,1.185763866777253,-1.1391252290991045,0.6815979040041147,-0.16971490849653975,-0.7259197811417621
-0.7152167661529208,0.5756246243717972,1.3533275568659937,-0.8384624030898393,-0.7789790418887681,1.6010397673300232,0.10142529540719089,-0.28274911520189183,-1.4014681278853909,1.459181103226713,-0.007212595369199463,0.7354087306383301,-0.9290758738653516,-0.8068437734032816,-0.6386285545575259,1.1314284304186495,1.9317624460315639,-0.15523209971084587,-1.1265730131906146,-1.120134282148075,0.18385788652352125,-0.16971490849653975,-1.0100352211599712
0.0057584383214501975,-1.1974903630040357,-0.4969177491921946,2.0417519586691513,-1.030984025680247,0.6509839543190883,-0.24155879534176422,0.30167326858154614,1.4607570785909727,-1.3735254526097533,0.7140469415507622,-1.4115212985653218,0.3272405041882469,-0.8068437734032816,0.3317775980575415,1.1314284304186495,3.6403467211995806,-0.8404429720723005,-0.9091118646042949,0.3168473704797871,0.7047486024915846,-0.16971490849653975,0.9432584289652156
-3.4680311832368815,-0.05313955554871057,0.7439653303198839,1.0816805047494875,-0.5155192861067676,-0.3731896880756785,0.7873934769051011,0.30167326858154614,-0.6859118262663001,0.04282782530847982,0.7140469415507622,-0.6958779554974378,-0.30091768483855236,1.785921221465718,0.07051440312271567,1.1314284304186495,1.409695028619114,0.15743693913370096,0.4463959615837653,0.8675848320596284,-1.0952182049091677,1.6913885267135573,0.6439225189460313
0.08222550546267166,-0.2040429587296328,-1.2503110474673846,2.0417519586691513,-1.0424387976707685,-0.28896488195768777,-1.6134951583375847,-1.4515938827687678,1.4607570785909727,-0.6653488136506367,-0.7284721322891611,-1.4115212985653218,-1.5572340628921508,1.785921221465718,-0.7319368384628208,1.1314284304186495,-0.1565072236182343,-0.9601885614170205,0.9465566033323014,-0.3098538789041705,1.2430023423252499,-1.1002666261015883,-1.5782661011963892
-0.37657689738465516,-0.2669193767216836,0.5112997529113682,-0.8384624030898393,-1.1913508335475516,1.6953715501821727,0.444409386156146,0.30167326858154614,-0.6859118262663001,0.7510044642675964,-0.7284721322891611,0.7354087306383301,-1.5572340628921508,-0.8068437734032816,-0.7692601520249388,-0.8838384939911589,-0.6311139667204612,-0.3614606146934196,-0.6626558962064658,-0.9175641813370992,1.028858381316157,-1.1002666261015883,0.2938517089235952
-0.693369032684,-0.5058497650914773,-0.17561766610424676,2.0417519586691513,-0.09169272245746232,1.4359591473387614,-1.2705110675886295,-0.8671714989853299,1.4607570785909727,-0.6653488136506367,-1.4497316692091227,1.451052073706214,-0.9290758738653516,-0.8068437734032816,-0.3773653596227,-0.8838384939911589,-0.6311139667204612,-0.8138328411068072,-0.8076299952640124,0.03831348186469491,-0.7479577275971254,1.6913885267135573,-0.9745207911576952
0.8578200436093433,0.32411895240359406,-1.505135251295759,-0.8384624030898393,-0.5957026900404199,-1.7308935626976882,1.4733616584030114,-1.4515938827687678,-1.4014681278853909,1.459181103226713,-0.007212595369199463,0.019765387570446186,-0.30091768483855236,0.4895387240312183,-1.2731248851135315,1.1314284304186495,-0.1565072236182343,-0.4545960730726463,0.1636964684215501,-0.5947180831696057,0.4211525460200831,0.7608368091085088,0.8671560789603382
0.9015155105471839,1.342716923874816,1.5084379418050025,-0.8384624030898393,0.710141316879061,-1.1211059664034357,-0.9275269768396744,-0.28274911520189183,0.02964447535279087,0.04282782530847982,0.7140469415507622,-1.4115212985653218,-0.30091768483855236,0.4895387240312183,1.5634469456074347,1.1314284304186495,2.2165264918928997,-0.21510489438320632,-1.8224486886668385,-1.2277496482039065,-1.1241565780185043,-0.16971490849653975,-0.4418043411235531
-1.39249650368945,-1.0717375270199343,-0.4304418699326196,-0.8384624030898393,0.5726840529927999,0.4555824041253499,-0.24155879534176422,0.8860956523649842,0.7452007769718818,-0.6653488136506367,0.7140469415507622,-1.4115212985653218,-0.30091768483855236,-0.8068437734032816,-0.6386285545575259,1.1314284304186495,-0.6311139667204612,0.3902755850817684,-0.5466766169604285,0.17125011052189815,-0.522238417344298,-1.1002666261015883,-0.2895996411137983
0.3880937740275565,-1.3861196169801882,-0.6631074473411336,1.0816805047494875,-0.10314749444798409,-1.063833098243202,-1.2705110675886295,0.8860956523649842,1.4607570785909727,1.459181103226713,0.7140469415507622,1.451052073706214,0.9553986932150462,-0.8068437734032816,-0.1161021646878742,1.1314284304186495,3.403043349648467,2.0800189013905968,0.8668208488506501,0.3295080017804733,-2.356931272476254,-1.1002666261015883,-0.5382006511297315
-0.4967394314637173,-0.4303980635010152,-0.4636798095624071,1.0816805047494875,-1.3288080974338126,0.8295405432892285,-0.24155879534176422,-0.28274911520189183,1.4607570785909727,0.04282782530847982,1.435306478470724,-1.4115212985653218,0.3272405041882469,-0.8068437734032816,2.272589903287676,1.1314284304186495,0.8876276112066649,-0.5078163350036333,-1.242552292436652,-0.7339850274771521,1.202488619972178,-0.16971490849653975,-0.040998631097865494
1.4586327140046522,1.0534854011113828,-0.7074247001808514,0.12160905082982407,1.4776110402440192,1.4999699999884344,0.7873934769051011,-0.28274911520189183,-0.6859118262663001,0.04282782530847982,1.435306478470724,-0.6958779554974378,-0.30091768483855236,-0.8068437734032816,0.7236723904597803,1.1314284304186495,1.3622343543088917,-0.11531690326260619,-0.6264123714420792,1.2220825084788374,-0.047649098351173536,-0.16971490849653975,0.14672049891416525
-0.33288143044681445,-0.01541370475348046,0.4226652472319344,-0.8384624030898393,1.0423297046041922,-1.0031912378382488,0.444409386156146,-0.8671714989853299,-0.6859118262663001,0.7510044642675964,0.7140469415507622,-0.6958779554974378,-0.30091768483855236,0.4895387240312183,-0.19074879181211016,-0.8838384939911589,-0.6311139667204612,0.270529995737048,0.982800128096688,0.6903359938500244,-1.6103212462553635,-1.1002666261015883,-0.43673085112322824
-0.8353793002319819,-0.01541370475348046,0.267554862292924,-0.8384624030898393,-0.6529765499930287,1.2270816281661445,-1.6134951583375847,0.30167326858154614,-1.4014681278853909,0.04282782530847982,0.7140469415507622,1.451052073706214,-0.30091768483855236,-0.8068437734032816,-0.20941044859316912,-0.8838384939911589,-0.6311139667204612,0.8825630079433953,-0.8583709299341539,0.41180210523493266,-0.08816282070424529,-0.16971490849653975,0.050324188907987254
1.0107541778917852,-0.7950812878549104,-1.405421432406395,0.12160905082982407,-0.492609742125724,-0.16094317665834193,0.444409386156146,-0.8671714989853299,-0.6859118262663001,-1.3735254526097533,-1.4497316692091227,-0.6958779554974378,-0.9290758738653516,-0.8068437734032816,0.8543039879271932,1.1314284304186495,0.555402891035106,-0.8071803083654338,0.4101524368193787,-1.4999532211686555,-1.5350814761710878,1.6913885267135573,0.9787728589674919
-0.1253279624920719,1.2169640878907144,0.7439653303198839,2.0417519586691513,0.7215960888695828,-1.6028718573983425,1.1303775676540562,0.8860956523649842,-0.6859118262663001,1.459181103226713,0.7140469415507622,0.7354087306383301,-0.30091768483855236,0.4895387240312183,0.7050107336787212,1.1314284304186495,0.5079422167248833,-0.60095179338286,1.3089918509761678,0.22189263572464202,0.5311183638355634,-0.16971490849653975,2.566775229069267
0.1586925726038931,-0.4178227799026058,0.721806703900025,1.0816805047494875,0.36649815716340817,1.5943017828405839,-0.5845428860907194,0.30167326858154614,-0.6859118262663001,0.7510044642675964,-0.7284721322891611,-1.4115212985653218,-1.5572340628921508,0.4895387240312183,0.25713097093330556,1.1314284304186495,0.5079422167248833,-2.037898865519502,-0.061013385117647714,-1.3416953299100804,0.28803602971713377,-0.16971490849653975,0.9736993689671662
0.2460835064795745,-0.84538242224855,-2.2917664892007363,-0.8384624030898393,-0.7560694979077245,2.234410309337313,0.7873934769051011,0.8860956523649842,1.4607570785909727,0.04282782530847982,0.7140469415507622,1.451052073706214,0.9553986932150462,-0.8068437734032816,-0.13476382146893318,1.1314284304186495,-0.3463499208591251,0.20400466832331454,1.3814789005049413,0.20923200442395626,0.20700858501099065,-1.1002666261015883,-0.1932033311076203
-0.6169019655427785,1.0534854011113828,1.2979309908163472,0.12160905082982407,-0.6644313219835505,-1.0132982145724077,-0.9275269768396744,-0.8671714989853299,0.02964447535279087,-0.6653488136506367,-0.7284721322891611,0.7354087306383301,0.3272405041882469,0.4895387240312183,-0.9372150630544697,-0.8838384939911589,-0.6311139667204612,0.18404707009919424,1.2075099816358847,0.16491979487155503,0.7973513964414621,-0.16971490849653975,0.3547335889274969
-1.0101611679833447,0.5001729227813352,2.0734829155113963,1.0816805047494875,1.7410707960260199,0.5937110861588546,-1.2705110675886295,-0.28274911520189183,-1.4014681278853909,-0.6653488136506367,-0.007212595369199463,0.019765387570446186,-0.9290758738653516,1.785921221465718,-0.9932000333976466,-0.8838384939911589,-0.6311139667204612,0.8626054097192754,-1.3802776865413213,-1.3796772238121384,0.5542690623230324,-0.16971490849653975,-0.7766546811450138
-1.6328215718475745,0.776829161946359,0.5999342585908021,1.0816805047494875,-0.492609742125724,1.0316800779724062,0.10142529540719089,-0.28274911520189183,0.7452007769718818,-1.3735254526097533,0.7140469415507622,-1.4115212985653218,-0.9290758738653516,-0.8068437734032816,0.6303641065544853,1.1314284304186495,1.6469984001702276,0.12417427542683425,-1.4092725063528304,-1.9557359479933523,0.38063882366701174,0.7608368091085088,0.21774935891871777
-1.0320089014522646,-1.5244477365626992,2.30614849291991,2.0417519586691513,2.3252641675426298,1.8806661236417523,0.10142529540719089,-0.8671714989853299,-1.4014681278853909,-1.3735254526097533,1.435306478470724,0.7354087306383301,0.9553986932150462,-0.8068437734032816,-1.1238316308650595,-0.8838384939911589,-0.6311139667204612,0.011081218823487702,0.2434322229032003,0.2345532670253282,-0.8810742439000752,-1.1002666261015883,-1.0861375711648487
1.174612178908688,-0.7825060042564992,1.3533275568659937,2.0417519586691513,0.011400225457233543,-1.9195571284019874,0.444409386156146,-1.4515938827687678,1.4607570785909727,0.7510044642675964,0.7140469415507622,-1.4115212985653218,-0.30091768483855236,0.4895387240312183,-0.3027187324984641,-0.8838384939911589,-0.6311139667204612,0.7029446239263147,-1.2932932271067936,-0.018659358988392064,-0.8926495931438096,0.7608368091085088,0.7758332589544854
-1.4798874375651314,2.0595080889841952,-0.7406626398106388,0.12160905082982407,0.16031226133401646,0.20290798577137784,-1.6134951583375847,-0.28274911520189183,-1.4014681278853909,0.7510044642675964,-0.7284721322891611,-1.4115212985653218,0.3272405041882469,-0.8068437734032816,-0.7319368384628208,-0.8838384939911589,-0.6311139667204612,0.18404707009919424,1.8888882472063542,-1.9494056323430091,-0.2791560832258683,1.6913885267135573,-1.4463553611879352
-0.9992373012488849,0.676226893159078,-0.07590384721488269,-0.8384624030898393,0.4925006490591476,0.17595604781362081,-1.6134951583375847,1.4705180361484222,0.02964447535279087,1.459181103226713,-0.007212595369199463,-1.4115212985653218,0.3272405041882469,1.785921221465718,-0.5079969570901129,-0.8838384939911589,-0.6311139667204612,-1.4591285170200212,-1.0395885537560872,-2.0063784731960963,2.360023544345652,0.7608368091085088,1.9122950190273211
-0.37657689738465516,-0.04056427195030113,-0.10914178684467019,0.12160905082982407,2.3481737115236734,-1.3973633304704451,-0.5845428860907194,1.4705180361484222,1.4607570785909727,0.7510044642675964,1.435306478470724,0.019765387570446186,-0.30091768483855236,0.4895387240312183,0.6490257633355443,1.1314284304186495,-0.3463499208591251,0.7229022221504355,-0.5829201417248151,-0.18324756589731034,-0.3138821309570726,-1.1002666261015883,1.024434268970418
-1.3269533032826895,0.2486672508131321,-1.1505972285780222,1.0816805047494875,0.2634052092487123,0.7823746518631537,1.1303775676540562,0.30167326858154614,-0.6859118262663001,1.459181103226713,-1.4497316692091227,0.7354087306383301,0.3272405041882469,0.4895387240312183,1.227537123548373,-0.8838384939911589,-0.6311139667204612,1.48794348740837,0.5841213556884349,-1.9430753166926662,0.8783788411476057,0.7608368091085088,1.9883973690321985
0.759505242999202,-0.0657148391471218,0.24539623587306672,-0.8384624030898393,0.5612292810022781,0.44884441963591065,-0.24155879534176422,-1.4515938827687678,1.4607570785909727,0.04282782530847982,-0.7284721322891611,-1.4115212985653218,-0.30091768483855236,0.4895387240312183,1.5821086023884936,1.1314284304186495,2.5487512120644586,0.9823509990639954,0.9393078983794235,-2.7723466668876,-0.8926495931438096,-1.1002666261015883,-0.09680702110144233
-0.6605974324806192,0.8774314307336398,1.054186100197903,-0.8384624030898393,5.303504885078288,0.7015188379898827,-0.5845428860907194,-0.28274911520189183,-0.6859118262663001,0.04282782530847982,1.435306478470724,0.019765387570446186,-0.30091768483855236,0.4895387240312183,-0.32138038927952306,1.1314284304186495,1.1249309827577783,-1.3726455913821678,-0.952604094321559,-0.9808673378405293,-1.4540540314649446,-0.16971490849653975,0.07061814890928783
-0.3219575637123545,0.7642538783479496,-0.5744729416616998,-0.8384624030898393,-0.8133433578603334,0.5836041094246958,-0.9275269768396744,-1.4515938827687678,-1.4014681278853909,-0.6653488136506367,-1.4497316692091227,-1.4115212985653218,1.5835568822418453,0.4895387240312183,-1.0491850037408235,1.1314284304186495,0.17571749655332447,-0.23506249260732617,0.3159192724319736,0.7029966251507106,1.196700945350311,-0.16971490849653975,0.542452718939528
0.748581376264742,0.38699537039564486,-1.2835489870971737,-0.8384624030898393,0.3894077011444517,-0.6561850366321271,-0.24155879534176422,-1.4515938827687678,-1.4014681278853909,0.7510044642675964,0.7140469415507622,-1.4115212985653218,1.5835568822418453,-0.8068437734032816,-0.5453202706522309,-0.8838384939911589,-0.6311139667204612,2.0001885084941167,-0.37270769809137266,0.01932253491366607,-0.8521358707907383,0.7608368091085088,-0.41643689112192733
-0.7807599665596814,0.31154366880518286,-0.19777629252410403,1.0816805047494875,-0.927891077765551,0.9979901555252099,-0.24155879534176422,-0.28274911520189183,1.4607570785909727,0.7510044642675964,0.7140469415507622,-0.6958779554974378,0.9553986932150462,-0.8068437734032816,0.10783771668483365,1.1314284304186495,2.2165264918928997,0.9291307371330089,1.2220073915416396,1.468964818842214,-1.0315537840686264,-1.1002666261015883,-1.187607371171352
-1.119399835327946,-1.5244477365626992,1.5305965682248612,-0.8384624030898393,-0.30933339027737583,-1.9195571284019874,1.1303775676540562,0.30167326858154614,0.02964447535279087,0.04282782530847982,0.7140469415507622,1.451052073706214,-0.30091768483855236,0.4895387240312183,-0.07877885112575622,1.1314284304186495,2.1690658175826774,0.36366545411627466,-0.9018631596514175,0.6903359938500244,0.5832074354323693,1.6913885267135573,-1.852234561213948
-1.5235829045029723,2.2481373429603475,0.20107898303334903,0.12160905082982407,0.2634052092487123,0.3949405437203966,0.444409386156146,-0.8671714989853299,0.7452007769718818,-0.6653488136506367,-0.7284721322891611,0.019765387570446186,0.3272405041882469,-0.8068437734032816,-1.1798166012082365,-0.8838384939911589,-0.6311139667204612,0.6364192965125813,0.5043856012067838,0.9308879885630585,1.3124544377876584,0.7608368091085088,-1.7000298612041933
-0.19087116289883244,0.31154366880518286,-0.5079970624021248,1.0816805047494875,-0.6186122340214634,0.5094862800408639,1.4733616584030114,-0.28274911520189183,-0.6859118262663001,1.459181103226713,0.7140469415507622,-1.4115212985653218,0.3272405041882469,0.4895387240312183,0.12649937346589263,1.1314284304186495,1.3622343543088917,-0.66082458805522,-0.952604094321559,-0.9998582847915581,-1.0836428556654332,-0.16971490849653975,0.035103718907011916
0.7813529764681219,0.04746271323857031,-0.1866969793141754,-0.8384624030898393,0.04576454142879883,0.6745669000321256,0.10142529540719089,-1.4515938827687678,0.02964447535279087,0.7510044642675964,1.435306478470724,-1.4115212985653218,-0.30091768483855236,-0.8068437734032816,0.3317775980575415,-0.8838384939911589,-0.6311139667204612,-1.592179171847488,-0.49593568229028745,0.42446273653561795,1.7233793359402414,0.7608368091085088,0.4359094289326995
-0.9883134345144249,-0.11601597354076135,-0.6852660737609925,0.12160905082982407,0.11449317337192941,-0.6831369745898842,-1.6134951583375847,-1.4515938827687678,0.7452007769718818,0.7510044642675964,-0.007212595369199463,0.7354087306383301,-1.5572340628921508,-0.8068437734032816,-1.3850948257998854,1.1314284304186495,0.17571749655332447,0.7561648858573022,0.5406291259711704,1.4752951344925576,0.8725911665257378,-0.16971490849653975,-2.0044392612237028
0.8468961768748834,1.0534854011113828,-2.1034181646319388,2.0417519586691513,-0.9049815337845074,-1.127843950892875,-0.24155879534176422,-0.28274911520189183,-1.4014681278853909,-0.6653488136506367,-1.4497316692091227,-0.6958779554974378,0.9553986932150462,0.4895387240312183,-0.452011986746936,1.1314284304186495,0.12825682224310186,-0.9136208322274073,-1.2135574726251428,0.6586844155983094,2.4584140129173973,-1.1002666261015883,-0.6345969611359095
0.06037777199375179,-1.0843128106183437,0.9212343416787515,2.0417519586691513,0.8246890367842786,0.987883178791051,1.4733616584030114,1.4705180361484222,-0.6859118262663001,0.7510044642675964,1.435306478470724,0.7354087306383301,-0.9290758738653516,-0.8068437734032816,-0.02279388078257926,-0.8838384939911589,-0.6311139667204612,2.6188740534418384,0.28692445262046384,-0.3098538789041705,-0.17497794003225584,1.6913885267135573,1.6535470290107381
-2.0697762412259806,-0.2417688095248629,1.9405311569922445,-0.8384624030898393,-0.20624044236267994,-0.5786982150035758,1.4733616584030114,-0.8671714989853299,0.7452007769718818,-1.3735254526097533,0.7140469415507622,-1.4115212985653218,2.8398732602954437,1.785921221465718,-0.9185534062734106,1.1314284304186495,2.8809759322360176,-0.6142568588656069,0.7435928646517365,-0.2402204067503973,-0.37175887717574635,-0.16971490849653975,0.3242926489255459
0.9670587109539455,0.7265280275527194,0.622092885010661,0.12160905082982407,0.36649815716340817,-1.9060811594231089,-0.5845428860907194,1.4705180361484222,0.02964447535279087,-1.3735254526097533,-0.7284721322891611,0.019765387570446186,-0.9290758738653516,4.378686216334717,-0.15342547824999217,1.1314284304186495,-0.6311139667204612,-1.066629085278994,0.7580902745574902,0.20290168877361317,-0.7016563306221866,-0.16971490849653975,-1.7304708012061438
-0.2236427631022132,0.5756246243717972,-0.48583843598226595,-0.8384624030898393,-0.6644313219835505,0.128790156387546,0.10142529540719089,0.8860956523649842,-0.6859118262663001,-1.3735254526097533,1.435306478470724,-0.6958779554974378,2.2117150712686446,1.785921221465718,-1.3104481986756493,1.1314284304186495,-0.203967897928457,0.9025206061675151,0.8015825042747549,-0.8605913404840122,0.09125509257364325,0.7608368091085088,0.10105908891123887
-0.09255636228869113,0.06003799683697975,-0.363965990673043,2.0417519586691513,-0.687340865964594,1.513445968967313,-0.9275269768396744,-1.4515938827687678,0.7452007769718818,0.04282782530847982,-0.007212595369199463,1.451052073706214,-0.9290758738653516,-0.8068437734032816,-0.7132751816817618,-0.8838384939911589,-0.6311139667204612,-0.6475195225724736,0.5116343061596617,1.3486888214856976,1.6944409628309045,-1.1002666261015883,-0.6345969611359095
2.01574991746212,0.9780336995209226,2.1510381079808996,0.12160905082982407,0.5841388249833217,0.2905017841340881,-1.6134951583375847,0.30167326858154614,1.4607570785909727,-1.3735254526097533,-0.007212595369199463,0.019765387570446186,0.3272405041882469,0.4895387240312183,1.8806951108854375,1.1314284304186495,-0.25142857223867965,0.14413187365095456,1.3597327856463093,-0.4364601919110306,0.4790292922387568,-1.1002666261015883,1.3846520589935047
1.1418405787053083,-0.7950812878549104,-1.2281524210475272,1.0816805047494875,-0.7560694979077245,0.1490041098558638,-0.9275269768396744,1.4705180361484222,-1.4014681278853909,-1.3735254526097533,-0.007212595369199463,-0.6958779554974378,-0.30091768483855236,0.4895387240312183,2.9630712041868583,-0.8838384939911589,-0.6311139667204612,1.7673498625460495,0.35216279719636023,-1.0758220725956744,1.1330365245097693,-1.1002666261015883,-2.4610533612529673
-2.266405842446264,-2.052609647695926,0.057047911304268846,0.12160905082982407,-0.5498836020783329,2.0289017824094158,0.444409386156146,-0.8671714989853299,0.7452007769718818,0.7510044642675964,1.435306478470724,0.019765387570446186,1.5835568822418453,0.4895387240312183,-0.5453202706522309,1.1314284304186495,2.4063691891337906,-0.38807074565891286,-0.9163605695571723,-0.4807724014634318,-1.7318624133145784,-1.1002666261015883,-0.35048152111770037
-0.27826209677451386,1.0534854011113828,-1.4386593720361824,0.12160905082982407,0.022854997447755307,0.1624800788347423,1.4733616584030114,-0.28274911520189183,-1.4014681278853909,-1.3735254526097533,-0.7284721322891611,-1.4115212985653218,-0.9290758738653516,-0.8068437734032816,0.25713097093330556,-0.8838384939911589,-0.6311139667204612,1.9336631810803833,-0.16974395941080764,1.1397884050243785,0.03337834635496956,0.7608368091085088,0.21774935891871777
-0.693369032684,1.0031842667177413,-1.3832628059865362,-0.8384624030898393,-0.6529765499930287,0.7655296906395556,0.7873934769051011,0.30167326858154614,-0.6859118262663001,-1.3735254526097533,-0.007212595369199463,1.451052073706214,0.9553986932150462,-0.8068437734032816,-1.1051699740840006,-0.8838384939911589,-0.6311139667204612,0.15743693913370096,-0.9453553893686816,0.01932253491366607,1.1330365245097693,-1.1002666261015883,-1.258636231175904
0.748581376264742,1.0534854011113828,1.707865579583729,-0.8384624030898393,1.0652392485852358,-1.218806741500305,1.1303775676540562,1.4705180361484222,0.02964447535279087,-0.6653488136506367,0.7140469415507622,0.019765387570446186,-1.5572340628921508,-0.8068437734032816,0.3317775980575415,-0.8838384939911589,-0.6311139667204612,1.3016725706499157,0.35941150214923717,1.0954761954719772,-0.7942591245720646,-0.16971490849653975,0.33443962892619633
-0.07070862881977029,-0.3172205111153249,-0.818217832280144,-0.8384624030898393,-0.42388111018259345,1.0384180624618453,0.10142529540719089,0.8860956523649842,0.7452007769718818,1.459181103226713,0.7140469415507622,0.019765387570446186,0.3272405041882469,-0.8068437734032816,-0.9745383766165876,-0.8838384939911589,-0.6311139667204612,-1.7252298266749548,-1.5397491955046227,-0.10095346244285142,0.0970427671955107,1.6913885267135573,0.17208794891579104
-1.2286385026725481,0.7642538783479496,1.6857069531638718,0.12160905082982407,-0.10314749444798409,0.3848335669862377,-0.9275269768396744,1.4705180361484222,0.02964447535279087,1.459181103226713,-0.007212595369199463,-1.4115212985653218,-1.5572340628921508,0.4895387240312183,1.7127401998559066,-0.8838384939911589,-0.6311139667204612,-0.8138328411068072,1.6931732134786661,1.4183222936394702,-1.1125812287747698,-0.16971490849653975,-1.2687832111765545
0.7158097760613612,-0.707054302666039,1.7743414588433055,0.12160905082982407,0.022854997447755307,-1.100892012935118,0.10142529540719089,0.30167326858154614,0.02964447535279087,0.04282782530847982,-0.007212595369199463,-1.4115212985653218,0.3272405041882469,0.4895387240312183,0.6303641065544853,-0.8838384939911589,-0.6311139667204612,-0.7938752428826868,0.25792963280895514,0.9562092511644309,-0.12867654305731704,1.6913885267135573,0.9229644689639147
0.16961643933835305,1.9714811037953237,-0.5633936284517711,-0.8384624030898393,-1.1798960615570298,0.7284707759476396,1.4733616584030114,0.30167326858154614,0.7452007769718818,0.7510044642675964,-0.7284721322891611,-1.4115212985653218,1.5835568822418453,0.4895387240312183,-0.9932000333976466,-0.8838384939911589,-0.6311139667204612,0.9557408680985026,0.4608933714895202,1.019512407667861,-0.8463481961688708,-0.16971490849653975,-0.6599644111375352
1.1418405787053083,0.47502235558451633,-0.652028134131205,-0.8384624030898393,1.1110583365473228,-0.4911044166408654,0.444409386156146,0.30167326858154614,1.4607570785909727,-0.6653488136506367,-0.7284721322891611,-0.6958779554974378,-0.9290758738653516,-0.8068437734032816,-0.3027187324984641,1.1314284304186495,0.7452455882759966,-0.42133340936577957,0.7580902745574902,-0.5820574518689196,-0.18655328927599074,0.7608368091085088,-1.0151087111602966
-2.0479285077570606,-0.493274481493066,0.0016513452546225037,-0.8384624030898393,-0.6415217780025069,1.0923219383773595,0.10142529540719089,-1.4515938827687678,0.7452007769718818,-1.3735254526097533,-0.007212595369199463,0.019765387570446186,-0.30091768483855236,0.4895387240312183,0.8169806743650752,1.1314284304186495,-0.6311139667204612,1.241799775977556,1.294494441070413,1.3170372432339825,1.0404337305598919,-0.16971490849653975,1.3592846089918789
-0.5513587651360179,-0.920834123839012,-0.21993491894396286,-0.8384624030898393,0.1488574893434947,-0.28896488195768777,0.10142529540719089,-0.8671714989853299,-0.6859118262663001,1.459181103226713,-0.007212595369199463,-1.4115212985653218,-0.30091768483855236,0.4895387240312183,-0.13476382146893318,-0.8838384939911589,-0.6311139667204612,-0.255020090831446,0.40290373186650175,0.22189263572464202,-1.0141907602030245,-1.1002666261015883,0.6540694989466813
1.8846635166485992,0.1857908328210813,-1.5605318173454052,-0.8384624030898393,2.2336259916184558,-0.16094317665834193,-0.9275269768396744,0.8860956523649842,-0.6859118262663001,0.7510044642675964,-0.7284721322891611,0.019765387570446186,0.9553986932150462,3.082303718900218,1.4328153481400219,-0.8838384939911589,-0.6311139667204612,1.255104841460303,-0.5321792070546741,0.6586844155983094,-0.9621016886062183,0.7608368091085088,0.4663503689346506
0.9452109774850237,-0.05313955554871057,-1.9926250325326458,2.0417519586691513,-1.2600794654906822,-1.3569354235338096,0.7873934769051011,0.8860956523649842,0.02964447535279087,0.7510044642675964,-0.007212595369199463,-0.6958779554974378,-0.9290758738653516,-0.8068437734032816,-1.2171399147703545,-0.8838384939911589,-0.6311139667204612,0.31044519218528815,0.14919905851579524,-2.0063784731960963,-1.2399100704558519,-1.1002666261015883,0.5069382889372517
-0.693369032684,-0.6693284518708089,1.3976448097057097,1.0816805047494875,-0.11460226643850584,0.17932504005834043,-0.5845428860907194,0.8860956523649842,-1.4014681278853909,-0.6653488136506367,-1.4497316692091227,-1.4115212985653218,0.9553986932150462,-0.8068437734032816,0.3131159412764825,1.1314284304186495,0.9825489598271102,-2.204212184053836,0.8958156686621599,0.8359332538079134,-0.12867654305731704,-0.16971490849653975,-0.42151038112225253
1.5460236478803335,-0.19146767513122334,0.21215829624327767,0.12160905082982407,1.1110583365473228,0.17932504005834043,0.10142529540719089,-0.8671714989853299,-0.6859118262663001,0.04282782530847982,0.7140469415507622,-1.4115212985653218,-0.30091768483855236,0.4895387240312183,-0.7692601520249388,1.1314284304186495,0.22317817086354722,-0.8537480375550469,0.12020423870428551,-0.19590819719799651,1.4282079302250057,-0.16971490849653975,-1.0455496511622473
-1.414344237158371,0.9654584159225112,2.239672613660335,-0.8384624030898393,4.180937230007155,0.4757963575936676,-0.24155879534176422,0.8860956523649842,0.7452007769718818,0.7510044642675964,-0.007212595369199463,0.7354087306383301,0.9553986932150462,0.4895387240312183,0.8169806743650752,1.1314284304186495,-0.39381059516934774,-1.1797221418823411,0.01872236936400301,0.34849894873150217,-0.8116221484376666,1.6913885267135573,0.5221587589382274
-1.3269533032826895,-0.6944790190676295,0.14568241698370268,-0.8384624030898393,0.17176703332453822,1.5168149612120325,0.7873934769051011,0.30167326858154614,-1.4014681278853909,0.04282782530847982,0.7140469415507622,0.7354087306383301,-0.30091768483855236,-0.8068437734032816,-0.47067364352799496,-0.8838384939911589,-0.6311139667204612,1.4613333564428763,-0.5104330921960418,-2.2912426774615313,-1.0315537840686264,-0.16971490849653975,-0.05621910109884119
-0.824455433497522,0.5127482063797464,1.4198034361255687,-0.8384624030898393,-0.3436977062489411,-0.22495402930801486,1.4733616584030114,-1.4515938827687678,0.7452007769718818,1.459181103226713,-0.007212595369199463,-0.6958779554974378,0.3272405041882469,-0.8068437734032816,0.4810708523060134,-0.8838384939911589,-0.6311139667204612,-0.6209093916069799,1.3307379658347998,0.6586844155983094,0.617933483163574,-1.1002666261015883,1.1309775589772466
-0.7042928994184599,0.6007751915686178,0.9101550284688229,2.0417519586691513,-0.11460226643850584,-0.1811571301266597,0.444409386156146,0.30167326858154614,-0.6859118262663001,0.04282782530847982,-0.007212595369199463,1.451052073706214,-0.30091768483855236,-0.8068437734032816,-0.7505984952438798,1.1314284304186495,0.3655601937942153,-0.6475195225724736,-0.03926727025901541,-0.3415054571558855,-1.3383005390275973,1.6913885267135573,0.572893658941479
0.9889064444228653,-0.16631710793440269,1.1317412926674082,2.0417519586691513,0.710141316879061,0.8497544967575463,-0.9275269768396744,-1.4515938827687678,0.7452007769718818,0.7510044642675964,0.7140469415507622,0.7354087306383301,-0.9290758738653516,1.785921221465718,-0.8252451223681158,-0.8838384939911589,-0.6311139667204612,0.6031566328057146,0.40290373186650175,-1.2150890169032202,0.7684130233321252,-1.1002666261015883,0.15179398891449047
-0.7479883663563006,1.0786359683082034,-1.4829766248759002,0.12160905082982407,0.2061313492961035,-0.44730751745951025,0.444409386156146,-0.28274911520189183,-1.4014681278853909,-1.3735254526097533,0.7140469415507622,-1.4115212985653218,-0.30091768483855236,0.4895387240312183,1.022258898956724,1.1314284304186495,2.0741444689622317,0.5299787726506082,-0.0030237454946287715,-0.5440755579668619,0.47324161761688976,1.6913885267135573,0.10105908891123887
-0.21271889636775232,-1.272942064594496,-0.45260049635247845,1.0816805047494875,0.5612292810022781,-0.3260237966496037,-0.5845428860907194,-0.28274911520189183,-0.6859118262663001,-0.6653488136506367,-0.007212595369199463,0.019765387570446186,-0.30091768483855236,-0.8068437734032816,-0.5639819274332899,1.1314284304186495,-0.10904654930801158,2.0134935739768633,-0.5539253219133059,0.9752001981154598,-1.1646703003715762,0.7608368091085088,-0.2794526611131482
1.1199928452363865,1.3552922074732272,0.6331721982205911,-0.8384624030898393,1.5463396721871498,-1.9195571284019874,0.10142529540719089,1.4705180361484222,0.02964447535279087,-1.3735254526097533,-0.007212595369199463,0.7354087306383301,-1.5572340628921508,-0.8068437734032816,-1.1984782579892954,-0.8838384939911589,-0.6311139667204612,-0.2882827545383127,0.14919905851579524,0.4687749460880192,-0.8579235454126053,1.6913885267135573,-0.9897412611586707
0.06037777199375179,0.890006714332051,0.555617005751086,-0.8384624030898393,-0.5155192861067676,0.051303334758994595,-1.6134951583375847,0.30167326858154614,-1.4014681278853909,0.04282782530847982,-0.7284721322891611,-0.6958779554974378,-1.5572340628921508,-0.8068437734032816,0.14516103024695162,-0.8838384939911589,-0.6311139667204612,0.21730973380606095,-0.1552465495050528,-0.6960031335750939,1.017283032072422,-1.1002666261015883,-0.878124481151517
-0.7370644996218406,2.2481373429603475,-0.9733282172191529,-0.8384624030898393,-0.927891077765551,0.9811451943016117,0.444409386156146,1.4705180361484222,-1.4014681278853909,1.459181103226713,1.435306478470724,-0.6958779554974378,0.3272405041882469,-0.8068437734032816,-0.2653954189363461,1.1314284304186495,1.2198523313782237,1.2750624396844228,-0.37270769809137266,-0.21489914414902536,0.5369060384574305,0.7608368091085088,-0.8933449511524926
-0.6059780988083185,-0.6693284518708089,-0.7628212662304976,1.0816805047494875,-0.48115497013520225,-1.3771493770021275,0.7873934769051011,-0.8671714989853299,0.7452007769718818,-1.3735254526097533,0.7140469415507622,-0.6958779554974378,-0.30091768483855236,1.785921221465718,-0.6386285545575259,-0.8838384939911589,-0.6311139667204612,-0.5610365969346198,-2.1993813462164593,-0.7023334492254371,0.2243716088765926,0.7608368091085088,-0.12724796110339337
1.185536045643148,0.8397055799384098,0.31187211513264174,2.0417519586691513,-0.7904338138792898,-0.918966431720258,-0.5845428860907194,-1.4515938827687678,-1.4014681278853909,1.459181103226713,-0.7284721322891611,1.451052073706214,0.9553986932150462,0.4895387240312183,-0.22807210537422812,-0.8838384939911589,-0.6311139667204612,-1.8050602195714351,1.9468778868293726,0.8612545164092857,-1.2514854196995868,-0.16971490849653975,0.06047116890863772
-2.222710375508423,-0.36752164550896443,-0.2642521717836806,2.0417519586691513,-0.7904338138792898,1.1125358918456771,0.444409386156146,1.4705180361484222,-1.4014681278853909,1.459181103226713,0.7140469415507622,0.7354087306383301,0.9553986932150462,-0.8068437734032816,-0.6386285545575259,1.1314284304186495,1.741919748790673,1.4746384219256232,0.8160799141805097,-2.4368399374194207,0.45009091912941995,-0.16971490849653975,-1.5427516711941132
0.4317892409653972,-1.0088611090278834,-0.7517419530205675,0.12160905082982407,0.08012885740036411,-0.1440982154347438,1.4733616584030114,-0.8671714989853299,0.02964447535279087,-1.3735254526097533,0.7140469415507622,1.451052073706214,0.9553986932150462,-0.8068437734032816,-0.43335032996587697,-0.8838384939911589,-0.6311139667204612,0.4168857160472612,-0.5031843872431644,-0.30352356325382734,-0.8463481961688708,-0.16971490849653975,-0.43673085112322824
-0.1580995626954517,0.7391033111511288,-0.07590384721488269,-0.8384624030898393,2.749090731191935,-1.4950641055673144,-1.2705110675886295,0.30167326858154614,0.7452007769718818,-1.3735254526097533,-0.7284721322891611,0.019765387570446186,1.5835568822418453,0.4895387240312183,-1.2171399147703545,-0.8838384939911589,-0.6311139667204612,-0.8138328411068072,0.4246498467251335,0.7536391503534545,-0.1576149161666539,-0.16971490849653975,-0.3149670911154241
-0.5513587651360179,1.0534854011113828,-2.6906217647581903,-0.8384624030898393,-1.3517176414148562,-0.05313542482731386,-0.9275269768396744,0.30167326858154614,-0.6859118262663001,-0.6653488136506367,-0.7284721322891611,-1.4115212985653218,0.3272405041882469,-0.8068437734032816,1.09690552608096,-0.8838384939911589,-0.6311139667204612,-0.15523209971084587,-1.3440341617769347,-0.043980621589764,-1.257273094321454,-1.1002666261015883,0.3851745289294479
0.4317892409653972,-0.84538242224855,-0.20885560573403422,-0.8384624030898393,-0.4353358821731152,-0.4304625562359121,-1.2705110675886295,1.4705180361484222,-0.6859118262663001,-1.3735254526097533,1.435306478470724,0.7354087306383301,-0.9290758738653516,-0.8068437734032816,-0.32138038927952306,-0.8838384939911589,-0.6311139667204612,2.0467562376837303,0.3666602071021151,-0.8605913404840122,1.2777283900564536,-0.16971490849653975,0.2583372789213189
0.3334744403552559,1.2546899386859445,-1.073042036108517,0.12160905082982407,3.2989197867369797,-0.11040829298754752,0.444409386156146,-0.28274911520189183,-1.4014681278853909,1.459181103226713,-1.4497316692091227,-0.6958779554974378,0.9553986932150462,0.4895387240312183,1.134228839643078,-0.8838384939911589,-0.6311139667204612,0.06430148075447426,0.5623752408298032,0.13326821661984,-0.6727179575128497,-1.1002666261015883,-1.0201822011606216
0.0057584383214501975,1.0031842667177413,1.6967862663738003,-0.8384624030898393,3.860203614272546,-0.17441914563722044,-0.9275269768396744,1.4705180361484222,1.4607570785909727,-0.6653488136506367,-1.4497316692091227,-1.4115212985653218,2.2117150712686446,0.4895387240312183,-1.1238316308650595,1.1314284304186495,1.3622343543088917,-0.23506249260732617,-0.11900302474066614,-0.17058693459662413,-1.9170680012143342,2.621940244318606,-0.304820111114774
0.4099415074964764,-0.7573554370596803,-0.020507281165236348,-0.8384624030898393,1.1110583365473228,-0.06998038605091199,0.10142529540719089,1.4705180361484222,-0.6859118262663001,0.7510044642675964,0.7140469415507622,0.7354087306383301,-0.30091768483855236,0.4895387240312183,-0.6572902113385848,1.1314284304186495,0.555402891035106,0.7295547548918085,-0.6481584863007109,-0.4997633484144607,1.7118039866965065,0.7608368091085088,2.566775229069267
0.06037777199375179,0.1857908328210813,-0.5744729416616998,-0.8384624030898393,1.0194201606231486,0.7453157371712378,-0.24155879534176422,-0.28274911520189183,0.7452007769718818,0.7510044642675964,-1.4497316692091227,-1.4115212985653218,-0.9290758738653516,0.4895387240312183,-0.7132751816817618,-0.8838384939911589,-0.6311139667204612,-0.6209093916069799,0.01872236936400301,0.8296029381575707,0.6295088324073089,-1.1002666261015883,0.24311680892034357
0.8796677770782642,0.9277325651272812,-0.2531728585737504,0.12160905082982407,-0.8935267617939857,-0.9661323231463329,1.1303775676540562,-1.4515938827687678,-1.4014681278853909,-1.3735254526097533,-0.7284721322891611,0.7354087306383301,0.9553986932150462,0.4895387240312183,1.2088754667673138,-0.8838384939911589,-0.6311139667204612,1.268409906943049,1.5192042946096098,-0.8669216561343549,0.8783788411476057,-0.16971490849653975,-1.2687832111765545
-0.11440409575761099,-1.5495983037595198,-0.7517419530205675,-0.8384624030898393,0.08012885740036411,0.26691883842105074,-0.5845428860907194,-1.4515938827687678,1.4607570785909727,0.04282782530847982,1.435306478470724,-0.6958779554974378,0.3272405041882469,0.4895387240312183,-0.35870370284164105,1.1314284304186495,0.9825489598271102,-0.055444108590245726,0.4898881913010299,1.0385033546188898,0.32276207744833807,0.7608368091085088,-0.5382006511297315
0.37716990729309563,-1.2477914973976754,-1.4829766248759002,1.0816805047494875,0.4925006490591476,-1.9195571284019874,-1.6134951583375847,-0.28274911520189183,-1.4014681278853909,-0.6653488136506367,-1.4497316692091227,0.019765387570446186,-1.5572340628921508,0.4895387240312183,-0.526658613871172,1.1314284304186495,1.8368410974111185,1.5943840112703431,-0.8076299952640124,-0.037650305939421355,0.14913183879231695,-1.1002666261015883,0.0807651289099383
0.5191801748410786,-0.2543440931232741,0.7107273906900947,-0.8384624030898393,-0.2635143023152888,-0.05313542482731386,-1.2705110675886295,0.30167326858154614,0.02964447535279087,0.04282782530847982,1.435306478470724,-1.4115212985653218,2.2117150712686446,0.4895387240312183,1.2088754667673138,-0.8838384939911589,-0.6311139667204612,0.5299787726506082,-0.0030237454946287715,-0.3161841945545136,-1.3383005390275973,-0.16971490849653975,1.014287288969768
0.22423577301065367,0.7894044455447702,-0.8514557719099315,1.0816805047494875,-0.04587363449537527,0.6880428690110042,0.7873934769051011,-0.8671714989853299,-0.6859118262663001,0.04282782530847982,1.435306478470724,0.019765387570446186,-0.30091768483855236,-0.8068437734032816,2.9630712041868583,-0.8838384939911589,-0.6311139667204612,-0.2217574271245793,-0.5031843872431644,0.25987452962670016,1.596050494259159,0.7608368091085088,-0.9795942811580203
0.49733244137215776,-1.1220386614135738,0.7882825831596,-0.8384624030898393,-1.1798960615570298,-0.5618532537799776,1.4733616584030114,0.30167326858154614,-0.6859118262663001,-0.6653488136506367,-0.007212595369199463,-0.6958779554974378,-0.30091768483855236,0.4895387240312183,0.0331910895605977,-0.8838384939911589,-0.6311139667204612,-0.4146808766244066,-0.3582102881856178,0.17125011052189815,-0.3543958533101444,-0.16971490849653975,0.6337755389453807
-0.24549049657113306,0.7391033111511288,-0.06482453400495405,0.12160905082982407,-0.5727931460593764,0.23996690046329372,-1.6134951583375847,-0.28274911520189183,0.7452007769718818,-1.3735254526097533,-0.007212595369199463,0.7354087306383301,0.3272405041882469,0.4895387240312183,-0.39602701640375904,-0.8838384939911589,-0.6311139667204612,0.3969281178231414,-0.0030237454946287715,-1.1897677543018483,0.17228253727978635,0.7608368091085088,0.3445866089268468
-0.8790747671698227,-0.11601597354076135,0.43374456044186305,0.12160905082982407,-0.4353358821731152,-0.8044206953997908,-0.5845428860907194,-0.8671714989853299,1.4607570785909727,-1.3735254526097533,0.7140469415507622,-1.4115212985653218,1.5835568822418453,0.4895387240312183,0.4810708523060134,-0.8838384939911589,-0.6311139667204612,-0.015528912142006048,-0.32196676342123115,1.1904309302271223,1.422420255603138,1.6913885267135573,0.41054197893107375
1.2183076458465278,-0.9334094074374214,1.0431067869879729,1.0816805047494875,-0.6758860939740722,2.153554495464042,0.10142529540719089,-0.28274911520189183,-0.6859118262663001,-0.6653488136506367,-1.4497316692091227,0.019765387570446186,0.9553986932150462,1.785921221465718,-0.6572902113385848,-0.8838384939911589,-0.6311139667204612,1.0488763264777288,-1.2353035874837748,0.07629537576675303,-1.5350814761710878,-1.1002666261015883,1.3897255489938296
-0.27826209677451386,-0.19146767513122334,0.057047911304268846,-0.8384624030898393,-0.5613383740688546,2.3118971309658645,-0.5845428860907194,-0.8671714989853299,-0.6859118262663001,0.04282782530847982,1.435306478470724,1.451052073706214,-0.30091768483855236,-0.8068437734032816,0.9289506150514291,1.1314284304186495,-0.39381059516934774,1.128706719374209,-0.6264123714420792,-0.7086637648757798,-0.36018352793201186,-1.1002666261015883,-0.8070956211469649
-0.8572270337009028,0.37442008679723365,-1.2059937946276684,-0.8384624030898393,-0.9622553937371162,-0.6258641064296505,0.10142529540719089,-0.8671714989853299,-0.6859118262663001,0.7510044642675964,0.7140469415507622,1.451052073706214,1.5835568822418453,0.4895387240312183,-0.8439067791491747,-0.8838384939911589,-0.6311139667204612,-0.37476568017616646,0.4101524368193787,2.209611749932346,1.1214611752660353,0.7608368091085088,0.9077439989629393
0.7158097760613612,0.7642538783479496,-0.1534590396843879,-0.8384624030898393,-0.8133433578603334,-0.8414796100917067,0.444409386156146,-0.28274911520189183,0.02964447535279087,0.7510044642675964,-0.007212595369199463,0.7354087306383301,0.9553986932150462,-0.8068437734032816,-0.5826435842143489,1.1314284304186495,-0.6311139667204612,0.6896395584435688,-1.967422787724385,0.38015052698321716,-0.1576149161666539,1.6913885267135573,-0.3301875611163998
-0.4858155647292564,-1.7633781249324927,-0.13130041326452904,-0.8384624030898393,-0.6186122340214634,1.115904884090397,0.10142529540719089,0.8860956523649842,0.02964447535279087,-0.6653488136506367,-0.007212595369199463,0.7354087306383301,-0.9290758738653516,0.4895387240312183,0.5743791362113083,-0.8838384939911589,-0.6311139667204612,-0.30824035276243306,0.7435928646517365,0.8106119912065419,-0.6264165605379105,1.6913885267135573,-1.8471610712136228
-0.6496735657461593,0.33669423600200354,-0.20885560573403422,1.0816805047494875,2.061804411760629,1.0552630236854434,0.444409386156146,-1.4515938827687678,-0.6859118262663001,-0.6653488136506367,0.7140469415507622,0.7354087306383301,-0.30091768483855236,0.4895387240312183,-0.6199668977764669,1.1314284304186495,-0.1565072236182343,0.5698939690988479,-1.322288046918303,1.5639195535973591,2.435263314429928,-1.1002666261015883,0.48664432893595116
1.469556580739112,-0.5184250486898867,0.0792065377241277,0.12160905082982407,-0.03441886250485351,-0.5753292227588561,1.1303775676540562,0.30167326858154614,1.4607570785909727,0.7510044642675964,-1.4497316692091227,-0.6958779554974378,-0.30091768483855236,-0.8068437734032816,0.40642422518177745,1.1314284304186495,0.6503242396555514,-0.015528912142006048,-0.48868697733741,1.323367558884325,-0.5453891158317674,0.7608368091085088,-0.9034919311531429
1.4367849805357322,0.37442008679723365,0.057047911304268846,-0.8384624030898393,-0.6529765499930287,2.3152661232105842,0.10142529540719089,-0.28274911520189183,-0.6859118262663001,1.459181103226713,-0.007212595369199463,-1.4115212985653218,1.5835568822418453,-0.8068437734032816,0.4997325090870724,1.1314284304186495,1.599537725860005,0.9823509990639954,1.4322198351750826,0.44978399913699035,-1.210971697346515,-0.16971490849653975,0.5678201689411538
0.10407323893159152,1.669674297433481,1.2757723643964884,-0.8384624030898393,0.6986865448885393,0.5330692257539013,0.10142529540719089,-1.4515938827687678,0.02964447535279087,-1.3735254526097533,1.435306478470724,-1.4115212985653218,-0.30091768483855236,-0.8068437734032816,-1.0678466605218826,-0.8838384939911589,-0.6311139667204612,1.2950200379085426,0.9030643736150368,0.15225916357086886,-0.6032658620504411,-1.1002666261015883,-0.32511407111607454
-1.0866282351245662,0.19836611641949253,-1.3500248663567487,-0.8384624030898393,0.8590533527558439,0.16921806332418154,-1.6134951583375847,0.8860956523649842,-0.6859118262663001,1.459181103226713,-1.4497316692091227,0.019765387570446186,1.5835568822418453,-0.8068437734032816,-0.8252451223681158,-0.8838384939911589,-0.6311139667204612,1.2085371122706894,-0.6554071912535884,-0.5250846110158326,-0.7826837753283297,-0.16971490849653975,0.20760237891806732
-1.7857557061300164,0.6133504751670273,-1.1284386021581632,0.12160905082982407,-0.927891077765551,-1.1244749586481553,1.4733616584030114,0.8860956523649842,0.02964447535279087,0.04282782530847982,0.7140469415507622,0.7354087306383301,-0.9290758738653516,-0.8068437734032816,-0.9932000333976466,-0.8838384939911589,-0.6311139667204612,-1.0267138888307539,-1.7427129341851877,-0.3415054571558855,-0.146039566922919,-1.1002666261015883,0.12642653891286468
-2.528578644073307,-0.19146767513122334,0.887996402048964,0.12160905082982407,-0.6071574620309417,-0.5045803856197439,1.4733616584030114,1.4705180361484222,-0.6859118262663001,-0.6653488136506367,-1.4497316692091227,-0.6958779554974378,-0.30091768483855236,-0.8068437734032816,-0.7505984952438798,1.1314284304186495,-0.061585874997788954,-1.4059082550890345,-1.8007025738082068,-2.468491515671136,0.23015928349846004,0.7608368091085088,-0.1069540011020928
-0.07070862881977029,-0.9962858254294722,1.0098688473581854,-0.8384624030898393,-0.8018885858698116,1.0721079849090418,0.444409386156146,1.4705180361484222,0.02964447535279087,1.459181103226713,1.435306478470724,-0.6958779554974378,-0.9290758738653516,-0.8068437734032816,0.5557174794302494,-0.8838384939911589,-0.6311139667204612,0.017733751564860668,0.4391472566308884,0.7219875721017395,1.3645435093844642,0.7608368091085088,-0.8273895811482654
-0.3001098302434337,0.9654584159225112,-1.0952006625283757,0.12160905082982407,0.9850558446515834,-1.4344222451623612,-0.24155879534176422,0.30167326858154614,-0.6859118262663001,-1.3735254526097533,0.7140469415507622,-1.4115212985653218,-1.5572340628921508,-0.8068437734032816,-1.2917865418945904,1.1314284304186495,0.033335473622656396,-0.5144688677450068,-0.17699266436368455,-0.7909578683302391,0.07967974332990835,-1.1002666261015883,0.16194096891514093
0.9124393772816439,1.3175663566779954,1.4198034361255687,-0.8384624030898393,-1.0195292536897251,0.8969203881836211,0.7873934769051011,-0.28274911520189183,1.4607570785909727,0.04282782530847982,1.435306478470724,0.7354087306383301,0.3272405041882469,1.785921221465718,0.1824843438090696,1.1314284304186495,0.5079422167248833,-0.10201183777985931,0.17094517337442702,1.468964818842214,-0.36018352793201186,-0.16971490849653975,-0.7309932711420875
0.2351596397451136,0.6259257587654368,2.0180863494617496,-0.8384624030898393,0.710141316879061,0.18269403230306006,0.10142529540719089,1.4705180361484222,1.4607570785909727,1.459181103226713,-1.4497316692091227,0.7354087306383301,-0.9290758738653516,0.4895387240312183,-0.9372150630544697,1.1314284304186495,0.3655601937942153,0.20400466832331454,1.2654996212589034,0.38648084263356025,-0.9794647124718202,-0.16971490849653975,-0.7106993111407869
1.032601911360705,-0.1788923915328121,-1.4386593720361824,-0.8384624030898393,-0.6186122340214634,1.4426971318282007,-1.6134951583375847,1.4705180361484222,-1.4014681278853909,0.7510044642675964,-1.4497316692091227,0.019765387570446186,1.5835568822418453,0.4895387240312183,-0.47067364352799496,1.1314284304186495,0.033335473622656396,-0.022181444883379014,-1.148319128049247,-0.1452656719952522,-1.1010058795310351,-1.1002666261015883,0.7149513789505834
-0.7807599665596814,-0.3046452275169137,-1.0176454700588706,0.12160905082982407,-0.5613383740688546,1.3382583722418921,-0.24155879534176422,0.8860956523649842,-0.6859118262663001,1.459181103226713,-1.4497316692091227,-0.6958779554974378,-0.30091768483855236,0.4895387240312183,-0.47067364352799496,1.1314284304186495,-0.6311139667204612,0.2904875939611678,-0.03201856530613798,1.4816254501429003,0.7278993009790535,0.7608368091085088,0.9280379589642402
-1.1521714355313268,1.7199754318271205,-0.10914178684467019,2.0417519586691513,-0.4009715662015499,-0.6528160443874075,1.1303775676540562,-0.28274911520189183,-0.6859118262663001,-1.3735254526097533,-1.4497316692091227,-1.4115212985653218,0.3272405041882469,-0.8068437734032816,-1.1611549444271776,1.1314284304186495,0.555402891035106,-0.6076043261242334,-0.8946144546985405,1.1081368267726635,0.5774197608105023,1.6913885267135573,0.4562033889340001
-0.540434898401558,0.41214593759246554,-0.5855522548716284,-0.8384624030898393,0.4123172451254952,-0.548377284801099,-0.9275269768396744,-0.8671714989853299,0.7452007769718818,0.7510044642675964,0.7140469415507622,0.7354087306383301,1.5835568822418453,-0.8068437734032816,-0.17208713503105116,1.1314284304186495,-0.6311139667204612,0.6763344929608219,0.054965894128389654,-0.9112338656867561,1.0346460559380248,-0.16971490849653975,0.9534054089658661
-1.0866282351245662,-0.19146767513122334,0.8990757152588926,-0.8384624030898393,-0.16042135440059288,-0.0093385256459587,-0.24155879534176422,1.4705180361484222,0.7452007769718818,-0.6653488136506367,0.7140469415507622,0.019765387570446186,0.9553986932150462,0.4895387240312183,-0.15342547824999217,1.1314284304186495,3.9725714413711395,0.0842590789785941,0.35216279719636023,0.8549242007589432,1.1619748976191062,-1.1002666261015883,0.6033345989434297
0.8468961768748834,-1.3861196169801882,1.9626897834121033,0.12160905082982407,-0.22914998634372347,-0.413617595012314,-0.24155879534176422,-0.28274911520189183,0.02964447535279087,-1.3735254526097533,-1.4497316692091227,0.019765387570446186,-0.30091768483855236,0.4895387240312183,-0.02279388078257926,-0.8838384939911589,-0.6311139667204612,0.5898515673229687,0.8378260290391415,0.09528632271778188,0.5774197608105023,-0.16971490849653975,-1.2129748211729776
1.1418405787053083,-1.3358184825865467,-1.6934835758645561,-0.8384624030898393,-0.7560694979077245,-0.11714627747698678,-0.24155879534176422,0.30167326858154614,1.4607570785909727,-1.3735254526097533,1.435306478470724,0.7354087306383301,-0.9290758738653516,0.4895387240312183,-0.9558767198355287,-0.8838384939911589,-0.6311139667204612,0.796080082305542,0.5913700606413119,-0.8732519717846979,-1.0952182049091677,1.6913885267135573,1.491195349000333
-0.6715212992150801,1.0283348339145622,-1.2281524210475272,-0.8384624030898393,0.08012885740036411,0.09173124169563013,1.1303775676540562,-0.28274911520189183,1.4607570785909727,0.7510044642675964,1.435306478470724,0.7354087306383301,-0.30091768483855236,0.4895387240312183,2.272589903287676,-0.8838384939911589,-0.6311139667204612,0.8825630079433953,0.2506809278560772,1.5575892379470164,0.23015928349846004,1.6913885267135573,-0.24393823111087193
0.37716990729309563,0.5504740571749765,-1.47189731166597,0.12160905082982407,-0.0687831784764188,0.1995389935266582,-0.9275269768396744,0.30167326858154614,-0.6859118262663001,1.459181103226713,-1.4497316692091227,1.451052073706214,0.9553986932150462,1.785921221465718,-0.6199668977764669,-0.8838384939911589,-0.6311139667204612,0.17074200461644784,-0.3147180584683542,1.29171598063261,1.185125596106576,-0.16971490849653975,-2.5067147712558935
0.8250484434059625,1.5439214614493795,0.9877102209383265,0.12160905082982407,-0.9164363057750292,1.6044087595747427,0.444409386156146,-0.28274911520189183,-0.6859118262663001,0.7510044642675964,-0.7284721322891611,-1.4115212985653218,-0.30091768483855236,-0.8068437734032816,-0.13476382146893318,1.1314284304186495,2.1690658175826774,-1.5256538444337546,-0.6988994209708524,-1.1771071230011625,-0.5916905128067066,-0.16971490849653975,-0.208423801108596
-0.08163249555423119,0.7894044455447702,1.2536137379766297,-0.8384624030898393,0.7330508608601046,0.17595604781362081,-1.6134951583375847,-0.8671714989853299,-0.6859118262663001,1.459181103226713,-0.007212595369199463,0.7354087306383301,-0.30091768483855236,0.4895387240312183,-0.09744050790681522,-0.8838384939911589,-0.6311139667204612,-1.412560787830408,0.5623752408298032,0.4434536834866477,-0.36018352793201186,-0.16971490849653975,-0.17290937110631974
0.12592097240051237,-0.8328071386501406,-1.505135251295759,-0.8384624030898393,0.5497745090117564,-1.7275245704529687,1.1303775676540562,0.8860956523649842,0.02964447535279087,1.459181103226713,1.435306478470724,-1.4115212985653218,0.3272405041882469,0.4895387240312183,0.4250858819628364,1.1314284304186495,2.0741444689622317,-0.1751896979349662,0.1926912882330588,0.12693790096949692,0.0160153224893672,-0.16971490849653975,1.1766389689801726
-0.45304396452587664,0.814555012741589,0.27863417550285424,-0.8384624030898393,0.6185031409548869,-0.6595540288768468,1.1303775676540562,0.30167326858154614,0.02964447535279087,-1.3735254526097533,-1.4497316692091227,0.019765387570446186,0.9553986932150462,-0.8068437734032816,-0.7505984952438798,-0.8838384939911589,-0.6311139667204612,-0.14192703422809946,-0.7206455358294842,0.5573993651928216,-0.4354232980162875,1.6913885267135573,0.6895839289489576
-0.7479883663563006,-0.4178227799026058,0.034889284884409996,-0.8384624030898393,-0.7675242698982463,-0.5786982150035758,0.444409386156146,0.8860956523649842,-1.4014681278853909,-0.6653488136506367,-0.007212595369199463,0.019765387570446186,-0.30091768483855236,1.785921221465718,-0.2653954189363461,1.1314284304186495,2.738593909305349,2.1931119579939438,-0.0030237454946287715,0.4054717895845891,-0.9678893632280857,5.413595397133752,1.2628882989857007
-1.0866282351245662,-1.1220386614135738,-0.40828324351276074,-0.8384624030898393,1.294334688395671,0.5398072102433406,1.4733616584030114,-1.4515938827687678,0.02964447535279087,-0.6653488136506367,-0.7284721322891611,-0.6958779554974378,2.2117150712686446,1.785921221465718,1.3768303777968447,-0.8838384939911589,-0.6311139667204612,0.789427549564169,0.09845812384565374,-0.12627472504422335,-0.3949095756632157,-0.16971490849653975,0.892523528961964
0.759505242999202,0.28639310160836395,-0.3196487378333269,-0.8384624030898393,-0.5613383740688546,0.5734971326905368,-0.9275269768396744,0.30167326858154614,-0.6859118262663001,0.04282782530847982,0.7140469415507622,-0.6958779554974378,0.3272405041882469,0.4895387240312183,-0.5639819274332899,1.1314284304186495,0.413020868104438,0.5033686416851145,-1.5687440153161318,1.4183222936394702,-0.26758073398213383,-1.1002666261015883,-1.1774603911707016
1.764500982569536,1.0031842667177413,-0.40828324351276074,-0.8384624030898393,-1.030984025680247,1.567349844882827,-1.6134951583375847,-0.28274911520189183,-0.6859118262663001,0.04282782530847982,1.435306478470724,-0.6958779554974378,1.5835568822418453,0.4895387240312183,-0.7505984952438798,-0.8838384939911589,-0.6311139667204612,-2.2574324459848225,-1.815199983713961,0.22189263572464202,-1.9286433504580691,-0.16971490849653975,1.1969329289814736
0.8468961768748834,1.0786359683082034,1.7300242060035878,-0.8384624030898393,-1.1455317455854646,1.1024289151115183,1.4733616584030114,0.30167326858154614,-1.4014681278853909,1.459181103226713,1.435306478470724,0.019765387570446186,0.9553986932150462,-0.8068437734032816,-0.43335032996587697,-0.8838384939911589,-0.6311139667204612,0.06430148075447426,-0.22048489408094865,-0.13260504069456644,-0.26758073398213383,0.7608368091085088,0.035103718907011916
0.7922768432025827,1.2924157894811763,-0.08698316042481133,0.12160905082982407,-0.8247981298508551,-0.039659455848435346,0.7873934769051011,0.8860956523649842,1.4607570785909727,0.04282782530847982,0.7140469415507622,-1.4115212985653218,-0.30091768483855236,-0.8068437734032816,0.7050107336787212,1.1314284304186495,0.8401669368964422,0.07095401349584769,-0.8583709299341539,-1.829129634986492,0.004439973245632708,-0.16971490849653975,-0.528053671129081
0.49733244137215776,-1.0088611090278834,0.012730658464551143,-0.8384624030898393,0.2404956652676688,-1.562443950461707,1.1303775676540562,-0.28274911520189183,-1.4014681278853909,0.7510044642675964,-0.007212595369199463,-1.4115212985653218,-1.5572340628921508,-0.8068437734032816,-0.5079969570901129,-0.8838384939911589,-0.6311139667204612,-0.5277739332277531,-0.6554071912535884,0.15858947922121194,1.7060163120746394,-1.1002666261015883,0.13657351891351513
0.22423577301065367,-0.9585599746342421,1.054186100197903,0.12160905082982407,-0.21769521435320172,0.7857436441078733,-1.6134951583375847,-0.8671714989853299,1.4607570785909727,1.459181103226713,-0.7284721322891611,0.7354087306383301,0.3272405041882469,-0.8068437734032816,-0.7692601520249388,-0.8838384939911589,-0.6311139667204612,0.1374793409095811,-0.8728683398399082,-1.772156794133405,0.7568376740883904,-1.1002666261015883,0.8113476889567617
1.5787952480837133,0.04746271323857031,0.5445376925411557,1.0816805047494875,0.25195043725819055,1.3685793024443689,0.7873934769051011,-0.8671714989853299,1.4607570785909727,-1.3735254526097533,0.7140469415507622,1.451052073706214,2.2117150712686446,0.4895387240312183,1.3208454074536677,1.1314284304186495,2.3114478405133454,-1.2928151984856875,-0.3582102881856178,0.48143557738870535,0.247522307364062,-1.1002666261015883,-1.2079013311726525
-0.016089295147469665,0.5504740571749765,1.0652654134078317,-0.8384624030898393,-1.122622201604421,-1.400732322715165,0.444409386156146,-0.8671714989853299,1.4607570785909727,-1.3735254526097533,1.435306478470724,0.019765387570446186,0.3272405041882469,0.4895387240312183,-1.1051699740840006,-0.8838384939911589,-0.6311139667204612,0.45680091249550187,-0.2784745337039676,0.13326821661984,-0.4354232980162875,-0.16971490849653975,0.0807651289099383
-1.1958669024691675,-1.4238454677754182,-0.7628212662304976,1.0816805047494875,-1.0080744816992033,-0.29907185869184666,-1.6134951583375847,-0.28274911520189183,0.02964447535279087,-0.6653488136506367,0.7140469415507622,0.7354087306383301,-0.9290758738653516,0.4895387240312183,-0.4893353003090539,-0.8838384939911589,-0.6311139667204612,0.5698939690988479,-0.0030237454946287715,-0.11994440939388026,1.2719407154345865,2.621940244318606,0.31414566892489576
0.8359723101404234,-0.707054302666039,-0.5190763756120534,0.12160905082982407,-0.21769521435320172,-0.5786982150035758,1.1303775676540562,-0.8671714989853299,-1.4014681278853909,-0.6653488136506367,-0.007212595369199463,1.451052073706214,-0.30091768483855236,0.4895387240312183,0.29445428449542355,1.1314284304186495,-0.061585874997788954,-0.30824035276243306,-0.8366248150755216,1.8108018639607368,1.381906533250067,1.6913885267135573,-1.9334104012191502
-1.0538566349211855,-0.8705329894453706,-0.8736143983297904,-0.8384624030898393,1.0881487925662792,1.0586320159301632,-0.9275269768396744,-0.28274911520189183,0.02964447535279087,-1.3735254526097533,-0.007212595369199463,0.7354087306383301,1.5835568822418453,-0.8068437734032816,-1.2171399147703545,-0.8838384939911589,-0.6311139667204612,-1.0466714870548741,-0.6191636664892017,-0.5883877675192627,-0.8926495931438096,-1.1002666261015883,-1.2738567011768795
0.5628756417789194,0.7894044455447702,-1.3611041795666772,-0.8384624030898393,2.737635959201413,-0.45741449419366914,-0.5845428860907194,0.30167326858154614,1.4607570785909727,-1.3735254526097533,-1.4497316692091227,-0.6958779554974378,-1.5572340628921508,-0.8068437734032816,0.9289506150514291,-0.8838384939911589,-0.6311139667204612,-0.5809941951587402,-1.4310186212114628,0.10161663836812497,-0.5685398143192368,0.7608368091085088,-2.288554701241912
-1.5891261049097338,1.141512386300254,0.721806703900025,-0.8384624030898393,-0.33224293425841933,1.1495948065375932,0.10142529540719089,0.30167326858154614,0.02964447535279087,0.04282782530847982,-0.007212595369199463,0.019765387570446186,0.3272405041882469,1.785921221465718,2.0113267083528505,1.1314284304186495,-0.39381059516934774,-1.7584924903818215,-0.539427912007551,-0.1515959876455953,0.7163239517353195,0.7608368091085088,1.5114893090016337
0.2788551066829543,0.28639310160836395,2.2064346740305463,2.0417519586691513,-0.6186122340214634,0.3376676755601629,-0.24155879534176422,1.4705180361484222,0.02964447535279087,0.04282782530847982,-0.007212595369199463,0.019765387570446186,0.9553986932150462,0.4895387240312183,-0.9932000333976466,1.1314284304186495,0.033335473622656396,-0.3015878200210596,-0.2784745337039676,0.016157377088494743,0.09125509257364325,0.7608368091085088,1.8412661590227692
1.3166224464566711,-1.0088611090278834,0.012730658464551143,-0.8384624030898393,2.600178695315152,-0.4304625562359121,0.10142529540719089,-1.4515938827687678,-0.6859118262663001,0.7510044642675964,1.435306478470724,0.019765387570446186,0.3272405041882469,-0.8068437734032816,-1.0678466605218826,1.1314284304186495,-0.6311139667204612,-0.23506249260732617,-0.09000820492915693,1.4119919779891275,-0.8000467991939316,-0.16971490849653975,0.29892519892392005
-1.2941817030793088,0.3995706539940543,-0.6077108812914873,1.0816805047494875,0.6299579129454087,-0.6831369745898842,0.10142529540719089,-0.28274911520189183,0.7452007769718818,0.04282782530847982,-0.007212595369199463,1.451052073706214,0.3272405041882469,-0.8068437734032816,-0.5453202706522309,-0.8838384939911589,-0.6311139667204612,-0.7606125791758201,-0.0030237454946287715,-1.3353650142597377,-0.522238417344298,-0.16971490849653975,2.292806769051708
-0.24549049657113306,-1.5873241545547498,0.1899996698234204,-0.8384624030898393,0.46959110507810403,0.2130149625055367,0.7873934769051011,0.8860956523649842,0.7452007769718818,0.7510044642675964,-0.7284721322891611,1.451052073706214,-1.5572340628921508,-0.8068437734032816,-0.9372150630544697,-0.8838384939911589,-0.6311139667204612,-0.255020090831446,-0.12625172969354356,-1.2783921734066503,-0.8231974976814014,-0.16971490849653975,-0.2642321911121725
-0.14717569596099175,-0.48069919789465654,0.887996402048964,-0.8384624030898393,0.5612292810022781,0.6004490706482939,1.1303775676540562,-0.8671714989853299,0.02964447535279087,0.04282782530847982,-0.007212595369199463,-1.4115212985653218,0.3272405041882469,-0.8068437734032816,-0.6946135249007028,-0.8838384939911589,-0.6311139667204612,0.8093851477882889,1.8381473125362127,-1.3606862768611097,0.3285497520702055,-1.1002666261015883,0.23296982891969312
