cgpa,tenth_pct,twelfth_pct,backlogs,leetcode_solved,contest_rating,dsa_proficiency,num_languages_known,dbms_score,oop_score,os_score,cn_score,num_projects,num_ml_projects,github_commits,has_internship,aptitude_score,communication_score,resume_score,interview_prep_score,certifications_count,extracurricular_score,internship_months,readiness_category,_audit_true_latent_score
7.47,92.0,80.0,1,468,1395,5,3,2,5,2,3,6,1,35,0,79.7,51.2,35.9,36.0,2.0,45.8,0.0,Placement Ready,74.61757448094232
6.26,87.5,77.5,0,164,1422,1,6,3,5,3,1,3,2,51,0,37.6,47.8,26.2,95.8,2.0,87.1,0.0,Placement Ready,61.74112542549274
7.88,97.7,85.8,0,93,865,10,6,3,1,1,4,1,2,161,1,55.5,66.0,59.6,34.1,1.0,47.2,3.6,Placement Ready,74.5050849485327
8.05,69.6,83.5,0,125,1164,7,6,1,3,2,3,4,0,28,0,46.9,77.6,30.6,42.2,1.0,39.0,0.0,Developing,50.67448730141893
5.44,79.9,51.1,0,219,1665,9,1,4,5,2,5,2,0,6,0,36.2,73.4,80.7,55.6,2.0,37.0,0.0,Developing,59.92166126223021
6.03,78.3,82.9,0,68,1401,3,1,3,4,5,4,0,0,33,1,77.7,77.6,48.7,69.6,0.0,55.9,5.8,Developing,56.49552703055024
7.32,66.2,69.0,2,64,1382,2,5,2,1,2,2,3,0,18,0,51.3,79.2,37.4,52.4,1.0,28.3,0.0,Needs Improvement,10.52047205766077
6.92,90.5,65.2,1,123,1418,10,3,1,1,2,1,1,0,92,0,88.6,59.8,75.9,55.6,2.0,53.7,0.0,Needs Improvement,34.78467646399466
7.18,79.8,76.3,3,91,917,9,1,2,3,2,1,1,0,39,1,81.1,88.2,72.0,65.4,0.0,53.3,1.2,Needs Improvement,28.339587578034635
6.43,87.9,81.7,3,42,1321,9,4,3,5,2,1,5,0,129,0,60.0,72.6,84.6,100.0,,61.8,0.0,Developing,57.781735507541406
7.99,100.0,63.2,3,109,1772,5,3,5,5,3,2,5,0,50,0,28.6,48.7,30.8,45.2,3.0,15.0,0.0,Needs Improvement,36.765442873968546
7.9,79.2,84.3,3,250,1676,10,6,4,3,2,4,2,1,18,0,54.9,52.6,27.4,46.3,1.0,10.0,0.0,Developing,58.249967577379735
7.26,78.6,84.9,0,137,1312,3,4,3,3,2,2,6,1,118,0,94.3,64.1,83.0,53.2,2.0,41.2,0.0,Placement Ready,71.5101619588906
8.21,82.9,78.4,2,34,1819,8,2,1,3,3,1,4,0,29,0,66.4,74.3,13.1,66.5,4.0,47.2,0.0,Developing,50.20439982457175
7.62,89.9,70.2,1,153,972,5,6,2,3,4,1,1,0,6,1,57.5,58.8,38.6,97.9,2.0,27.7,1.4,Developing,44.57942288582101
6.43,77.5,69.2,0,77,1058,2,4,5,4,1,3,3,0,78,1,50.8,48.4,58.9,53.1,3.0,22.6,1.8,Developing,44.38618408132428
7.53,77.0,87.2,0,369,1909,8,2,1,2,2,2,3,0,34,0,73.3,73.1,,64.4,1.0,58.6,0.0,Placement Ready,69.24155272729766
6.34,90.5,64.4,3,144,1523,4,1,4,3,3,4,3,0,83,0,65.5,46.4,61.4,18.3,2.0,43.8,0.0,Needs Improvement,29.367682424614078
7.99,85.0,87.6,3,58,1263,2,4,3,4,5,2,1,1,106,0,64.3,66.3,39.6,56.1,1.0,66.2,0.0,Needs Improvement,37.35912152788301
7.16,65.6,76.5,0,161,1333,8,5,2,3,5,1,4,0,72,1,77.0,62.6,78.6,54.8,0.0,22.5,6.7,Highly Ready,82.31085201145262
7.03,72.2,77.1,0,115,1108,8,6,5,5,5,2,5,0,35,1,76.2,43.2,,72.3,2.0,47.8,5.1,Highly Ready,88.36603084130844
6.59,94.0,62.6,0,234,1433,4,1,2,4,3,3,1,2,121,0,66.6,86.9,62.4,46.2,2.0,83.4,0.0,Placement Ready,72.38876534353778
8.3,85.2,76.7,0,63,1409,10,3,4,4,1,1,4,0,27,1,36.2,62.2,,34.2,4.0,44.1,7.7,Placement Ready,75.79782658715082
7.06,75.9,83.5,1,144,1356,8,6,1,5,5,1,0,4,83,0,45.3,45.4,41.5,58.9,1.0,38.3,0.0,Developing,59.85592045274035
6.81,80.6,66.0,0,21,1002,1,4,5,3,4,5,2,0,95,1,50.8,62.7,55.8,28.5,0.0,68.2,3.2,Developing,52.07596828735756
6.88,82.1,82.5,0,106,1429,4,1,1,2,5,2,0,0,62,0,59.4,37.8,38.3,41.3,3.0,74.4,0.0,Needs Improvement,24.095083471207428
7.68,87.9,78.8,3,34,1191,10,6,2,3,5,4,1,1,105,1,82.5,67.1,88.7,55.9,2.0,37.3,4.1,Placement Ready,74.3380580083795
7.53,71.1,72.2,2,112,1054,2,5,5,5,4,5,4,0,72,1,90.8,74.1,63.1,14.3,0.0,38.8,8.5,Placement Ready,62.05739883561619
7.57,75.3,85.7,3,132,1730,10,3,4,5,3,1,3,0,80,1,65.9,99.8,44.1,50.7,2.0,67.3,4.1,Highly Ready,82.6610542894582
7.59,84.2,58.2,3,140,2001,6,5,4,2,4,4,2,1,105,1,68.3,63.4,83.1,81.9,2.0,56.0,2.7,Highly Ready,88.85381643438257
9.13,81.2,81.1,0,63,1933,7,4,2,3,4,5,4,1,70,0,37.3,52.8,57.3,27.6,1.0,56.5,0.0,Placement Ready,66.21579740879251
6.83,86.6,92.6,2,108,1545,7,2,4,2,5,1,0,0,113,0,53.7,64.9,80.4,43.4,2.0,54.7,0.0,Needs Improvement,37.68568810968808
6.74,72.2,91.0,2,214,1270,6,5,5,1,2,2,3,0,145,1,51.7,82.2,79.9,65.0,1.0,49.0,4.6,Placement Ready,75.38345202308368
6.47,84.9,81.5,2,302,1329,6,2,4,2,3,1,0,0,85,1,50.5,69.0,65.0,68.9,0.0,70.1,2.2,Developing,48.62194490432992
7.75,90.7,75.3,0,111,1472,6,2,2,1,3,1,3,0,106,1,68.7,73.7,37.7,56.0,3.0,77.8,0.8,Placement Ready,62.31538774358773
8.22,85.9,72.3,0,218,1224,7,4,5,2,2,2,1,0,62,1,53.2,72.6,48.7,51.8,2.0,29.4,2.9,Developing,58.895912066397294
7.1,83.1,75.3,3,46,1746,8,1,1,1,3,1,2,1,146,0,31.6,69.1,,83.1,1.0,67.7,0.0,Developing,46.45109065785819
6.44,81.2,82.9,0,72,800,5,4,5,2,5,5,4,1,76,0,72.6,42.4,49.2,58.6,1.0,49.1,0.0,Developing,50.105956332903844
6.46,75.3,70.7,1,120,1261,5,4,1,4,1,2,4,1,100,1,78.1,41.6,53.9,37.0,0.0,24.3,0.5,Developing,54.83589443373133
7.79,81.4,84.8,2,92,1590,8,5,1,5,3,4,1,1,19,0,64.3,39.9,50.4,57.0,1.0,31.5,0.0,Needs Improvement,39.368164479419846
7.87,92.1,97.2,2,84,1096,8,1,1,5,4,1,4,1,94,0,57.5,,43.0,52.7,1.0,41.8,0.0,Developing,54.245588005502015
7.69,81.0,77.4,1,203,1278,7,4,1,3,5,4,3,1,66,0,46.5,46.8,69.3,47.5,2.0,71.2,0.0,Placement Ready,67.04223955129291
6.6,74.9,65.9,2,39,1528,5,3,4,3,2,4,5,1,92,0,47.4,88.0,36.6,26.4,1.0,29.3,0.0,Developing,43.27647651147564
7.41,78.1,65.9,3,43,1805,6,2,2,5,2,1,2,0,98,1,76.1,52.1,44.7,54.9,3.0,14.0,3.0,Developing,45.914114627801624
7.31,83.6,85.0,2,28,962,6,3,1,3,1,3,3,1,105,0,48.8,63.4,62.9,64.9,0.0,44.7,0.0,Developing,41.4389099939948
7.4,79.0,77.5,0,123,940,5,6,2,1,2,5,4,1,95,1,90.2,58.6,54.0,67.8,2.0,40.5,3.5,Placement Ready,71.13401751247045
7.98,85.9,85.9,0,77,1066,2,5,5,5,5,4,3,1,52,1,74.2,64.7,60.6,55.2,,71.4,3.7,Placement Ready,76.2433114625605
7.4,86.2,73.2,0,189,889,6,1,3,4,4,5,5,0,182,1,65.1,63.0,57.5,55.6,1.0,55.1,6.8,Highly Ready,81.04774662218117
7.81,89.1,85.5,0,115,910,5,6,4,4,3,3,1,1,129,1,100.0,44.4,39.2,45.5,2.0,64.2,1.0,Developing,58.41360391531827
7.26,93.4,76.6,0,62,1058,1,4,2,1,4,2,4,1,57,0,79.1,70.4,81.4,71.5,1.0,42.1,0.0,Developing,49.598376901571974
7.46,90.0,71.4,0,54,1720,10,1,3,3,5,3,2,1,54,0,53.5,52.5,76.3,34.8,2.0,25.6,0.0,Placement Ready,67.4776798459998
7.77,74.5,74.4,1,87,1256,7,6,4,3,3,3,0,0,2,1,44.6,52.0,42.7,46.1,1.0,76.2,2.0,Needs Improvement,34.92502340233932
5.89,74.8,67.2,0,34,1359,2,4,4,5,2,5,7,0,24,0,53.6,57.7,,41.3,2.0,38.2,0.0,Developing,57.808112025607365
6.91,81.4,95.9,2,206,1063,3,6,1,2,5,3,1,1,33,0,58.5,73.3,50.2,53.1,1.0,62.9,0.0,Developing,47.160146906908714
6.78,78.4,77.1,1,74,1540,6,1,4,2,5,4,4,3,56,1,48.6,53.3,75.3,77.3,0.0,42.6,3.8,Highly Ready,85.417526439034
6.63,72.9,83.8,3,24,1913,9,2,4,4,3,3,1,1,143,1,43.1,,71.7,34.8,0.0,63.2,1.5,Developing,49.373379112066516
6.95,78.5,73.2,0,235,1084,5,6,1,1,1,2,2,0,51,0,63.5,67.6,78.1,59.7,3.0,56.0,0.0,Developing,48.507609716259786
8.55,78.2,68.5,0,88,1867,9,2,2,4,1,2,3,2,24,1,73.3,65.6,42.8,60.1,0.0,52.6,2.3,Highly Ready,85.50221251061687
6.42,76.6,75.9,3,152,1459,2,4,4,1,1,5,1,2,91,1,87.9,64.8,36.3,38.6,1.0,58.3,2.8,Developing,49.12326500318623
8.07,79.5,87.9,0,63,1355,6,4,1,2,4,2,2,0,95,1,61.2,42.3,28.3,51.7,1.0,45.2,1.4,Needs Improvement,38.85706477430198
5.69,91.4,73.3,1,241,1470,9,6,4,3,1,3,1,1,51,1,69.0,63.8,100.0,39.8,0.0,15.9,2.1,Placement Ready,60.46035345745504
6.9,83.6,70.2,0,48,1467,9,3,5,1,1,4,2,0,131,0,32.2,49.2,72.5,56.7,0.0,55.8,0.0,Developing,47.363004468169215
7.35,100.0,79.4,2,77,1907,3,5,3,1,4,1,0,0,137,1,72.9,37.4,77.9,53.0,1.0,72.9,1.8,Developing,48.51684857899604
7.73,83.4,82.5,0,16,1506,7,5,3,3,3,4,5,2,11,1,44.9,55.5,35.1,80.6,1.0,49.1,3.7,Highly Ready,85.70415431241774
7.84,79.7,92.8,3,237,1512,1,5,1,4,3,5,5,2,96,0,64.6,54.7,68.2,42.0,2.0,43.7,0.0,Placement Ready,70.9271152731485
7.91,82.0,81.2,0,56,1224,2,4,4,2,1,3,3,0,6,1,59.4,100.0,30.5,52.1,1.0,55.2,4.5,Developing,53.577666813616894
6.89,84.1,83.8,0,125,1602,10,1,5,2,2,3,2,0,56,0,56.4,75.7,65.3,48.6,1.0,69.6,0.0,Developing,45.04767686101945
6.78,85.5,84.5,1,138,1063,8,2,5,4,2,3,3,0,241,1,37.7,73.0,58.3,78.1,1.0,44.4,2.5,Placement Ready,69.52291934016158
7.97,98.6,67.6,0,211,1383,3,4,3,5,4,4,3,0,93,1,48.6,56.3,53.2,46.6,1.0,20.1,3.7,Placement Ready,76.23801859620342
7.03,75.2,69.3,0,118,2215,10,3,1,3,5,1,3,0,37,0,45.7,59.4,49.3,39.9,0.0,53.2,0.0,Placement Ready,62.78161482822774
6.05,88.9,68.2,3,93,800,10,2,2,3,5,4,4,0,99,0,51.1,,76.8,41.8,1.0,57.3,0.0,Developing,50.40447034550844
6.18,83.7,66.0,0,196,1420,1,5,2,5,1,3,5,0,34,0,77.7,53.1,49.6,41.5,,53.5,0.0,Developing,54.96788696196115
6.37,69.4,85.2,0,137,1431,1,3,1,1,4,1,1,0,77,0,54.7,65.6,79.7,45.1,2.0,40.1,0.0,Needs Improvement,33.10705615693571
7.65,88.2,80.6,1,82,1282,3,5,1,5,4,5,2,0,29,0,49.9,87.8,57.2,40.5,2.0,56.7,0.0,Developing,41.042519058553864
7.33,92.1,78.7,0,244,1289,8,4,3,3,1,1,1,0,46,0,69.7,51.9,64.0,55.3,2.0,45.4,0.0,Developing,40.7062807602296
7.82,75.1,54.7,2,145,1377,6,3,1,2,4,3,1,2,130,0,64.9,64.1,66.8,32.9,2.0,41.3,0.0,Developing,54.240553754506834
6.82,81.9,96.5,0,31,1274,6,1,1,4,3,5,1,0,179,1,90.5,61.7,65.4,64.8,2.0,44.3,4.7,Placement Ready,62.25143774264137
7.34,68.2,70.0,0,274,1417,5,1,5,5,1,5,2,1,77,0,75.2,49.6,61.7,55.7,1.0,53.5,0.0,Placement Ready,61.46150785782905
7.76,71.9,96.5,0,61,1204,5,4,4,5,4,4,1,0,107,0,30.2,72.8,92.4,82.6,2.0,55.6,0.0,Developing,41.877630897069935
6.92,90.4,65.0,0,210,1957,7,3,5,4,5,4,4,0,40,0,72.1,46.4,76.1,62.9,0.0,39.7,0.0,Highly Ready,81.69190192049571
7.61,78.3,70.7,1,24,1274,1,5,2,3,3,3,2,0,25,0,70.3,72.9,17.1,61.2,2.0,54.0,0.0,Needs Improvement,29.90655086421872
6.6,73.1,58.2,1,195,1521,6,4,2,1,2,4,1,0,71,0,84.9,68.0,54.7,89.2,1.0,57.6,0.0,Needs Improvement,34.96957641257805
6.87,83.8,81.3,3,33,1149,3,2,4,1,3,5,0,0,68,1,57.0,74.6,81.8,62.4,1.0,61.1,6.0,Developing,42.165540093886676
6.86,77.8,68.1,2,116,1630,8,5,4,5,3,3,5,0,249,0,76.4,59.3,45.0,51.3,1.0,59.6,0.0,Placement Ready,75.1885018533434
6.12,78.2,68.3,0,142,1570,2,4,2,1,5,3,5,0,55,1,54.7,67.5,58.1,40.2,3.0,76.1,7.0,Placement Ready,77.50858960551382
7.64,87.9,65.6,2,83,1476,1,6,5,3,4,1,2,0,53,0,64.4,76.4,59.3,79.7,1.0,63.7,0.0,Needs Improvement,39.75521489581716
6.78,72.7,85.0,0,101,1042,5,6,4,3,4,5,2,0,92,0,44.2,42.3,83.5,37.9,1.0,90.1,0.0,Developing,44.81502408561451
7.21,74.8,84.4,0,40,1124,5,6,2,4,4,5,1,1,40,1,39.4,45.1,41.3,35.6,3.0,70.6,2.3,Developing,47.511006742286135
7.63,83.2,94.3,0,181,1856,6,1,1,2,4,4,3,1,32,0,73.0,70.1,43.5,35.7,0.0,70.0,0.0,Placement Ready,65.17456195005819
7.6,89.8,71.8,1,120,1121,9,4,1,4,2,4,4,2,83,0,60.1,73.5,66.1,42.2,1.0,25.5,0.0,Placement Ready,74.0905004809173
7.8,91.9,80.0,0,48,1542,7,1,5,3,1,2,1,1,16,0,40.8,63.9,63.5,55.7,0.0,65.1,0.0,Needs Improvement,33.24925929043603
7.11,76.7,66.4,3,124,1067,4,6,5,5,5,5,1,1,89,1,72.2,74.9,66.4,50.5,0.0,67.0,2.0,Developing,53.8164211960094
6.82,89.5,75.0,0,127,1653,8,5,3,1,3,1,1,0,44,0,19.0,56.9,63.2,63.9,1.0,49.1,0.0,Needs Improvement,22.948113230075876
7.13,75.7,73.3,0,105,1144,6,2,4,4,5,4,4,1,104,0,47.9,79.7,56.1,36.5,0.0,9.0,0.0,Placement Ready,66.51734914403018
5.68,96.6,82.2,1,6,1061,3,4,5,4,4,2,0,0,149,1,35.1,61.0,67.0,40.2,0.0,3.4,3.4,Needs Improvement,25.148297605349903
5.9,72.9,87.2,0,74,1136,1,4,1,5,3,3,2,2,32,1,78.0,51.1,61.3,57.6,0.0,44.4,5.2,Placement Ready,67.30976204653058
6.01,92.6,86.9,0,179,1184,1,4,5,3,4,1,2,0,52,1,53.5,81.9,54.0,38.6,0.0,39.2,1.9,Needs Improvement,37.986161189661715
6.3,76.7,70.4,3,147,1471,3,4,3,2,4,1,1,0,124,0,61.2,73.6,57.0,31.8,2.0,20.2,0.0,Needs Improvement,31.842768889919252
7.56,98.1,87.0,0,144,1371,9,6,3,3,5,2,1,0,77,1,64.6,55.7,49.4,29.0,1.0,57.7,0.8,Developing,57.68097821228321
6.39,86.7,77.6,0,120,1021,5,5,1,5,2,2,3,1,181,1,72.1,56.0,,54.2,2.0,27.3,4.3,Highly Ready,80.16103329303695
6.86,73.9,75.1,1,194,1342,5,3,4,1,2,5,3,0,79,0,70.4,70.4,66.9,53.8,1.0,16.7,0.0,Developing,46.219559763738445
8.37,77.8,71.6,1,61,1007,4,5,4,4,2,3,3,1,144,1,72.0,48.0,37.1,53.0,1.0,91.3,2.4,Developing,54.093088580925894
6.88,88.2,73.0,0,50,1543,3,1,1,2,1,1,5,1,22,1,56.0,66.5,69.0,75.7,1.0,60.1,1.7,Placement Ready,69.20111563389091
7.86,90.4,93.7,2,321,1598,8,2,4,4,3,5,3,0,31,0,72.8,59.6,53.8,60.1,4.0,41.5,0.0,Highly Ready,82.25787358393856
6.36,81.4,80.8,0,56,1343,1,1,1,3,3,4,2,1,166,0,50.2,65.0,56.3,55.0,0.0,21.7,0.0,Needs Improvement,19.97662206081036
7.02,82.4,79.6,0,30,1431,7,6,2,5,1,5,1,1,31,0,54.0,33.7,55.2,77.9,2.0,32.3,0.0,Needs Improvement,30.791115387534298
6.34,88.1,75.6,0,82,1876,10,1,4,1,5,5,1,1,167,1,36.9,49.3,66.1,71.6,0.0,37.5,1.4,Placement Ready,68.50226186984608
6.89,83.1,100.0,1,108,1303,9,6,4,1,4,3,3,2,35,1,85.1,65.6,81.7,42.6,1.0,39.1,4.0,Highly Ready,95.09841185628206
7.96,71.7,89.7,0,195,1067,4,5,1,5,2,1,3,0,18,0,45.1,76.7,86.9,69.2,4.0,43.5,0.0,Developing,58.38975047639366
5.65,75.5,71.5,0,74,1524,9,6,3,2,1,3,1,2,54,0,81.2,60.2,74.8,85.1,2.0,26.4,0.0,Placement Ready,63.028835572474726
7.59,83.9,75.5,1,73,1010,3,5,2,1,4,4,3,3,22,0,68.1,72.1,59.3,85.2,3.0,32.5,0.0,Placement Ready,65.56473577852566
7.41,91.7,76.1,2,101,1287,3,3,4,5,1,1,4,0,97,0,63.0,41.3,70.8,71.6,0.0,15.8,0.0,Needs Improvement,38.31029901900948
6.67,94.9,79.3,0,64,1170,4,5,5,3,1,5,5,1,6,1,65.5,55.7,,61.6,1.0,10.4,2.1,Placement Ready,69.62663573795376
5.9,88.2,71.7,3,24,1139,1,6,4,5,3,2,1,0,211,0,44.0,65.9,67.7,59.9,1.0,19.3,0.0,Needs Improvement,12.831749038911829
7.26,84.3,81.9,0,33,1275,3,6,4,3,5,4,1,1,67,0,84.1,61.1,64.2,79.8,1.0,37.8,0.0,Developing,54.08858424570182
6.72,88.0,91.1,2,232,1620,9,5,3,4,1,5,4,0,101,0,54.6,72.7,33.3,32.3,2.0,43.8,,Placement Ready,70.55504930878008
7.41,76.7,66.2,0,167,1682,8,5,3,3,3,5,3,1,110,0,75.2,58.4,48.7,76.5,1.0,59.3,0.0,Highly Ready,83.08788635959945
7.22,80.8,67.8,0,98,1628,4,4,2,3,3,4,4,0,73,1,51.9,58.5,62.4,57.2,3.0,58.3,0.8,Developing,47.502438524144296
8.64,75.4,73.7,1,147,1451,4,6,5,3,2,2,3,0,88,1,38.5,71.2,64.1,39.3,0.0,62.5,3.6,Placement Ready,61.20474700608612
6.98,72.0,74.1,2,170,1273,4,3,2,2,3,3,2,0,48,1,89.8,54.5,73.3,34.9,2.0,43.9,1.1,Developing,49.76718401353874
6.28,84.7,96.0,3,58,800,2,4,5,4,4,3,8,1,110,0,50.9,49.3,84.7,26.0,0.0,63.1,0.0,Developing,56.175306954644334
7.36,83.5,87.0,3,40,1460,2,6,4,3,1,5,1,0,186,1,66.9,68.5,55.6,64.6,2.0,7.1,0.5,Developing,47.78072034791888
7.4,87.5,86.5,0,215,800,10,2,5,1,5,1,7,0,47,0,14.6,48.5,39.8,87.7,0.0,62.1,0.0,Placement Ready,63.96158909162425
8.42,86.4,75.6,1,9,800,7,5,4,2,2,1,0,1,120,0,58.9,81.9,71.2,46.5,0.0,49.2,0.0,Developing,40.8857164335374
7.95,83.9,75.4,1,149,1301,7,1,2,3,2,1,3,3,134,1,69.1,36.2,78.6,40.5,1.0,69.2,3.7,Highly Ready,86.16065045416134
7.52,86.5,64.9,1,115,1429,3,4,2,5,1,5,4,2,45,0,62.1,57.8,78.3,75.5,1.0,0.0,0.0,Placement Ready,77.6095193168887
8.52,81.7,85.0,0,201,1215,9,1,1,3,3,3,1,1,62,0,58.5,84.8,65.5,56.9,1.0,68.2,0.0,Placement Ready,67.57364038119604
6.13,85.3,82.4,0,153,1811,2,6,5,3,3,4,3,1,60,0,56.8,89.7,90.0,76.3,0.0,17.5,,Placement Ready,62.24328694184917
6.62,76.2,89.6,1,146,1489,10,6,1,1,1,1,4,2,55,1,73.1,60.7,53.6,38.4,1.0,72.4,2.1,Placement Ready,71.23356670532164
6.37,85.0,76.1,2,44,1275,6,2,5,2,2,1,3,0,36,0,40.6,77.5,83.6,66.1,0.0,33.1,0.0,Needs Improvement,26.5766067773301
6.85,87.3,76.7,0,175,1766,4,1,4,2,4,4,5,2,64,1,56.4,72.9,39.4,85.9,0.0,58.3,2.0,Highly Ready,98.51768979558177
5.96,76.6,79.5,0,136,1820,8,4,1,3,4,4,2,0,53,0,81.5,55.1,21.7,37.2,1.0,48.3,0.0,Developing,43.79718053848879
7.77,82.4,86.0,0,49,1504,5,6,5,5,2,3,1,0,152,0,37.8,68.5,39.2,49.5,2.0,70.3,0.0,Developing,44.67238822605201
7.0,77.0,64.8,0,115,1117,3,2,1,5,4,1,7,0,77,0,58.4,49.9,48.8,48.9,1.0,53.0,0.0,Developing,54.25401389436712
5.88,77.8,84.6,3,36,1185,7,6,1,2,4,3,2,1,39,1,43.5,40.1,58.0,67.7,1.0,81.4,3.9,Developing,46.73052643623317
6.29,73.0,77.8,3,88,916,8,3,3,4,2,4,2,0,159,1,64.5,69.1,43.1,76.4,1.0,35.6,1.5,Developing,56.49717732660501
7.48,92.1,68.5,1,409,1337,7,3,1,5,1,2,4,1,139,0,60.5,69.9,60.0,43.4,0.0,29.3,,Highly Ready,80.15206952115845
7.95,90.5,59.2,3,42,1035,5,3,1,2,1,2,4,1,54,1,45.8,45.4,68.3,97.5,0.0,36.9,1.6,Developing,49.31890733341564
9.0,86.3,76.8,0,24,1251,4,2,4,3,5,4,2,0,74,0,60.4,60.0,63.6,56.0,2.0,62.7,0.0,Needs Improvement,35.62740900446523
9.82,97.8,91.0,3,33,1428,5,3,5,3,2,2,3,1,154,1,61.0,45.4,55.8,45.3,0.0,63.5,1.0,Developing,59.67369842285787
7.57,80.5,93.1,0,87,800,9,2,1,1,5,1,0,0,116,0,50.9,55.5,77.2,79.3,1.0,24.3,0.0,Needs Improvement,28.0942736252078
6.31,100.0,81.2,0,161,971,4,3,4,3,2,4,2,1,14,0,53.8,55.9,45.2,57.4,1.0,33.0,0.0,Needs Improvement,38.06756694878435
5.28,80.2,95.7,0,103,1198,10,2,4,1,4,1,7,2,29,1,50.3,72.4,54.1,48.6,1.0,55.8,7.4,Highly Ready,100.0
7.44,84.0,77.6,0,28,1334,2,1,1,2,2,3,1,1,42,0,25.8,55.0,49.2,45.8,0.0,74.9,0.0,Needs Improvement,22.309469845330714
6.47,78.8,86.6,0,159,1202,2,3,1,1,4,3,1,2,46,1,73.9,44.3,68.4,90.7,2.0,36.0,2.2,Highly Ready,80.13724898317828
6.83,85.0,73.9,0,14,1269,4,1,3,4,5,1,3,0,61,0,77.9,86.0,51.2,38.1,,21.5,0.0,Needs Improvement,27.963971768421835
6.65,88.7,73.4,0,31,1138,1,2,4,5,4,4,1,1,85,0,33.7,68.9,64.4,74.1,2.0,70.1,0.0,Needs Improvement,34.79234995986179
7.07,81.1,71.9,0,62,915,9,5,2,2,1,5,4,1,61,0,78.1,74.5,71.1,41.2,0.0,15.0,0.0,Developing,59.82940207003072
8.16,96.2,59.5,1,210,1190,4,1,3,1,3,5,2,0,136,0,66.0,70.5,49.9,44.4,1.0,60.8,0.0,Developing,44.47689686549255
7.34,83.9,89.6,2,106,1286,2,2,3,3,2,2,2,2,47,0,43.5,75.2,32.4,53.6,0.0,6.6,0.0,Needs Improvement,23.34687824058922
7.06,84.2,72.2,0,109,1257,7,5,4,1,2,2,1,0,136,0,56.9,68.1,,62.9,1.0,47.6,0.0,Developing,43.62331990336003
6.27,74.7,70.8,1,28,1384,10,1,2,3,5,4,2,2,78,1,49.4,68.5,45.3,27.0,0.0,42.9,2.3,Developing,51.7623206585248
5.69,85.3,67.4,3,67,1476,10,5,4,3,5,3,2,1,74,0,73.8,63.8,47.7,45.7,1.0,34.4,0.0,Developing,47.93748642470025
6.76,80.9,76.2,0,190,1555,2,1,5,3,5,4,2,0,108,0,46.2,55.9,18.5,72.5,1.0,78.8,0.0,Developing,53.904464167486424
7.15,77.1,93.9,0,130,1160,8,1,3,3,5,2,4,1,97,1,91.8,74.4,32.1,72.4,0.0,48.3,2.9,Highly Ready,89.73046368738964
8.79,75.8,96.8,0,163,877,4,2,4,3,3,1,5,0,61,0,77.4,58.3,70.8,50.1,0.0,46.6,,Developing,58.795727945339614
7.32,100.0,63.1,3,97,1731,9,6,1,1,3,1,2,0,35,1,41.6,63.6,43.0,35.0,6.0,44.9,1.6,Placement Ready,61.510553213592004
8.08,79.9,74.8,0,191,1466,7,1,5,4,3,5,2,0,155,0,84.6,67.2,76.5,58.7,1.0,34.6,0.0,Placement Ready,67.57544268437182
6.75,70.3,68.7,0,28,1064,8,1,2,4,4,3,1,0,71,1,70.9,68.4,46.6,69.2,1.0,86.6,0.8,Developing,42.190742548492615
6.13,76.4,86.9,2,85,1433,9,6,1,1,1,3,6,1,71,1,57.7,47.8,65.8,58.1,1.0,42.5,0.5,Placement Ready,63.396443737184946
6.33,81.6,80.6,2,144,1670,9,4,3,3,5,4,1,1,278,0,70.1,64.8,53.9,78.9,2.0,87.1,0.0,Placement Ready,77.79358643018954
6.55,86.4,72.3,1,19,1869,2,4,2,2,5,2,2,1,137,0,73.9,47.7,68.4,50.4,1.0,33.5,0.0,Needs Improvement,31.379080796536453
9.12,86.4,78.7,0,4,1425,8,1,3,2,5,2,1,1,57,0,48.6,64.5,53.9,32.6,2.0,50.4,0.0,Needs Improvement,30.24289024671609
6.46,87.4,73.7,0,321,1668,2,3,5,4,3,3,3,0,67,0,72.5,72.9,61.4,44.9,1.0,40.4,0.0,Placement Ready,64.03259848368695
7.95,76.8,92.5,0,107,987,10,4,3,3,3,1,5,0,32,0,53.5,87.2,77.7,55.0,1.0,33.9,0.0,Placement Ready,67.81374071371252
6.39,84.7,82.9,0,17,1339,7,4,2,5,3,4,2,0,23,1,72.2,70.1,65.5,43.0,0.0,46.2,12.0,Highly Ready,85.4023580870435
8.04,75.0,84.0,1,105,1249,2,4,5,3,4,1,5,1,57,1,58.0,74.1,47.0,46.2,0.0,83.3,3.3,Placement Ready,66.8639007378272
7.55,77.0,54.0,0,32,1453,3,1,2,1,2,1,5,0,92,0,44.9,46.8,28.0,71.3,1.0,75.8,0.0,Needs Improvement,26.879168240434527
7.06,74.7,77.4,2,44,1833,9,6,5,4,4,4,2,1,34,1,69.5,69.5,56.3,41.2,5.0,50.5,3.5,Highly Ready,88.06806118155728
7.16,72.5,96.7,0,215,1425,7,5,5,1,3,2,5,0,116,0,54.3,46.4,64.9,32.3,1.0,22.7,0.0,Developing,53.373272380826094
6.61,90.5,89.9,1,63,1069,3,2,3,2,2,4,3,1,28,0,62.3,78.8,60.5,68.8,,56.4,0.0,Needs Improvement,34.97998695834697
7.6,87.5,61.4,3,62,971,9,6,4,5,4,3,6,3,58,0,66.1,47.1,44.0,66.0,0.0,39.4,0.0,Placement Ready,60.741958538836954
6.79,89.8,75.2,0,31,1844,8,2,4,5,2,1,3,2,109,0,82.0,48.3,60.4,37.4,2.0,30.7,0.0,Placement Ready,72.50230296320737
6.1,82.3,67.2,1,75,1504,1,1,5,1,1,4,3,0,221,0,53.5,72.6,68.6,67.0,4.0,62.8,0.0,Needs Improvement,37.74133191872639
6.05,88.2,93.4,1,112,1484,3,6,3,5,3,1,0,1,170,0,47.3,85.5,80.3,35.8,1.0,24.4,0.0,Developing,50.521893089202756
7.36,67.9,80.2,0,63,1247,9,1,3,5,3,2,2,0,145,0,84.7,76.8,54.4,42.7,0.0,52.1,0.0,Developing,48.885244764896164
8.62,88.9,71.1,0,378,1430,4,1,2,5,2,4,1,2,73,1,60.0,57.0,97.3,36.2,2.0,58.9,1.6,Highly Ready,90.34309990485244
7.34,83.4,78.3,2,39,1054,1,4,3,5,1,3,3,0,121,1,51.8,48.1,81.3,47.2,0.0,63.2,0.5,Needs Improvement,23.34845242044839
7.09,87.0,54.5,2,38,1466,7,2,4,1,3,2,2,0,54,1,65.4,56.0,60.7,64.6,1.0,24.3,2.7,Developing,45.907933469561485
7.46,85.0,68.2,0,72,998,9,1,3,1,4,2,1,0,104,0,54.8,63.8,62.2,59.6,3.0,83.4,0.0,Needs Improvement,36.87692707873592
8.38,74.1,78.3,0,348,1242,6,1,2,4,5,3,3,0,21,1,56.0,60.9,80.2,41.2,1.0,55.3,,Highly Ready,82.75961026877125
7.4,70.0,85.6,0,165,1157,10,1,3,1,2,2,1,5,85,0,98.6,47.6,42.6,58.2,3.0,49.5,0.0,Placement Ready,79.22102654063076
6.83,76.3,60.5,2,61,800,2,6,3,2,3,5,3,0,21,0,45.2,80.0,45.2,61.5,0.0,22.9,0.0,Needs Improvement,9.003625767195464
8.2,86.5,74.6,1,61,1246,7,5,1,5,5,4,4,0,139,0,38.4,80.3,37.4,71.2,0.0,33.0,0.0,Developing,48.49565760243639
7.59,87.5,87.1,0,37,1080,7,6,4,5,2,5,2,2,117,0,78.4,88.4,,61.1,1.0,42.3,0.0,Highly Ready,81.40374719461725
8.58,71.1,64.9,0,70,1287,10,4,5,2,3,2,2,0,181,0,54.3,38.8,44.2,67.5,0.0,48.9,0.0,Developing,51.53896691852227
7.36,74.2,80.1,2,83,1351,6,4,2,3,4,5,5,0,24,1,64.8,50.7,52.3,56.1,3.0,56.3,4.0,Placement Ready,66.15664728395342
6.1,76.2,78.6,0,160,1880,9,2,2,3,3,2,4,0,276,1,69.6,65.5,57.4,41.1,1.0,42.3,1.3,Placement Ready,72.68816885685204
5.97,79.1,93.4,1,136,1441,2,6,1,2,5,2,4,1,66,0,33.8,62.1,35.9,57.8,0.0,78.4,0.0,Needs Improvement,36.118670036246456
8.69,71.1,75.9,2,69,1450,1,5,3,2,2,2,1,0,138,1,77.1,55.7,79.9,75.7,2.0,41.8,2.0,Developing,50.64476600388574
8.75,70.6,76.5,1,265,1499,8,4,3,3,3,3,1,1,31,0,51.6,50.0,77.1,76.6,1.0,53.3,0.0,Developing,54.200148718806965
7.04,75.4,85.7,3,54,1612,1,1,5,4,3,4,5,0,90,0,88.5,48.0,50.6,11.1,0.0,72.1,0.0,Needs Improvement,36.72137679892436
6.86,82.7,66.1,1,24,1486,9,5,5,5,4,1,7,1,61,0,48.1,90.4,81.7,65.7,0.0,38.4,0.0,Placement Ready,73.44018942506216
8.52,72.6,76.0,0,117,1435,1,2,4,5,2,3,3,1,117,0,83.5,42.0,64.2,46.6,0.0,22.1,0.0,Developing,44.44977089941844
6.2,81.1,73.9,3,204,1563,7,2,2,1,2,5,2,0,12,0,86.2,40.2,75.6,61.8,0.0,41.1,0.0,Needs Improvement,37.43057271286222
6.39,90.5,76.7,1,94,800,5,5,1,4,2,3,1,0,29,0,52.7,45.4,36.3,31.8,1.0,67.6,0.0,Needs Improvement,10.337384140894983
7.78,71.6,85.6,2,29,1977,7,6,3,4,2,4,2,1,148,0,57.1,64.7,52.6,47.7,1.0,50.8,0.0,Developing,54.39118157240777
6.84,80.3,83.0,0,109,1827,7,4,4,1,1,4,1,1,28,1,55.3,58.2,68.1,27.7,0.0,62.9,6.4,Highly Ready,81.85909767327865
7.2,90.2,71.3,1,120,1415,5,1,1,5,5,5,1,2,62,1,82.8,67.8,55.4,47.6,2.0,23.1,1.4,Placement Ready,67.31495726504635
7.05,78.7,79.2,1,130,926,5,4,3,3,2,4,0,1,55,1,62.7,52.1,55.2,65.3,1.0,17.1,2.0,Developing,42.09538707106724
7.5,77.4,91.4,0,111,1713,6,6,1,4,2,3,0,1,84,0,68.0,63.2,56.2,62.6,2.0,61.0,0.0,Developing,51.83970185901043
8.47,91.3,70.5,0,223,1142,7,5,2,4,5,1,1,0,34,0,57.8,63.2,64.0,91.5,0.0,56.4,0.0,Developing,59.62367597024412
7.28,79.6,79.3,3,36,1510,8,2,2,2,4,5,4,1,157,1,67.1,84.0,59.8,46.2,0.0,31.1,,Placement Ready,74.63773039077768
7.78,90.8,76.3,1,2,965,5,4,1,2,2,2,3,0,85,1,68.1,86.9,82.9,40.1,1.0,26.5,1.9,Developing,47.78091269759058
5.35,85.4,77.4,2,14,2018,4,2,2,2,2,5,4,0,169,0,51.0,59.9,42.2,78.6,1.0,46.1,0.0,Needs Improvement,32.90678266287906
7.16,79.3,63.3,0,29,917,1,6,4,4,5,2,5,0,116,1,86.6,74.0,59.5,25.8,,48.5,,Developing,43.62406165476524
6.44,85.8,90.7,0,180,1371,8,6,5,4,2,3,2,0,81,1,56.9,64.3,69.3,58.3,1.0,25.0,1.7,Placement Ready,65.19468296497293
6.1,84.6,71.0,3,75,800,3,4,4,4,5,5,2,0,4,0,75.4,72.8,38.1,63.5,1.0,48.0,0.0,Needs Improvement,17.92256372107853
6.41,90.2,87.2,0,279,1338,5,1,2,1,4,1,3,1,104,1,41.1,67.4,52.5,15.7,0.0,20.4,4.7,Placement Ready,70.62667849018284
6.9,77.6,72.4,3,34,1222,10,3,5,1,4,2,3,0,103,0,70.3,72.3,60.8,36.5,1.0,36.7,0.0,Needs Improvement,31.50140205331041
8.02,82.3,72.4,2,275,1691,8,1,3,4,3,4,3,3,166,0,76.0,73.9,82.0,31.8,2.0,23.2,0.0,Highly Ready,83.25885302400948
6.01,81.5,88.9,0,44,1222,4,5,2,5,1,2,2,1,76,0,64.0,,60.2,69.2,1.0,47.3,0.0,Needs Improvement,27.11058079819752
7.23,87.6,86.9,3,83,1692,5,5,5,2,5,5,3,0,71,1,76.1,,70.1,44.1,1.0,36.7,2.1,Placement Ready,69.00531755235444
6.76,73.8,79.9,2,17,1043,4,2,2,3,3,3,5,1,108,0,49.4,76.6,71.2,50.6,2.0,76.4,0.0,Developing,49.02142364279239
6.91,90.1,84.9,0,251,1265,7,6,4,5,1,5,3,0,71,0,67.1,60.1,13.9,27.6,2.0,55.6,0.0,Placement Ready,60.78525749228443
8.1,85.7,75.4,0,92,1271,2,5,1,2,5,3,4,1,48,0,37.2,53.9,59.3,41.2,0.0,23.2,0.0,Needs Improvement,37.08882653803363
7.68,71.5,77.9,0,389,1499,10,6,2,3,2,1,3,0,122,0,62.2,40.2,51.0,41.6,2.0,67.7,0.0,Placement Ready,74.8562754038484
8.4,91.7,72.0,1,211,1461,10,2,5,1,2,5,1,3,10,1,48.1,68.0,82.1,51.3,1.0,45.5,1.5,Placement Ready,77.94070990216048
7.06,99.9,86.1,0,81,1567,3,2,2,2,4,3,1,2,70,0,59.0,71.7,69.2,49.8,,64.6,0.0,Developing,40.357298757394624
6.57,90.0,71.8,0,51,1430,3,3,5,2,2,2,3,0,50,0,80.7,37.9,72.0,80.0,2.0,23.6,0.0,Needs Improvement,29.41947702287892
7.0,93.4,91.4,0,186,1548,6,2,3,4,1,4,2,0,28,1,86.1,53.4,,66.8,0.0,61.5,2.4,Placement Ready,70.0555595557296
7.42,82.7,75.2,0,100,1081,7,5,5,2,2,2,2,0,83,1,40.8,72.5,59.7,24.8,3.0,90.4,1.9,Placement Ready,61.59464034789284
7.36,68.7,78.2,0,49,1467,7,3,3,3,4,3,3,0,182,1,78.7,60.0,71.4,72.3,1.0,61.1,3.9,Placement Ready,69.81359191673624
6.22,67.2,84.8,1,106,1832,1,4,3,2,3,4,0,1,33,0,81.0,62.8,57.7,70.0,2.0,37.6,0.0,Needs Improvement,33.21251442593998
7.28,84.0,78.2,3,11,846,8,2,2,1,4,3,3,0,104,0,64.9,74.8,78.5,56.2,0.0,72.5,0.0,Needs Improvement,35.0288288098307
7.41,77.3,75.3,0,132,1497,1,1,2,4,1,4,5,1,93,1,80.4,60.5,40.9,71.8,2.0,35.8,1.0,Placement Ready,67.70398576391429
9.47,74.7,77.7,1,151,1553,4,6,5,4,2,1,2,0,24,1,53.8,67.4,74.6,75.4,0.0,59.1,2.4,Placement Ready,69.0884806030603
8.89,81.5,86.0,1,33,1788,8,3,3,4,2,5,5,1,92,0,52.3,46.9,52.2,46.7,0.0,94.4,0.0,Placement Ready,70.49626232833386
6.43,86.9,72.0,0,227,1568,9,1,3,3,1,4,2,1,53,1,52.4,66.9,68.9,34.3,1.0,37.9,1.4,Placement Ready,60.54102139370183
6.94,70.4,76.9,1,195,1380,7,5,2,1,4,4,3,0,40,0,70.7,43.3,32.9,64.6,0.0,59.7,0.0,Developing,55.619125047824674
5.88,78.4,78.1,3,123,1479,2,1,4,3,2,5,1,1,39,1,58.5,43.8,62.3,41.1,1.0,89.6,2.5,Needs Improvement,33.80037611692384
6.67,94.1,85.8,0,41,1129,7,6,2,4,3,3,3,0,290,0,49.3,55.0,55.6,59.5,2.0,69.2,0.0,Placement Ready,65.73732796379305
7.48,73.4,77.1,1,157,1234,1,3,2,3,5,1,3,1,14,0,50.0,69.7,57.3,37.4,0.0,63.8,0.0,Needs Improvement,39.590372085934106
8.29,89.0,94.3,0,71,949,3,3,1,4,2,1,3,2,144,0,60.0,62.7,29.7,71.6,1.0,10.2,0.0,Developing,50.87640849466974
6.54,78.1,76.6,3,113,1796,2,2,5,2,1,5,1,0,58,0,47.3,51.0,58.5,42.1,3.0,30.2,0.0,Needs Improvement,12.483601504467009
6.61,86.4,75.9,1,168,1485,10,1,1,3,5,5,3,1,30,1,70.0,74.3,60.1,51.4,0.0,66.8,2.2,Highly Ready,82.48097050683197
5.27,90.8,76.5,0,24,1075,4,3,5,2,2,1,4,0,49,1,77.9,66.5,29.5,50.3,0.0,43.3,4.2,Developing,44.99503436140403
7.05,87.9,66.2,1,17,1431,6,3,2,5,2,4,2,0,151,0,74.6,76.6,39.6,30.9,0.0,39.6,0.0,Needs Improvement,31.443154294389075
6.24,89.3,68.7,0,66,1698,8,3,1,1,4,4,5,2,156,1,100.0,49.5,60.5,73.4,1.0,73.0,1.2,Highly Ready,85.96357107353401
6.72,72.8,73.2,0,346,1648,10,3,5,2,1,1,1,0,30,0,66.2,82.1,64.5,76.8,1.0,62.7,0.0,Placement Ready,73.22069060173116
6.41,90.9,88.2,3,400,1072,10,4,4,4,2,4,5,1,90,0,85.4,84.1,57.2,52.6,1.0,33.1,0.0,Highly Ready,98.22981182718628
7.12,75.2,77.7,0,129,800,2,1,4,1,1,3,0,0,86,0,62.8,74.8,58.7,42.1,4.0,64.7,0.0,Needs Improvement,9.783779422496988
5.62,84.1,73.6,0,199,1469,4,3,3,3,5,2,1,0,56,0,55.8,68.8,58.4,51.0,0.0,30.2,0.0,Needs Improvement,28.783749747319696
5.88,84.1,89.0,1,95,1084,5,6,4,1,2,3,1,0,97,0,61.8,69.0,49.3,46.4,1.0,17.7,0.0,Needs Improvement,21.934127642028105
9.12,85.9,92.0,0,106,1537,8,6,1,3,3,5,4,0,114,1,62.5,66.6,55.1,54.6,1.0,55.8,3.6,Highly Ready,93.88121278728667
6.04,84.7,89.3,1,83,1635,4,4,2,2,3,2,2,0,28,1,58.1,42.8,35.6,49.7,0.0,24.6,1.7,Needs Improvement,33.78350763284043
6.21,75.2,70.3,0,216,1684,3,3,3,1,3,4,5,0,13,0,43.8,53.6,48.6,39.6,0.0,24.3,0.0,Developing,40.63938169459042
8.85,71.2,73.5,2,281,1873,8,3,4,3,1,4,0,1,24,0,45.3,60.5,57.3,74.2,2.0,28.9,0.0,Placement Ready,64.45617780730112
9.81,89.0,94.3,0,104,1721,5,5,3,2,2,4,5,1,48,1,77.0,47.6,77.8,51.4,1.0,52.6,1.9,Highly Ready,100.0
6.15,83.5,80.2,0,105,1875,8,3,3,1,5,4,5,0,56,0,72.5,82.1,56.1,87.8,3.0,65.0,0.0,Placement Ready,79.75766891503959
6.87,91.2,75.6,2,86,1764,4,6,4,3,3,4,1,1,122,0,86.7,,91.0,56.8,3.0,43.4,0.0,Placement Ready,71.86799712372655
7.51,81.6,84.5,1,286,1790,5,1,1,3,5,2,1,0,63,1,54.1,87.0,88.9,48.1,2.0,25.1,2.0,Highly Ready,85.13853221712012
8.76,70.8,87.1,0,182,1338,1,4,3,4,3,1,2,1,48,1,52.7,73.1,59.1,50.2,1.0,26.7,2.7,Placement Ready,75.3960859950034
6.31,89.7,72.9,1,40,963,1,4,2,5,2,5,7,0,12,1,42.8,42.4,51.4,48.8,2.0,18.1,2.0,Developing,45.77111493584143
6.98,79.0,80.0,1,339,2095,1,3,3,4,2,2,3,2,148,0,75.8,80.3,94.3,53.2,4.0,63.5,0.0,Highly Ready,100.0
7.9,84.7,86.3,0,6,1369,2,3,1,4,4,5,3,0,29,0,46.6,55.7,69.9,58.8,1.0,31.1,0.0,Needs Improvement,37.161782512017695
7.59,76.8,67.6,0,267,1719,4,1,5,4,2,2,2,1,156,1,59.5,,65.0,35.9,1.0,53.7,1.3,Highly Ready,89.55642264853161
6.86,95.2,78.1,0,204,1185,1,3,5,4,3,2,2,0,44,0,64.7,83.1,46.5,37.6,3.0,13.0,,Developing,40.89305736259384
7.08,75.0,68.0,2,104,1639,2,3,5,4,5,1,2,1,25,1,36.5,80.9,51.2,68.3,0.0,74.5,1.0,Developing,46.37660086229989
5.96,79.3,69.1,0,102,800,9,4,5,4,5,3,1,0,68,0,71.7,77.0,42.0,63.7,0.0,48.9,0.0,Needs Improvement,31.52296318235627
6.99,82.9,72.9,1,90,1227,9,4,4,3,2,5,3,1,33,1,75.2,68.1,81.8,28.2,,17.7,3.6,Highly Ready,89.40082272806023
6.96,73.3,82.3,2,42,1320,3,3,2,4,2,5,2,0,53,0,64.2,61.9,66.0,63.9,0.0,37.0,0.0,Needs Improvement,35.09849648718342
7.41,84.6,75.1,0,321,1489,10,4,1,5,4,2,5,2,66,0,58.7,88.4,53.0,69.3,4.0,52.7,0.0,Highly Ready,100.0
6.7,94.9,72.2,0,100,1672,2,4,4,3,4,3,4,0,113,1,59.5,,50.4,59.3,1.0,31.4,4.2,Placement Ready,63.29291307063323
7.62,78.1,78.5,1,42,1022,1,1,5,2,4,4,2,1,214,1,81.0,56.6,42.1,26.9,0.0,56.3,3.6,Developing,47.83815788003439
8.11,85.2,67.7,1,308,1548,4,6,2,3,1,5,4,1,40,0,60.8,,,32.3,0.0,74.6,0.0,Placement Ready,70.41397200686158
7.34,60.0,81.9,0,140,1718,3,6,5,1,3,4,0,0,72,1,59.7,78.1,60.7,54.2,2.0,67.3,0.6,Developing,53.669209443883176
7.52,81.7,88.2,1,147,2054,1,3,1,2,1,2,2,0,20,1,49.7,77.6,21.6,87.0,0.0,48.6,2.3,Needs Improvement,39.51680470695695
7.25,79.5,77.3,0,355,1562,9,5,2,5,5,2,3,1,100,1,18.0,46.8,42.6,45.8,,77.6,5.3,Highly Ready,92.71827417670625
7.2,75.5,76.2,0,162,1212,10,3,4,1,5,4,0,1,77,0,76.4,77.1,47.2,65.3,,52.9,0.0,Placement Ready,65.78866648451708
6.55,90.7,81.4,0,59,968,3,1,3,5,4,1,2,0,12,1,60.0,71.7,75.4,44.1,1.0,46.5,2.4,Developing,46.00700991130639
7.48,79.4,59.7,2,162,1899,4,6,4,3,2,3,0,3,80,1,46.9,57.2,49.1,83.9,1.0,47.0,3.9,Placement Ready,74.18190073951288
7.11,80.6,82.8,3,46,1571,8,2,2,2,4,4,5,1,32,1,91.7,50.5,29.3,55.7,2.0,50.8,0.5,Placement Ready,72.3504097350667
9.08,79.0,100.0,1,69,1343,10,3,4,3,3,2,2,1,53,1,66.6,82.0,40.4,34.4,1.0,57.7,2.4,Highly Ready,83.16240354577037
8.62,66.7,76.9,1,126,864,3,4,2,5,4,3,1,1,181,0,56.9,83.4,85.6,41.1,0.0,31.1,0.0,Developing,57.28153030294871
7.55,72.9,76.9,0,197,1071,7,3,1,1,2,4,4,1,14,1,75.3,,52.0,39.8,2.0,71.7,2.5,Placement Ready,78.071577485456
6.51,89.7,84.7,0,62,1539,1,2,3,3,3,3,3,0,107,1,65.5,43.7,41.4,57.0,0.0,75.0,7.5,Developing,54.08468970623287
6.2,65.1,92.8,2,88,1456,6,5,3,2,5,1,1,1,28,0,65.2,59.1,31.2,43.2,2.0,98.4,0.0,Needs Improvement,35.459319485763416
8.27,75.9,86.8,0,87,800,10,3,3,3,1,3,1,0,24,1,50.9,62.8,58.4,46.6,0.0,14.7,4.0,Developing,52.66254400232194
7.44,78.8,58.6,1,221,1540,5,4,1,4,2,2,1,1,39,1,70.4,,60.1,88.1,3.0,49.7,2.0,Placement Ready,66.42473344808663
7.63,95.9,83.1,1,102,879,7,4,3,5,2,4,0,0,22,0,74.1,73.3,65.1,45.0,2.0,33.0,0.0,Needs Improvement,36.573642915722694
5.63,88.1,100.0,0,336,1756,7,6,1,2,1,2,2,0,249,0,51.0,58.9,100.0,58.0,0.0,62.0,0.0,Placement Ready,69.65124239381025
8.03,77.5,83.6,1,69,1413,7,3,5,4,2,5,2,1,13,0,31.6,64.3,38.2,50.4,0.0,73.5,0.0,Developing,52.53223389384108
7.61,92.4,67.6,1,64,1211,7,3,1,3,4,1,3,0,20,0,74.3,72.0,52.1,54.2,0.0,49.9,0.0,Needs Improvement,33.662871176748354
6.2,76.1,80.5,0,264,1647,9,6,5,3,1,5,3,2,9,0,69.4,72.5,62.7,66.3,5.0,43.0,0.0,Highly Ready,95.34397862191526
6.78,90.1,66.5,1,152,1456,1,3,1,1,2,1,5,1,32,1,72.6,85.5,51.0,17.6,1.0,39.5,0.9,Developing,58.129374370166616
7.44,71.1,89.1,0,257,1747,9,2,4,5,5,4,3,3,69,1,60.7,82.4,,57.6,1.0,45.4,4.5,Highly Ready,100.0
7.25,90.6,69.4,0,31,1374,10,1,2,1,2,2,1,2,75,0,74.4,79.5,66.2,48.6,1.0,56.8,,Developing,48.89679464531732
6.94,78.8,78.7,2,100,1392,10,2,1,1,2,1,2,0,82,0,50.2,,47.9,58.0,2.0,56.6,0.0,Developing,43.84303470190646
7.11,73.8,70.3,3,126,1264,4,2,2,4,4,2,4,1,86,1,57.2,52.2,41.0,51.5,1.0,79.2,0.9,Developing,53.265687073277014
6.97,80.3,73.1,0,120,1429,6,2,1,3,4,1,3,0,129,1,44.3,48.1,43.7,51.7,0.0,46.1,4.7,Placement Ready,62.29764512055064
7.34,84.2,91.4,1,89,1859,4,4,4,1,5,1,3,0,183,1,77.4,67.9,,60.0,1.0,67.6,2.8,Highly Ready,84.99059738763255
8.52,78.0,78.9,1,118,1199,9,4,5,4,1,2,2,0,100,1,59.3,55.4,78.8,45.6,2.0,31.6,2.7,Placement Ready,65.45589563405126
4.89,86.4,73.0,1,123,1544,5,2,2,2,4,1,7,0,67,0,63.5,70.3,40.5,88.4,2.0,24.1,0.0,Developing,47.812624016924985
6.99,77.3,67.7,2,62,1086,4,3,3,5,4,5,1,0,29,1,66.5,72.4,30.3,38.6,0.0,69.7,2.8,Needs Improvement,30.833885906361054
7.36,87.0,61.2,0,215,800,7,3,1,5,1,5,1,2,72,1,56.4,65.5,72.4,79.5,3.0,57.9,4.5,Placement Ready,79.26304754692713
7.47,85.5,66.7,1,310,1412,1,1,3,3,5,3,4,0,97,1,72.3,74.7,90.9,33.9,1.0,39.2,6.0,Highly Ready,80.54469166338272
6.87,81.5,79.0,0,172,1461,4,2,5,3,2,1,0,0,51,1,84.9,53.4,95.3,50.5,,31.4,1.8,Developing,45.67649675689616
5.62,78.5,86.8,0,137,1317,3,5,3,3,3,5,1,1,112,0,74.7,41.7,35.3,60.3,,40.3,0.0,Developing,46.53950412443528
7.5,83.2,73.0,0,95,901,4,1,5,4,4,4,3,0,85,0,34.2,52.5,79.7,39.1,0.0,54.2,0.0,Needs Improvement,24.17483883297298
8.75,86.4,92.1,0,125,1441,5,2,4,5,3,1,6,0,34,0,61.6,74.2,57.9,38.0,2.0,53.0,0.0,Highly Ready,81.20044587510739
5.82,98.5,71.5,1,135,1430,1,3,1,4,2,1,3,0,39,0,62.3,88.2,27.1,50.2,3.0,20.9,0.0,Needs Improvement,38.081476607499006
7.98,89.5,75.9,1,43,1083,9,1,1,1,2,4,4,1,143,0,78.6,83.1,44.2,70.2,1.0,24.4,0.0,Placement Ready,62.94802008028438
6.9,89.8,68.3,1,207,944,5,4,2,1,4,1,0,0,9,1,51.8,59.7,45.4,56.4,0.0,52.6,1.4,Needs Improvement,28.670401798394728
7.14,100.0,86.9,0,73,1274,4,5,5,4,1,4,2,0,11,0,44.4,75.9,65.6,87.2,0.0,61.6,0.0,Developing,47.48563429711305
6.25,86.1,96.9,2,273,1546,2,3,1,2,3,3,1,2,25,0,72.5,43.1,36.1,64.6,1.0,34.1,0.0,Developing,43.73554597881271
6.9,85.9,62.1,0,115,1475,10,2,1,3,4,5,0,2,260,1,59.7,84.2,73.1,47.2,0.0,21.5,3.9,Placement Ready,76.33980443889801
8.37,87.6,74.9,0,210,1086,9,5,5,3,5,2,1,0,87,0,50.6,69.9,65.6,9.2,2.0,50.6,0.0,Developing,50.37201951607676
7.72,73.9,89.4,0,170,1391,5,2,1,3,5,3,2,1,39,0,56.1,73.6,74.3,28.6,1.0,5.8,0.0,Developing,41.183879684953844
8.76,78.4,65.0,1,32,1616,4,1,2,2,2,3,3,0,88,1,38.8,35.8,47.4,50.5,2.0,42.2,2.6,Developing,45.33916112387399
8.26,78.0,83.1,0,257,998,5,1,4,1,1,5,3,1,36,0,62.6,69.1,64.3,28.4,2.0,61.9,0.0,Developing,52.53765063122069
7.6,87.2,89.0,2,54,1369,10,1,1,2,5,4,0,0,66,0,55.4,88.4,41.4,51.7,0.0,45.1,0.0,Needs Improvement,36.0253082127316
8.77,80.6,78.7,3,69,1752,3,6,1,4,3,4,2,0,42,0,68.0,66.8,68.8,58.8,1.0,18.6,0.0,Developing,46.17894550570942
7.6,83.1,83.0,2,74,968,7,6,4,4,3,2,3,0,86,0,56.9,61.4,54.2,50.0,1.0,80.1,0.0,Developing,43.27419255692084
7.95,90.7,93.8,0,21,1697,10,4,1,5,5,3,4,0,55,0,60.5,59.1,55.8,50.4,2.0,50.1,0.0,Placement Ready,64.49211529692636
6.93,88.9,95.5,2,119,1836,8,6,4,1,4,1,2,0,39,0,53.2,52.6,57.5,88.3,2.0,54.2,0.0,Developing,49.095960823034446
7.26,80.7,77.4,0,219,1283,9,5,3,1,3,2,5,0,66,1,56.2,63.9,30.1,56.1,1.0,67.6,1.3,Placement Ready,69.06497869859896
6.57,76.6,73.2,3,269,1247,10,3,2,1,1,5,5,1,47,0,43.1,45.7,77.0,52.7,0.0,46.4,0.0,Developing,50.044048352358665
8.09,91.1,69.7,3,89,1660,1,5,4,3,1,1,2,2,47,0,75.5,69.0,59.3,38.1,0.0,44.5,0.0,Developing,44.14538432383797
6.14,88.2,86.8,0,101,1294,3,3,2,3,3,1,1,0,16,0,59.4,78.2,,54.9,2.0,74.5,0.0,Needs Improvement,32.99477763258314
7.9,69.1,65.7,0,178,800,2,6,5,1,1,3,0,1,84,1,30.2,56.7,,46.9,1.0,33.6,4.1,Developing,55.24779783569536
7.03,79.5,75.7,1,91,1320,6,6,3,3,2,4,7,0,318,0,36.2,68.1,45.0,85.6,2.0,68.3,0.0,Highly Ready,81.22035523735624
8.25,83.3,78.9,0,233,1491,5,6,4,1,4,5,4,0,68,1,75.6,61.8,53.7,64.7,0.0,27.4,1.9,Highly Ready,93.69585138526034
7.88,88.2,73.5,3,98,1572,1,4,2,4,1,3,3,2,49,1,59.4,68.2,33.2,79.1,1.0,35.4,0.5,Developing,53.859265815564996
8.84,89.3,80.5,1,47,1086,6,4,5,3,5,4,4,0,50,0,59.7,75.4,77.6,58.5,4.0,55.8,0.0,Developing,57.32779565490975
7.86,84.3,100.0,1,121,1269,2,1,2,1,3,2,8,1,140,1,60.0,68.5,63.2,76.2,0.0,78.6,0.6,Placement Ready,72.72115675753346
5.79,86.7,76.9,2,26,1643,5,4,3,1,5,3,1,2,2,0,67.3,74.7,61.2,38.0,0.0,52.9,0.0,Needs Improvement,37.110361842563286
7.14,82.5,74.1,0,120,1332,4,1,5,4,1,2,0,0,70,1,83.0,70.0,53.6,59.2,1.0,22.0,7.2,Developing,57.86065233248173
6.15,76.6,87.1,1,138,891,9,4,5,5,3,1,2,0,58,1,66.7,74.8,42.5,40.2,4.0,64.2,7.5,Placement Ready,77.95030811994663
6.73,79.9,80.2,3,54,1721,7,1,4,5,5,2,1,2,55,1,64.6,67.1,78.5,47.5,2.0,34.1,1.1,Placement Ready,69.88627907020981
8.56,82.2,91.0,0,134,1286,7,3,4,3,4,2,4,0,65,0,51.4,67.3,90.1,55.7,0.0,62.7,0.0,Developing,51.06604429348752
7.77,81.7,79.5,0,82,1677,9,5,4,3,5,3,1,1,26,0,36.9,72.4,79.1,38.7,2.0,55.7,0.0,Placement Ready,70.19888958067222
6.57,66.9,75.8,0,52,931,2,2,3,5,4,4,1,3,27,0,67.1,61.7,55.3,30.1,2.0,20.0,0.0,Developing,45.397170363691586
6.29,78.8,61.9,0,22,1314,3,4,4,5,4,5,0,1,14,0,68.3,69.0,64.2,71.7,3.0,57.2,0.0,Needs Improvement,36.348792125621074
7.23,82.4,63.4,0,29,1503,8,2,3,5,2,5,4,0,86,1,76.5,50.2,75.1,26.4,3.0,25.3,1.4,Placement Ready,72.72368176876395
6.11,79.7,61.5,0,292,1324,8,2,3,2,3,2,2,0,4,0,85.7,37.3,59.5,83.7,1.0,77.0,0.0,Developing,49.7831985687542
6.6,80.0,81.4,2,80,995,1,2,2,3,1,5,2,0,73,0,42.6,64.0,89.1,41.1,1.0,18.5,0.0,Needs Improvement,12.929123868194795
7.48,85.9,65.7,0,135,800,3,1,2,1,2,5,1,2,39,0,50.8,51.5,78.0,64.6,0.0,46.8,0.0,Needs Improvement,31.103070846426405
8.24,73.4,89.3,0,88,1807,3,3,1,1,1,3,3,1,26,1,70.0,89.7,100.0,65.6,1.0,31.1,3.0,Placement Ready,75.34873261741154
7.75,69.0,78.3,0,297,1424,1,1,4,2,2,2,1,0,67,0,60.0,51.5,61.1,36.2,1.0,78.2,0.0,Needs Improvement,26.783707829164413
5.14,79.2,75.8,3,52,1700,7,6,1,5,4,4,4,0,44,1,81.7,73.4,19.4,62.8,1.0,19.0,5.0,Highly Ready,84.25758924047615
7.47,88.1,70.4,0,108,1629,1,5,1,3,2,1,5,0,65,1,57.1,52.7,59.1,57.9,0.0,96.6,0.5,Developing,57.17699419301903
7.26,95.5,83.6,0,68,1529,9,2,2,3,3,2,2,1,28,0,90.0,62.3,51.9,65.7,1.0,42.8,0.0,Placement Ready,60.829429025524156
7.57,88.3,70.8,3,208,1254,6,6,1,5,3,3,2,1,79,0,60.8,47.0,60.8,75.6,1.0,38.7,0.0,Placement Ready,63.79818186271512
8.65,70.3,69.1,0,134,1497,8,3,4,3,1,5,3,0,56,1,84.4,45.7,86.5,68.8,1.0,65.5,7.0,Placement Ready,79.02988792372825
5.34,80.1,88.7,0,105,1780,5,4,1,2,5,5,4,0,109,1,23.9,66.6,49.3,40.2,,49.3,1.8,Developing,58.61992382475484
6.67,84.1,81.2,1,33,1375,10,5,3,4,4,5,4,1,17,0,67.3,57.1,44.7,52.7,0.0,33.0,0.0,Developing,52.77868330620579
7.73,83.4,75.9,1,388,1921,3,5,4,2,1,3,1,0,44,0,60.3,73.0,47.7,41.0,0.0,34.7,0.0,Developing,50.37474721662835
5.78,86.3,83.8,2,90,900,6,1,3,2,1,1,6,1,39,0,28.6,80.1,92.5,45.2,0.0,40.1,0.0,Needs Improvement,39.2637432339842
8.53,74.7,78.1,3,45,868,1,2,3,5,1,4,4,0,93,1,59.8,40.3,50.6,63.3,0.0,36.1,5.2,Needs Improvement,37.35997489303253
7.53,82.5,81.4,0,22,1646,9,3,2,3,2,5,1,0,128,0,41.4,77.3,62.2,65.3,2.0,66.2,0.0,Needs Improvement,37.24995541730726
7.96,85.4,70.6,2,28,1104,6,4,3,2,1,3,4,0,70,1,52.2,48.5,87.5,64.9,0.0,51.7,1.3,Needs Improvement,37.659533070767225
6.69,88.6,96.6,0,104,1963,2,6,4,5,1,3,1,1,55,0,64.6,57.3,68.6,59.9,0.0,59.3,0.0,Developing,47.32308992246906
7.93,75.6,72.8,0,211,1751,9,3,3,4,3,5,0,0,109,0,58.2,42.4,21.9,62.5,1.0,41.6,0.0,Developing,45.168007807017034
8.16,79.2,92.0,3,128,1826,10,3,4,4,3,1,3,1,47,0,65.3,42.8,50.3,47.3,0.0,62.9,0.0,Developing,53.176630614146504
7.41,60.4,76.3,0,23,1615,1,1,5,2,1,5,3,0,182,0,62.4,34.8,47.6,78.0,1.0,36.1,,Needs Improvement,29.475923520075348
7.41,77.0,85.3,0,104,1074,9,4,2,4,3,3,2,2,33,1,95.3,56.3,30.1,66.4,0.0,31.6,1.8,Placement Ready,71.45895092590433
7.44,77.8,84.6,1,255,852,8,3,1,5,3,4,1,0,8,0,63.9,62.9,50.4,54.6,3.0,39.8,0.0,Needs Improvement,30.264181032859266
6.42,73.8,88.3,0,77,1799,4,4,3,1,2,1,2,0,17,1,61.7,56.8,14.4,74.1,2.0,78.5,1.9,Developing,40.18053086280281
7.07,83.3,70.4,2,128,900,7,6,2,1,1,4,5,0,45,0,66.3,36.9,63.2,46.2,0.0,38.5,0.0,Needs Improvement,35.61160377588962
7.06,81.6,87.7,0,80,1825,8,4,1,3,4,2,1,0,242,0,59.6,34.6,58.1,57.0,3.0,39.4,,Developing,49.90321530478819
7.55,63.9,94.6,1,149,1551,5,1,4,4,1,3,4,1,27,0,36.2,62.1,46.7,70.2,1.0,54.4,0.0,Developing,41.40864213209484
8.1,83.7,75.7,0,51,1327,7,5,4,1,2,3,3,0,181,0,70.4,73.0,29.0,34.3,1.0,47.4,0.0,Developing,52.96343955819164
6.25,74.6,78.3,0,1,1483,1,3,4,3,4,5,3,0,69,1,79.4,65.5,80.3,92.8,3.0,28.3,1.4,Placement Ready,64.5651109351899
7.09,85.9,73.3,0,35,1490,10,3,4,1,4,4,4,0,27,0,83.3,88.2,48.9,45.0,0.0,26.4,0.0,Placement Ready,73.83246947576734
8.53,71.7,74.9,1,70,1289,10,6,3,5,5,3,0,0,48,0,70.3,61.5,75.6,47.3,0.0,65.0,0.0,Developing,56.96873599689018
6.53,82.2,93.4,0,96,1778,3,4,3,4,1,3,1,0,117,0,56.0,66.4,56.0,55.3,1.0,26.2,0.0,Needs Improvement,31.596961518346077
6.46,79.7,69.0,1,72,1767,5,5,2,5,1,2,2,1,53,1,63.9,61.7,81.3,67.6,2.0,67.7,,Developing,59.12631584480477
7.38,84.4,69.5,0,71,1397,3,6,4,2,4,4,3,0,28,0,86.8,51.1,67.4,69.2,1.0,40.7,0.0,Developing,48.66048930275597
7.96,83.0,92.5,1,212,1170,4,3,5,4,2,5,3,1,46,1,56.6,59.7,59.8,80.5,,3.5,4.1,Highly Ready,95.29423114908253
7.21,80.0,83.6,2,40,1742,3,6,5,2,2,3,4,0,136,1,42.1,73.7,44.6,53.9,1.0,62.9,7.9,Placement Ready,70.54950176288555
8.4,69.7,97.1,2,105,800,9,2,3,1,2,4,2,0,292,1,93.1,74.3,78.8,60.6,0.0,66.0,1.2,Placement Ready,73.77444516039853
7.97,70.2,73.9,0,25,1483,7,6,1,3,5,2,3,1,113,0,44.7,67.0,54.7,28.9,1.0,61.6,0.0,Developing,51.99243920252261
7.96,77.3,79.1,2,172,1572,9,6,5,3,4,3,3,0,189,0,36.4,84.2,45.0,36.8,2.0,40.7,0.0,Developing,58.82147883735403
7.7,81.9,72.1,3,125,1101,8,1,3,3,5,3,0,1,111,1,64.8,68.4,55.5,53.4,0.0,42.9,2.6,Developing,42.05384156504742
9.29,77.1,79.3,1,383,1642,8,1,4,5,3,4,2,1,110,0,66.1,66.6,57.3,61.1,,40.9,0.0,Highly Ready,95.03469036827656
7.02,87.0,62.0,0,39,1342,2,1,2,2,3,2,4,0,93,1,66.9,83.0,72.0,54.2,1.0,35.6,4.2,Placement Ready,64.60668639727469
5.4,79.8,84.2,1,307,1186,9,2,5,4,3,2,0,2,82,1,73.2,52.0,27.9,63.9,1.0,55.6,2.4,Highly Ready,80.32547320660954
8.64,74.3,80.9,1,44,1639,8,6,5,1,1,2,1,1,34,1,57.6,82.0,96.1,54.0,2.0,45.9,2.4,Developing,56.326088209320034
6.79,79.8,77.5,1,77,1024,2,1,1,5,3,3,4,0,64,0,57.8,48.4,,51.0,,40.7,0.0,Needs Improvement,25.06049429171432
7.3,83.8,74.5,0,30,1611,1,1,3,3,2,2,1,0,112,1,51.4,58.3,57.7,95.8,0.0,35.8,3.4,Developing,50.045211127360304
8.38,84.6,69.9,1,379,800,8,3,3,4,5,1,8,0,82,0,62.1,36.3,65.1,50.5,1.0,53.0,0.0,Placement Ready,62.01191662836391
5.76,97.0,84.5,1,139,1436,4,3,4,2,1,3,1,0,14,1,68.1,65.5,,72.2,3.0,75.4,4.2,Placement Ready,61.17889484383801
6.07,76.6,67.5,0,141,1363,4,4,2,2,1,5,5,1,135,1,73.6,80.6,60.0,32.8,2.0,52.4,2.3,Placement Ready,74.17067545962547
5.76,81.4,82.6,2,48,1188,4,4,1,5,5,1,1,1,97,0,46.5,48.9,68.4,57.1,1.0,22.9,0.0,Needs Improvement,14.67209029375612
6.49,85.4,96.7,1,7,1467,9,5,2,1,1,4,3,0,130,0,41.3,58.0,53.3,43.5,3.0,49.5,0.0,Needs Improvement,37.10970935020365
7.6,81.8,91.4,0,74,1326,4,3,3,3,3,5,1,1,27,0,73.3,58.9,66.4,88.7,2.0,59.6,0.0,Placement Ready,65.41379287567646
7.67,78.0,64.5,1,63,1666,4,3,2,2,2,5,2,0,15,0,52.1,59.0,70.7,45.5,2.0,64.2,,Developing,40.56685058231916
7.45,69.6,73.2,2,15,1518,4,1,3,2,2,5,0,0,53,0,45.2,47.3,46.3,54.5,2.0,60.3,0.0,Needs Improvement,9.434409640581881
5.93,77.9,81.8,0,79,1486,1,6,2,4,3,2,4,0,85,0,32.2,62.5,78.0,41.0,1.0,52.7,0.0,Developing,50.62250754242122
5.12,73.4,77.4,1,105,1438,1,2,4,4,4,1,4,0,170,0,81.1,84.0,57.0,40.0,2.0,100.0,0.0,Needs Improvement,35.263510185636875
7.25,68.2,65.4,0,147,1208,5,4,3,3,1,5,2,1,77,0,64.1,55.0,88.5,53.7,0.0,26.2,0.0,Developing,40.056709499037936
6.78,75.6,81.5,0,9,1259,1,6,1,4,4,4,3,0,220,0,68.2,65.2,79.0,61.2,0.0,79.8,,Developing,52.93490980198396
7.61,73.6,77.9,1,32,1424,8,4,4,1,5,2,8,0,44,1,66.6,65.1,64.5,73.0,0.0,61.1,7.1,Highly Ready,85.12309976993957
7.83,86.7,95.2,3,50,1298,5,4,2,2,2,5,1,0,93,0,63.2,56.5,45.0,45.2,0.0,95.9,0.0,Needs Improvement,24.11879081894011
7.32,86.8,75.7,1,218,1683,6,2,2,4,4,2,2,2,11,1,59.7,65.9,56.2,44.9,1.0,21.0,,Placement Ready,78.8956614634365
7.88,74.8,88.5,1,216,1378,4,5,4,4,5,4,2,0,118,1,58.9,56.7,74.1,76.8,3.0,80.7,1.2,Placement Ready,74.97503570635165
7.41,79.9,66.6,0,134,1463,8,2,2,1,5,5,1,0,163,1,45.3,67.8,49.0,82.1,0.0,82.8,3.1,Placement Ready,70.33250830299542
7.68,67.1,68.7,1,77,929,5,5,1,5,4,4,2,0,81,0,33.5,,64.9,53.6,3.0,46.9,0.0,Needs Improvement,24.921206374257693
6.57,78.0,84.5,0,228,1633,1,4,2,3,5,4,4,1,22,0,93.7,42.3,66.7,62.9,2.0,33.0,0.0,Highly Ready,88.32783956203924
7.04,85.2,87.8,0,122,1176,5,3,2,2,4,1,0,3,64,0,60.6,36.8,56.2,83.4,1.0,92.5,0.0,Developing,42.322604024754526
7.38,88.6,69.4,0,219,1037,2,5,4,3,3,5,3,0,43,0,53.4,32.1,44.9,100.0,0.0,33.5,0.0,Developing,52.204870588068715
7.94,76.3,78.2,1,139,1844,6,5,4,2,1,3,1,2,47,0,48.0,56.3,83.6,62.1,1.0,70.9,0.0,Placement Ready,68.74626257994022
6.85,90.4,65.6,3,18,1559,6,2,1,3,5,4,2,0,63,0,75.7,73.6,65.6,67.8,3.0,79.9,0.0,Needs Improvement,39.14034203384127
7.67,69.9,76.4,0,7,1643,5,3,4,1,2,4,1,0,21,1,62.2,51.8,53.2,57.3,2.0,46.8,10.7,Placement Ready,63.46129363655057
6.96,72.0,85.5,2,71,1486,4,3,4,1,4,2,1,0,76,0,47.0,58.5,45.4,29.8,0.0,46.7,0.0,Needs Improvement,19.798402542265627
7.09,87.7,74.1,2,187,1322,6,1,1,5,4,4,3,0,45,0,55.4,52.8,72.4,60.9,0.0,85.3,0.0,Developing,49.638690983973156
7.95,95.4,75.8,1,62,1266,7,3,2,4,2,2,0,0,88,0,64.7,50.3,56.9,78.3,3.0,43.9,0.0,Needs Improvement,22.604928886301437
5.41,85.9,67.8,2,259,1584,9,1,4,2,4,2,3,2,88,0,54.2,92.8,73.6,42.2,2.0,38.8,0.0,Placement Ready,77.98995457458825
6.03,81.7,72.2,0,175,1690,10,3,3,5,4,5,3,1,27,0,72.2,50.8,43.2,23.5,1.0,0.0,0.0,Developing,51.90253139411887
5.87,64.4,93.8,0,243,1330,1,2,2,4,4,4,2,0,51,0,91.9,43.1,62.8,65.0,0.0,72.4,0.0,Developing,48.983030728530466
5.1,65.8,78.7,1,73,1972,7,2,4,4,5,3,5,1,49,1,53.7,49.5,50.3,25.1,0.0,42.5,6.4,Highly Ready,83.36563023321374
6.59,83.0,69.0,1,42,1291,1,5,4,4,2,1,3,1,61,1,55.7,63.0,85.9,28.3,3.0,65.7,1.7,Developing,42.84928640420745
7.87,79.1,75.2,1,36,932,5,1,3,5,4,4,2,1,149,1,47.6,54.0,63.9,27.2,0.0,47.1,3.6,Needs Improvement,35.20715385176531
6.94,73.2,63.6,0,148,834,8,1,1,5,1,4,2,0,37,1,57.7,66.0,42.1,21.0,0.0,76.7,6.8,Developing,47.13561749025528
7.38,82.5,68.9,3,19,844,6,2,4,2,4,1,3,0,50,1,30.6,51.8,73.0,73.0,2.0,77.5,0.8,Needs Improvement,27.841868140148954
8.18,82.9,90.2,0,21,1226,9,1,1,4,1,4,2,0,88,0,76.5,,77.8,57.4,1.0,30.1,0.0,Needs Improvement,35.96903251478531
8.39,89.6,76.7,0,59,1280,10,6,5,1,2,2,3,1,67,1,40.0,52.1,52.6,90.0,0.0,40.7,4.4,Highly Ready,80.78714425430962
7.14,83.1,95.0,0,119,1555,10,6,1,3,1,4,3,0,116,0,47.9,60.7,45.0,67.5,0.0,61.6,0.0,Developing,55.579271085703105
8.42,91.8,77.1,0,50,1341,7,5,1,1,5,5,2,1,86,1,61.3,72.0,22.8,90.0,0.0,78.1,1.0,Placement Ready,67.66291206335426
7.28,82.1,77.7,0,216,1603,7,5,2,1,2,4,3,1,50,0,80.7,73.5,75.6,44.1,3.0,52.3,0.0,Placement Ready,72.6113056512903
6.45,81.1,83.8,1,246,1363,9,1,2,4,2,5,3,0,71,0,47.2,81.7,30.0,61.2,1.0,54.3,0.0,Developing,48.00058586841961
6.67,90.5,53.9,0,3,1354,3,4,2,2,2,1,3,0,137,0,57.2,43.6,57.2,33.3,0.0,57.0,0.0,Needs Improvement,20.73844663565012
5.87,74.2,79.8,0,141,1177,4,1,5,1,4,2,2,3,23,0,64.4,47.4,30.4,50.3,1.0,32.5,0.0,Developing,48.3494103154595
6.4,100.0,77.6,0,63,1777,4,2,2,5,5,1,3,0,25,1,49.9,49.1,86.8,79.4,0.0,40.9,4.3,Placement Ready,62.377404183631526
6.88,85.0,91.4,1,193,891,8,3,5,5,4,1,5,0,28,1,58.2,62.0,79.4,54.3,3.0,46.3,6.6,Highly Ready,84.3830543752139
7.92,85.0,86.7,3,144,1440,4,5,1,2,1,2,3,1,52,1,36.1,46.9,62.8,51.0,1.0,70.0,1.5,Placement Ready,61.337891191375334
8.75,86.2,67.8,2,114,1296,2,2,4,3,3,1,2,1,57,1,52.1,52.4,74.8,54.6,0.0,85.9,1.7,Placement Ready,61.52432618704779
5.96,97.0,89.2,1,90,1585,8,2,1,2,1,2,2,0,151,1,78.5,71.6,55.9,57.4,3.0,31.8,0.6,Placement Ready,64.81827684748407
7.55,88.3,75.6,0,21,1344,8,5,2,5,1,1,0,1,42,1,72.2,77.0,44.8,57.5,1.0,64.4,1.2,Developing,57.37436702928264
6.26,69.2,69.9,0,420,1353,6,2,1,4,1,1,1,0,16,1,53.3,71.7,31.2,77.7,1.0,54.4,2.7,Developing,51.244643404291196
7.63,93.2,79.8,0,31,1270,9,3,2,3,4,5,6,0,137,1,44.8,66.5,,42.7,0.0,40.0,1.5,Highly Ready,82.609978712567
7.08,79.3,76.2,0,309,1768,8,2,3,5,5,4,4,0,41,0,56.8,52.7,41.8,51.5,1.0,30.8,0.0,Placement Ready,75.8029556053784
5.55,82.9,91.8,1,165,1351,10,6,5,4,2,3,2,1,104,1,38.0,62.3,98.4,56.7,2.0,54.6,1.5,Placement Ready,70.87005967000303
8.04,71.8,81.1,0,65,1941,3,4,4,1,5,3,2,0,122,0,57.0,78.0,40.2,39.6,2.0,38.3,0.0,Developing,52.986306813037125
6.66,86.2,79.9,2,57,1432,2,1,4,3,2,2,7,0,75,0,53.8,71.3,74.2,47.4,0.0,57.5,0.0,Needs Improvement,37.134992184549354
6.72,76.8,86.1,0,20,1357,4,1,3,5,2,3,1,1,61,0,53.3,74.4,78.4,68.0,2.0,30.0,0.0,Developing,45.73548755138718
6.24,82.8,87.8,0,103,1306,9,6,2,3,1,4,1,1,33,1,57.9,75.3,,41.0,3.0,27.9,3.2,Placement Ready,74.0344287873205
6.61,79.7,85.1,1,19,1519,10,6,2,1,1,3,5,1,32,1,68.1,57.4,50.8,100.0,1.0,71.5,6.3,Highly Ready,94.22762915124618
7.59,97.4,90.8,0,225,1173,2,5,1,4,4,4,4,0,125,0,44.4,70.9,54.3,82.8,,53.9,0.0,Developing,59.443257111435585
7.03,97.9,83.5,2,123,1394,9,1,4,3,3,3,4,0,84,0,74.4,56.7,100.0,58.0,3.0,53.4,0.0,Placement Ready,72.90347929902288
7.5,82.4,79.5,1,98,1352,5,5,4,2,1,2,2,3,126,1,76.9,70.3,54.1,64.8,1.0,39.9,3.9,Highly Ready,90.71483212373954
7.53,82.5,89.2,1,108,1448,9,4,3,5,3,5,2,1,43,1,93.0,79.2,39.8,68.1,0.0,65.2,1.3,Placement Ready,76.4050888785411
8.39,79.0,77.2,0,127,1455,7,6,3,5,2,5,3,0,143,0,64.4,83.8,65.9,64.5,1.0,46.3,0.0,Placement Ready,68.82755833544869
6.89,90.8,78.3,3,76,1471,1,3,2,3,2,2,5,0,179,1,82.1,70.3,41.2,56.6,2.0,65.6,3.1,Placement Ready,76.788579570132
5.87,79.4,93.5,2,84,1378,5,3,5,4,5,3,3,2,21,1,74.6,67.5,57.0,100.0,1.0,40.9,2.2,Highly Ready,91.51897808011606
8.16,78.6,92.6,0,332,1821,1,4,5,2,3,4,3,0,22,0,62.9,81.4,50.7,42.8,2.0,28.8,0.0,Placement Ready,66.95949464573465
6.9,89.8,77.9,1,209,1477,4,1,3,4,3,2,2,0,109,0,41.7,49.9,66.3,48.4,1.0,35.5,0.0,Needs Improvement,22.99829369475693
8.2,77.7,73.9,3,160,2132,8,5,4,5,4,4,4,0,72,0,73.4,82.2,49.0,56.2,1.0,58.5,0.0,Highly Ready,89.2231040928319
7.55,81.7,91.2,0,65,1365,7,3,2,2,5,5,2,0,54,1,63.6,,46.9,66.0,0.0,30.2,1.6,Placement Ready,70.41794111389768
7.08,69.3,85.2,1,12,1638,8,2,1,5,4,2,4,0,120,1,86.8,63.9,75.3,89.2,0.0,86.2,3.0,Highly Ready,89.55302273934205
7.51,87.6,80.8,2,147,1132,7,5,2,1,3,1,1,0,38,1,71.1,55.7,62.6,55.0,0.0,22.8,2.7,Developing,41.018677421339774
8.96,97.5,75.1,0,108,1770,1,2,5,3,2,5,1,1,40,1,75.8,45.6,58.5,64.8,1.0,47.0,3.0,Placement Ready,75.38504807893916
9.07,87.8,81.0,1,83,1139,6,6,3,1,1,5,2,2,24,0,51.3,82.6,27.2,61.6,0.0,73.8,0.0,Developing,48.43023528644957
7.26,93.7,77.8,1,94,1487,5,2,5,3,1,5,4,0,131,0,63.7,67.7,67.9,53.6,0.0,55.7,0.0,Placement Ready,61.56673219118911
7.34,75.2,72.0,0,33,1271,6,3,2,4,4,4,3,1,19,1,31.1,56.8,50.5,76.1,1.0,42.9,3.6,Developing,55.60732109192441
8.17,83.9,79.2,0,44,1486,3,3,3,5,4,1,4,0,121,0,68.3,66.9,62.5,62.3,0.0,73.0,0.0,Developing,48.63369569894118
6.44,74.5,80.4,1,210,1280,8,5,1,1,2,5,2,0,96,1,78.3,57.3,28.5,71.8,1.0,31.4,3.6,Placement Ready,62.42601617934472
7.5,80.2,74.6,0,8,1113,7,2,4,5,5,1,2,1,123,1,80.9,38.1,62.4,50.0,3.0,44.2,2.8,Placement Ready,61.77444611516129
7.18,88.2,86.1,3,189,1269,5,2,2,5,5,1,2,0,25,0,54.7,59.5,61.1,45.8,1.0,17.7,0.0,Needs Improvement,37.73627774277307
7.48,82.8,89.6,1,267,1812,1,2,1,1,4,4,2,1,60,0,32.8,42.3,54.3,49.2,1.0,67.7,0.0,Developing,40.153056096078366
6.45,70.7,86.7,1,144,1490,1,2,2,5,2,2,5,1,33,1,51.9,65.3,43.8,60.1,1.0,61.2,9.7,Highly Ready,97.24903881818383
5.77,71.5,75.5,0,139,963,4,3,4,5,3,5,2,1,168,0,58.8,84.2,76.7,74.0,,61.3,0.0,Developing,58.67539440526243
5.33,71.0,84.8,0,43,1679,6,4,5,1,5,5,1,0,68,0,66.1,53.0,46.1,90.6,3.0,52.6,0.0,Developing,41.867853603831485
6.19,85.9,78.7,0,50,1083,10,6,5,1,3,5,3,0,42,1,29.6,73.1,72.6,58.0,0.0,51.6,12.0,Placement Ready,70.30573536857378
6.79,98.5,66.9,1,70,1573,8,3,2,4,3,5,2,0,32,0,58.4,53.0,74.8,86.7,0.0,52.2,0.0,Developing,43.83737258086951
6.94,92.9,84.1,0,26,1516,5,3,3,3,3,3,6,0,74,0,44.4,61.7,44.7,65.6,5.0,56.1,0.0,Developing,59.993557326918065
8.94,66.8,79.3,0,46,1535,3,1,3,2,5,5,4,0,42,1,81.7,49.7,,43.6,1.0,52.6,2.7,Placement Ready,64.61001796475361
8.2,93.4,100.0,0,107,1906,2,1,4,3,3,5,1,0,46,0,25.0,70.7,51.1,57.0,3.0,31.4,0.0,Developing,42.85045017261308
6.33,89.5,91.1,1,67,1101,2,5,4,2,1,2,0,0,57,0,75.2,80.9,68.2,68.1,1.0,4.8,0.0,Needs Improvement,15.550755880482745
7.51,69.6,84.4,1,115,1533,1,4,1,5,3,3,4,0,236,1,57.6,64.7,43.0,69.4,2.0,91.8,8.9,Highly Ready,90.38036504577249
6.83,79.6,80.2,1,209,1728,10,4,1,2,4,4,2,0,66,0,29.3,69.5,56.2,46.8,0.0,37.0,0.0,Developing,57.957856432505224
6.94,90.8,79.5,0,114,1157,1,3,3,1,5,5,1,1,41,0,85.2,69.5,59.2,48.9,1.0,46.5,0.0,Needs Improvement,35.60159769100339
7.37,86.4,69.0,0,140,1126,9,4,3,5,1,2,3,1,66,1,80.3,58.5,57.5,49.3,0.0,72.3,0.7,Placement Ready,67.28518881197027
7.76,71.5,62.3,0,19,1264,6,6,5,5,5,2,5,0,35,1,78.7,80.3,64.1,51.6,1.0,56.7,3.3,Placement Ready,66.82278481989616
6.89,86.9,70.1,0,206,1447,7,2,5,5,5,2,0,0,167,0,61.4,54.8,,60.2,0.0,21.4,0.0,Needs Improvement,39.17959375091538
8.16,64.9,77.6,0,18,927,10,3,1,5,4,4,3,0,106,1,49.9,40.0,49.2,87.1,1.0,26.7,1.8,Developing,58.307125647574985
6.17,80.2,59.1,3,63,1515,8,2,3,1,2,3,1,1,20,0,61.0,49.1,69.4,47.8,0.0,67.6,0.0,Needs Improvement,31.493552089306846
7.21,91.1,73.1,0,35,927,2,1,3,4,2,2,5,2,105,1,68.2,,51.4,27.1,1.0,61.9,6.0,Placement Ready,78.94608753295553
9.54,82.1,75.8,0,12,1738,10,5,3,2,3,4,1,1,76,1,51.9,56.6,50.0,26.0,1.0,39.7,1.3,Developing,47.98346578152534
7.4,78.0,76.1,1,110,1504,2,5,1,3,1,4,3,1,92,1,47.1,63.3,44.5,68.9,3.0,49.2,5.7,Placement Ready,67.06630408867422
8.49,89.1,72.0,2,149,1924,6,6,5,3,4,3,3,0,134,0,67.4,58.7,50.6,45.7,3.0,50.8,0.0,Placement Ready,66.39399870062219
7.28,89.8,74.9,0,271,1551,7,1,1,5,4,4,1,0,27,0,62.9,64.5,41.6,59.6,3.0,55.0,0.0,Placement Ready,65.88697994482048
7.72,92.5,93.5,1,122,1259,3,2,5,3,3,2,4,1,59,0,73.9,77.3,69.7,43.0,1.0,58.4,0.0,Placement Ready,71.89358767582725
7.15,89.0,84.0,0,46,1110,7,4,5,2,4,1,1,1,89,1,82.8,83.4,50.8,52.5,1.0,42.2,1.1,Developing,59.99767114121059
7.05,90.7,73.0,1,65,1422,7,5,5,1,4,5,2,0,124,1,72.8,,40.7,49.5,1.0,64.0,3.7,Placement Ready,69.49453358379921
6.5,87.9,77.4,0,14,1341,10,6,1,3,5,4,0,1,100,0,42.7,75.0,54.7,43.3,1.0,61.9,0.0,Needs Improvement,37.44268000639958
7.59,84.1,77.7,0,71,1706,10,5,3,5,4,5,2,1,58,0,59.8,64.8,35.7,76.0,3.0,67.4,0.0,Placement Ready,78.18137289338597
6.43,82.7,71.1,1,97,1071,4,6,1,4,2,5,2,2,130,0,65.8,44.9,44.3,77.3,0.0,65.4,0.0,Developing,52.31126696974334
7.8,80.1,71.1,0,145,1956,7,5,4,5,1,2,3,2,54,0,72.1,68.9,79.7,65.9,0.0,64.9,0.0,Highly Ready,96.25436530124897
8.18,72.3,87.1,0,174,1732,9,2,5,1,5,3,2,2,47,1,72.9,87.9,40.6,89.7,0.0,40.9,1.1,Highly Ready,87.09835880368088
7.53,74.4,74.2,0,141,1289,1,4,3,3,4,5,3,2,9,1,59.1,51.7,55.7,32.6,1.0,47.5,4.5,Highly Ready,81.75841769627435
6.94,79.7,68.1,2,42,1889,7,4,1,4,5,1,1,0,23,1,52.6,58.8,93.3,51.4,1.0,33.0,3.5,Placement Ready,68.7968246337267
7.61,83.9,77.6,1,31,1115,10,3,2,5,3,5,3,0,55,1,75.1,39.5,62.0,49.1,0.0,54.0,2.3,Developing,47.34709684435557
6.92,93.5,79.1,0,165,1412,2,6,1,2,1,1,1,2,25,1,65.7,60.4,49.8,67.1,3.0,34.0,1.2,Developing,50.307881347740114
8.04,81.7,60.2,3,11,967,8,5,3,4,3,2,1,0,13,0,64.2,64.2,26.2,33.6,0.0,59.4,0.0,Needs Improvement,15.017938845959321
5.55,90.0,77.6,0,363,1904,1,4,2,2,4,3,1,0,29,1,49.4,89.6,60.7,66.3,0.0,74.0,5.5,Placement Ready,74.34363349546558
6.9,90.6,85.8,3,50,856,5,3,5,3,2,4,4,0,178,0,91.5,48.9,45.7,30.5,2.0,50.0,0.0,Needs Improvement,37.017428344336
5.41,80.1,82.1,0,227,918,9,5,2,4,3,2,2,2,20,0,63.7,75.5,66.9,67.7,1.0,39.2,0.0,Placement Ready,72.67118877444035
5.85,86.8,98.1,0,59,1160,10,2,2,5,3,5,1,0,22,1,58.7,66.2,47.2,74.6,5.0,59.9,1.9,Developing,56.52360815218952
8.43,80.1,89.3,0,152,1747,8,2,2,3,2,4,1,1,119,0,63.7,93.3,62.4,35.8,3.0,70.6,0.0,Placement Ready,77.40220110136428
8.01,92.6,91.0,0,32,1636,8,3,5,3,5,4,3,2,88,1,58.0,64.5,81.1,48.8,1.0,35.0,2.4,Highly Ready,86.0613525924862
6.55,87.1,100.0,0,101,1387,3,1,2,5,3,4,2,1,60,0,40.7,61.3,68.7,75.2,1.0,52.3,0.0,Developing,53.74930240139509
5.85,72.5,84.8,0,16,1656,9,3,5,3,5,1,4,2,113,0,64.5,73.9,36.9,78.7,1.0,56.3,0.0,Placement Ready,79.95446226588487
4.53,83.3,79.5,0,127,1315,7,3,4,2,1,5,1,0,68,0,38.2,68.8,59.4,30.7,5.0,44.4,0.0,Needs Improvement,33.90931508551465
6.71,95.2,86.8,3,31,1477,10,4,2,2,5,4,1,1,0,0,61.5,75.1,73.4,61.4,1.0,60.3,0.0,Developing,49.862308261512304
9.38,80.6,73.0,0,37,1846,7,3,3,4,4,1,3,2,38,0,36.1,69.9,33.7,66.1,0.0,17.2,0.0,Placement Ready,62.561758658721246
7.59,85.6,79.0,0,68,1276,1,6,1,4,4,4,2,1,265,0,27.7,41.3,85.0,54.8,1.0,56.9,0.0,Developing,42.41323647826754
6.7,86.4,72.2,3,81,1120,6,2,5,3,2,1,2,1,68,0,69.2,69.3,60.3,79.4,2.0,85.9,0.0,Developing,43.77067117801285
7.62,73.7,81.6,0,145,1491,8,3,5,1,1,4,3,3,140,0,43.4,69.0,67.2,45.7,0.0,61.2,0.0,Highly Ready,83.36566973336221
5.8,86.1,72.1,2,134,1572,8,5,2,1,2,3,6,1,148,0,66.5,51.6,52.5,47.9,4.0,50.8,0.0,Developing,59.405018131387386
6.93,70.8,71.8,1,110,1383,4,2,1,2,3,1,4,1,99,0,62.5,,58.7,43.8,1.0,25.7,0.0,Developing,54.727357360317534
7.29,77.0,81.7,3,188,1651,2,4,3,1,2,2,3,0,62,1,62.2,36.3,43.7,59.2,3.0,43.1,0.6,Developing,45.255711487463174
7.12,90.6,76.8,1,132,1290,9,6,4,3,1,1,6,0,31,1,50.6,65.6,82.8,50.4,1.0,56.2,2.2,Highly Ready,95.40302754959978
7.91,84.9,60.7,1,139,1388,9,3,4,3,1,5,6,1,20,0,58.0,71.6,86.7,69.8,1.0,51.9,0.0,Highly Ready,82.864059096649
7.51,79.6,64.9,0,36,1462,9,2,1,2,4,5,6,1,144,1,50.2,75.4,92.3,49.1,1.0,25.3,1.0,Highly Ready,83.27338311413057
7.8,85.6,67.7,1,199,1436,7,2,1,5,4,5,1,0,84,1,74.2,71.8,29.7,52.2,0.0,55.0,1.2,Placement Ready,62.36804990280999
6.58,81.5,70.1,1,182,1834,9,1,2,2,1,3,2,0,85,0,52.8,49.6,63.3,59.3,0.0,32.9,0.0,Needs Improvement,32.64015219309973
8.01,82.1,81.7,3,114,1461,5,2,4,5,4,2,2,1,98,1,56.3,41.5,64.9,41.8,,38.5,3.4,Developing,53.590523104460594
8.67,87.3,80.0,0,177,1259,8,6,2,1,5,5,5,1,48,1,71.2,75.2,46.7,73.2,0.0,67.9,,Highly Ready,100.0
6.33,76.2,87.6,0,95,1508,5,2,5,4,5,2,3,1,126,0,50.7,67.7,64.0,67.6,1.0,45.2,0.0,Placement Ready,60.06631225784352
6.4,82.3,84.8,0,281,1653,8,6,2,5,1,3,3,0,71,0,33.1,68.9,35.0,67.0,1.0,37.1,0.0,Placement Ready,68.70321429224337
8.4,79.5,87.6,2,106,1582,2,6,5,5,3,1,1,0,52,1,44.1,85.5,81.5,38.6,,30.3,4.8,Placement Ready,64.72958257055703
7.03,69.3,83.5,0,93,1566,3,5,5,3,1,5,5,0,86,0,75.8,39.5,33.5,82.2,4.0,35.7,0.0,Placement Ready,72.01220133301157
8.46,74.6,79.9,3,132,901,3,6,4,2,1,1,2,0,129,0,61.2,87.2,62.0,24.4,0.0,39.2,0.0,Needs Improvement,6.628491482698301
6.8,94.5,87.9,0,321,800,5,3,1,2,5,1,3,2,50,0,64.4,54.1,70.6,68.5,2.0,67.2,0.0,Highly Ready,84.99048772746393
8.51,85.1,86.3,0,61,1733,9,6,1,3,5,5,3,1,263,0,64.4,73.5,48.4,58.3,2.0,49.4,0.0,Highly Ready,83.46776436895632
7.32,71.4,81.4,3,126,1482,2,4,1,5,2,5,1,1,19,0,86.8,61.8,80.0,67.3,2.0,74.1,0.0,Developing,52.507060624075514
7.43,69.7,89.4,1,65,1344,8,1,4,2,3,5,2,0,94,0,28.9,57.2,28.8,52.3,3.0,26.6,0.0,Developing,42.00749909224778
8.61,81.1,56.9,1,93,1558,9,5,4,5,1,5,2,1,35,1,58.1,40.9,57.5,57.4,3.0,75.8,2.4,Placement Ready,69.22270178203947
6.87,94.5,75.4,3,46,1928,7,6,5,5,5,1,4,0,73,0,60.5,52.6,31.0,67.8,2.0,47.0,0.0,Placement Ready,66.98644522871933
6.35,80.5,75.2,2,136,1774,7,6,5,1,3,2,1,1,109,1,59.7,68.5,45.6,55.9,2.0,45.5,3.0,Placement Ready,74.5598601727867
6.8,92.5,88.4,1,99,1639,2,3,2,5,2,4,2,2,532,1,72.0,67.0,50.1,59.6,2.0,45.2,2.4,Highly Ready,100.0
7.61,84.8,92.1,0,174,1084,7,1,2,3,5,2,3,1,12,0,72.4,75.3,49.1,60.2,1.0,95.2,0.0,Placement Ready,65.82459126704818
5.79,85.8,64.9,3,210,1123,3,4,4,4,1,4,0,0,26,1,56.8,52.3,78.3,93.3,0.0,40.5,2.1,Needs Improvement,34.09555429251083
7.77,71.3,90.7,1,232,800,3,6,4,2,2,5,4,0,97,1,34.7,72.5,39.2,28.8,0.0,91.4,2.6,Developing,52.861397231690084
6.72,89.5,67.5,3,67,1540,9,6,2,2,4,5,0,1,131,0,97.6,62.9,33.1,78.0,3.0,67.3,0.0,Developing,51.61279519360037
8.23,79.3,67.7,3,132,1683,7,4,1,3,3,4,2,0,46,0,59.9,70.9,51.1,63.7,0.0,27.9,0.0,Developing,40.61278207953871
5.05,88.9,75.9,1,243,1707,10,5,1,1,4,4,2,1,25,0,61.3,69.2,59.8,61.5,0.0,30.8,0.0,Placement Ready,64.60865284453288
6.49,75.5,75.1,0,46,1553,5,1,5,4,2,3,5,0,99,1,78.9,55.4,66.1,34.3,0.0,53.8,4.3,Placement Ready,74.48491112982379
5.68,83.4,64.0,3,108,1304,4,4,2,4,4,1,1,1,39,0,54.1,65.5,76.5,75.6,3.0,52.1,0.0,Needs Improvement,27.60731894791246
6.46,84.8,83.8,3,48,1181,10,1,4,1,3,3,2,0,161,1,79.4,68.5,23.6,36.7,0.0,42.0,2.4,Developing,42.625881941997974
7.42,80.8,84.1,0,318,1102,7,5,5,2,1,5,2,1,91,1,55.4,73.0,85.0,81.0,2.0,39.3,3.4,Highly Ready,99.00322246629489
7.04,85.2,87.5,1,241,1301,9,1,5,3,2,5,6,2,97,1,87.4,83.1,44.9,46.7,2.0,81.0,6.3,Highly Ready,100.0
6.97,79.9,74.1,1,150,1057,1,4,3,4,2,2,0,2,147,1,66.8,53.1,53.5,81.0,2.0,53.1,2.3,Placement Ready,62.697793570711696
7.06,76.8,77.6,1,148,1877,6,6,4,2,3,4,5,1,224,0,49.9,45.7,58.4,43.9,2.0,59.4,0.0,Placement Ready,74.97513201755817
7.38,94.8,77.7,3,53,959,9,1,1,5,3,2,3,1,29,0,92.7,80.0,23.3,40.1,0.0,52.3,0.0,Developing,41.24185561234316
6.29,90.4,93.2,0,261,1291,9,3,5,3,3,3,4,0,54,0,69.0,44.0,51.1,54.3,1.0,50.9,0.0,Placement Ready,77.01272919470345
7.84,75.9,52.5,3,78,800,8,1,5,3,1,4,2,1,160,0,50.9,76.5,73.9,43.3,2.0,93.1,0.0,Needs Improvement,34.0719122366078
7.8,86.5,69.4,1,58,1439,2,5,2,1,5,3,2,0,70,1,38.9,49.3,68.1,51.9,0.0,61.5,2.9,Needs Improvement,35.25012505878845
7.55,76.1,78.0,0,218,1349,6,6,2,4,4,4,2,1,43,1,70.5,53.2,50.0,84.6,2.0,100.0,2.5,Placement Ready,71.77106218967012
7.7,72.5,68.2,1,72,1243,2,1,4,5,4,1,4,3,64,1,80.8,60.9,61.4,46.5,2.0,65.6,1.8,Placement Ready,79.38677187743127
7.47,90.3,75.7,0,60,1070,9,4,3,2,2,2,4,1,212,0,65.8,41.7,65.4,58.9,0.0,37.0,0.0,Placement Ready,63.71292284183941
9.03,68.4,76.9,3,182,1351,7,5,4,3,4,5,4,1,66,0,65.0,48.4,53.9,83.0,1.0,74.9,0.0,Developing,57.19452853417241
7.12,89.4,72.1,2,34,1187,2,1,1,1,2,4,2,0,106,0,83.4,38.6,65.9,60.0,0.0,48.5,0.0,Needs Improvement,7.701610993012388
6.92,80.0,78.6,3,151,1309,8,3,2,2,3,5,3,0,52,0,69.0,71.4,45.2,75.0,1.0,80.5,0.0,Developing,50.69987087901621
6.52,80.3,83.7,1,109,1937,8,1,4,1,2,5,3,1,16,1,50.1,61.8,42.9,65.4,3.0,36.5,5.4,Highly Ready,80.47563384185605
6.27,85.3,75.9,0,171,1402,1,6,5,4,2,2,3,0,129,1,50.8,62.2,53.2,72.9,1.0,18.3,3.2,Developing,58.67222548583469
6.08,86.6,73.9,0,139,1510,1,4,1,5,4,2,1,0,52,1,68.3,61.1,19.4,54.8,2.0,52.0,0.9,Needs Improvement,39.343460168585906
6.4,75.4,76.5,3,457,1211,3,4,4,1,2,2,2,0,139,1,67.5,61.8,69.1,65.8,0.0,79.4,3.9,Placement Ready,79.17853179653105
7.14,87.7,77.9,0,117,1115,1,6,1,4,4,3,2,1,102,0,76.3,55.3,59.3,86.6,1.0,37.4,0.0,Developing,48.9029047431071
7.5,82.9,62.3,3,71,1343,6,5,5,3,3,2,1,0,85,0,65.5,,54.4,50.3,2.0,61.6,0.0,Needs Improvement,36.660411212304645
7.25,72.0,82.2,0,100,2101,9,2,2,4,5,2,4,0,169,1,70.2,,70.7,63.0,0.0,36.5,3.6,Highly Ready,89.09691018503541
6.51,80.6,73.9,1,138,1264,1,4,2,3,1,1,2,1,52,0,65.2,41.8,64.2,44.4,3.0,68.9,0.0,Needs Improvement,19.25331397900105
8.01,93.1,89.4,1,306,1458,7,2,4,5,5,2,1,2,127,0,74.5,81.0,75.0,73.5,0.0,42.7,0.0,Highly Ready,91.90516917945946
7.87,95.4,83.3,0,158,1101,5,4,5,1,1,5,2,2,67,0,71.2,65.7,83.3,27.5,2.0,55.4,0.0,Developing,57.27790439319844
7.06,87.7,88.5,0,50,800,9,5,3,1,3,3,8,0,49,1,56.1,33.7,63.3,50.8,1.0,43.3,5.4,Placement Ready,70.32607714833703
6.61,72.5,68.9,0,800,1113,5,6,2,2,2,4,4,1,95,1,57.2,66.5,46.5,73.0,4.0,35.0,4.7,Highly Ready,100.0
7.69,85.9,74.7,2,204,2064,7,6,5,4,4,3,2,0,44,0,64.9,39.7,69.6,53.3,3.0,11.5,0.0,Placement Ready,62.812224576922354
7.37,88.8,66.8,0,48,1529,10,3,5,1,1,3,1,0,54,1,61.7,80.2,46.5,25.4,0.0,24.0,3.7,Placement Ready,60.69247757375182
5.9,87.8,71.7,1,37,1842,2,6,3,1,2,4,2,1,76,0,79.7,74.9,45.8,42.8,2.0,44.4,0.0,Needs Improvement,32.54704510092778
7.14,88.3,89.3,0,30,1246,4,6,1,4,2,1,5,0,163,0,63.2,91.4,53.3,44.2,0.0,59.0,0.0,Developing,53.668312502732704
7.44,84.9,91.4,2,96,800,3,4,5,3,5,2,1,1,174,0,38.6,57.8,76.5,82.6,0.0,87.1,0.0,Developing,40.13667531035198
6.39,81.4,67.7,3,99,1017,2,1,4,4,3,1,6,0,26,0,42.3,45.0,70.0,69.3,2.0,39.6,0.0,Needs Improvement,10.3548129664014
7.37,77.1,73.9,0,57,1469,7,1,3,2,1,1,0,0,47,1,56.4,54.4,72.2,71.0,0.0,37.3,3.1,Developing,42.419713331104006
5.89,66.8,77.3,0,26,1421,1,4,1,1,4,4,1,1,112,0,70.8,54.8,60.0,34.9,1.0,23.5,0.0,Needs Improvement,0.1293452739559413
8.4,84.7,83.3,0,37,1347,4,5,5,3,2,1,0,1,42,0,49.1,67.4,67.1,55.9,0.0,67.1,0.0,Needs Improvement,37.59967851082926
8.32,83.5,62.2,1,160,1191,2,6,4,1,2,2,2,0,46,1,69.8,36.4,67.6,82.3,2.0,61.4,3.5,Placement Ready,60.10975314388982
6.97,86.5,63.6,1,79,1632,7,2,2,3,3,3,3,0,65,0,48.5,61.9,47.0,71.1,2.0,58.9,0.0,Developing,41.655373051671944
7.53,71.3,82.4,1,42,1200,8,6,2,5,4,2,3,0,108,1,62.4,47.8,67.4,47.2,0.0,56.9,1.7,Developing,55.81488360605443
5.03,87.2,60.5,1,108,1442,5,5,2,1,5,1,4,0,84,0,66.2,54.8,57.9,69.2,2.0,42.5,0.0,Developing,57.060730163660125
6.16,98.4,74.0,1,125,1409,5,3,5,2,1,5,2,0,176,0,42.9,81.4,51.5,34.0,2.0,77.2,0.0,Developing,40.41837642045928
6.94,82.6,79.5,0,135,1239,5,3,3,5,5,5,4,0,76,0,65.9,76.0,,41.3,1.0,34.5,0.0,Developing,48.84021820520768
6.24,81.5,81.7,0,105,1086,2,3,5,2,5,3,1,0,85,1,84.2,72.2,49.2,23.8,0.0,40.5,2.2,Developing,54.75170547651349
7.84,84.5,76.7,3,93,1222,4,5,4,2,2,3,5,2,67,0,57.0,70.9,53.5,53.9,1.0,29.7,0.0,Placement Ready,60.34306342335282
9.0,98.3,74.7,1,231,1912,10,5,2,4,3,5,0,0,92,0,61.1,58.3,57.9,66.6,0.0,47.4,0.0,Placement Ready,75.08638111283521
6.14,73.8,85.6,2,39,1684,1,2,3,1,2,5,2,0,50,0,63.8,61.3,68.6,39.4,0.0,34.5,0.0,Needs Improvement,6.047156158448635
6.45,83.6,80.6,1,84,1656,8,3,5,1,3,1,4,0,96,1,61.4,40.0,82.1,54.3,2.0,37.4,0.5,Developing,41.97311801743493
7.41,75.6,72.2,0,14,1114,2,1,3,5,4,1,2,0,41,1,60.4,44.7,,41.6,0.0,26.0,5.2,Needs Improvement,29.245732799159217
8.65,77.6,78.3,1,75,919,2,6,4,5,4,2,2,1,153,1,59.2,63.8,59.9,45.8,1.0,30.8,10.3,Placement Ready,73.00667539581957
6.1,81.6,81.4,1,114,1679,3,3,1,5,3,2,3,1,70,1,36.5,46.3,26.0,38.0,0.0,17.8,1.1,Needs Improvement,34.590037023891725
7.42,92.8,93.5,0,180,1621,3,2,3,1,3,5,5,0,198,0,66.8,71.7,96.7,76.9,0.0,57.2,0.0,Placement Ready,74.12813456287412
8.84,96.4,85.1,0,14,1391,4,2,3,3,3,3,4,0,152,0,43.9,61.3,46.7,44.1,0.0,32.8,0.0,Needs Improvement,21.014300704085578
5.71,85.6,88.9,1,112,1239,9,1,2,5,3,5,1,0,87,0,65.6,57.8,47.2,51.6,2.0,82.2,0.0,Developing,42.74949239130496
6.05,79.0,72.5,0,337,911,10,3,5,5,1,4,3,2,115,0,70.5,53.5,78.2,46.9,2.0,68.9,0.0,Highly Ready,83.03288062914221
6.82,100.0,73.3,0,143,1610,7,5,2,2,2,4,1,0,97,0,66.1,68.3,40.4,61.2,0.0,51.4,0.0,Needs Improvement,30.264886829561128
6.73,78.6,75.9,0,32,1706,2,2,5,3,4,5,2,0,26,1,46.7,71.5,63.9,98.2,0.0,61.4,4.0,Developing,57.59154574881304
7.93,77.4,76.7,1,75,1146,10,3,1,1,5,3,4,0,84,0,64.7,49.7,50.6,100.0,1.0,67.2,0.0,Developing,53.1493632596774
7.42,67.8,68.9,0,146,1121,9,4,3,1,5,4,2,1,81,1,56.8,54.7,54.0,52.1,1.0,40.1,1.5,Placement Ready,69.45639013497288
5.6,93.2,89.4,0,59,1722,1,3,3,2,5,2,1,0,66,0,51.2,59.4,58.8,62.9,1.0,45.9,0.0,Needs Improvement,23.671121493851473
7.66,89.7,86.0,0,122,1157,4,5,2,2,4,2,2,1,103,1,91.0,66.5,38.9,72.2,3.0,71.6,2.1,Highly Ready,83.9011120934423
6.68,100.0,75.2,0,116,1884,8,2,3,5,3,3,2,0,85,0,46.5,66.3,56.0,77.2,1.0,72.9,0.0,Placement Ready,65.60478562702826
8.35,70.9,83.8,0,95,1317,1,3,5,1,4,5,1,0,90,1,67.4,60.6,74.4,66.7,0.0,34.6,3.3,Developing,47.85454230674247
6.64,93.7,80.0,2,29,1234,1,6,3,3,5,1,0,3,191,1,82.9,71.9,56.8,74.7,0.0,95.9,2.2,Placement Ready,71.52347126084469
6.63,82.6,84.5,0,53,1364,7,6,3,3,2,3,3,1,76,0,65.7,60.1,100.0,62.9,0.0,22.9,0.0,Placement Ready,64.91042723369591
7.69,88.4,65.9,0,360,1234,4,4,5,1,1,2,0,0,128,0,50.8,42.4,59.5,45.2,2.0,4.3,0.0,Developing,45.42516975455075
7.89,68.8,76.7,1,71,1688,5,3,5,3,2,5,3,0,70,1,51.7,80.7,38.9,74.6,2.0,84.5,2.2,Placement Ready,72.2707602844196
7.6,93.7,77.5,3,78,1616,8,6,1,5,3,3,1,0,194,1,39.0,75.7,49.7,58.2,1.0,64.6,5.9,Placement Ready,67.25242794779587
5.68,88.3,83.6,2,78,1676,6,3,4,1,4,1,1,0,112,1,61.4,42.7,27.0,61.6,2.0,53.7,4.8,Needs Improvement,38.37337006641985
7.68,81.7,72.3,3,177,1405,8,3,5,1,3,1,2,3,87,0,62.0,64.5,75.2,32.9,1.0,66.2,0.0,Placement Ready,75.29589523747944
6.27,87.2,55.5,0,82,1213,2,4,5,1,5,4,2,0,45,1,56.2,80.2,83.7,42.8,1.0,36.4,1.1,Needs Improvement,32.24953210101424
7.41,75.9,68.3,0,96,1347,1,3,5,1,2,2,1,1,197,1,81.4,57.7,71.5,49.4,1.0,15.2,2.3,Developing,51.188317102421955
5.92,77.4,77.5,0,112,1222,3,6,1,5,3,1,0,0,145,0,59.4,72.8,44.6,64.9,0.0,41.0,0.0,Needs Improvement,29.45935324556519
7.6,78.3,78.6,0,192,1790,3,2,4,1,5,1,1,0,42,1,36.7,,44.0,86.4,1.0,36.1,2.0,Developing,49.136025096758424
6.47,67.2,93.2,3,97,1651,4,1,5,2,1,1,2,1,20,0,82.7,65.8,69.8,69.1,1.0,30.2,0.0,Needs Improvement,39.51867359572694
6.05,88.9,83.2,0,105,1323,8,3,3,5,5,2,2,1,60,0,42.8,92.0,49.7,52.8,2.0,37.9,0.0,Developing,46.00384683870122
7.84,91.5,78.7,2,61,1072,2,6,1,5,1,4,1,0,34,0,68.2,71.1,44.2,39.1,0.0,38.2,0.0,Needs Improvement,14.861123060457524
7.42,76.4,77.7,3,124,1812,2,1,1,1,5,5,0,1,65,1,70.2,63.4,42.4,77.1,1.0,40.6,2.5,Developing,42.33581163634678
6.65,84.8,87.9,2,151,1391,3,5,2,2,2,3,2,0,123,0,59.4,59.7,87.9,61.3,2.0,57.6,0.0,Needs Improvement,36.95897667979797
8.51,79.9,72.7,1,159,1311,4,1,5,1,4,5,3,1,144,0,74.6,,50.6,1.5,2.0,61.2,,Placement Ready,60.19268671714546
6.8,84.6,76.7,2,324,1815,2,4,1,1,4,4,1,0,18,1,61.8,54.1,71.3,73.6,2.0,56.0,0.5,Placement Ready,60.627557772208036
7.23,77.0,68.2,0,50,1197,2,3,4,5,2,1,5,0,25,0,55.2,,66.8,62.2,2.0,0.0,0.0,Needs Improvement,30.781893465059174
7.44,74.9,90.8,2,100,1254,6,1,1,2,3,4,6,0,34,0,29.4,49.4,44.4,19.3,1.0,29.7,0.0,Needs Improvement,33.35319559163068
6.64,90.4,81.5,1,82,1281,2,5,5,4,4,2,4,0,83,1,34.7,60.0,58.6,66.5,0.0,29.9,4.1,Developing,53.14553938175464
7.62,81.5,71.6,3,285,955,2,2,1,1,5,5,4,2,151,1,100.0,73.2,42.0,57.3,0.0,73.9,3.1,Highly Ready,82.5022506398282
6.72,98.2,77.0,0,163,1445,9,3,2,2,1,5,3,0,70,0,71.7,66.6,81.2,33.5,1.0,33.0,0.0,Developing,49.91107830444402
6.83,82.4,82.6,3,21,1121,1,4,1,2,3,1,3,1,17,0,79.5,64.4,43.4,90.5,1.0,12.1,0.0,Needs Improvement,20.96823868019156
8.43,74.6,75.7,1,57,1179,1,4,3,3,5,1,0,0,90,0,98.4,91.7,63.8,63.3,2.0,63.8,0.0,Needs Improvement,24.393804372671646
6.26,91.8,73.2,0,74,1139,1,1,4,5,3,3,1,1,52,1,55.3,85.6,50.1,47.6,0.0,51.8,4.4,Placement Ready,63.85291312331527
5.03,87.0,72.1,1,24,1174,6,3,3,2,1,4,1,0,53,0,58.6,49.2,43.2,42.5,0.0,100.0,0.0,Needs Improvement,17.611228967160176
8.65,87.8,81.1,0,106,1098,7,4,3,4,1,3,6,0,82,0,36.0,71.9,75.2,52.6,1.0,22.4,0.0,Placement Ready,78.71604861533164
9.49,91.5,74.8,0,64,1424,7,4,4,3,5,1,6,1,106,1,56.4,45.4,49.7,53.2,0.0,45.6,1.4,Highly Ready,91.33663737882888
6.84,76.8,73.9,1,333,1303,7,5,3,4,3,4,2,1,140,1,56.0,65.7,28.7,65.6,0.0,29.3,5.9,Highly Ready,87.7993413885472
5.46,81.0,66.0,2,123,1364,1,5,4,2,4,4,0,0,153,1,54.9,42.8,64.8,51.8,3.0,29.3,3.3,Needs Improvement,20.469924968063136
6.92,80.6,78.7,0,72,2056,4,2,2,3,5,5,2,0,128,1,76.5,53.5,46.7,48.8,0.0,33.5,0.5,Placement Ready,60.02024133544655
6.94,71.7,76.4,0,41,1303,7,5,1,4,1,2,5,0,118,1,71.5,70.7,60.5,58.5,1.0,28.0,2.4,Placement Ready,75.70110321395934
7.03,79.9,75.1,0,93,1531,7,6,1,3,3,1,2,1,23,0,74.5,55.6,71.7,48.4,1.0,53.7,0.0,Developing,43.312155674275424
6.2,92.7,79.8,1,269,1566,4,6,1,4,1,4,2,0,112,0,42.4,46.9,63.7,53.9,1.0,51.3,0.0,Developing,49.06551542340755
7.72,83.9,84.7,0,83,1331,9,6,1,1,5,4,1,0,66,0,61.2,52.4,,79.3,3.0,49.4,0.0,Developing,55.14057826470929
7.67,71.2,84.3,1,94,1432,9,2,1,2,3,3,4,0,152,0,65.9,48.8,37.2,47.6,1.0,75.4,0.0,Developing,48.61580816689988
5.86,69.6,83.0,0,210,1356,8,4,1,1,5,4,2,1,49,1,88.8,67.8,77.2,52.9,1.0,61.2,5.4,Highly Ready,90.96778525598367
7.83,95.3,75.8,3,121,1411,8,3,1,1,2,1,4,1,62,1,62.5,78.8,53.2,42.0,2.0,66.7,,Placement Ready,76.01135584466124
9.05,81.3,72.9,0,175,1174,10,6,4,1,1,1,2,0,44,0,58.3,59.2,35.2,73.8,2.0,53.2,0.0,Developing,46.69642144371397
7.35,76.8,68.6,0,130,1202,8,5,2,2,5,3,2,2,51,0,77.0,76.4,18.7,26.3,2.0,56.2,,Placement Ready,66.89297683017064
6.9,79.8,72.7,0,124,1355,6,1,3,2,4,5,4,0,173,1,56.9,54.0,53.1,40.9,0.0,68.6,2.6,Developing,53.258754162619226
7.07,70.2,78.2,3,20,800,4,6,1,4,1,3,4,0,46,0,67.8,60.6,45.4,67.1,2.0,27.1,0.0,Needs Improvement,25.895942121104756
7.75,93.4,70.9,2,36,1799,4,5,5,3,4,4,5,0,77,1,67.3,87.0,45.7,52.4,0.0,36.9,3.0,Placement Ready,78.37200778911622
5.64,78.9,78.9,0,111,1998,9,4,2,4,3,5,5,1,49,1,52.9,59.5,63.3,70.0,0.0,51.5,6.6,Highly Ready,94.69268479713507
7.35,92.9,69.3,0,45,1401,3,3,3,5,1,2,1,0,77,1,50.4,77.0,85.5,51.7,3.0,50.8,,Developing,53.29071032332823
6.85,82.4,63.1,2,93,1550,7,3,4,4,2,3,5,0,90,0,59.5,51.9,43.6,43.6,0.0,21.6,0.0,Needs Improvement,28.587163482184426
8.86,93.4,85.4,0,33,1674,6,5,5,3,4,4,1,1,111,1,53.5,61.7,59.5,52.9,1.0,65.2,2.8,Highly Ready,80.10302728180947
7.04,84.1,73.7,0,211,953,4,5,4,5,1,1,2,1,72,1,37.5,50.0,48.9,33.0,1.0,78.8,4.6,Placement Ready,60.43095369463505
8.7,88.8,70.5,0,50,1628,5,4,3,2,2,3,1,0,184,1,70.8,62.9,42.2,41.0,4.0,77.3,1.8,Placement Ready,75.25870777201379
6.21,87.8,68.2,1,41,1222,1,6,2,5,2,3,1,1,19,0,68.6,65.4,41.7,70.5,0.0,36.1,0.0,Needs Improvement,27.322595238275184
7.73,87.0,81.8,0,26,2037,8,2,2,1,4,2,4,1,45,1,48.9,72.6,84.3,50.6,0.0,67.0,1.6,Placement Ready,63.4777823958342
7.49,84.8,90.4,0,157,1294,1,3,1,5,5,2,4,1,43,1,47.4,53.9,58.2,54.5,1.0,41.9,1.9,Placement Ready,61.89285376955512
6.42,80.1,74.4,0,93,1622,1,4,2,2,4,3,2,0,35,0,67.3,59.7,55.0,57.1,1.0,51.4,0.0,Developing,43.23556048168814
7.36,97.3,76.1,3,206,1296,3,1,4,4,4,5,3,0,105,0,86.3,78.6,47.0,28.3,1.0,72.0,0.0,Developing,51.02256000259563
8.29,74.7,87.6,2,62,2009,6,3,2,2,1,3,4,2,43,0,75.3,45.1,59.1,28.5,0.0,76.8,0.0,Developing,54.2847089578335
6.91,82.0,61.7,3,35,1196,3,6,2,2,5,5,6,0,4,1,78.0,27.3,47.8,61.5,0.0,41.2,0.9,Developing,40.053543946678126
5.68,82.1,95.7,0,90,1700,9,5,1,2,1,4,4,0,84,0,55.4,52.9,88.9,48.0,0.0,39.6,0.0,Placement Ready,64.74475984862848
7.18,85.2,100.0,0,235,1538,10,5,2,4,3,1,0,1,187,0,66.2,70.5,62.0,51.3,1.0,80.0,0.0,Placement Ready,66.7755141931892
6.39,78.6,53.6,0,19,1471,4,1,1,1,5,5,4,1,6,0,58.0,63.2,60.2,65.5,2.0,48.0,0.0,Needs Improvement,35.57201544825475
6.89,84.5,77.1,1,119,1419,10,1,3,1,2,3,1,1,102,0,49.1,48.6,59.9,39.1,1.0,0.0,0.0,Needs Improvement,34.03921184211232
7.13,80.6,71.5,0,128,1150,1,3,2,5,2,3,2,1,135,1,62.9,63.0,78.9,45.4,0.0,58.8,2.5,Developing,51.03091934861272
5.66,69.3,75.6,1,261,800,2,2,5,1,1,4,1,1,48,0,47.0,56.9,57.6,49.0,4.0,34.0,0.0,Needs Improvement,33.814720500049496
5.75,82.1,74.2,0,47,1672,4,1,3,4,2,1,5,1,92,0,48.8,40.1,50.4,60.7,1.0,44.3,0.0,Developing,41.137826445466914
7.63,73.2,85.3,0,18,1203,10,4,2,2,3,2,2,1,80,0,53.3,57.2,60.6,48.9,1.0,61.9,0.0,Developing,47.367030855454466
6.73,68.1,77.0,0,67,1701,6,5,3,2,3,4,1,1,109,0,54.9,72.4,70.7,44.2,3.0,13.0,0.0,Placement Ready,62.22534912546796
4.89,83.1,69.8,1,173,1456,8,5,5,2,1,4,2,1,52,1,59.6,58.1,76.9,83.8,4.0,65.3,5.8,Highly Ready,80.66838057403324
7.91,85.9,76.5,3,98,1710,7,1,1,2,2,2,3,2,53,1,29.0,40.8,61.4,55.7,1.0,19.7,4.0,Placement Ready,69.52818826806309
7.45,86.2,82.6,1,138,1591,5,5,2,4,1,3,1,0,94,0,46.0,86.2,61.7,66.1,0.0,35.1,0.0,Developing,48.14179732872397
6.56,86.5,67.3,0,37,800,10,3,3,5,2,4,3,1,72,0,83.6,48.1,73.9,24.2,2.0,56.4,0.0,Developing,41.182350995318046
6.01,66.5,63.2,1,79,1534,10,1,1,2,4,3,4,0,146,0,59.9,67.2,14.3,33.1,0.0,25.4,0.0,Developing,42.3219047210705
7.95,71.1,95.9,1,101,1247,5,3,3,1,1,3,2,1,77,0,68.4,73.7,59.4,65.0,,25.5,0.0,Needs Improvement,37.45509470598867
7.51,97.8,72.2,0,22,1700,8,2,1,1,1,3,2,0,96,0,66.2,67.9,,50.9,2.0,56.7,0.0,Needs Improvement,33.2798776349615
9.34,73.6,76.8,3,100,1527,7,5,5,4,3,2,5,1,54,1,58.4,58.7,58.9,48.4,4.0,60.6,5.3,Highly Ready,92.2327100045478
7.58,86.9,74.4,3,73,1531,6,5,4,5,3,3,4,1,54,0,46.8,36.6,63.7,38.8,2.0,46.4,0.0,Developing,44.9263552232518
7.55,76.5,82.9,0,518,1268,2,5,1,1,5,4,2,1,120,0,51.8,78.4,77.9,71.6,2.0,62.4,0.0,Placement Ready,73.4255795103213
7.05,82.6,94.0,0,95,1076,3,1,3,3,3,4,2,1,129,1,89.4,45.7,35.8,66.1,2.0,100.0,2.7,Developing,58.1497928562772
7.94,76.9,83.2,0,271,1220,10,3,2,2,5,4,1,1,23,1,52.0,75.6,46.5,53.9,1.0,20.2,,Highly Ready,93.55888991513396
7.76,86.5,64.3,1,137,810,3,3,3,2,4,3,2,1,63,0,85.8,77.6,43.8,59.2,1.0,5.2,0.0,Needs Improvement,38.36491302886907
8.33,83.1,65.5,0,86,1173,7,6,3,5,3,4,2,0,97,1,53.8,44.9,48.3,49.8,0.0,72.5,0.9,Developing,51.50602804188414
6.73,78.4,74.4,0,244,911,10,4,5,2,2,4,2,0,7,1,55.2,44.7,36.1,43.4,1.0,26.3,5.2,Placement Ready,65.4926659002163
6.81,73.6,75.6,1,32,919,7,4,1,2,1,2,1,0,62,1,61.1,56.5,92.2,46.2,0.0,57.4,3.6,Developing,44.01753535793926
6.77,84.1,62.5,0,66,1385,3,3,3,1,4,3,0,1,244,0,57.4,74.9,71.9,68.0,4.0,62.1,0.0,Developing,44.89630195032166
7.91,72.3,85.4,0,180,1510,9,2,5,5,5,4,3,1,36,0,45.9,53.6,45.6,48.3,2.0,49.3,0.0,Placement Ready,66.71430838512856
8.55,85.4,68.2,0,8,1340,1,5,1,5,2,4,4,0,35,1,59.8,63.3,58.2,56.0,0.0,55.6,1.2,Developing,45.45710546571127
6.79,100.0,91.4,1,92,1200,8,6,2,5,2,3,2,0,69,1,37.9,55.0,51.0,47.7,0.0,84.2,4.5,Placement Ready,67.58663859866557
6.82,92.8,94.4,0,92,1066,3,1,4,2,1,2,5,0,73,1,65.5,73.0,60.5,71.0,0.0,37.8,3.6,Placement Ready,63.85117025356955
7.48,87.7,75.8,0,116,1255,7,4,1,1,3,5,3,0,57,0,63.4,53.1,45.7,43.9,0.0,75.5,0.0,Developing,42.10754538273586
6.98,81.3,82.0,1,79,1103,5,5,2,5,2,3,4,0,131,1,70.9,51.9,33.6,81.0,2.0,23.8,2.6,Developing,59.83538773035697
8.06,66.5,66.9,0,175,1331,6,1,5,4,1,3,1,2,14,0,52.5,47.5,48.8,45.3,0.0,57.0,0.0,Needs Improvement,39.72030112395614
5.17,71.4,83.6,1,49,894,4,4,3,2,1,3,2,0,34,0,71.1,47.1,80.1,45.3,1.0,59.7,0.0,Needs Improvement,11.047367385271867
6.46,92.3,73.5,0,193,1560,6,3,1,1,2,4,4,3,62,0,66.5,76.9,34.2,89.1,1.0,48.5,0.0,Highly Ready,82.51309338285458
6.5,75.7,68.2,1,36,1180,10,4,5,4,3,2,5,0,151,1,61.9,57.0,75.6,36.9,2.0,69.4,1.0,Placement Ready,70.74200821310953
5.11,76.4,75.4,1,123,1463,9,4,3,5,3,5,2,1,45,0,89.7,48.7,67.0,54.4,2.0,50.9,0.0,Placement Ready,64.68860985119488
6.33,80.7,73.8,1,225,1616,5,6,3,1,4,1,2,0,31,1,67.1,38.6,51.6,72.2,3.0,56.7,0.5,Developing,48.12761922453752
6.38,73.5,75.1,0,45,1448,10,1,5,3,3,1,5,1,10,0,53.0,58.2,70.0,28.8,2.0,35.9,0.0,Developing,56.538362173825526
7.02,72.2,86.5,0,56,1590,9,2,2,3,4,3,1,1,28,0,83.0,50.5,61.3,59.4,1.0,30.0,0.0,Developing,44.21768200283307
8.2,81.6,70.9,1,197,800,7,3,2,3,2,5,1,1,11,1,67.7,47.9,23.8,28.8,0.0,29.5,5.8,Developing,50.438369061592574
6.98,74.9,93.6,0,110,1202,6,5,3,2,2,1,1,0,43,0,86.7,51.2,51.5,55.6,1.0,37.7,,Needs Improvement,34.33866832171874
6.27,76.1,66.1,0,18,1681,1,4,2,2,3,4,6,1,104,0,32.2,63.7,52.0,89.6,2.0,24.4,0.0,Developing,58.451783763353106
7.15,75.8,92.5,1,113,1503,6,2,1,2,1,2,4,0,91,1,55.5,45.7,81.1,15.0,1.0,87.4,2.6,Developing,55.26958838142046
8.14,86.2,68.9,2,155,1905,3,1,1,5,4,1,6,0,107,1,55.5,57.7,51.6,53.7,4.0,43.8,4.9,Highly Ready,90.86534133511526
6.32,80.1,78.0,1,203,1861,2,6,2,5,1,2,2,3,24,1,31.7,74.4,54.6,47.3,1.0,49.8,7.7,Highly Ready,81.35578003983159
6.38,80.6,73.6,3,120,1440,9,1,1,1,5,4,5,1,17,0,62.5,54.3,39.4,37.9,3.0,27.0,0.0,Developing,43.53591786050241
7.7,86.8,74.9,1,140,1274,3,1,3,4,5,4,4,1,88,1,54.4,,57.0,29.0,0.0,90.9,2.1,Placement Ready,62.05023795049062
7.0,80.9,85.2,0,290,1062,7,3,5,3,3,5,1,1,124,1,30.0,76.8,39.0,73.7,0.0,44.9,3.1,Highly Ready,97.21152026311917
7.78,79.8,91.5,0,184,1207,9,4,2,2,2,5,2,2,69,0,48.5,60.8,75.4,58.4,0.0,38.2,0.0,Placement Ready,61.250180384716586
7.19,85.8,88.7,1,77,1228,6,2,1,1,2,1,2,0,93,0,80.8,59.6,51.3,23.4,0.0,40.1,0.0,Needs Improvement,24.726830443771387
7.83,87.3,74.4,2,85,1172,8,2,1,4,3,5,3,0,66,0,73.6,69.3,38.9,39.0,1.0,45.8,0.0,Developing,44.45320947677635
6.27,80.8,79.7,0,218,1074,8,1,1,2,3,1,4,1,48,0,49.3,60.8,77.6,45.7,0.0,43.9,0.0,Developing,50.06299974405132
7.19,82.6,71.0,0,119,1470,5,3,3,1,1,5,3,1,54,0,48.9,63.0,37.1,28.3,1.0,23.1,0.0,Needs Improvement,36.325138243641874
7.01,75.7,69.1,0,106,1859,10,6,3,5,1,4,1,1,123,0,72.9,40.0,62.1,56.5,0.0,67.2,0.0,Placement Ready,64.38165578588881
6.11,75.1,67.7,1,75,1630,10,1,3,5,4,5,1,2,65,1,30.5,,34.2,59.3,2.0,27.7,0.7,Developing,48.57285719702992
5.79,88.2,74.1,1,213,1253,4,4,4,3,1,1,3,0,122,1,68.9,88.1,62.7,59.1,0.0,66.2,3.5,Placement Ready,68.64506796613489
7.82,85.6,80.2,0,48,1654,9,2,2,3,3,1,1,3,77,0,32.5,47.4,75.1,89.4,2.0,23.4,0.0,Placement Ready,60.591123743130474
6.88,85.6,60.8,0,66,1454,2,5,4,3,5,5,3,1,42,1,84.6,,47.6,39.0,,53.5,7.0,Highly Ready,84.43399781846475
6.28,84.2,77.6,1,212,1338,2,1,5,1,1,2,1,0,97,1,69.9,86.4,39.1,47.0,2.0,29.5,2.4,Needs Improvement,34.09197968964771
7.11,82.4,91.6,0,210,1319,6,2,1,1,5,2,1,1,66,1,32.3,71.6,39.6,46.0,3.0,35.4,4.1,Placement Ready,65.03138211225738
8.22,87.6,88.1,0,410,1290,7,1,1,2,3,2,2,0,142,1,54.3,66.1,57.1,69.5,1.0,59.6,0.5,Placement Ready,66.47705649799882
5.15,89.5,72.7,0,93,1545,6,4,2,2,3,1,6,0,35,0,64.8,50.8,88.8,67.7,2.0,73.6,0.0,Placement Ready,64.75193756789716
5.85,89.3,65.4,1,76,1392,8,5,1,1,4,1,1,0,11,1,30.2,53.3,75.1,35.8,2.0,86.5,6.0,Developing,51.601516382729514
6.37,81.2,82.1,1,83,1131,4,2,5,1,4,1,5,1,104,0,59.3,57.7,76.7,79.6,3.0,57.5,0.0,Developing,40.53590335210083
8.52,93.1,57.1,0,20,1117,9,3,5,5,3,5,1,0,162,1,67.2,66.7,40.9,39.6,2.0,49.9,2.9,Developing,46.5381522826128
7.45,83.8,88.0,0,10,1442,10,2,3,5,1,1,2,2,124,1,29.0,79.8,75.6,69.5,1.0,30.7,1.3,Placement Ready,78.57411257441014
7.89,87.1,76.1,1,120,1479,1,1,1,2,5,5,2,0,171,1,71.2,63.6,73.8,68.5,0.0,14.2,3.8,Developing,58.2981760616866
6.17,84.3,94.5,1,71,1256,5,1,5,4,1,2,2,3,196,0,58.1,54.0,62.9,61.8,1.0,62.4,0.0,Placement Ready,63.56561701007838
6.19,84.0,62.5,0,51,1010,3,6,5,1,5,4,2,0,60,0,73.8,60.6,47.9,49.4,3.0,44.9,0.0,Needs Improvement,32.552986713202486
7.6,76.1,86.3,0,105,1725,7,4,3,5,3,2,1,1,29,0,56.5,69.3,73.6,49.7,2.0,50.2,0.0,Placement Ready,61.066628245753336
7.25,87.6,77.1,1,122,1662,5,4,4,5,3,5,2,1,4,0,44.1,66.7,47.2,63.2,1.0,42.0,0.0,Placement Ready,60.62813951643448
7.69,100.0,75.0,0,88,800,3,2,4,1,4,1,3,0,12,0,42.7,58.5,68.5,63.9,3.0,35.6,0.0,Needs Improvement,23.70588452673365
7.03,79.0,65.7,0,89,1752,3,2,3,2,5,4,2,2,101,0,55.3,46.3,51.9,67.1,2.0,63.5,0.0,Developing,53.50320736300201
7.45,82.6,83.4,1,71,1287,4,5,2,2,1,5,3,0,13,1,57.2,77.1,42.2,67.1,1.0,84.1,1.8,Developing,46.105469410580916
7.34,78.4,84.1,0,163,1407,2,3,2,1,5,3,1,1,83,1,76.0,58.3,51.5,60.8,1.0,26.0,4.0,Placement Ready,65.29058542193398
7.9,78.1,94.1,0,62,1691,2,1,2,2,4,3,2,0,106,0,55.8,65.4,89.5,79.0,1.0,12.5,,Needs Improvement,34.66488740658964
7.93,94.4,87.1,1,41,1846,7,3,2,4,2,1,2,0,71,1,36.6,52.5,39.3,44.8,1.0,45.3,5.9,Placement Ready,65.62340843807472
5.74,76.6,72.7,0,68,1651,10,4,4,4,3,5,1,0,53,1,53.1,,73.9,55.7,2.0,35.6,6.2,Placement Ready,65.94100877032533
5.18,78.2,69.0,0,116,1422,6,4,5,1,4,5,2,0,33,1,37.1,69.0,71.4,45.5,0.0,73.7,2.3,Developing,52.595382495370075
8.1,69.3,65.7,3,170,937,10,4,1,2,1,3,3,0,179,1,65.2,44.3,55.0,96.5,1.0,60.1,0.5,Developing,45.73943120273526
8.27,75.9,91.3,0,328,800,2,6,1,5,3,4,2,0,33,1,68.7,45.7,49.2,68.0,3.0,87.9,2.3,Placement Ready,76.92990596830194
6.28,68.3,71.0,1,105,1613,10,2,3,5,4,4,2,0,54,0,71.3,83.1,38.0,72.2,2.0,71.6,0.0,Placement Ready,65.30068971133393
5.53,87.1,91.3,2,274,1753,6,4,4,3,3,2,0,0,49,1,55.5,73.6,78.6,62.6,0.0,52.1,7.8,Placement Ready,78.8551894052938
7.29,100.0,82.7,3,58,1106,8,6,3,4,3,1,0,2,110,1,49.5,67.8,39.0,54.0,0.0,53.0,1.6,Developing,44.10626010709463
8.04,79.1,81.0,2,49,1269,1,6,5,2,3,1,3,1,77,0,52.3,47.0,13.4,100.0,2.0,57.8,0.0,Developing,47.92185803665631
8.82,68.7,75.2,0,136,1183,7,6,4,5,3,5,2,0,22,0,58.6,65.1,62.9,75.7,2.0,31.8,0.0,Placement Ready,63.22537127699025
7.66,89.2,83.9,2,151,1175,4,5,4,3,5,4,2,0,119,1,52.4,61.0,36.4,49.5,2.0,58.7,2.2,Developing,53.27880641985636
6.87,76.2,77.9,0,113,1672,9,1,3,4,5,1,1,1,33,1,84.1,55.8,56.2,50.4,1.0,77.4,1.1,Placement Ready,68.63238087979688
6.4,92.4,74.7,0,526,1416,8,6,1,2,5,5,2,2,84,1,54.5,60.7,36.5,58.8,0.0,37.4,0.5,Highly Ready,96.97345243594322
7.21,79.7,84.3,0,61,1281,9,1,1,1,1,5,3,1,169,0,58.5,42.0,48.7,45.8,2.0,45.2,0.0,Developing,41.27051643614156
6.93,76.9,76.7,1,239,2147,9,4,4,3,2,3,2,2,40,0,48.7,33.0,59.1,49.1,0.0,63.1,0.0,Placement Ready,63.11159982699081
6.29,80.6,70.8,3,50,920,8,3,2,3,5,3,2,0,42,0,49.1,66.2,62.3,29.2,0.0,80.0,0.0,Needs Improvement,16.072936029177896
9.04,88.1,83.4,2,159,1514,3,5,4,3,4,5,4,1,60,1,40.9,64.3,79.4,14.3,2.0,35.2,2.0,Placement Ready,68.65023767009299
8.81,80.2,77.4,3,102,1035,3,5,2,5,2,5,1,1,61,0,44.6,65.5,58.0,88.6,3.0,54.9,0.0,Developing,43.78182191817652
8.22,78.0,82.4,0,119,1303,9,5,1,4,4,2,1,0,79,0,88.1,72.8,59.7,46.4,0.0,49.4,0.0,Developing,56.76092330151687
6.37,80.4,73.9,2,137,1395,7,2,4,2,3,3,0,0,98,1,68.2,69.2,54.2,49.8,0.0,44.5,3.5,Developing,46.41683275288537
7.97,71.8,67.1,1,104,1603,9,5,5,3,5,5,1,0,31,1,54.9,82.8,72.8,56.2,1.0,12.8,3.2,Placement Ready,66.01048386692125
7.78,85.2,93.6,0,89,1272,8,5,3,1,3,5,1,1,67,1,50.2,78.5,39.9,66.8,1.0,35.1,5.8,Highly Ready,82.84832798397511
7.6,67.7,91.9,0,16,1240,7,1,1,4,3,4,1,1,27,0,78.5,62.8,51.0,68.2,1.0,25.4,0.0,Needs Improvement,38.239686470447964
8.32,78.4,86.0,0,189,1266,2,4,3,1,4,4,1,0,107,0,47.5,64.2,58.0,72.5,3.0,47.3,0.0,Developing,40.977900050404656
7.77,88.1,74.5,3,31,1026,10,1,5,1,1,4,3,0,138,0,34.5,65.1,43.5,64.8,3.0,40.9,0.0,Needs Improvement,37.08017699604637
7.87,84.4,75.3,0,72,1540,3,4,2,3,4,2,3,1,48,1,67.1,40.5,80.3,50.4,0.0,26.2,2.2,Placement Ready,68.8377853230305
7.77,86.7,90.4,1,126,1434,3,2,1,5,2,5,3,0,74,0,46.1,74.9,63.1,76.5,0.0,44.7,0.0,Developing,42.367745641598994
7.51,81.5,74.8,3,36,1481,2,3,4,2,1,2,4,1,163,1,40.7,70.2,38.4,52.0,3.0,87.3,,Placement Ready,67.28705303685271
5.59,91.4,72.3,0,89,1329,1,2,2,1,1,5,1,1,88,0,43.6,38.8,64.5,72.5,0.0,36.7,0.0,Needs Improvement,17.64855575477795
7.28,89.4,94.9,0,174,1292,4,6,1,1,1,5,6,1,27,0,66.2,83.7,79.0,28.8,2.0,42.2,0.0,Placement Ready,77.15972221930272
6.7,85.6,77.6,0,71,1703,9,6,4,5,1,2,2,0,16,0,58.4,56.0,46.5,77.1,0.0,45.5,0.0,Developing,47.817469216864495
6.05,89.4,93.9,0,90,1657,9,5,2,4,1,5,2,2,36,1,45.2,60.3,79.8,39.8,,35.4,2.5,Placement Ready,78.28960866971407
8.71,88.0,65.4,0,44,1774,5,5,1,3,2,5,2,1,56,1,67.0,60.0,62.1,30.3,0.0,18.4,1.4,Developing,50.573101028988425
8.76,78.5,82.7,2,78,1462,4,3,1,5,5,3,2,0,116,0,47.6,59.6,61.2,32.9,0.0,86.2,0.0,Developing,49.75031279754622
8.42,71.2,96.6,0,31,1756,4,1,1,1,1,3,0,2,52,0,35.5,95.5,77.2,58.4,0.0,13.4,0.0,Needs Improvement,32.81172478325607
7.43,85.4,78.3,1,115,1225,10,4,1,4,4,3,2,2,25,0,40.4,58.3,61.3,93.9,1.0,15.7,0.0,Placement Ready,68.8498176557604
8.42,86.4,75.6,1,24,1290,1,3,1,2,5,1,1,0,55,0,60.3,57.5,64.2,51.7,0.0,65.0,0.0,Needs Improvement,20.8116095277993
7.21,90.7,67.5,1,59,1709,1,2,2,2,5,3,1,0,57,1,48.2,62.3,59.5,53.1,4.0,9.0,10.4,Developing,55.075296056965165
7.38,74.5,87.7,1,102,1603,1,2,5,5,2,4,3,0,37,0,61.6,50.1,29.9,68.1,0.0,65.4,0.0,Developing,40.45856638198943
6.22,74.7,71.1,0,84,1263,9,1,2,5,1,3,0,0,53,0,76.7,66.1,64.6,45.2,1.0,67.2,0.0,Needs Improvement,35.02349298803356
7.56,85.7,77.1,1,131,1036,1,5,1,5,2,3,4,1,75,1,50.5,50.5,62.0,52.5,3.0,34.0,1.2,Placement Ready,62.054889624018166
7.25,81.4,66.9,2,91,1289,10,2,5,1,4,3,3,0,14,1,100.0,69.0,51.9,49.1,2.0,50.8,1.8,Placement Ready,61.65545090711852
6.03,66.9,92.0,0,16,1145,2,6,4,4,4,3,3,1,57,0,64.1,47.4,17.2,88.4,1.0,49.0,0.0,Needs Improvement,33.37210636157315
7.15,85.0,88.4,0,36,1867,6,5,5,2,1,5,3,1,273,0,57.4,53.8,68.0,56.3,1.0,33.9,0.0,Placement Ready,73.34913839126372
7.13,67.2,77.7,1,99,1578,10,1,3,2,2,3,1,1,86,0,40.0,47.9,44.2,67.7,0.0,37.7,0.0,Needs Improvement,23.63417572144606
8.82,74.4,67.6,3,207,1120,2,1,3,1,4,2,4,0,117,1,54.8,54.6,40.0,42.9,2.0,46.9,2.0,Needs Improvement,34.0378538838969
8.0,92.8,91.8,0,183,1037,3,3,3,3,4,1,2,1,162,1,56.3,37.0,38.5,35.6,1.0,40.7,6.0,Placement Ready,66.63858121856597
7.21,96.6,74.7,2,517,1117,8,1,1,5,2,5,5,1,182,0,71.4,27.8,26.7,66.3,2.0,61.5,0.0,Placement Ready,78.75282335611536
7.42,72.3,68.1,0,64,1182,9,6,2,2,5,1,3,0,43,0,51.1,57.5,65.4,59.3,0.0,47.0,0.0,Developing,40.07497787825165
7.24,79.4,62.1,1,170,1300,10,6,3,3,5,3,3,1,15,0,66.5,40.5,95.7,72.5,2.0,59.0,0.0,Placement Ready,65.53754930381997
7.02,82.3,72.2,3,162,1684,1,4,2,4,2,4,4,0,131,0,60.6,86.3,48.7,39.9,1.0,42.2,,Developing,51.001726120301164
6.23,96.2,64.9,0,281,1060,8,2,5,4,3,1,5,0,57,1,74.6,57.0,71.1,53.4,1.0,62.8,1.9,Highly Ready,87.39186762492606
7.06,78.1,72.4,1,231,2037,4,6,5,2,3,2,2,1,59,0,75.8,71.9,56.5,33.1,1.0,67.7,0.0,Placement Ready,67.96116631753186
6.53,78.2,84.7,0,121,1067,6,4,3,1,4,4,0,1,97,1,65.0,66.3,62.4,46.6,3.0,10.4,0.5,Needs Improvement,38.66071675115128
6.07,94.4,74.6,1,151,927,10,3,4,5,2,4,2,1,67,0,71.5,47.1,56.9,30.4,4.0,57.6,0.0,Placement Ready,63.07882408966519
7.66,79.0,81.2,1,131,1856,10,6,2,3,2,2,5,1,80,1,76.9,56.1,70.5,50.2,2.0,36.1,3.1,Highly Ready,88.70564354197879
7.55,87.8,71.5,3,96,1746,2,2,5,4,3,3,4,1,85,1,68.1,72.4,38.7,77.2,0.0,41.2,4.5,Placement Ready,66.11607411664431
5.59,70.2,78.6,0,143,1295,5,4,4,3,2,4,2,0,132,0,64.2,71.5,59.6,40.4,1.0,56.3,0.0,Developing,45.241552699530274
7.09,80.6,95.3,0,112,1464,3,5,4,2,3,2,2,0,91,1,66.1,74.1,76.2,40.2,2.0,52.4,12.0,Placement Ready,75.47479263849908
8.1,68.7,74.9,1,109,1472,7,6,3,2,5,3,2,0,26,1,84.2,52.8,69.2,52.2,2.0,45.3,10.6,Placement Ready,79.23821932826354
8.15,73.6,81.5,3,289,1391,9,1,5,4,2,2,1,0,26,1,61.7,70.2,63.2,51.9,0.0,63.2,2.0,Placement Ready,63.553081892854195
8.12,88.7,63.9,0,123,961,4,2,3,5,5,5,2,1,40,1,70.9,53.5,59.6,68.1,1.0,53.6,3.6,Placement Ready,76.15421870582855
7.24,81.6,91.7,1,105,800,2,6,5,2,3,2,3,1,87,1,49.9,76.2,52.2,32.9,3.0,34.8,5.2,Placement Ready,69.18306845212771
6.44,79.4,73.7,3,87,1097,1,3,4,1,1,5,1,1,29,0,82.5,75.7,52.4,12.4,0.0,72.0,0.0,Needs Improvement,25.01392513020156
6.22,76.0,87.5,1,81,1895,1,5,3,1,3,5,5,1,29,1,66.7,42.8,33.1,56.1,1.0,71.3,0.8,Developing,57.435823618458286
7.51,80.2,76.9,0,35,1907,4,5,2,3,3,1,4,0,83,1,54.8,65.9,66.1,83.7,3.0,50.3,2.7,Placement Ready,70.1330773102346
7.54,84.4,83.5,0,96,1271,10,2,5,2,1,5,2,0,43,1,58.9,46.7,79.8,51.7,1.0,38.8,6.9,Placement Ready,63.88607431456684
8.36,89.9,84.0,0,215,1063,3,2,1,5,3,1,1,1,173,1,56.7,73.6,62.7,61.7,5.0,34.6,,Placement Ready,73.89003023129538
8.19,61.0,73.9,0,63,1433,5,3,1,2,1,2,3,0,45,1,60.1,46.2,58.3,53.6,1.0,83.5,2.6,Developing,50.09914262812563
7.08,75.3,87.8,0,9,1482,7,1,1,3,4,1,0,2,110,0,63.1,66.5,67.6,67.7,2.0,46.3,0.0,Placement Ready,65.05440601332766
6.08,83.3,71.2,0,140,1530,7,5,1,2,3,1,0,0,60,1,57.0,72.3,24.1,50.0,0.0,52.9,3.5,Developing,46.80832127836831
6.91,81.2,85.0,0,115,800,3,1,2,3,2,3,6,1,24,1,36.2,62.9,49.9,53.7,2.0,58.4,4.1,Developing,53.479834174202324
7.4,85.2,74.5,0,286,2297,2,6,3,4,1,4,1,1,43,0,86.6,74.1,56.8,82.8,2.0,0.0,0.0,Highly Ready,87.11575261076615
7.02,84.1,81.1,1,57,1690,2,5,2,4,3,3,2,1,64,0,64.0,66.1,,74.4,0.0,31.7,0.0,Needs Improvement,34.36351705254943
6.68,79.6,73.8,0,31,1291,3,3,3,4,4,3,1,0,44,0,64.1,83.9,60.6,43.2,0.0,94.0,0.0,Needs Improvement,19.247467847750798
7.43,77.8,78.4,0,83,1134,1,1,3,3,3,4,3,0,160,1,59.3,46.6,28.4,43.7,0.0,0.0,0.7,Needs Improvement,35.0593682908888
6.75,80.0,68.3,1,73,1646,5,5,3,3,5,3,4,0,32,1,73.6,56.6,69.1,44.9,1.0,20.1,5.6,Placement Ready,77.07761558403374
6.63,91.2,80.2,3,20,1499,7,3,1,2,1,3,3,0,48,1,60.7,35.1,61.6,35.9,2.0,41.0,4.5,Developing,51.93699732227214
7.48,76.1,78.4,1,106,1378,7,2,3,5,4,3,1,0,90,0,55.3,57.8,54.9,45.6,1.0,30.2,0.0,Needs Improvement,30.556479094399737
6.84,81.5,73.1,0,68,1488,10,3,2,4,3,2,3,0,208,1,56.3,45.4,70.2,52.9,1.0,35.0,5.4,Highly Ready,88.72024328456011
7.42,83.5,77.5,0,251,1316,3,6,3,5,2,4,2,0,99,0,78.8,42.6,,41.9,1.0,26.9,0.0,Developing,56.70403006805518
7.45,94.5,79.2,1,107,1471,7,5,1,4,2,5,0,2,86,1,63.0,40.2,65.6,63.7,0.0,46.6,1.2,Developing,54.91652482857564
6.17,79.6,72.5,1,51,1568,9,5,5,1,3,2,1,1,120,1,59.5,55.4,62.5,26.5,1.0,57.1,1.5,Placement Ready,68.075497115751
6.77,89.7,76.8,0,97,1453,1,4,4,2,1,3,4,0,142,1,53.5,65.6,44.2,34.9,1.0,58.0,3.0,Developing,59.748974579899766
8.49,91.9,69.0,3,114,1437,8,1,2,3,4,5,1,1,162,0,55.2,68.7,83.1,66.2,0.0,33.6,0.0,Developing,51.92649735326193
6.15,81.5,99.1,3,149,1768,1,6,2,2,3,2,1,0,99,1,76.2,76.0,77.9,87.3,2.0,69.5,0.8,Developing,51.88284316155958
5.3,80.3,87.5,1,101,871,6,5,2,5,4,3,7,1,78,1,46.3,75.2,64.9,59.3,0.0,52.9,1.2,Developing,44.10894113948549
5.52,79.4,80.5,1,363,1111,9,4,5,3,3,2,4,0,33,1,70.0,46.2,60.4,40.8,0.0,71.4,4.6,Highly Ready,85.83505684545604
7.23,80.0,88.5,2,34,1358,5,5,4,2,5,2,3,1,82,0,70.6,,70.0,36.1,3.0,55.8,0.0,Developing,47.268437097468556
7.23,88.8,60.2,0,67,1131,6,3,3,3,1,3,2,0,183,0,63.2,64.7,78.2,48.6,2.0,44.8,0.0,Needs Improvement,38.550554132919956
7.09,83.8,55.0,1,51,1231,7,5,4,2,3,5,3,3,7,0,57.2,64.9,88.5,76.5,0.0,45.3,0.0,Placement Ready,65.16839646814856
8.29,83.9,74.4,3,76,1736,6,6,1,1,3,1,3,2,151,0,37.8,81.3,49.3,63.7,0.0,57.0,0.0,Developing,50.907131196967526
4.79,73.0,65.6,0,124,1305,8,3,5,5,2,2,2,0,78,1,70.0,58.0,74.7,34.0,0.0,75.2,0.5,Developing,46.92542639338284
7.56,74.3,75.9,0,118,801,9,1,3,5,4,5,3,1,129,0,36.1,72.7,56.6,61.2,2.0,52.5,0.0,Developing,52.14440471467542
8.61,99.1,79.9,0,147,1223,2,5,2,4,2,1,4,1,102,1,62.5,60.0,32.3,79.4,1.0,54.2,6.3,Placement Ready,73.67604332681803
6.18,80.6,86.3,0,107,1367,5,6,4,2,4,3,4,1,70,1,60.8,67.0,71.4,75.1,0.0,61.3,9.7,Highly Ready,94.33988512908762
6.86,75.8,67.8,3,111,1362,9,5,1,5,5,1,2,0,78,0,71.5,67.4,81.5,77.6,1.0,14.5,0.0,Developing,40.87521487795978
6.52,93.4,81.6,0,108,1517,4,6,3,2,5,3,3,0,108,0,46.6,61.7,73.6,68.6,1.0,21.4,0.0,Needs Improvement,36.60913277546747
6.4,84.3,78.1,1,70,1492,5,3,5,5,4,4,2,1,34,1,45.8,48.3,55.3,33.2,0.0,54.4,3.5,Developing,46.96259245855706
6.91,86.6,81.1,3,66,1308,8,6,4,5,4,4,1,0,70,0,68.0,65.9,64.2,41.3,3.0,30.9,0.0,Developing,44.768445858764316
8.48,80.9,73.3,2,50,992,10,2,1,1,5,3,6,0,98,0,57.4,71.0,69.2,84.6,0.0,44.7,0.0,Developing,57.61372061399583
8.85,79.5,90.4,1,152,1218,3,4,3,2,5,4,2,0,116,1,29.7,63.5,67.2,49.2,2.0,49.7,1.5,Placement Ready,65.94439237465564
6.9,80.6,77.1,3,11,1163,10,6,4,4,4,3,1,0,108,0,59.9,23.3,77.7,22.8,3.0,98.3,0.0,Needs Improvement,39.797077162353006
8.91,70.9,94.0,1,110,1264,8,6,3,2,5,4,3,0,56,1,87.1,59.5,73.1,65.3,2.0,46.5,1.3,Highly Ready,82.78945940758251
7.23,81.3,70.9,0,173,1557,1,4,2,5,5,1,2,0,74,1,68.2,71.5,48.7,73.1,0.0,7.7,1.4,Developing,47.880038852669294
8.78,84.4,84.7,1,205,1471,9,4,4,4,1,1,0,0,26,0,42.2,48.3,58.4,53.6,1.0,54.1,0.0,Needs Improvement,37.92688020485905
7.12,96.8,77.5,0,7,1597,4,3,3,2,3,1,2,1,146,0,67.0,76.9,49.9,64.3,1.0,70.3,0.0,Developing,52.85742042038501
7.32,82.7,75.1,0,72,1235,3,6,5,4,2,3,2,0,84,0,74.7,53.4,60.6,40.9,0.0,60.6,0.0,Developing,42.718956496502656
7.53,63.3,83.7,1,53,1803,6,6,5,1,5,2,6,1,74,1,34.1,57.5,28.1,47.1,1.0,59.3,2.2,Placement Ready,79.33645234228516
10.0,81.2,75.3,0,67,1552,6,2,5,2,4,2,3,0,73,0,55.7,64.9,88.9,24.2,3.0,35.3,0.0,Developing,56.29502580239899
7.97,100.0,54.0,0,234,1384,6,1,3,1,5,3,3,0,61,0,79.5,49.1,45.5,36.7,2.0,41.6,0.0,Developing,55.63199086366732
6.56,88.9,50.4,3,53,1531,1,5,4,1,2,5,2,0,117,1,37.1,74.8,49.8,79.4,,33.0,0.9,Needs Improvement,25.27313273194806
8.07,75.5,89.5,1,172,1147,9,5,1,4,5,2,3,1,75,0,55.8,79.7,59.3,0.0,0.0,35.3,0.0,Developing,41.363678686446065
6.87,86.7,89.1,1,111,800,4,1,4,1,1,3,4,1,32,1,56.8,,36.0,48.4,0.0,45.8,2.4,Developing,41.75277720496861
6.76,76.1,95.0,2,65,1168,2,3,4,4,5,3,1,2,41,1,53.8,59.4,52.6,45.9,0.0,68.4,1.2,Developing,41.62120758687554
8.02,71.2,77.8,1,59,1574,6,4,4,1,2,4,3,1,22,0,80.6,88.5,60.7,65.1,1.0,100.0,0.0,Placement Ready,70.93720677472679
7.23,79.2,66.4,1,119,1374,7,1,1,5,3,4,2,0,178,1,78.3,77.4,84.4,18.7,2.0,52.9,4.6,Placement Ready,64.16546974777535
7.45,82.7,74.2,2,93,1309,2,4,3,5,4,5,4,1,65,0,55.5,39.4,60.3,42.0,2.0,60.8,0.0,Developing,41.07315156661892
7.21,67.0,78.1,0,19,1096,10,6,2,2,4,4,1,2,191,0,44.7,78.3,51.5,45.0,0.0,1.8,0.0,Developing,54.04078288318341
7.5,72.8,68.9,2,43,800,7,2,5,3,2,5,3,1,80,0,79.1,14.1,40.0,61.9,2.0,41.2,0.0,Needs Improvement,26.202342407095557
7.58,82.1,92.8,1,122,1777,10,5,3,4,3,4,3,0,54,1,71.6,70.6,92.2,54.8,3.0,80.6,2.6,Highly Ready,93.30269013253134
5.46,78.7,98.2,0,32,1288,7,1,4,3,3,3,2,1,62,1,59.7,50.0,59.2,26.8,2.0,51.9,0.8,Developing,49.62558959281224
7.8,85.2,82.3,0,190,1221,1,2,3,1,4,3,1,0,78,1,69.8,68.4,59.3,49.2,1.0,47.9,1.9,Developing,54.49544237052146
6.32,72.3,77.9,3,24,1149,3,4,1,5,2,3,5,0,33,0,69.7,,36.1,41.8,0.0,100.0,0.0,Needs Improvement,34.92797946596727
5.9,87.7,66.3,3,80,1726,10,6,4,5,4,2,4,0,25,1,46.9,63.9,66.4,62.9,0.0,73.8,8.4,Placement Ready,78.53277685963349
7.15,72.5,91.9,3,156,1614,6,6,4,3,4,2,2,0,136,0,51.1,70.2,48.6,50.8,0.0,65.4,0.0,Developing,42.58789272452683
7.28,95.1,78.7,0,40,1060,2,6,2,3,4,4,1,1,52,1,60.1,55.1,81.5,84.7,0.0,48.7,2.7,Developing,53.08634856904525
6.58,68.3,75.4,3,30,1699,1,6,4,1,5,4,2,3,194,0,31.0,53.6,65.4,43.7,1.0,55.4,0.0,Developing,41.10254922916242
7.95,73.3,82.3,2,136,1306,6,5,2,4,3,1,2,1,100,0,54.9,75.0,60.0,45.3,2.0,92.8,0.0,Developing,57.00674083167956
5.99,85.3,72.7,2,176,1167,6,3,4,3,3,5,3,0,49,0,48.1,62.1,36.8,46.0,1.0,94.6,0.0,Needs Improvement,35.437911166637505
6.83,95.3,79.3,0,84,1262,3,1,2,2,4,4,5,0,241,0,62.6,54.0,56.4,51.7,1.0,39.3,0.0,Developing,40.80345341369555
6.67,84.5,65.0,1,70,1115,2,5,4,2,4,3,0,0,141,0,43.1,59.5,54.6,69.3,1.0,17.5,0.0,Needs Improvement,1.2151008655514488
7.16,86.5,87.8,0,23,954,7,2,5,1,5,3,3,1,19,0,66.4,58.3,60.0,47.5,1.0,51.0,,Developing,44.65065850275903
7.45,82.1,77.1,0,103,1583,5,4,3,4,3,3,2,1,38,1,63.3,57.2,26.5,48.3,1.0,65.3,0.5,Developing,59.85777628902718
6.29,73.8,88.4,1,15,1284,1,5,1,1,4,3,0,1,58,1,58.5,68.2,43.4,61.1,0.0,86.1,4.9,Needs Improvement,33.050524186108525
7.85,78.1,76.2,0,237,1535,1,1,4,3,1,3,1,0,222,1,67.0,49.8,50.1,38.9,,47.9,4.9,Developing,51.66774142140293
7.26,72.3,76.8,0,87,1436,3,6,5,5,3,5,3,1,13,0,68.9,83.3,66.0,65.7,1.0,43.0,0.0,Placement Ready,74.52419638287942
5.5,71.8,67.1,0,44,1515,6,2,4,1,2,1,2,1,88,0,56.4,65.1,27.1,48.6,2.0,72.2,0.0,Needs Improvement,29.268148510643485
5.44,85.2,84.8,0,59,800,4,2,2,1,5,2,0,1,277,0,60.5,36.3,80.1,39.7,2.0,31.5,0.0,Needs Improvement,27.39891817114805
7.19,73.0,70.1,0,109,1090,1,3,3,4,1,2,3,1,61,1,49.8,65.9,77.9,23.7,1.0,45.3,1.3,Developing,50.9588418704028
7.0,84.6,73.6,2,67,1521,10,3,2,5,4,1,3,1,85,1,49.6,49.0,42.1,36.3,1.0,50.1,4.2,Placement Ready,76.44346033562616
7.11,71.6,78.0,3,96,968,7,3,4,1,5,1,3,1,51,0,83.7,61.6,97.5,51.5,1.0,48.6,0.0,Developing,46.160718178379696
7.17,84.4,79.1,2,38,1462,6,1,4,2,3,5,4,0,37,1,57.0,59.9,61.8,53.4,1.0,75.6,5.5,Developing,55.96317116785777
7.4,78.1,62.6,0,208,933,3,2,4,4,4,4,3,1,115,0,59.8,71.5,56.3,50.2,0.0,60.7,0.0,Needs Improvement,38.06011194007423
8.05,93.3,75.9,0,60,1355,8,3,2,3,3,2,2,0,117,1,58.8,71.3,67.5,29.8,0.0,39.2,1.8,Developing,53.100180778390055
6.2,84.6,85.2,1,10,1833,10,2,1,3,4,2,5,1,95,1,65.6,65.1,64.7,51.4,1.0,45.3,1.3,Highly Ready,88.95277268898461
6.15,91.9,74.6,1,72,1582,7,4,4,2,4,3,1,2,45,1,51.8,88.7,59.9,28.6,1.0,100.0,0.5,Placement Ready,63.45767774186167
6.22,76.0,76.0,0,52,800,3,6,2,3,2,4,2,2,96,1,53.3,51.9,40.6,33.4,1.0,21.1,2.5,Developing,51.93263946246609
7.46,82.4,79.5,2,198,1605,4,1,5,1,4,2,1,1,18,0,74.1,81.1,51.0,73.4,1.0,12.4,0.0,Developing,42.8631928736188
8.32,74.2,76.9,0,44,1897,10,1,1,5,5,1,3,1,103,0,37.7,81.5,63.7,52.7,2.0,25.2,0.0,Placement Ready,77.68554958720387
6.81,78.7,68.7,2,66,2189,1,4,5,3,2,3,3,0,35,0,62.8,66.7,71.3,62.2,0.0,56.1,0.0,Developing,46.41783932163575
4.95,79.9,77.7,0,112,1493,3,1,4,2,2,3,2,1,33,1,47.7,68.4,81.0,78.8,1.0,72.7,0.5,Developing,48.76399217252457
5.67,76.2,86.9,0,148,941,2,4,3,2,2,3,5,0,185,1,29.9,75.3,50.7,53.5,1.0,47.7,1.5,Developing,56.24698679348878
6.45,72.3,68.5,0,247,1480,7,3,5,2,5,1,1,0,4,0,58.8,57.6,59.3,70.8,1.0,38.7,0.0,Developing,40.474546641198515
6.7,70.7,74.6,0,47,1829,5,3,4,3,5,5,7,1,60,0,42.7,54.9,47.4,61.0,0.0,35.3,0.0,Placement Ready,64.84539851251775
6.83,63.3,65.6,1,229,1294,2,4,1,1,2,4,1,0,20,0,40.0,55.6,75.5,42.2,0.0,15.3,0.0,Needs Improvement,7.161293739941117
7.23,73.5,86.5,3,193,1663,10,6,2,4,5,4,1,0,77,0,98.9,66.1,53.0,52.0,3.0,82.0,0.0,Placement Ready,64.97664389478143
6.92,87.0,77.2,1,52,1098,6,1,5,1,4,5,3,3,38,0,68.1,55.4,48.6,41.7,2.0,45.9,0.0,Developing,52.807795018179625
8.14,69.2,70.3,0,46,1462,3,1,4,2,3,3,3,0,21,1,68.5,51.9,59.0,64.8,1.0,54.5,3.0,Developing,46.415590902996136
6.59,71.1,78.8,1,130,800,10,5,1,5,5,3,0,1,52,0,59.2,47.5,,71.4,4.0,67.1,0.0,Needs Improvement,30.126673205840554
6.42,96.3,67.2,0,95,1065,7,1,1,3,5,4,4,0,31,1,42.1,48.2,66.7,31.2,0.0,77.7,1.6,Placement Ready,62.10600563619228
7.63,76.9,68.7,0,130,1348,2,3,5,5,5,4,5,1,32,0,57.5,53.0,53.0,39.5,2.0,45.5,0.0,Developing,52.68446320181949
5.82,84.6,64.9,2,74,1241,9,3,1,4,3,5,2,0,105,0,54.7,53.4,100.0,48.4,0.0,31.8,0.0,Needs Improvement,38.73966017770859
7.55,87.1,68.4,1,102,960,1,3,5,4,2,4,2,0,17,1,31.1,63.5,48.1,40.6,2.0,49.6,2.6,Needs Improvement,23.382529264990083
7.29,87.3,90.2,0,88,1200,10,4,3,1,1,1,3,0,80,0,86.9,,53.7,50.4,1.0,47.4,,Developing,44.72735327511297
7.07,69.8,71.4,0,128,1449,4,1,5,3,5,2,3,1,59,1,58.7,68.9,74.3,60.6,2.0,38.8,3.4,Placement Ready,72.84233794498677
8.63,80.2,82.2,2,45,1324,3,2,2,2,4,3,3,0,37,1,47.5,89.5,70.5,76.3,0.0,24.8,0.5,Developing,52.684482728325264
6.64,69.1,70.5,1,108,1368,1,1,2,1,4,3,2,0,104,0,61.8,,74.6,45.8,2.0,57.8,0.0,Needs Improvement,31.854110068445067
9.05,100.0,84.8,0,244,1570,10,6,4,1,1,1,2,0,195,1,39.3,47.1,53.5,45.0,1.0,76.5,4.3,Placement Ready,79.31496907450739
7.0,69.2,68.8,2,235,1247,6,5,1,1,5,2,2,1,66,0,45.9,57.8,39.6,60.8,1.0,85.0,0.0,Developing,40.64259877610199
6.05,73.6,78.4,1,117,1758,7,2,1,1,1,2,3,1,67,0,83.0,44.2,100.0,53.5,0.0,34.9,0.0,Developing,56.574790274690876
7.26,73.7,78.5,0,44,1053,9,1,4,3,3,1,3,0,24,1,52.2,64.7,66.3,27.9,1.0,85.2,1.6,Developing,54.980760538826395
6.23,70.0,99.0,3,324,1928,6,2,1,1,5,4,4,0,18,0,59.7,65.5,61.6,39.8,0.0,28.0,0.0,Developing,51.6655031477738
6.52,92.8,83.7,3,128,1684,3,6,5,5,2,2,1,2,61,1,61.6,64.4,70.9,48.5,0.0,53.0,4.5,Placement Ready,61.85950345373315
7.56,100.0,72.7,3,303,1243,8,5,4,3,3,4,4,3,12,0,57.4,47.3,37.1,67.6,1.0,70.9,0.0,Highly Ready,80.60277986566363
7.7,78.2,84.2,0,132,1263,6,4,4,5,5,5,2,1,10,1,51.9,52.9,50.7,73.2,2.0,61.1,4.2,Highly Ready,85.97529042499366
6.64,71.4,97.2,3,6,1412,3,6,3,1,2,5,2,0,89,0,94.0,75.4,41.3,36.3,,78.2,0.0,Needs Improvement,18.28417626521943
8.09,64.1,63.3,2,322,1530,9,2,4,1,1,5,1,1,18,0,48.9,67.6,60.7,41.3,0.0,29.5,0.0,Developing,48.80430187465172
8.24,80.0,70.4,2,175,1678,9,4,5,5,3,3,4,1,92,1,46.6,49.8,36.0,69.0,2.0,46.3,3.6,Highly Ready,83.41443997979259
8.49,79.5,75.9,1,99,948,3,5,1,2,4,2,4,0,149,1,67.4,44.0,68.8,46.5,0.0,45.9,5.4,Developing,55.20705797101468
7.68,76.8,74.2,0,17,1481,7,1,2,4,3,1,3,1,84,1,40.7,61.0,76.9,60.4,1.0,72.8,4.9,Placement Ready,73.729632052673
8.43,83.8,75.0,0,188,800,10,3,4,1,3,4,2,1,15,0,75.3,60.3,76.3,51.1,1.0,45.4,0.0,Placement Ready,60.033311813076615
5.51,85.2,66.3,3,131,1297,8,3,1,1,4,1,2,1,242,1,57.0,44.0,65.0,54.9,2.0,54.7,6.8,Placement Ready,68.46139716794275
6.91,84.6,90.6,1,384,1786,2,2,2,3,1,2,1,1,70,0,61.9,57.7,61.1,47.3,1.0,44.8,0.0,Placement Ready,64.57926227635951
6.42,79.5,65.2,3,283,925,9,2,1,3,2,2,1,1,66,0,64.4,55.2,,73.3,0.0,57.2,0.0,Placement Ready,61.90581148104791
7.31,73.2,76.2,1,297,870,1,6,1,1,5,2,0,1,58,0,54.9,53.8,65.2,27.9,1.0,35.0,0.0,Needs Improvement,32.244228383853
6.69,87.3,87.4,1,115,1416,7,4,3,1,2,2,4,0,36,0,73.7,56.0,56.2,47.6,0.0,27.6,0.0,Developing,47.517115292742865
7.05,82.1,77.7,0,111,1766,6,1,4,2,5,2,0,0,26,0,69.7,65.8,28.1,71.7,2.0,40.0,0.0,Needs Improvement,34.66877829069004
8.89,89.1,69.2,0,132,1448,1,5,1,1,3,3,1,1,4,1,67.7,63.3,48.1,50.7,0.0,31.6,1.5,Developing,54.15027290704724
7.05,88.3,65.9,1,57,800,8,4,5,5,5,5,1,0,20,0,37.3,79.6,70.7,52.3,0.0,45.9,0.0,Developing,41.7297833163086
7.57,70.6,75.9,0,101,845,3,3,4,5,4,4,3,0,54,0,54.8,64.8,40.0,70.5,0.0,65.6,0.0,Needs Improvement,29.894761387941458
6.99,70.5,71.2,0,86,1379,9,3,4,1,3,4,2,1,89,1,58.3,73.3,39.7,62.0,1.0,23.2,1.5,Developing,57.45789498793973
7.27,76.0,79.8,1,225,996,9,4,1,3,5,1,3,1,29,0,86.1,43.5,54.8,68.5,2.0,41.7,0.0,Developing,56.79624766225522
7.21,73.5,65.4,0,256,1391,6,6,3,2,2,1,1,0,81,0,38.8,64.1,23.3,74.5,1.0,93.4,0.0,Needs Improvement,31.03045364481791
7.6,88.0,85.3,1,159,1409,7,5,5,1,2,1,6,0,50,0,50.4,56.8,69.7,29.6,1.0,14.1,0.0,Developing,57.38086347715858
8.25,84.8,79.0,0,49,1203,1,3,2,4,4,5,1,0,60,0,76.2,72.1,68.3,46.3,1.0,27.7,0.0,Needs Improvement,23.814572602960183
8.68,90.8,79.7,0,336,1894,9,2,3,5,5,1,1,1,122,1,45.9,65.6,73.2,40.1,1.0,56.0,12.0,Highly Ready,100.0
7.48,85.2,91.0,0,187,1527,7,1,3,4,1,5,0,0,81,0,50.1,84.1,61.5,59.6,1.0,17.9,0.0,Developing,49.72066172993542
7.73,83.7,74.1,0,126,1713,4,2,4,5,5,4,0,0,94,0,85.1,49.0,44.4,71.7,0.0,47.4,0.0,Developing,46.69878220476147
6.16,91.6,71.5,1,149,1626,1,1,5,4,3,5,7,0,259,0,65.5,52.0,38.3,11.5,2.0,83.5,0.0,Developing,54.81817611035668
7.12,85.8,73.1,1,28,1305,6,5,1,3,2,2,5,1,29,0,72.9,66.8,66.8,27.1,0.0,37.5,0.0,Needs Improvement,36.14303947165851
8.05,82.5,76.3,0,86,1292,10,4,1,5,1,1,1,1,115,0,70.8,60.2,69.4,18.8,2.0,32.1,0.0,Developing,58.43130320383288
7.98,93.8,77.2,0,238,1261,9,1,1,4,1,1,2,3,92,0,61.8,48.8,40.1,39.3,1.0,17.4,0.0,Developing,54.4715172016165
7.39,82.9,70.5,3,26,1554,1,6,2,4,3,5,1,0,92,0,61.4,67.2,38.0,54.4,1.0,32.4,0.0,Needs Improvement,21.190753838511355
8.0,79.6,59.8,3,25,1155,8,1,2,4,4,3,0,2,74,1,73.3,55.1,57.7,81.2,0.0,45.2,1.7,Developing,58.61555979487133
7.64,75.3,73.0,3,188,1868,1,4,5,1,1,3,2,3,86,0,47.3,68.3,60.2,31.4,2.0,92.7,0.0,Placement Ready,62.79345456059358
8.28,87.6,81.2,0,141,1126,4,1,3,4,5,2,0,1,52,0,86.0,38.2,73.0,94.2,2.0,46.3,0.0,Developing,59.89407955799822
7.46,91.9,79.2,1,27,1414,5,4,4,4,3,2,2,0,66,1,52.0,57.9,68.6,62.4,2.0,47.2,2.5,Developing,58.74891587554266
6.88,81.6,88.8,0,80,1281,1,4,3,3,1,2,1,1,135,0,75.3,64.2,56.7,63.1,1.0,49.0,0.0,Needs Improvement,27.938276237205677
7.5,92.5,95.6,3,126,1215,2,6,5,3,5,4,0,0,40,0,67.6,64.4,74.6,65.6,0.0,32.5,0.0,Developing,41.54461919414669
4.56,66.2,84.8,0,115,2002,9,4,2,5,1,5,2,1,44,1,51.8,71.8,52.4,29.4,1.0,2.8,4.6,Placement Ready,66.44713284131078
7.54,81.6,90.4,0,133,1218,7,3,4,1,4,3,4,0,88,0,67.3,58.6,53.1,43.4,,78.9,0.0,Developing,51.074689798166304
4.0,81.7,84.9,2,76,1259,8,4,2,3,4,2,2,2,82,1,61.9,68.3,71.6,36.1,3.0,62.1,4.3,Placement Ready,74.56886631723667
5.65,76.2,93.4,1,119,1151,6,4,2,4,5,3,3,0,50,1,33.5,61.0,73.3,64.4,0.0,72.2,3.0,Developing,47.43983229165572
7.61,100.0,94.7,2,159,1362,5,3,5,2,5,1,2,1,90,0,58.7,72.3,73.7,38.0,1.0,54.7,0.0,Placement Ready,64.03769969457448
7.63,81.5,86.6,0,150,1320,1,5,1,2,5,1,1,0,89,0,41.3,40.5,55.1,49.7,0.0,73.2,0.0,Needs Improvement,25.12557477849662
6.15,78.7,84.4,0,77,1014,6,4,2,1,1,2,2,0,234,1,67.6,,59.1,42.0,0.0,19.1,1.8,Developing,42.92375603456663
6.56,82.2,76.2,0,169,1223,8,6,2,2,2,1,1,0,284,0,57.9,,44.1,77.6,2.0,51.0,,Developing,59.88337180557701
8.43,66.0,77.6,0,44,1533,3,2,1,2,2,1,2,1,315,0,73.2,54.0,72.4,42.9,3.0,60.3,0.0,Developing,49.67417395581398
6.76,75.9,75.0,0,59,1658,5,5,4,5,2,2,2,2,88,1,49.5,38.2,48.5,34.6,3.0,76.4,3.7,Placement Ready,69.85836388126845
9.22,89.9,83.6,0,188,1357,5,5,2,1,2,5,5,1,123,0,40.6,59.7,26.1,61.5,1.0,58.3,,Placement Ready,65.51033261919589
7.2,77.0,71.5,0,167,1368,9,5,3,4,2,1,0,0,87,1,43.9,54.7,50.9,52.2,1.0,58.3,2.1,Developing,47.61159437750021
7.57,75.4,76.3,0,83,1242,2,6,2,1,5,4,1,0,61,0,90.3,67.2,44.3,77.1,,54.5,0.0,Needs Improvement,28.89763234741873
8.66,92.5,56.8,0,58,1199,2,3,5,4,5,1,2,1,93,1,100.0,68.9,14.7,58.5,0.0,20.4,2.3,Developing,56.529505554339124
7.32,92.7,93.5,1,64,1074,3,4,3,3,4,3,1,1,60,0,90.0,56.2,48.8,57.9,,38.1,0.0,Needs Improvement,30.69253727059813
6.3,86.1,76.0,1,154,883,2,1,4,3,3,4,4,0,70,1,36.9,75.0,70.5,68.2,0.0,39.9,1.9,Needs Improvement,39.48917073814314
7.1,78.4,82.1,0,134,1139,9,3,4,5,3,3,4,1,65,0,39.3,,64.6,61.1,4.0,66.7,0.0,Placement Ready,78.37001995890334
7.17,80.1,91.1,3,55,1621,3,1,5,4,4,4,2,1,66,0,44.0,29.1,64.6,66.8,1.0,60.3,0.0,Needs Improvement,26.073915702354793
5.97,75.6,80.7,1,166,1223,4,5,4,1,5,2,5,0,40,1,71.6,64.1,80.8,65.3,1.0,80.1,1.4,Developing,58.442917569337965
6.97,74.0,91.0,0,80,1246,3,5,5,2,3,4,1,1,116,1,91.6,58.4,48.7,47.7,1.0,59.8,0.6,Developing,48.90991753461562
6.53,73.6,66.8,0,45,1240,9,2,4,2,3,3,1,1,91,0,73.6,35.5,39.7,32.9,1.0,45.7,0.0,Needs Improvement,39.344949414892234
8.03,77.1,99.6,2,70,1723,7,5,1,4,5,3,2,0,39,0,62.8,70.5,65.9,50.3,2.0,75.7,0.0,Developing,49.51643816116359
7.23,73.7,87.8,0,107,1071,5,2,1,5,5,2,1,2,64,1,46.1,38.2,63.7,19.2,3.0,25.1,3.9,Developing,56.07353786505147
6.95,69.5,79.9,0,162,1433,8,5,4,4,2,5,0,0,28,0,55.7,60.4,37.7,40.8,1.0,44.2,,Needs Improvement,38.58474246921219
7.1,83.8,90.8,0,155,1329,1,6,1,3,2,5,2,1,78,1,61.3,72.7,55.2,46.6,1.0,31.1,1.3,Placement Ready,62.548154491101805
7.4,83.9,67.5,0,93,1370,7,5,1,4,2,3,1,1,134,0,73.2,65.6,66.6,75.4,1.0,27.6,0.0,Developing,52.2070058783717
7.76,95.6,75.4,0,117,1423,4,2,4,4,1,4,2,0,52,0,52.5,64.8,62.4,50.7,3.0,28.3,0.0,Developing,48.64712373127004
6.3,76.7,91.0,0,87,1367,4,2,2,1,4,5,4,0,114,0,66.0,55.4,69.7,83.1,0.0,36.8,0.0,Developing,53.24668228571441
6.26,84.4,61.2,0,55,1588,2,1,2,3,3,2,1,0,66,0,64.1,64.4,47.2,61.3,1.0,53.8,0.0,Needs Improvement,11.464310387387654
8.19,84.5,83.0,0,95,1341,1,6,1,4,1,2,5,2,54,1,61.5,69.1,35.3,25.6,0.0,43.0,5.3,Placement Ready,73.05625925779472
6.83,80.0,82.8,0,17,1873,7,4,2,4,2,4,0,0,37,0,54.1,53.0,43.4,72.8,0.0,55.2,0.0,Needs Improvement,24.398553525033556
5.92,88.0,95.7,1,259,1363,9,1,5,2,3,2,2,0,59,1,61.8,46.2,71.8,71.1,0.0,54.4,0.8,Developing,57.78675455937303
7.6,88.2,63.8,0,114,839,10,4,3,1,5,1,3,1,116,0,58.6,73.0,74.6,24.8,0.0,3.3,0.0,Developing,56.943587608616156
7.62,84.6,92.5,0,138,1541,3,4,5,2,4,3,6,0,86,1,48.3,87.9,55.3,65.7,1.0,53.1,1.6,Highly Ready,91.57326427909136
5.82,80.0,73.0,3,57,1468,8,4,4,2,3,2,4,1,32,1,73.3,82.9,82.2,77.9,0.0,35.0,,Placement Ready,70.98458760711723
7.41,79.1,74.0,0,114,1360,2,4,2,5,1,3,4,1,94,0,83.6,25.2,55.4,16.9,2.0,17.1,0.0,Developing,49.97761988770419
7.86,71.1,67.0,0,128,1272,8,1,1,4,2,1,2,0,76,1,62.6,79.5,49.8,35.0,1.0,54.5,1.6,Placement Ready,65.0710896075996
7.54,75.6,68.2,1,83,800,6,3,5,5,4,3,1,0,28,0,59.3,53.1,35.4,69.5,0.0,51.3,0.0,Needs Improvement,12.74933207319212
7.77,77.0,81.6,0,87,800,9,5,5,1,4,2,1,1,22,1,71.4,87.2,56.8,50.4,1.0,52.9,1.1,Developing,55.045731184845174
5.94,73.0,68.0,0,32,1844,1,6,1,4,5,3,2,0,21,0,62.8,47.5,,78.6,0.0,63.9,0.0,Needs Improvement,29.69197503463668
7.5,85.5,84.7,0,316,1174,8,2,2,1,3,2,4,0,122,0,77.1,46.2,78.3,69.6,3.0,36.4,0.0,Placement Ready,77.00924979123569
6.93,91.6,72.0,0,56,1640,5,4,4,3,2,2,1,1,29,0,61.6,61.3,75.1,67.7,1.0,30.2,0.0,Developing,48.69930986575448
6.77,74.7,67.1,2,62,869,6,6,5,2,3,5,3,1,55,0,68.8,56.4,66.0,73.4,0.0,49.2,0.0,Needs Improvement,33.75018894781802
7.98,84.3,73.2,1,270,1036,6,4,5,5,5,5,1,2,89,1,86.0,57.1,83.5,39.7,0.0,40.8,4.7,Highly Ready,95.97169979146685
8.53,73.7,81.0,3,143,1554,8,2,2,4,1,2,1,0,86,1,79.0,75.2,42.5,48.3,1.0,100.0,4.3,Placement Ready,71.04847019171132
8.81,79.6,75.5,1,163,1319,6,4,5,3,5,4,0,1,86,1,57.6,79.3,77.0,86.7,1.0,46.8,6.5,Highly Ready,80.04104041206125
8.38,76.5,78.3,2,30,1511,5,1,4,3,5,2,1,0,25,1,76.2,48.8,62.5,47.6,0.0,49.4,5.2,Developing,49.946940099435544
7.1,86.8,84.3,0,113,1346,5,3,3,4,5,1,2,0,91,1,44.0,85.0,61.4,72.2,0.0,31.7,,Developing,58.53201854532477
7.52,76.6,87.7,1,30,1288,1,4,2,4,4,1,5,1,53,1,57.0,44.8,35.2,50.2,2.0,28.3,2.9,Developing,45.934752313051675
7.89,90.1,75.2,1,49,1146,8,1,5,3,3,5,4,1,71,0,72.5,53.5,63.5,40.6,1.0,15.6,0.0,Placement Ready,62.45900543549182
7.31,80.0,68.6,2,346,992,8,2,5,4,5,1,3,0,68,1,82.9,97.5,76.5,36.8,1.0,42.2,1.8,Highly Ready,84.82504013929875
7.32,76.8,78.7,1,42,1771,6,6,5,4,1,3,1,0,61,0,48.7,67.2,23.9,63.0,0.0,44.5,0.0,Needs Improvement,25.821146018227733
7.94,72.0,82.2,0,158,1820,8,4,3,1,4,2,6,0,131,1,59.6,52.8,70.7,75.8,0.0,70.5,1.4,Highly Ready,96.19475796527097
7.15,84.0,64.9,0,45,1038,3,3,2,2,3,4,1,1,119,0,60.0,65.7,21.4,61.9,2.0,43.5,0.0,Developing,42.290412250935496
6.54,89.2,70.0,2,50,1019,3,2,5,5,3,1,1,1,353,0,58.6,71.9,35.3,57.9,2.0,40.3,0.0,Needs Improvement,35.246985494518235
6.83,84.2,71.5,0,485,1246,10,1,2,2,3,3,3,0,170,0,41.8,66.7,56.5,34.1,0.0,53.1,0.0,Developing,51.77352968471345
7.77,99.9,76.1,2,93,1452,10,3,4,5,1,2,4,1,15,1,67.5,79.9,83.3,53.6,0.0,46.1,11.1,Highly Ready,100.0
7.2,93.4,71.2,1,28,1295,9,4,3,3,5,3,2,0,65,1,40.9,49.9,56.0,56.7,2.0,67.3,0.7,Needs Improvement,33.78196427055351
7.51,79.5,84.4,0,162,1500,1,2,3,2,4,1,1,2,161,0,77.1,52.8,65.5,38.6,0.0,76.8,0.0,Developing,50.49217814046274
7.8,79.5,63.6,1,227,1335,6,5,2,2,4,1,2,1,59,1,80.2,49.5,43.4,61.0,1.0,47.3,1.7,Placement Ready,62.75429704754168
6.86,85.8,63.8,0,173,1316,8,3,2,3,1,1,10,0,50,1,50.4,50.4,54.9,41.9,0.0,28.6,5.3,Placement Ready,75.44366973065013
7.88,75.3,75.0,0,87,2074,1,1,4,1,4,3,3,0,25,1,41.0,62.6,57.1,46.9,0.0,45.1,3.1,Developing,49.468037259243296
7.54,91.3,76.4,0,89,1192,10,1,2,2,5,4,5,0,22,0,59.5,47.1,84.1,66.8,0.0,52.2,0.0,Placement Ready,64.56293881116366
6.09,84.9,64.9,1,66,1842,8,6,4,4,5,5,5,0,113,0,52.2,66.1,46.0,80.8,0.0,21.0,0.0,Developing,58.27385396704839
8.5,84.1,72.5,0,37,1784,4,3,5,5,2,5,1,1,72,1,56.9,70.9,47.5,79.3,3.0,42.1,3.2,Placement Ready,77.78569019023938
6.75,87.5,74.4,1,126,1501,6,3,1,5,1,4,1,0,7,0,61.4,44.9,75.2,51.2,2.0,18.0,0.0,Needs Improvement,22.564532559835378
5.71,95.8,74.5,2,84,800,10,2,5,2,2,1,2,1,137,0,46.0,53.2,54.1,63.0,3.0,56.3,0.0,Needs Improvement,30.411883594489744
6.26,83.4,79.4,0,31,1359,9,5,1,4,1,4,1,2,150,0,84.9,54.9,59.8,64.4,1.0,25.8,0.0,Placement Ready,61.655332427422586
6.28,81.1,72.0,0,95,1196,9,5,1,2,3,4,1,0,56,1,50.4,58.9,65.0,64.3,0.0,41.5,2.0,Developing,51.84215846612526
7.25,94.1,91.3,0,56,1356,10,2,5,5,3,4,5,0,66,0,74.0,59.7,47.8,55.8,0.0,44.9,0.0,Placement Ready,62.00511526003704
6.95,89.7,82.4,1,122,1031,8,5,2,5,3,4,3,1,173,1,46.7,74.7,25.2,75.7,0.0,22.2,0.6,Placement Ready,65.32946367935625
6.9,79.4,70.7,2,113,1577,10,3,4,3,5,4,2,1,54,1,60.9,75.7,75.2,43.3,3.0,48.9,0.6,Placement Ready,78.83611766673465
7.76,82.0,78.9,3,75,1645,10,2,1,4,4,3,3,1,12,1,66.8,50.7,59.9,34.3,1.0,26.4,1.3,Developing,53.163421001932505
7.51,83.6,79.1,0,98,1701,1,5,1,5,3,4,1,0,113,0,62.0,71.7,37.6,59.7,0.0,77.8,0.0,Developing,41.93584038479148
7.48,84.9,88.9,0,105,1235,7,1,2,1,4,4,2,0,146,0,56.2,81.2,70.4,48.4,1.0,74.7,0.0,Developing,49.78784118122275
7.57,71.1,72.6,0,188,1032,4,6,3,2,2,1,2,1,75,1,52.6,78.9,,86.3,3.0,71.7,2.9,Highly Ready,80.09899069749214
7.75,69.7,84.9,0,95,1456,5,1,2,4,4,3,0,0,28,1,53.9,64.9,77.1,45.8,3.0,51.1,3.9,Developing,54.72060232090363
5.3,74.9,78.4,0,67,1877,2,2,2,1,5,1,3,1,160,0,49.9,61.2,91.3,71.3,1.0,55.0,0.0,Needs Improvement,33.03514429480579
6.87,74.3,91.4,1,81,1371,7,2,5,4,5,5,2,1,48,0,65.0,42.3,38.4,61.8,1.0,44.7,0.0,Developing,49.809380275689634
5.24,76.8,89.6,3,300,1486,9,2,1,2,3,5,5,0,33,1,87.5,56.2,62.0,29.9,1.0,58.9,3.0,Placement Ready,77.4205102487977
7.23,87.1,79.8,2,47,1280,5,3,1,2,3,1,2,0,74,1,65.4,41.1,63.7,63.8,1.0,80.9,8.4,Developing,51.36890647664751
7.2,80.6,75.6,0,85,1199,7,5,1,5,2,5,2,1,55,0,68.9,78.0,56.1,42.6,0.0,28.6,0.0,Needs Improvement,37.154672116315
8.14,83.6,82.6,0,84,1547,4,3,5,3,3,3,3,0,106,0,76.2,58.3,52.8,94.6,0.0,57.0,0.0,Placement Ready,64.15412363714157
8.27,72.2,76.4,0,87,1318,8,4,3,4,5,4,2,0,257,0,53.2,60.8,10.6,40.3,0.0,14.0,0.0,Developing,42.40933946387337
7.38,78.3,93.1,0,36,1471,1,6,5,4,5,4,0,1,31,0,32.9,53.4,85.1,38.0,0.0,40.0,0.0,Needs Improvement,16.609040897925347
6.75,86.7,78.7,0,80,1502,9,3,5,3,4,1,0,1,119,0,60.0,42.3,32.1,16.6,0.0,47.0,0.0,Developing,42.482530132014034
7.64,86.8,74.3,1,64,1454,4,5,2,3,2,5,6,2,54,1,72.8,72.0,72.5,40.7,0.0,54.6,1.6,Highly Ready,89.12700268750659
6.72,76.2,73.9,1,121,1517,6,3,4,5,2,4,3,2,106,0,90.2,69.0,58.2,66.1,1.0,61.7,0.0,Highly Ready,81.01539014241638
7.2,83.3,67.1,3,206,1094,9,1,3,5,2,3,4,1,76,0,45.3,75.1,57.5,36.2,0.0,74.4,0.0,Developing,50.74892805479993
8.09,99.6,83.0,1,128,1076,1,2,3,1,1,4,3,2,46,0,76.5,37.5,54.7,62.5,0.0,20.2,0.0,Developing,43.19612534309096
6.7,81.9,70.6,0,107,1337,10,1,3,3,1,5,2,0,121,0,63.9,80.5,61.2,58.1,0.0,65.6,,Developing,56.670885736224214
7.93,76.5,87.9,0,137,1344,7,6,4,4,4,4,1,1,50,1,54.2,60.2,68.3,37.2,0.0,84.3,4.2,Placement Ready,79.90021256858695
7.81,80.6,66.4,0,115,1193,10,1,2,4,4,4,2,1,34,1,44.3,72.9,73.2,51.7,,40.7,2.7,Placement Ready,66.59084403652732
6.34,82.7,79.1,2,98,1422,6,5,1,3,1,5,3,2,116,1,51.2,25.1,56.0,37.7,0.0,38.2,1.3,Developing,47.043742616332025
8.08,80.8,88.4,3,183,1622,3,1,4,4,4,4,1,2,34,0,68.6,67.7,38.7,68.3,0.0,52.4,0.0,Needs Improvement,37.12626800627234
7.83,81.7,58.6,0,79,1706,6,1,5,3,1,1,4,0,112,0,78.3,61.0,38.2,22.8,1.0,47.0,0.0,Developing,52.619939498934315
7.29,70.5,96.2,0,36,1774,6,4,3,1,2,5,4,0,70,1,19.1,58.9,74.6,66.3,2.0,45.6,0.9,Placement Ready,66.53919879127078
6.51,74.3,74.2,0,62,956,10,1,1,2,2,5,0,0,73,0,67.7,60.6,53.7,41.5,0.0,78.7,0.0,Needs Improvement,24.962990339523785
6.43,80.8,79.3,0,56,1001,6,1,1,1,1,4,3,1,30,0,51.4,53.7,41.6,55.7,1.0,97.5,0.0,Needs Improvement,38.408003396606304
6.72,80.7,83.1,1,354,1263,5,5,3,4,4,1,1,1,76,1,52.8,42.2,46.1,61.7,4.0,43.5,4.0,Placement Ready,72.3674753065534
7.69,77.5,84.5,1,215,1374,2,1,5,5,1,3,3,0,47,0,66.2,44.3,56.5,56.1,1.0,96.2,0.0,Developing,44.32412286009786
6.34,80.6,80.5,1,108,1278,4,4,4,2,3,1,1,1,178,0,88.8,62.4,37.5,88.8,1.0,42.9,0.0,Developing,41.11516969353055
7.59,82.5,87.0,0,57,1184,6,1,2,4,3,4,4,1,22,0,49.2,80.4,57.5,46.6,0.0,65.1,0.0,Needs Improvement,38.088434879641056
6.08,89.1,82.7,0,182,1259,4,1,4,5,3,5,3,1,140,0,58.6,77.5,78.0,30.5,1.0,29.1,,Developing,55.83992199481785
7.02,81.2,93.8,0,105,1495,4,5,1,2,1,1,5,1,148,1,36.4,65.2,56.1,90.7,0.0,32.3,10.5,Highly Ready,89.68085191791486
7.3,85.2,82.7,0,79,951,1,3,3,5,3,1,6,0,93,1,66.6,55.2,29.7,60.1,2.0,43.5,0.5,Developing,58.26515625439486
9.4,77.7,95.7,1,106,2053,10,1,5,1,4,5,2,1,172,0,49.6,90.9,71.9,56.4,0.0,66.6,0.0,Highly Ready,88.02042063666197
5.96,86.6,86.1,0,80,1356,9,5,4,4,2,4,1,1,56,0,83.6,71.5,75.8,91.9,0.0,54.2,0.0,Developing,58.10447134534482
8.52,85.0,61.7,1,136,1665,3,6,1,1,5,5,1,0,62,0,65.4,70.3,76.6,31.6,0.0,17.1,0.0,Developing,45.012360556833585
7.33,88.9,100.0,0,33,1176,2,4,2,4,3,2,1,0,98,1,55.8,43.3,58.9,52.4,0.0,23.3,3.1,Needs Improvement,38.13770354340452
7.57,87.7,72.8,1,135,1522,9,3,1,1,4,4,1,0,58,1,55.9,65.6,95.3,35.4,1.0,15.4,1.0,Developing,41.26644451055196
7.31,86.7,91.5,0,80,1380,9,6,3,5,1,5,4,0,9,0,65.5,44.7,69.8,52.0,1.0,56.3,0.0,Placement Ready,62.24480511491818
7.6,81.2,78.2,0,185,1607,9,3,2,2,5,1,2,0,22,1,70.4,91.1,100.0,29.5,2.0,52.9,5.0,Highly Ready,94.68038824264627
7.06,84.0,87.5,0,218,1290,6,4,5,2,3,2,2,0,24,1,42.5,50.2,79.6,55.4,1.0,52.6,2.2,Placement Ready,65.3205642482549
8.51,90.5,71.8,1,250,1815,8,3,2,3,5,2,2,0,117,1,57.8,53.5,77.2,54.2,1.0,52.3,4.2,Placement Ready,79.20011303230048
6.79,76.8,83.6,3,371,902,8,5,1,5,4,3,5,0,66,1,60.0,52.9,48.0,53.3,0.0,34.8,5.7,Placement Ready,74.5054675192338
8.22,77.0,75.7,1,244,1635,3,4,3,1,4,2,3,2,110,0,63.2,56.8,42.8,15.4,0.0,53.4,0.0,Placement Ready,74.95334795613495
6.62,83.5,92.2,1,181,1386,6,3,4,2,1,2,2,0,122,0,79.6,71.4,,67.0,1.0,78.7,0.0,Developing,47.21872241642792
7.15,85.3,81.9,2,37,1045,3,3,4,4,3,2,2,0,57,0,38.6,62.0,54.9,50.0,1.0,61.4,0.0,Needs Improvement,18.67951606142648
6.24,75.4,86.4,0,9,1936,8,2,5,1,4,1,2,2,83,0,74.3,62.6,49.4,98.7,2.0,26.6,0.0,Developing,49.92660901708416
7.61,81.4,58.5,2,198,1905,10,3,2,5,5,4,5,0,21,0,65.5,72.1,55.9,46.0,1.0,43.3,0.0,Highly Ready,84.10349123769137
8.5,81.2,77.2,0,49,800,1,1,3,3,2,4,2,0,40,1,52.5,40.8,54.8,43.2,2.0,37.4,2.8,Needs Improvement,36.968555122039874
7.13,64.3,81.7,1,540,1403,1,3,3,5,3,5,3,0,55,1,72.1,72.5,47.8,56.8,1.0,67.6,3.2,Highly Ready,92.79270283849434
7.02,80.2,80.0,3,25,1562,3,1,1,3,1,3,1,0,68,0,54.3,63.9,68.5,33.1,,28.8,,Needs Improvement,2.3414609386242375
6.2,80.7,86.7,3,176,1483,2,2,1,5,3,4,4,1,18,1,32.8,52.2,46.0,74.9,0.0,53.6,0.6,Developing,54.22649344636433
6.99,80.7,74.7,0,114,1805,1,3,4,2,3,2,0,0,55,0,8.5,63.8,57.3,38.2,1.0,43.1,0.0,Needs Improvement,7.798633247003005
5.77,93.3,78.4,2,28,1742,10,1,2,3,1,2,3,2,34,0,41.8,63.6,38.6,40.0,0.0,34.4,0.0,Developing,52.56660472231873
6.38,72.3,88.6,1,114,1430,6,2,4,2,5,3,2,1,240,0,51.8,25.3,59.6,68.4,0.0,54.1,0.0,Needs Improvement,27.129185320923668
7.4,75.4,57.5,0,55,2033,8,5,5,3,4,5,4,0,71,1,62.6,81.2,61.2,58.6,0.0,45.6,0.6,Highly Ready,83.33246724303397
8.39,61.1,83.3,0,93,1631,6,6,2,2,1,3,4,0,110,1,69.0,78.9,42.6,58.3,3.0,64.9,0.9,Placement Ready,74.7363302571199
9.73,78.2,75.0,3,94,1245,8,4,4,3,5,5,3,0,110,1,56.1,43.7,59.1,31.9,0.0,40.2,1.1,Developing,59.57230503899453
6.67,78.8,69.8,3,55,1184,7,5,2,5,4,2,5,0,75,1,38.8,51.4,56.4,71.5,0.0,26.3,2.4,Developing,53.032310567557246
8.49,77.9,81.0,3,75,1723,2,5,4,1,4,4,2,2,90,0,54.3,81.0,50.6,37.5,1.0,45.9,0.0,Developing,56.41635927959186
7.42,90.9,89.0,0,51,1112,2,6,1,4,5,2,2,0,84,0,56.7,71.3,50.8,25.7,2.0,55.0,0.0,Developing,50.78817292942996
7.06,88.9,87.4,0,18,1227,5,6,2,5,3,2,3,0,84,0,86.1,67.4,65.2,61.3,2.0,62.2,0.0,Placement Ready,66.74965673971857
7.59,82.6,76.8,2,107,1278,4,1,3,1,2,5,2,0,161,1,68.4,68.1,58.5,51.3,,46.3,5.0,Placement Ready,61.16863578165788
7.26,79.0,85.9,0,243,1457,9,3,3,4,4,4,7,1,69,0,35.2,67.2,73.3,50.9,0.0,66.9,0.0,Highly Ready,87.23632710150787
7.3,90.2,85.8,3,53,1292,4,6,1,3,5,3,5,1,33,0,55.3,47.1,41.4,66.4,0.0,23.2,0.0,Developing,53.14697686931511
6.83,81.8,77.2,1,326,955,4,6,5,4,5,3,2,1,113,1,70.4,54.1,55.0,49.6,0.0,69.6,0.6,Placement Ready,79.05537518052029
5.94,75.5,71.8,1,370,1699,6,4,1,2,4,4,0,0,27,0,60.3,76.0,48.2,25.3,2.0,61.4,0.0,Developing,47.984247445623325
5.81,68.3,72.3,0,70,1229,2,3,5,2,4,1,3,0,61,0,35.6,71.2,59.0,49.2,0.0,41.1,0.0,Needs Improvement,19.89788424815424
7.79,78.5,85.5,3,84,1956,9,1,2,2,1,5,5,1,46,0,72.3,66.0,62.3,59.9,2.0,71.0,0.0,Placement Ready,67.94950802231202
6.95,88.0,77.6,1,71,1441,1,3,4,1,3,4,3,1,57,0,65.5,,39.1,58.0,2.0,56.2,0.0,Developing,43.587793328426486
6.66,100.0,68.6,0,38,1730,9,4,4,3,2,2,4,0,95,1,57.6,75.8,67.5,52.0,1.0,75.5,1.5,Placement Ready,76.39706032302121
7.21,82.5,62.8,1,84,1539,7,4,3,5,2,4,2,1,90,1,47.9,48.5,92.6,96.0,0.0,34.5,,Highly Ready,91.61272365261227
7.92,75.9,85.5,2,77,1745,9,4,3,4,5,5,2,2,57,0,75.2,82.7,60.7,83.2,1.0,36.3,0.0,Highly Ready,94.69283576521846
7.36,72.5,73.1,0,106,1521,3,2,1,1,2,2,0,1,41,1,32.8,51.8,44.1,34.6,3.0,61.0,2.0,Developing,42.88695706783821
6.61,86.4,81.0,1,110,1421,10,6,5,3,5,2,1,2,126,0,36.7,49.8,53.3,31.7,2.0,51.3,0.0,Placement Ready,66.02934772447517
8.3,67.9,89.2,0,35,1678,9,2,1,1,5,5,3,1,99,1,49.0,62.4,52.8,77.5,0.0,21.2,1.3,Placement Ready,68.462840098684
8.62,86.4,66.2,1,152,2096,5,3,4,1,3,2,4,0,18,0,64.5,65.0,47.3,73.1,0.0,87.4,0.0,Placement Ready,60.586878869944734
7.65,88.5,77.6,3,83,1269,3,4,1,4,1,5,3,0,20,0,39.5,63.4,69.6,80.2,2.0,85.0,0.0,Developing,41.94269635227307
8.08,85.5,76.5,0,42,1588,2,2,4,2,4,5,3,0,45,0,51.8,43.5,28.8,47.4,0.0,53.8,0.0,Needs Improvement,34.86033464381972
8.32,80.2,81.4,0,82,1348,2,1,2,4,5,3,5,0,12,1,54.9,67.9,62.4,52.3,2.0,36.3,3.7,Placement Ready,75.11677779376632
8.22,86.5,89.2,0,113,1502,6,4,3,1,3,1,1,1,23,0,65.1,75.7,78.6,24.8,0.0,36.7,0.0,Developing,41.08731581533293
7.75,83.4,66.0,1,274,1363,10,2,1,1,1,1,2,1,77,0,55.8,60.9,77.6,57.4,0.0,57.7,0.0,Developing,49.0113551847735
7.74,75.8,83.1,3,245,800,6,6,2,4,3,2,1,2,89,0,55.9,40.4,74.4,44.1,,78.7,0.0,Developing,41.849623743756425
7.67,96.8,87.3,0,65,1290,10,5,3,2,5,1,3,1,60,1,49.4,59.0,47.4,41.7,1.0,100.0,2.0,Highly Ready,80.24256345670702
6.21,79.2,76.3,3,88,1650,8,3,4,1,3,4,4,2,60,0,76.3,46.1,81.3,70.7,2.0,44.0,0.0,Placement Ready,68.80919535463472
7.83,88.2,76.8,0,50,1120,7,3,3,4,3,4,4,0,47,1,69.9,35.0,63.9,52.3,3.0,42.9,,Placement Ready,77.08220386613515
5.98,62.7,81.8,0,127,1626,8,6,2,4,3,3,3,2,38,0,69.4,54.3,80.8,69.0,1.0,46.7,0.0,Placement Ready,64.97976521710902
6.48,92.2,81.1,1,68,1405,10,1,3,5,4,5,5,2,108,0,48.3,84.7,75.3,53.2,,58.2,0.0,Placement Ready,77.17514478922988
8.37,93.8,83.2,3,85,1293,9,3,2,3,2,1,1,0,114,0,52.3,60.8,63.0,64.3,1.0,32.9,0.0,Needs Improvement,32.892779066603396
7.96,82.2,83.1,0,202,1622,2,1,3,3,4,3,5,0,58,0,67.1,58.2,54.1,32.7,2.0,22.7,0.0,Developing,55.6093511098641
8.54,86.5,69.2,3,35,1554,6,1,3,4,5,2,3,0,24,0,51.2,71.9,95.8,38.2,1.0,45.3,0.0,Needs Improvement,35.91654708226807
6.96,86.5,86.9,1,245,1476,5,6,2,4,4,1,2,0,38,0,46.1,70.6,29.5,62.7,,56.2,0.0,Developing,50.92775670966686
6.16,76.9,88.5,0,136,1655,9,1,2,4,5,3,1,2,63,0,64.3,41.5,55.2,83.8,0.0,84.3,0.0,Placement Ready,63.74304508681404
6.98,86.4,79.7,1,238,1411,3,6,3,2,4,1,1,1,58,0,40.4,88.2,35.5,62.9,0.0,28.4,0.0,Needs Improvement,34.33948921593911
7.29,75.5,64.6,0,169,857,9,5,3,5,5,1,3,1,101,1,56.9,64.8,59.9,55.3,1.0,72.6,5.7,Placement Ready,79.99428366801709
7.27,77.1,77.0,0,190,1237,5,4,5,4,1,2,2,1,36,0,73.4,74.7,63.7,80.5,0.0,48.0,0.0,Placement Ready,63.07954296891694
8.22,91.0,79.7,2,102,809,10,5,3,5,2,1,3,1,92,0,62.2,53.7,47.7,51.3,3.0,45.1,0.0,Developing,53.67289529420747
6.87,89.8,67.7,0,41,1547,8,2,3,3,2,4,0,0,64,1,44.3,34.6,48.9,41.5,1.0,19.0,2.8,Needs Improvement,28.399607012084783
7.52,76.3,74.8,1,61,1619,4,1,3,3,5,4,2,1,234,1,67.1,60.4,36.9,55.1,2.0,57.8,4.5,Placement Ready,70.8167923021372
6.31,76.1,65.3,1,52,1633,9,3,5,5,2,3,4,0,62,1,51.0,46.6,65.2,61.3,1.0,55.5,1.4,Developing,51.41924984475803
7.61,76.8,83.5,0,14,1497,2,5,2,4,5,4,4,0,40,0,72.7,78.4,,33.5,2.0,95.4,0.0,Placement Ready,65.50454037490418
7.2,87.9,79.5,1,202,1640,1,2,2,4,4,1,8,2,156,1,67.6,42.2,64.8,57.2,3.0,44.8,,Highly Ready,98.39106324834633
6.53,74.0,63.2,0,93,877,6,2,2,5,1,4,2,2,58,0,54.8,62.4,49.6,25.7,3.0,81.1,0.0,Developing,59.80957665671898
6.99,84.9,81.2,1,49,1318,4,5,4,2,4,3,6,1,89,0,48.8,70.4,62.0,49.9,0.0,43.9,0.0,Developing,58.06880242457273
7.03,88.0,77.5,0,361,926,2,4,4,1,2,3,5,1,13,0,47.3,68.0,69.8,52.3,1.0,43.2,0.0,Placement Ready,61.58187690052334
6.96,81.3,82.6,2,465,1243,10,4,3,1,2,5,2,2,134,1,98.8,55.0,65.7,54.5,4.0,16.4,1.4,Highly Ready,99.01185297314282
8.79,90.1,74.5,0,31,1835,1,3,2,3,5,2,5,1,38,0,25.6,37.1,61.4,21.7,1.0,73.0,0.0,Developing,50.0783176655669
7.11,79.6,70.8,0,84,1678,6,5,4,5,4,3,3,0,26,0,33.6,40.9,56.3,56.7,3.0,52.8,0.0,Developing,45.605407947731926
6.98,80.3,71.1,0,80,1549,3,5,2,5,4,5,2,4,117,0,76.5,51.4,65.6,69.9,1.0,49.9,0.0,Placement Ready,65.24659776386461
5.31,74.2,73.2,0,45,1296,3,3,5,1,2,1,2,0,35,0,73.3,42.3,48.4,78.9,0.0,44.2,0.0,Needs Improvement,24.332883758724165
6.4,90.1,78.2,0,199,1052,3,1,4,1,4,3,2,2,31,0,65.4,60.9,54.9,79.7,0.0,54.7,0.0,Developing,51.24438921929033
6.96,75.9,79.3,1,14,1406,4,6,3,4,2,3,0,0,23,0,30.1,51.3,63.5,55.4,0.0,35.8,0.0,Needs Improvement,10.93542566077079
6.58,84.8,76.3,2,301,1683,7,1,2,2,4,4,2,1,45,1,68.1,43.9,82.6,97.1,0.0,59.0,1.0,Placement Ready,76.74822262065148
8.44,81.4,74.2,1,105,1473,4,3,4,3,2,5,3,1,35,0,45.3,42.1,48.2,42.1,3.0,30.9,0.0,Developing,50.844807341527485
7.05,73.6,74.8,0,341,874,8,6,4,1,4,2,2,0,107,1,58.5,39.7,43.8,42.6,4.0,47.3,6.2,Placement Ready,66.44790532320698
8.36,77.1,100.0,2,99,1381,5,3,5,1,4,1,1,0,37,0,66.1,61.2,62.6,55.3,1.0,59.9,0.0,Needs Improvement,28.572632715150363
7.26,93.1,71.1,0,80,800,8,5,4,3,2,2,0,2,43,0,67.6,51.7,77.3,69.1,0.0,78.2,0.0,Developing,58.52749525411278
7.23,83.6,73.0,0,210,1591,5,3,4,4,1,1,1,1,40,0,50.2,62.4,71.0,65.9,0.0,54.2,0.0,Developing,49.157698115531474
7.12,73.9,100.0,2,340,1142,4,5,1,5,1,4,3,0,95,0,79.3,60.9,58.3,14.7,2.0,75.9,0.0,Developing,59.81106139445979
7.2,84.4,81.8,1,304,983,6,4,1,3,5,3,4,1,114,0,72.2,59.2,77.6,38.6,1.0,49.7,0.0,Placement Ready,75.8450479985908
8.75,80.8,65.6,0,21,1595,7,2,4,4,5,4,1,0,64,0,45.6,71.1,29.0,68.0,0.0,31.3,0.0,Needs Improvement,26.643383760093055
5.11,100.0,85.6,1,253,1518,5,6,1,5,4,2,4,1,61,0,52.8,41.4,74.2,39.9,1.0,91.6,0.0,Developing,57.08062672444923
5.4,84.3,69.8,1,76,1420,10,3,5,3,1,5,0,1,70,1,48.6,71.1,,52.8,1.0,47.7,0.8,Needs Improvement,36.70978550356933
6.71,79.0,86.2,0,91,2008,6,3,5,2,3,5,2,0,74,1,59.1,67.5,68.1,61.1,0.0,68.9,4.3,Placement Ready,69.11717974354418
7.21,93.4,76.1,0,75,1540,3,4,3,5,3,5,4,0,101,0,69.4,59.2,74.1,63.2,1.0,37.6,0.0,Developing,53.68208450358587
7.82,67.3,74.0,1,61,1157,1,6,4,1,2,4,2,0,97,0,32.2,50.7,61.1,69.6,0.0,60.4,0.0,Needs Improvement,12.435509158492394
7.63,82.8,92.5,0,85,1506,4,6,3,2,2,1,3,1,29,0,30.2,62.6,59.1,76.6,1.0,56.9,0.0,Developing,40.805902051575956
6.85,98.0,83.1,1,44,1264,1,3,5,1,4,1,1,1,9,1,47.5,68.3,51.7,65.8,2.0,50.0,2.2,Developing,49.50180090956661
8.12,81.1,86.8,0,254,1730,1,2,1,4,5,5,5,0,78,0,80.3,42.4,85.1,34.1,1.0,90.6,0.0,Highly Ready,84.33440200939312
8.13,68.1,81.9,0,167,1434,4,2,2,2,5,5,0,1,22,0,63.6,70.5,63.5,65.0,1.0,58.6,0.0,Developing,42.39272497072938
7.37,78.8,74.0,1,120,1464,3,2,4,2,2,5,3,0,88,1,83.7,86.3,61.6,73.4,0.0,42.6,3.5,Developing,57.19055673064872
8.07,93.6,83.5,0,75,917,9,2,4,4,3,4,4,1,74,1,57.7,61.1,82.2,62.7,0.0,81.5,1.4,Placement Ready,79.06613040219457
7.45,85.0,88.9,0,65,1368,8,3,2,2,3,5,3,0,61,0,47.4,80.2,50.0,76.9,2.0,13.8,0.0,Placement Ready,63.66170336856986
6.69,75.3,79.2,0,140,1333,8,1,5,2,2,3,3,1,53,1,34.9,68.6,54.0,59.0,2.0,20.8,6.2,Placement Ready,66.53973378929369
7.83,76.5,94.2,1,123,1043,6,4,3,3,3,1,3,1,112,0,47.6,65.7,73.0,52.8,3.0,67.6,0.0,Developing,48.875514580096706
7.3,77.5,85.7,3,220,1284,2,6,5,1,2,2,2,1,92,0,50.7,52.2,86.4,40.6,1.0,54.5,0.0,Needs Improvement,25.235559494121325
7.2,84.9,79.9,1,66,1481,9,3,2,5,1,5,0,0,27,1,23.6,57.2,58.7,89.6,1.0,39.1,0.5,Needs Improvement,39.22407230700287
8.53,92.7,80.3,0,61,1349,5,1,4,5,3,4,3,0,75,1,47.4,48.3,64.2,37.2,0.0,57.8,1.8,Developing,48.0709980314451
4.99,90.4,79.2,2,162,926,5,3,2,4,2,5,2,1,68,0,47.3,75.2,32.6,54.9,1.0,71.3,0.0,Needs Improvement,39.059817204926794
5.92,85.6,66.7,0,187,1268,7,3,1,1,2,5,3,1,136,0,60.3,51.6,78.5,48.9,3.0,28.9,0.0,Placement Ready,61.90224626589423
6.13,71.3,77.2,0,442,1210,2,4,4,3,4,4,0,3,149,0,59.4,86.7,40.7,32.3,3.0,48.2,0.0,Highly Ready,84.80289790056074
6.87,71.4,80.0,0,20,1408,5,2,4,2,4,1,3,1,65,1,64.8,68.1,49.4,70.1,0.0,50.8,2.4,Placement Ready,65.54697588748864
6.97,86.3,74.3,2,263,1376,7,2,2,1,1,1,2,0,223,0,35.7,67.5,61.0,63.5,0.0,56.1,0.0,Needs Improvement,28.89863315204247
5.84,71.2,81.0,0,113,1227,7,5,4,5,2,2,2,1,35,1,43.0,43.5,47.6,59.1,3.0,62.9,0.5,Developing,48.85031825161677
6.31,80.2,78.2,1,69,1215,6,2,5,3,1,1,1,1,17,1,73.9,71.3,27.0,44.3,1.0,10.6,1.3,Developing,44.38871391891563
6.43,84.4,85.0,0,141,1370,10,6,2,4,5,5,4,1,159,0,56.1,58.9,38.2,64.6,1.0,60.7,0.0,Placement Ready,66.96204997508318
9.41,72.9,84.0,0,138,1639,10,2,3,4,5,2,4,0,31,1,72.7,54.1,59.6,50.6,2.0,11.8,1.9,Highly Ready,83.29783814336355
8.82,73.8,79.5,1,71,1434,1,5,2,2,3,2,2,0,18,0,57.9,52.8,81.9,63.2,0.0,49.3,0.0,Needs Improvement,29.521836506398724
6.83,81.2,65.7,2,22,1777,1,1,3,2,5,4,2,1,33,0,62.8,44.6,80.7,79.4,3.0,28.9,0.0,Needs Improvement,38.139140294880555
6.87,86.0,94.1,0,264,1690,6,2,5,5,4,1,4,4,43,0,67.9,62.1,64.1,13.5,1.0,53.9,0.0,Highly Ready,94.44797985158392
6.17,90.5,76.7,0,56,1799,9,3,4,5,5,4,2,1,10,1,51.7,,60.5,72.0,1.0,63.3,,Placement Ready,66.28825759880057
5.48,86.9,77.3,0,49,1761,6,3,1,3,5,1,2,0,50,1,50.0,43.6,70.8,95.3,0.0,51.1,0.5,Needs Improvement,34.93371634024085
7.09,82.6,74.9,3,61,1819,3,1,4,3,3,5,1,0,40,0,49.8,69.2,79.2,84.3,0.0,36.9,0.0,Needs Improvement,33.29067528715735
6.3,76.0,73.6,0,180,1004,6,2,3,1,3,4,2,0,67,0,58.8,91.8,59.9,68.1,1.0,23.7,0.0,Needs Improvement,39.04153536738136
7.12,73.4,91.9,0,78,1544,10,6,1,2,4,2,1,0,5,0,68.6,42.1,60.4,75.8,2.0,49.3,0.0,Placement Ready,61.131043130217876
5.76,77.9,90.5,0,62,1715,2,6,4,1,1,4,1,0,54,0,53.9,60.4,61.3,40.6,2.0,41.9,0.0,Needs Improvement,20.060435029992377
6.51,85.3,82.0,0,134,1770,5,3,2,5,2,2,2,1,250,1,77.3,85.2,74.2,59.1,0.0,56.7,0.8,Placement Ready,77.52106147714673
7.33,84.7,77.0,0,121,1119,7,1,5,5,3,1,4,3,122,1,86.2,51.1,36.1,52.5,3.0,41.4,5.4,Highly Ready,94.75021853819509
7.53,65.2,83.6,1,63,1547,4,2,5,1,2,1,3,1,19,1,46.8,68.2,58.3,47.1,1.0,78.0,2.9,Developing,59.293010726934824
7.58,75.7,78.7,1,21,1373,1,6,4,2,3,2,3,0,35,0,77.8,67.5,64.4,71.8,1.0,50.9,0.0,Needs Improvement,36.166586428826136
6.01,91.6,76.3,0,177,1904,7,6,4,2,5,4,2,0,44,0,59.7,71.2,27.7,51.6,3.0,68.4,0.0,Placement Ready,67.54767996824219
7.97,82.6,81.0,1,123,934,8,5,2,5,4,3,2,0,156,0,65.7,87.7,72.7,23.5,0.0,40.0,0.0,Developing,43.65066621947155
6.48,70.7,74.0,0,15,1119,7,6,1,3,5,2,3,0,51,1,58.0,36.9,75.2,62.5,0.0,64.7,1.1,Needs Improvement,27.55612505682889
7.77,100.0,80.3,1,289,807,7,5,1,1,5,4,3,0,45,1,78.3,64.7,26.9,54.5,3.0,62.5,5.6,Highly Ready,93.3982578311547
7.19,81.8,79.8,0,14,1393,7,4,3,3,2,2,3,1,22,0,65.2,55.0,51.4,66.8,1.0,36.4,,Developing,52.78248747235051
5.96,85.1,83.4,0,53,2029,4,5,2,1,4,1,5,1,45,0,54.8,61.4,51.9,48.0,0.0,20.1,0.0,Developing,58.93307168050376
6.92,85.2,72.4,0,56,1337,1,4,5,4,2,4,1,1,50,0,53.7,62.6,43.8,25.7,1.0,75.4,0.0,Needs Improvement,35.663241302256594
7.53,79.1,84.4,2,64,1380,10,3,2,5,5,3,3,2,71,1,42.0,57.9,46.0,38.4,2.0,41.6,1.9,Placement Ready,74.49751295634013
7.75,76.2,69.8,1,62,1515,3,4,2,1,1,4,1,1,32,1,51.4,46.8,49.6,39.4,3.0,37.1,,Developing,50.38530584814218
7.07,99.0,72.8,1,34,1315,9,2,5,5,2,3,1,1,22,1,78.3,47.7,67.8,37.5,1.0,44.0,3.3,Developing,55.40404458333778
8.58,90.0,73.2,0,114,1460,6,4,5,4,5,1,2,0,22,0,76.2,91.8,,45.4,3.0,31.1,0.0,Placement Ready,63.93769295964194
8.11,88.6,68.4,0,198,1468,6,3,2,1,2,1,3,0,124,0,50.4,42.7,66.8,67.4,0.0,62.6,0.0,Developing,54.80273913084977
6.97,86.6,87.1,0,113,1096,1,3,1,2,4,1,1,2,138,0,43.5,79.2,43.4,31.5,1.0,49.8,0.0,Developing,48.52629447447369
7.88,74.0,69.3,0,128,1322,10,2,1,1,2,2,2,0,125,0,74.3,47.5,70.7,70.0,0.0,51.0,0.0,Developing,46.31823114310909
8.94,92.2,71.7,0,79,1573,6,6,3,5,2,2,2,0,46,0,66.4,63.3,67.7,33.4,,72.8,0.0,Needs Improvement,30.312376601115513
8.96,75.3,89.3,2,110,1629,9,5,5,4,4,5,2,0,121,0,30.4,89.6,11.1,48.5,0.0,52.0,0.0,Developing,56.42676144642727
6.09,84.3,72.9,2,135,1740,8,1,2,2,4,4,3,0,109,0,100.0,73.1,77.8,54.4,0.0,81.5,0.0,Placement Ready,70.03837240066132
6.37,68.9,76.3,0,167,1451,2,3,1,3,2,5,1,0,86,0,60.2,41.9,60.1,49.9,3.0,49.6,0.0,Needs Improvement,28.162465557719567
8.54,65.7,68.9,0,58,1457,10,3,2,2,5,3,1,0,49,0,85.5,57.3,60.7,65.6,0.0,19.9,0.0,Needs Improvement,36.32171141938939
6.25,84.5,85.5,0,52,1575,6,6,1,3,1,2,2,1,86,1,62.6,61.6,30.1,53.2,1.0,32.3,2.0,Placement Ready,60.94243209138481
6.01,75.5,85.6,1,9,1172,2,5,3,4,1,3,1,0,20,1,44.4,76.4,83.8,52.3,0.0,35.5,5.2,Needs Improvement,31.88509428561884
6.76,66.1,84.7,1,346,1159,6,6,3,1,5,5,1,3,113,0,62.9,62.7,,14.6,0.0,52.3,0.0,Placement Ready,67.33407734156197
7.58,86.3,82.8,1,332,1313,7,3,4,4,1,2,2,0,7,1,38.0,59.8,70.4,61.8,1.0,80.4,4.7,Placement Ready,65.14438309298077
7.11,99.0,78.7,0,96,967,7,1,1,5,2,4,0,1,49,1,58.1,86.1,36.8,86.9,0.0,53.8,6.5,Developing,52.71382270360892
6.61,93.1,73.3,0,100,1472,4,5,3,5,1,1,5,0,56,1,43.7,84.1,66.2,46.6,1.0,45.4,5.0,Highly Ready,80.04806290360922
6.59,79.9,70.7,3,276,1665,10,2,1,1,2,5,3,2,47,1,56.9,71.8,66.5,66.2,0.0,43.9,0.8,Placement Ready,70.22564355309778
6.56,82.1,89.6,0,35,1137,3,4,3,3,1,4,1,1,115,0,63.7,53.2,55.5,41.0,2.0,60.9,0.0,Developing,44.630152310014616
6.41,89.1,84.9,0,47,1481,5,3,5,2,2,5,1,0,20,0,64.4,24.9,37.3,71.8,0.0,58.3,0.0,Needs Improvement,38.136271318382576
9.25,91.0,71.8,0,287,1161,9,3,4,4,2,2,2,1,28,0,38.1,44.1,57.0,63.8,0.0,66.0,0.0,Developing,55.08272852632339
7.47,79.3,78.4,0,78,1045,1,1,5,2,1,4,4,2,67,0,50.3,40.4,42.7,48.8,3.0,35.9,0.0,Needs Improvement,39.1524341853416
8.0,82.3,75.3,2,42,1967,5,5,1,2,4,2,3,1,15,0,30.4,61.1,46.8,47.6,0.0,95.0,0.0,Developing,47.326293857383796
6.76,84.4,67.8,0,140,1049,5,5,4,1,1,3,4,2,44,1,69.3,75.1,76.6,66.0,2.0,43.1,1.6,Highly Ready,91.05440820297528
7.03,86.4,79.6,1,58,966,8,3,5,3,3,2,4,2,165,1,63.0,89.7,59.4,55.7,0.0,37.3,5.1,Highly Ready,89.52115630338062
6.56,80.9,74.3,0,255,1414,8,5,4,3,2,1,3,1,112,0,42.4,79.8,56.7,34.1,3.0,73.9,0.0,Placement Ready,66.57428933937341
4.81,81.0,69.4,0,109,1431,8,6,4,3,4,3,2,0,185,1,81.1,52.1,39.2,29.0,0.0,68.1,2.0,Developing,52.34556325804127
5.96,93.0,64.7,3,60,1550,4,5,1,2,2,3,4,0,62,1,67.0,65.6,57.3,65.0,1.0,37.1,3.4,Developing,52.44221391623734
5.57,91.7,63.9,1,63,1950,5,6,4,4,3,1,2,0,118,1,58.4,67.6,55.6,42.0,0.0,63.6,9.4,Placement Ready,65.29355053631595
5.18,85.8,74.7,2,136,1117,1,3,5,4,5,2,3,2,123,0,52.9,40.2,42.3,55.6,0.0,41.5,0.0,Developing,43.38263202818686
6.12,95.8,77.2,3,86,1176,9,3,2,1,1,1,3,0,16,1,50.4,49.8,75.4,65.0,3.0,58.4,2.5,Developing,42.874577426887846
8.39,78.9,70.1,3,77,1833,4,6,3,2,3,4,4,2,37,1,48.2,56.0,74.6,34.6,1.0,54.7,3.9,Highly Ready,83.294758068834
7.16,95.0,83.9,1,171,1632,5,4,3,4,3,2,4,0,47,0,77.6,91.8,45.6,37.8,2.0,100.0,0.0,Placement Ready,75.52682350236896
8.36,86.3,77.4,1,278,1590,7,4,1,1,4,1,0,2,139,0,64.1,67.4,64.3,82.6,4.0,77.8,,Highly Ready,81.6154797065006
7.57,100.0,83.2,1,155,1173,8,4,1,2,3,3,1,2,24,1,44.3,43.6,28.4,48.0,0.0,71.3,2.2,Developing,55.4422545656162
7.9,72.5,76.4,0,55,1688,1,6,2,5,4,5,1,0,177,0,79.5,56.1,63.1,72.3,0.0,65.3,0.0,Developing,45.94414588275501
6.39,76.5,70.9,0,39,1591,8,5,1,3,4,5,4,1,43,1,58.6,68.3,70.5,97.6,1.0,24.9,8.6,Highly Ready,88.29086265294373
7.67,85.4,79.0,0,165,1407,4,5,3,3,4,5,0,1,95,1,46.2,58.5,40.0,59.1,3.0,53.7,,Placement Ready,78.74072695069637
7.86,85.2,66.6,0,155,1175,5,1,1,4,4,1,5,0,49,0,89.6,57.0,58.2,40.3,2.0,41.2,0.0,Developing,53.89842322877778
6.68,97.6,82.9,0,73,1382,2,5,1,2,5,2,0,0,8,0,43.6,72.2,60.0,57.2,3.0,49.0,0.0,Needs Improvement,25.1372565925644
7.7,76.7,69.6,2,87,1845,8,2,4,5,1,5,2,1,179,0,47.6,81.6,100.0,51.8,0.0,51.7,0.0,Developing,56.45203040524829
7.71,89.2,86.3,3,57,1022,5,1,2,1,3,4,2,0,127,0,60.0,79.0,99.3,56.1,1.0,15.7,0.0,Developing,45.24075930260825
6.71,91.3,75.0,0,40,1110,2,2,2,3,5,3,3,0,54,1,64.8,57.8,63.2,67.2,3.0,44.3,4.0,Placement Ready,62.425500451798506
6.19,87.6,87.6,0,61,1162,2,5,2,3,1,5,3,0,85,1,48.7,59.7,47.4,69.1,2.0,52.5,2.4,Needs Improvement,38.6786027011046
6.13,74.3,67.9,2,6,1227,8,5,3,2,5,1,1,1,38,1,26.8,57.7,61.9,20.9,0.0,68.5,1.6,Needs Improvement,30.27486856540302
7.28,93.3,71.9,0,223,1345,2,2,3,4,1,3,2,0,34,0,60.5,76.8,76.0,75.2,1.0,34.3,0.0,Developing,43.35224710321207
7.49,91.8,81.4,1,29,1638,6,2,1,1,4,3,4,0,126,1,44.3,56.6,31.2,59.7,1.0,34.2,3.9,Developing,52.034226735444896
6.49,86.8,88.5,1,98,1488,7,3,1,4,1,5,1,0,115,1,54.6,35.1,24.5,45.2,0.0,32.9,1.3,Needs Improvement,27.944619013137583
7.22,83.6,93.0,0,11,1368,10,2,3,4,4,3,6,0,215,1,47.8,68.8,39.7,67.5,2.0,43.6,3.8,Highly Ready,92.79743061201374
7.71,83.8,78.4,2,151,1433,2,3,3,4,5,3,4,1,117,0,43.7,69.4,70.2,37.1,1.0,27.4,0.0,Developing,52.75238267607232
7.76,81.4,94.5,0,184,1537,3,5,4,2,5,5,2,0,83,0,56.0,56.3,71.1,37.9,1.0,76.5,0.0,Developing,55.63877432168797
8.6,87.1,75.4,0,105,845,2,2,1,1,3,2,3,0,120,1,50.5,87.9,65.1,73.0,0.0,65.5,1.1,Developing,48.2582846043163
8.35,82.2,87.9,1,93,1671,9,2,1,3,5,1,5,0,91,0,47.4,54.4,75.8,56.1,1.0,100.0,0.0,Placement Ready,73.2724331486375
6.3,75.2,69.5,1,57,1102,6,1,3,5,1,3,3,1,97,0,74.5,81.8,55.1,81.7,2.0,39.4,0.0,Placement Ready,65.3913104545401
8.72,73.6,81.8,3,220,1217,10,5,5,4,2,4,5,2,110,1,45.1,43.3,53.7,43.3,1.0,67.2,,Highly Ready,100.0
6.72,76.0,56.9,1,23,1452,1,2,2,2,1,3,0,0,125,1,56.2,65.9,64.2,60.0,0.0,25.7,10.1,Needs Improvement,31.698308525793983
8.14,83.8,67.9,0,69,1327,8,2,1,3,4,4,3,2,60,0,59.4,50.7,85.4,61.6,1.0,79.4,0.0,Placement Ready,67.99205176008776
7.26,81.8,82.2,2,52,1496,1,5,3,2,5,2,2,1,7,1,34.6,61.0,64.6,61.9,1.0,45.7,3.3,Developing,53.24655333730419
6.83,83.7,66.2,0,50,1393,2,1,3,4,5,1,2,0,63,0,43.2,72.7,56.5,65.6,4.0,48.3,0.0,Developing,42.17978316829285
5.57,86.0,81.8,0,216,1263,5,4,4,3,3,4,6,1,28,1,59.4,54.0,64.4,62.8,3.0,75.5,,Highly Ready,93.30630007369102
7.05,77.0,86.2,1,89,1809,4,1,1,3,1,5,2,1,147,0,58.8,52.2,80.8,55.3,1.0,74.3,0.0,Placement Ready,66.84525885522702
5.8,93.7,73.5,0,57,1562,4,6,4,1,1,4,0,0,169,0,48.2,58.9,52.2,22.0,2.0,30.4,0.0,Needs Improvement,13.664129685569987
8.07,79.9,69.3,0,126,1441,1,5,2,4,4,2,2,1,30,1,59.6,100.0,,69.7,0.0,47.9,,Placement Ready,68.71846004962595
8.57,78.5,73.7,0,118,1558,6,5,1,3,5,2,2,0,49,1,64.0,64.8,50.4,14.6,3.0,78.5,1.1,Placement Ready,66.61581819136082
6.48,85.9,69.3,0,182,1138,4,4,5,1,5,3,3,0,58,1,68.8,64.0,71.0,34.0,3.0,42.6,6.9,Placement Ready,66.2698111600412
7.47,67.3,77.1,2,136,2002,10,3,3,1,4,3,3,1,32,0,70.0,68.1,45.5,43.0,1.0,56.1,0.0,Placement Ready,66.13768882155637
6.55,75.7,78.9,1,92,1024,8,6,2,4,5,2,1,2,91,0,78.1,38.0,68.3,70.4,1.0,60.8,0.0,Developing,40.3382879787982
6.63,89.8,75.2,3,97,1384,5,5,5,4,3,2,0,1,21,0,61.6,74.9,34.5,51.2,0.0,78.2,0.0,Needs Improvement,24.796016886544184
7.9,68.1,93.1,0,131,1264,8,1,4,3,1,2,2,0,78,1,39.2,72.0,53.8,86.9,,63.4,7.7,Placement Ready,75.88518696176799
7.17,90.9,71.5,1,45,1253,6,4,2,4,3,3,4,0,113,1,55.6,37.0,57.1,31.4,1.0,45.1,3.7,Developing,55.05449910011292
8.77,94.1,90.5,2,116,1214,5,4,5,4,1,2,3,0,98,0,41.0,95.7,86.6,36.3,0.0,10.7,0.0,Developing,56.77558751773662
6.77,79.0,68.6,0,274,1118,10,2,3,4,4,3,1,2,93,0,72.7,62.0,73.5,16.7,2.0,64.1,0.0,Placement Ready,65.3140888847296
8.1,84.3,78.7,3,105,1707,6,3,2,2,2,5,3,0,36,0,80.6,46.4,52.3,35.5,4.0,53.4,0.0,Developing,52.64784085137729
7.29,91.0,88.6,0,75,989,5,6,3,3,2,2,0,0,164,0,59.9,66.4,,44.2,0.0,85.5,0.0,Needs Improvement,34.79796357619726
7.92,78.3,88.2,3,74,1645,6,1,1,5,1,1,1,0,137,0,77.4,49.3,47.2,79.9,0.0,61.5,0.0,Needs Improvement,30.673480811475784
6.8,88.9,74.2,1,128,1545,8,6,5,2,5,5,2,1,48,1,76.4,39.5,40.0,72.8,2.0,38.7,3.1,Highly Ready,80.49016830316934
7.16,76.6,83.0,1,112,1236,8,5,2,4,3,1,2,1,106,0,64.6,58.2,83.9,59.1,1.0,25.1,0.0,Developing,41.96529895087475
7.1,78.2,81.8,0,156,1510,6,1,3,5,4,5,4,1,42,0,67.9,58.8,45.9,49.7,0.0,46.6,0.0,Developing,51.980424523826564
6.45,75.6,73.1,1,60,1303,2,2,1,3,3,3,4,0,107,1,74.2,40.0,85.5,68.0,1.0,57.3,4.2,Developing,48.732362535820165
7.8,84.7,83.5,1,85,1020,7,6,5,3,4,3,3,1,22,1,39.1,51.1,59.6,76.6,1.0,52.1,4.1,Highly Ready,81.52723499071477
7.79,91.3,94.8,3,175,1023,5,5,2,1,3,3,4,0,130,1,63.7,47.5,56.7,44.0,1.0,24.8,1.6,Placement Ready,63.9718414970326
7.73,80.5,82.2,2,184,1547,10,1,4,3,4,4,2,0,44,0,68.3,57.0,59.6,45.7,3.0,0.0,0.0,Placement Ready,65.01511271012942
8.58,71.8,83.1,0,185,1531,10,1,2,1,1,4,0,0,29,0,38.5,,77.4,47.7,1.0,30.9,0.0,Developing,43.95920718734844
8.5,73.3,84.0,0,162,1423,1,6,3,1,5,5,2,2,26,0,88.7,64.0,44.3,25.5,0.0,1.2,0.0,Developing,59.82187947073743
6.86,85.2,64.9,0,166,1233,10,1,3,3,3,1,3,2,81,0,76.4,,66.1,75.6,1.0,30.4,0.0,Placement Ready,67.66098308559049
7.54,96.8,82.1,0,116,1293,10,4,2,2,1,1,7,0,99,1,76.5,36.4,57.4,45.1,1.0,54.8,1.6,Placement Ready,72.68498211623417
6.64,85.1,68.8,0,28,1252,10,6,3,2,5,2,2,2,56,1,66.1,61.6,64.5,50.1,,78.9,8.1,Placement Ready,71.8284731969671
7.22,78.9,72.7,0,31,826,5,1,3,2,1,1,2,0,114,0,45.8,46.8,54.7,79.8,3.0,1.0,0.0,Needs Improvement,18.17542538449193
6.66,88.1,97.5,2,103,1368,3,1,2,3,3,5,1,0,9,1,41.0,37.9,52.2,45.8,2.0,29.5,4.4,Developing,40.05520742252281
8.66,80.1,75.7,0,107,1507,7,5,1,4,4,1,2,0,70,1,58.5,74.3,66.4,76.5,,57.9,1.3,Placement Ready,68.62565200124054
7.53,79.0,71.3,0,49,1370,9,6,1,3,2,1,1,3,55,0,70.5,43.4,35.9,25.3,1.0,41.0,,Developing,55.3987761087792
7.0,74.3,88.4,1,52,1881,5,4,3,5,2,3,3,2,32,0,68.1,63.3,80.3,64.5,1.0,53.3,,Placement Ready,77.80276685360484
8.27,93.3,69.5,1,92,1049,10,2,2,3,2,2,1,0,28,1,85.7,55.2,59.7,47.4,2.0,57.5,3.3,Developing,49.86563201789352
5.25,61.7,74.0,0,380,1152,3,1,2,5,4,2,5,1,104,0,55.3,48.7,49.2,28.2,1.0,41.8,0.0,Placement Ready,70.91390550382147
5.39,88.4,89.2,2,41,1390,9,6,4,5,3,4,3,0,22,0,54.6,79.1,63.9,35.7,0.0,74.1,0.0,Developing,48.58686911415784
7.92,78.3,78.4,0,72,1423,1,5,4,3,3,3,1,1,66,0,60.1,53.6,46.9,57.4,2.0,98.6,0.0,Developing,53.55532308360644
7.25,78.7,63.9,0,182,800,9,6,5,4,3,5,1,2,17,1,42.7,54.5,59.3,38.7,4.0,28.7,2.0,Placement Ready,67.97320166361928
7.43,95.5,82.9,0,160,1531,10,5,4,3,2,3,4,0,13,1,82.5,51.7,59.4,61.5,2.0,68.5,1.9,Highly Ready,99.74920016597844
6.01,76.3,74.4,1,123,1424,8,3,3,5,5,5,1,1,63,0,56.2,64.5,78.1,42.3,1.0,92.2,0.0,Developing,57.92087783240251
7.18,76.6,91.9,0,17,800,7,3,5,4,2,1,1,0,77,0,63.8,59.8,62.5,27.5,2.0,78.9,0.0,Needs Improvement,25.005946730308885
9.0,81.0,72.5,3,81,1315,5,3,5,2,5,1,2,0,33,1,72.2,52.2,40.1,71.5,2.0,36.2,4.1,Developing,48.383705228890875
7.94,85.3,87.5,1,314,1107,9,5,2,2,4,2,1,0,93,1,48.7,49.1,67.3,60.0,0.0,43.4,2.6,Placement Ready,65.78071152455267
7.35,78.5,94.0,0,50,1214,2,1,1,5,1,1,2,2,137,1,64.2,61.4,69.5,24.3,1.0,15.3,3.2,Placement Ready,60.946985859771736
6.8,69.4,70.3,1,49,949,3,1,5,3,1,1,0,0,106,1,59.9,52.9,32.2,66.1,3.0,38.6,0.6,Needs Improvement,14.386139636447481
6.84,75.1,76.3,0,266,1475,2,6,5,4,3,2,4,0,63,1,74.6,86.1,39.0,57.1,0.0,39.2,0.5,Placement Ready,69.42858351851595
5.28,92.3,81.5,1,92,1879,3,2,5,4,1,3,4,0,131,0,60.1,,90.2,47.7,1.0,59.2,0.0,Developing,47.02188415465491
7.43,82.6,70.3,0,19,1430,6,1,3,1,5,2,4,0,71,0,17.1,66.7,52.7,48.3,0.0,27.3,0.0,Needs Improvement,19.10092902437722
7.96,85.6,80.4,1,37,800,4,5,5,2,3,2,2,2,29,1,46.0,60.7,53.1,77.8,3.0,51.4,5.6,Placement Ready,70.96122079211027
5.78,79.9,76.0,0,61,1436,5,3,4,5,5,1,4,1,99,0,37.5,58.0,57.4,60.4,1.0,54.2,0.0,Developing,43.05763603183365
6.6,76.7,75.8,0,119,1292,3,2,4,2,1,1,1,2,121,0,88.9,74.6,47.7,78.6,1.0,40.7,0.0,Developing,56.360474837662636
6.16,95.4,78.4,1,84,1020,4,3,4,5,1,5,2,1,18,0,81.2,70.1,29.6,63.1,1.0,66.8,0.0,Developing,47.38107437635259
6.33,80.5,78.6,1,47,1456,5,3,2,2,4,1,2,1,51,0,27.7,69.9,40.0,59.0,1.0,41.0,0.0,Needs Improvement,39.06052822450059
7.25,78.5,79.5,0,85,1614,3,4,4,5,5,4,3,1,29,1,44.8,69.7,47.8,42.1,2.0,56.5,0.7,Placement Ready,62.071599630869436
5.32,90.8,72.6,0,50,1149,10,6,5,3,5,4,0,0,73,0,39.2,39.4,50.0,57.7,1.0,24.0,0.0,Needs Improvement,24.171818303496742
7.75,76.2,73.0,0,326,857,9,6,5,1,4,2,2,0,56,1,63.2,68.2,45.7,72.4,0.0,34.4,0.6,Developing,53.92349327163585
7.88,77.2,76.9,3,35,800,9,5,3,2,4,2,3,1,28,0,45.7,58.5,34.1,56.4,0.0,69.2,0.0,Needs Improvement,26.320913195701046
6.97,82.1,77.6,1,68,1150,1,3,1,5,1,2,2,0,63,1,56.0,54.8,49.1,87.9,0.0,16.6,2.6,Needs Improvement,31.16715819203287
4.97,82.0,74.1,0,60,1303,5,4,4,2,4,4,5,0,79,0,39.3,100.0,75.8,72.3,1.0,65.1,0.0,Developing,54.785752951008185
6.3,84.1,80.9,3,61,1195,8,1,2,2,4,1,4,0,95,0,66.5,41.4,47.2,34.6,1.0,43.5,0.0,Needs Improvement,22.96307334270135
8.31,98.7,61.7,0,39,1145,4,4,2,1,2,5,6,0,194,0,34.8,60.7,55.1,46.8,0.0,9.4,0.0,Needs Improvement,38.11202139371081
4.7,84.7,71.4,1,252,1520,3,5,1,4,5,2,0,0,54,0,97.5,59.6,81.1,66.4,0.0,41.1,0.0,Developing,40.16384346363899
6.89,63.0,75.5,0,399,1489,7,6,1,5,5,3,4,0,67,1,82.6,60.9,47.0,29.0,2.0,64.7,1.7,Highly Ready,90.05580372406457
6.14,84.6,70.3,0,129,1410,1,1,3,5,5,5,0,1,65,0,97.2,47.8,100.0,53.0,2.0,96.1,0.0,Developing,59.73731016140251
7.92,82.3,92.7,2,121,1595,7,6,2,5,5,1,4,0,250,1,69.1,65.2,,39.1,0.0,87.3,3.1,Highly Ready,88.81394942141733
6.59,82.3,78.2,0,23,1153,5,4,2,5,3,5,3,1,44,0,83.4,46.3,59.2,55.7,2.0,31.4,0.0,Developing,44.4238546917207
7.56,84.0,79.6,0,248,1022,7,1,3,5,5,4,2,1,56,0,73.4,66.0,54.0,39.3,,66.0,0.0,Placement Ready,68.79153920553753
7.71,81.8,73.7,0,50,1193,7,6,3,3,1,3,2,0,59,1,44.9,64.2,79.5,72.9,0.0,41.0,1.3,Developing,41.80543901300818
8.85,81.6,77.9,3,20,1173,6,3,3,5,2,1,1,1,22,0,54.4,58.6,46.9,46.3,0.0,37.8,0.0,Needs Improvement,11.752804560089132
7.02,86.9,67.1,2,147,800,6,3,3,4,4,1,3,1,91,0,66.4,61.0,51.1,66.3,,70.1,0.0,Needs Improvement,35.13937234412948
7.54,77.7,76.5,0,205,1186,1,2,5,1,1,5,1,0,75,0,77.3,84.2,83.7,29.6,0.0,54.5,0.0,Needs Improvement,35.931120463328874
5.86,74.4,69.6,3,247,1681,10,1,2,1,5,3,1,0,42,0,59.9,70.1,52.0,49.8,1.0,54.6,0.0,Developing,49.72614653967939
8.27,100.0,75.5,2,68,1590,1,1,1,1,1,4,4,0,94,0,68.3,64.4,50.5,33.2,1.0,16.5,0.0,Needs Improvement,33.35128005218855
6.52,76.3,55.0,0,62,1508,10,2,5,2,2,5,5,1,84,1,55.0,67.9,47.4,75.3,1.0,30.7,2.3,Placement Ready,67.42419237576175
6.7,82.8,67.8,1,114,1389,10,2,1,3,2,3,5,0,27,0,53.8,62.6,27.1,41.8,1.0,32.0,0.0,Developing,40.21762421508983
7.18,70.0,91.2,0,84,1785,8,3,4,4,3,2,5,0,92,1,37.9,69.7,74.2,53.5,2.0,60.3,2.2,Highly Ready,84.99204153854602
5.79,82.9,85.5,0,149,1032,8,4,2,3,1,2,1,1,12,1,66.6,53.5,57.3,61.0,0.0,64.6,3.9,Developing,57.64431732684145
7.41,74.5,89.9,1,115,1061,1,6,5,2,5,4,2,0,68,0,52.6,92.9,75.1,42.3,2.0,84.7,0.0,Developing,44.44817444606838
8.07,78.5,90.5,0,47,1687,10,5,1,4,5,4,2,0,33,1,40.7,64.6,55.3,34.6,3.0,31.2,1.6,Placement Ready,72.64154304029158
7.46,90.4,84.1,0,252,1358,6,3,1,5,4,2,0,2,167,1,51.1,100.0,51.2,58.2,0.0,85.2,1.3,Highly Ready,86.3262142965529
5.77,85.8,73.9,0,149,1149,4,6,3,2,1,3,4,0,131,0,64.3,93.0,47.4,22.2,1.0,44.8,0.0,Developing,43.38564987015478
7.09,86.5,68.7,0,202,1516,7,4,3,2,2,3,2,0,168,0,70.0,54.9,68.9,77.8,2.0,51.6,0.0,Placement Ready,63.0668820234454
7.87,67.8,88.3,2,47,1218,6,3,4,5,2,1,3,1,36,1,57.2,65.4,45.1,52.7,0.0,47.7,4.5,Developing,58.00830578940191
5.51,96.7,78.6,1,146,1099,4,2,4,5,4,3,1,0,28,1,76.0,67.1,64.2,29.9,1.0,55.1,1.2,Developing,42.1512367013417
6.23,72.5,100.0,2,176,1090,4,3,5,2,5,4,2,1,60,1,82.4,75.1,58.6,50.5,2.0,63.9,2.2,Placement Ready,71.01763931761994
7.99,94.2,74.7,1,112,1446,2,1,4,3,5,5,1,0,39,0,55.7,63.8,41.3,64.8,0.0,70.8,0.0,Developing,40.75041725192789
7.44,90.2,95.8,0,38,1412,10,1,2,3,5,2,4,2,33,0,74.6,78.9,50.8,41.1,0.0,45.1,0.0,Placement Ready,75.79563085880936
7.57,86.6,76.6,0,104,1805,7,6,1,4,4,2,3,0,138,1,50.0,37.4,58.2,22.0,0.0,51.8,0.6,Developing,54.495543765614734
8.87,75.2,90.0,0,164,1263,3,2,2,5,2,5,0,0,137,0,40.5,53.5,53.0,52.9,2.0,31.8,0.0,Needs Improvement,31.90014112030407
7.62,83.2,93.3,3,211,1258,8,4,5,1,2,5,1,0,112,1,45.8,59.3,88.3,67.9,1.0,63.6,6.6,Placement Ready,79.75754618043582
7.79,78.2,68.8,0,25,1782,7,1,4,3,2,5,1,2,13,0,47.0,52.7,61.8,59.0,1.0,55.3,0.0,Developing,53.005661793607
9.64,82.2,73.6,1,110,1646,2,4,4,2,1,2,3,0,85,0,53.4,37.8,54.9,61.8,0.0,34.5,0.0,Needs Improvement,36.44882072211868
7.01,80.0,68.7,0,31,1393,2,6,2,4,5,2,2,0,52,1,89.7,74.4,52.2,71.3,3.0,25.1,2.9,Developing,58.91100540863587
6.48,65.7,66.9,3,166,882,3,3,3,3,3,4,2,1,105,1,52.1,46.5,54.3,81.9,2.0,53.2,3.2,Developing,47.407616386971476
7.59,91.0,84.0,1,197,1106,2,1,4,4,5,2,4,1,102,1,54.4,52.6,48.3,9.2,0.0,76.1,2.5,Developing,57.51704005024142
7.6,81.4,76.2,0,44,1034,9,1,5,5,5,4,1,0,78,1,62.3,72.6,44.8,32.5,1.0,81.7,1.6,Developing,43.04008973010019
6.73,78.1,78.5,0,37,1361,2,5,3,4,4,2,4,2,139,0,40.2,79.1,67.6,57.9,1.0,24.1,0.0,Placement Ready,68.47860335782963
6.27,77.5,83.0,0,60,1197,9,1,1,5,1,2,1,0,76,1,62.2,54.1,82.6,59.7,1.0,68.7,5.0,Placement Ready,65.39976211309231
9.28,84.9,61.3,0,86,1831,6,2,5,5,3,5,2,0,11,0,69.9,47.5,50.8,28.7,2.0,65.9,0.0,Developing,55.90800961945082
7.49,74.8,89.6,1,53,879,2,6,5,4,3,2,6,0,49,1,82.2,50.6,64.9,41.7,,77.7,3.3,Placement Ready,67.57372738683416
6.54,64.0,74.9,2,176,1002,9,4,1,2,4,1,3,0,36,1,79.7,77.6,47.4,84.3,0.0,59.5,2.9,Developing,57.8202457656493
8.02,85.3,82.8,0,212,1423,2,6,2,2,3,4,2,0,28,1,65.4,,59.7,49.0,1.0,43.3,2.1,Placement Ready,69.08438204072206
7.1,86.2,83.6,1,107,1506,10,6,5,2,4,2,6,1,30,0,56.6,66.7,37.1,58.6,1.0,65.7,0.0,Placement Ready,78.82158788902282
6.97,80.4,90.3,1,55,800,1,4,5,4,1,4,2,0,44,1,57.5,65.5,44.3,85.4,2.0,0.0,3.8,Developing,43.492202570498534
7.71,72.8,77.1,2,84,829,7,6,5,5,1,4,1,1,39,0,66.1,43.5,43.8,56.6,0.0,30.2,0.0,Needs Improvement,22.27985085883011
6.04,82.7,58.9,2,107,1271,4,1,5,2,5,1,2,0,89,1,59.3,68.5,55.7,68.4,4.0,32.6,0.8,Developing,54.66034003678886
7.52,70.3,78.5,0,81,1757,6,2,1,3,3,1,6,1,35,1,58.6,73.0,39.3,64.7,1.0,36.5,1.1,Placement Ready,66.91472519482421
8.92,73.8,79.8,0,92,1916,9,2,1,3,5,5,2,1,92,1,46.0,64.3,22.2,49.3,0.0,19.6,4.3,Highly Ready,83.52756709638379
7.62,76.0,68.7,3,200,1226,8,6,3,4,5,1,3,1,119,1,70.1,64.8,36.1,48.3,1.0,38.7,0.6,Developing,59.20762910596998
6.86,88.8,79.3,0,52,1299,3,4,4,5,1,2,4,1,90,1,64.5,47.6,55.2,75.1,2.0,38.9,2.8,Developing,55.516021796393844
6.74,79.1,74.8,1,344,1099,1,2,3,3,4,4,2,1,69,0,48.7,78.4,45.3,54.9,0.0,44.7,0.0,Developing,52.8596669595543
6.83,78.4,65.9,2,109,1540,3,2,2,2,1,1,3,1,97,1,82.3,43.0,48.7,37.8,0.0,55.7,2.9,Developing,47.989168335278976
6.97,97.6,84.0,1,78,1809,9,5,2,2,1,3,0,0,29,1,63.1,61.8,62.2,73.4,1.0,25.0,0.8,Developing,40.32953833751518
6.86,84.8,72.9,0,51,1727,6,6,4,3,2,1,0,2,13,0,38.6,68.4,44.9,6.5,3.0,40.9,0.0,Developing,45.28621466854221
8.02,84.7,74.3,0,54,1341,8,1,5,3,4,3,3,1,100,1,74.2,78.0,56.7,81.8,0.0,48.2,0.6,Placement Ready,71.40680960533838
5.64,79.0,73.8,1,99,1098,5,3,5,1,1,4,5,0,75,0,49.9,76.8,92.2,51.8,0.0,12.9,0.0,Developing,51.644573816521095
7.98,77.2,89.1,3,109,1352,6,4,1,5,4,2,6,0,176,0,53.9,77.9,51.9,55.1,0.0,48.5,0.0,Developing,49.07992669906311
6.86,64.5,77.6,0,76,1764,1,2,1,5,2,2,3,0,120,1,57.2,57.8,54.7,56.4,4.0,54.8,2.1,Developing,51.88289769519673
7.54,89.7,78.7,1,30,1230,1,5,2,2,2,3,3,0,50,0,72.9,94.5,64.1,77.6,1.0,65.2,0.0,Developing,47.551123086428944
6.19,85.6,74.0,3,99,805,8,5,4,5,2,4,2,1,54,1,59.1,77.2,44.9,58.0,1.0,23.6,4.6,Developing,55.65541116369617
8.4,80.6,82.2,2,55,1242,3,6,1,2,2,3,5,0,71,1,69.3,57.1,48.5,54.6,2.0,47.0,2.0,Developing,52.133300517966774
8.32,80.9,90.1,1,18,1266,4,5,4,3,2,4,4,1,57,1,36.4,58.0,56.5,38.8,1.0,74.8,3.9,Placement Ready,60.13196074393497
8.06,87.9,83.8,1,153,804,4,6,3,1,2,3,1,4,70,1,43.5,72.6,61.1,42.9,1.0,15.3,,Placement Ready,67.61954408587926
5.84,69.6,84.2,3,22,1420,7,3,4,4,3,1,3,0,41,1,60.5,55.5,43.1,65.9,0.0,49.9,4.2,Developing,43.77880522082823
7.95,77.3,83.5,2,73,1502,10,2,5,3,5,5,0,2,108,0,49.1,44.1,66.9,58.8,1.0,19.5,0.0,Developing,52.923082048469496
7.56,72.9,65.6,0,90,1908,8,2,3,2,3,4,2,0,87,0,56.9,63.2,82.7,83.7,1.0,41.4,0.0,Developing,51.08184564737318
5.76,96.2,70.1,1,231,950,7,6,4,2,1,1,2,0,60,1,71.2,30.2,27.4,41.1,0.0,33.9,1.3,Needs Improvement,31.57768910785711
7.18,89.0,76.2,0,20,1569,9,4,3,5,4,2,4,0,25,1,48.0,67.0,64.3,35.4,0.0,57.5,2.1,Developing,57.47750395356642
7.53,64.4,71.5,3,164,1640,6,2,4,4,5,3,3,1,59,1,49.0,70.9,56.5,60.1,1.0,44.1,2.7,Placement Ready,79.76371326712045
7.7,69.9,68.4,0,183,1506,2,5,2,1,3,1,1,0,79,0,61.6,58.3,53.2,53.5,1.0,24.5,,Needs Improvement,34.101482491216494
7.36,80.9,61.2,0,279,1048,5,2,1,1,3,5,1,0,57,0,28.1,78.1,63.2,34.6,0.0,80.5,0.0,Needs Improvement,21.797624199292414
7.46,78.2,65.9,0,207,1031,10,2,1,1,4,1,1,1,48,0,75.1,73.9,80.1,46.2,0.0,53.6,0.0,Developing,45.858557050452724
8.53,71.4,75.7,0,93,1379,8,1,4,2,5,2,1,1,9,0,62.0,47.7,62.1,67.0,2.0,69.7,0.0,Developing,56.52768580086334
8.3,97.6,77.4,1,170,1377,4,6,4,4,1,2,2,1,256,1,61.4,62.6,73.3,32.6,0.0,28.1,,Highly Ready,82.12735954107208
4.62,84.5,70.9,1,239,1182,4,2,3,1,5,5,6,0,32,0,51.9,54.7,57.4,35.7,4.0,42.1,0.0,Developing,51.65824435313313
6.91,85.8,78.7,3,15,1737,10,5,4,2,5,2,5,0,82,0,70.3,57.5,63.8,42.6,0.0,70.0,0.0,Developing,54.728905764649625
7.05,76.5,74.1,1,30,1230,1,1,3,1,5,3,2,0,28,0,57.6,78.0,49.3,43.0,0.0,35.0,0.0,Needs Improvement,13.38966717204865
5.62,87.8,87.8,1,117,800,10,1,2,4,3,4,2,0,77,0,78.4,70.8,58.6,68.5,1.0,49.9,0.0,Needs Improvement,39.369372972001415
7.28,79.0,76.5,1,181,1283,7,5,3,5,5,1,1,1,82,0,34.3,52.0,53.6,45.6,0.0,48.7,,Developing,48.61921082180481
8.32,79.7,84.3,0,149,1494,9,1,2,3,1,1,1,1,51,1,60.9,65.1,59.7,82.7,0.0,2.7,1.6,Placement Ready,67.9661111084502
6.22,86.9,79.8,1,125,1453,4,1,5,5,3,1,1,0,57,1,60.6,51.4,31.5,37.3,1.0,48.6,3.0,Developing,42.48930211147284
7.5,69.0,65.4,0,276,1450,7,2,4,4,5,1,3,1,38,1,64.7,,40.2,61.2,0.0,41.6,5.3,Placement Ready,76.75353793990351
6.38,94.8,77.2,1,75,1798,4,4,4,4,2,2,3,1,256,0,81.1,83.5,77.0,54.3,0.0,46.7,0.0,Placement Ready,63.53148527455255
6.6,83.5,66.9,3,53,1016,1,1,4,2,4,5,2,0,113,0,39.5,97.7,80.3,55.1,1.0,35.6,0.0,Needs Improvement,15.70193933507828
8.53,92.2,77.0,2,64,1223,5,1,4,5,2,5,2,1,69,0,39.1,86.9,30.3,13.1,1.0,24.2,0.0,Needs Improvement,33.35022667865962
6.71,73.4,71.3,1,119,1814,10,3,4,4,3,3,2,1,42,1,54.7,65.9,48.9,36.3,1.0,33.7,1.8,Placement Ready,68.8539246307869
7.62,74.6,81.4,0,90,800,3,5,3,1,4,5,2,0,106,0,31.6,64.6,46.0,52.2,1.0,39.5,0.0,Needs Improvement,34.80096100531395
5.52,72.7,65.9,2,188,1334,2,1,5,1,5,1,1,4,106,0,94.6,76.3,62.1,21.5,2.0,62.1,0.0,Developing,54.470810781735366
8.88,84.0,78.1,2,56,1719,10,2,1,5,2,3,1,1,28,1,74.0,63.4,56.7,5.3,1.0,38.8,3.6,Developing,55.951826013616326
7.74,82.5,83.2,0,130,1714,10,2,4,2,4,3,2,2,16,1,67.8,42.0,68.9,34.0,1.0,52.2,2.7,Highly Ready,90.71190984162561
7.04,78.3,86.2,0,170,1548,9,2,3,3,3,1,3,0,41,0,71.7,87.5,36.4,60.7,0.0,54.0,0.0,Developing,48.818869469335915
7.72,73.9,71.1,1,239,1556,10,2,1,4,2,3,1,0,40,1,79.1,45.4,63.6,63.1,0.0,39.2,7.3,Placement Ready,78.00352103298027
5.93,71.9,78.2,1,35,1038,10,4,4,4,1,3,1,2,18,0,50.8,78.9,52.7,34.2,2.0,69.4,0.0,Needs Improvement,39.58822424152906
8.26,81.6,79.7,3,63,1762,10,1,1,1,1,4,3,0,32,0,54.6,72.6,46.2,51.6,3.0,42.5,0.0,Developing,50.563053301856634
6.91,78.3,91.9,3,85,990,10,6,4,4,4,3,1,2,26,1,65.1,,65.1,62.2,1.0,38.8,2.4,Placement Ready,77.46774062171973
7.02,76.5,64.7,0,26,1008,8,2,3,5,1,3,4,2,141,0,52.4,74.1,54.0,77.5,0.0,72.1,0.0,Placement Ready,60.399479792070665
6.76,94.4,69.8,0,124,1466,4,6,4,2,1,2,4,1,79,0,46.1,53.8,56.4,76.9,,52.7,0.0,Developing,45.767335155482144
6.68,81.3,100.0,3,122,1202,5,5,4,3,1,3,0,0,86,1,52.1,77.2,79.4,70.5,2.0,2.2,1.7,Needs Improvement,38.96186397636241
7.83,92.2,75.5,0,115,1412,4,3,2,2,2,1,5,0,110,0,65.7,56.9,59.1,45.8,2.0,0.0,0.0,Developing,53.80075077948211
7.43,77.7,61.0,0,81,1479,6,2,4,4,1,3,1,1,28,1,73.7,48.3,89.1,54.2,1.0,81.9,4.1,Placement Ready,67.57661579096528
7.79,84.0,72.8,0,221,1883,7,6,2,1,3,2,2,1,87,1,40.9,36.4,20.7,56.2,2.0,51.7,1.0,Placement Ready,79.46983539627283
7.19,81.6,53.1,0,65,1480,3,6,4,3,5,2,1,1,47,0,57.2,60.3,57.8,51.3,0.0,46.5,0.0,Needs Improvement,35.89695931150103
7.66,68.4,80.2,1,208,1164,1,4,1,3,3,2,0,0,140,0,59.2,38.4,40.2,31.6,1.0,5.6,0.0,Needs Improvement,16.338831059561635
6.82,93.4,85.3,0,64,1553,7,1,1,4,4,5,3,0,127,0,39.1,82.1,43.2,79.5,0.0,47.1,,Developing,48.034487758188035
9.21,80.9,69.8,0,35,1100,10,6,4,3,5,4,2,1,159,0,66.7,40.0,47.5,62.4,2.0,28.9,0.0,Developing,55.67963513855169
5.79,88.0,73.8,0,93,1624,9,3,1,5,5,5,5,0,30,1,58.4,56.7,72.8,69.8,1.0,43.7,4.3,Highly Ready,93.81803718316364
8.33,76.0,86.3,0,107,1369,1,1,5,5,4,2,2,2,57,0,45.9,57.3,51.5,66.2,1.0,35.4,0.0,Developing,46.419510859265735
8.43,80.7,62.2,2,131,1470,6,5,1,2,1,2,4,1,39,0,52.8,64.4,39.7,47.6,2.0,44.2,0.0,Needs Improvement,39.476189577560326
6.43,75.1,66.1,3,10,816,6,1,3,1,4,1,3,0,37,1,68.0,49.9,68.6,29.5,1.0,53.9,2.3,Needs Improvement,12.929451512479252
9.21,91.9,75.9,0,74,800,5,3,5,3,4,4,3,0,41,1,74.7,77.9,39.1,67.8,1.0,57.5,4.1,Placement Ready,74.01320550820935
8.1,84.5,71.2,0,328,900,7,1,4,3,2,1,1,0,100,1,65.1,64.3,84.8,66.7,1.0,48.7,4.9,Placement Ready,70.35297063873873
8.07,84.9,75.4,1,60,1874,5,3,4,4,1,5,4,0,38,0,88.6,61.8,37.3,59.9,2.0,52.1,0.0,Developing,51.22531583600971
7.23,92.9,66.6,1,183,1006,10,5,4,3,1,4,5,1,32,1,76.7,52.9,53.4,91.6,5.0,14.3,3.4,Highly Ready,100.0
7.0,91.3,79.9,1,549,1570,10,1,4,3,2,3,1,1,37,0,68.3,69.7,88.8,45.4,1.0,48.3,0.0,Placement Ready,62.77931497641719
7.01,88.1,76.7,1,368,1157,7,1,1,1,4,4,1,1,19,1,49.5,81.6,52.8,49.7,2.0,54.1,5.6,Placement Ready,77.45490557122929
7.55,70.6,82.9,1,40,1278,5,6,2,4,5,5,3,0,38,1,77.0,99.7,64.8,58.5,1.0,48.4,1.0,Placement Ready,76.41239448866622
8.46,76.4,79.8,0,172,1337,6,2,1,2,1,1,4,0,130,1,48.5,48.8,56.2,46.5,1.0,79.7,2.5,Placement Ready,62.81212900141548
7.36,74.0,79.9,0,180,1843,10,1,2,2,3,4,0,1,215,1,71.2,60.1,58.0,51.0,0.0,44.7,3.0,Highly Ready,94.56215074397835
6.38,87.8,65.0,0,154,1525,4,4,2,3,5,5,2,1,48,1,23.3,35.3,44.9,72.6,0.0,23.5,2.3,Developing,55.707885692980035
7.94,83.4,82.4,0,34,1466,9,2,4,1,1,3,2,1,135,1,52.6,71.5,65.3,44.0,0.0,50.0,2.7,Developing,57.88361635802357
8.03,70.9,75.0,3,114,1739,6,6,5,3,5,4,3,1,179,0,39.0,42.9,79.2,45.2,1.0,38.5,0.0,Placement Ready,63.71153355148907
7.79,80.5,76.5,1,114,1160,1,1,3,2,1,3,1,0,125,1,55.7,65.9,26.9,64.8,,15.5,4.9,Needs Improvement,32.99975359522533
7.87,70.0,87.4,1,29,1671,8,4,1,2,2,1,7,0,12,1,36.9,79.3,43.2,32.6,1.0,43.9,4.6,Placement Ready,66.32044108172715
6.96,81.6,71.5,1,78,1620,3,6,4,2,1,5,4,0,47,1,60.4,56.2,49.2,53.6,1.0,79.5,4.0,Developing,57.25726189487885
6.36,68.8,90.2,0,118,1617,6,5,3,1,4,2,2,1,153,0,67.0,49.0,43.8,52.7,3.0,42.6,0.0,Developing,50.49060012634945
6.42,86.2,91.0,0,91,1303,10,1,4,5,3,2,3,0,104,0,50.2,80.5,68.3,65.7,0.0,71.7,0.0,Placement Ready,61.93455606540663
5.73,85.0,84.8,2,162,1219,8,2,2,2,3,5,2,0,119,1,55.2,71.9,48.3,68.7,0.0,64.4,1.4,Developing,44.23685171518753
7.41,97.3,69.2,0,76,1089,7,1,3,5,3,1,3,1,64,0,63.3,46.2,59.3,52.3,3.0,97.3,0.0,Developing,41.22560897847103
7.12,88.8,58.3,1,106,1108,1,6,4,5,2,3,3,1,80,0,59.3,64.0,81.9,53.5,1.0,59.1,0.0,Developing,48.760533374327224
6.8,78.6,87.7,2,191,1075,9,2,4,3,4,3,2,0,52,0,80.2,50.0,29.3,54.4,1.0,51.5,0.0,Needs Improvement,39.799546827336584
4.54,88.5,79.0,0,302,1460,4,1,2,5,3,2,2,0,134,0,49.7,76.8,63.1,49.8,2.0,51.8,0.0,Developing,56.08050449082923
6.08,70.8,71.3,2,33,1281,1,3,3,2,4,4,1,1,52,0,68.1,,56.0,77.0,4.0,55.6,0.0,Needs Improvement,25.332536154986478
8.21,74.3,88.6,1,157,1479,10,2,5,1,4,3,1,0,72,0,63.9,83.4,56.1,63.5,3.0,44.8,0.0,Placement Ready,69.33152913393397
6.6,84.7,70.2,0,67,1496,2,1,1,5,4,2,1,0,41,1,36.2,49.0,43.5,76.5,0.0,39.8,4.3,Needs Improvement,38.91007456991235
7.52,64.7,74.2,0,133,1032,4,3,2,4,5,2,2,0,33,0,61.3,,51.9,40.1,1.0,59.2,0.0,Needs Improvement,34.604973033142805
5.95,81.7,82.7,0,31,1023,2,6,3,4,3,2,3,0,141,0,58.7,61.8,57.9,76.3,0.0,37.3,0.0,Needs Improvement,20.055511119693332
8.49,73.8,68.0,0,225,1281,7,2,5,5,2,4,1,0,132,0,52.6,65.6,55.1,57.0,2.0,12.7,0.0,Developing,52.21945397877887
7.07,82.8,77.0,0,50,1117,9,6,5,1,4,3,1,2,37,1,86.6,54.1,69.2,66.6,,23.8,6.6,Highly Ready,87.59805743370393
7.46,73.4,87.8,3,193,1086,6,4,3,1,4,4,3,0,82,1,79.3,30.5,40.5,22.5,0.0,82.9,5.6,Developing,52.32334263362273
9.29,85.4,79.9,0,35,1859,9,3,3,5,3,4,0,0,131,1,48.6,71.5,35.7,82.6,,43.6,3.0,Developing,59.38390613631366
8.56,82.2,89.2,0,25,890,10,5,3,1,2,5,1,1,241,1,69.5,62.8,25.9,62.5,1.0,65.4,4.7,Placement Ready,60.80303094330899
6.92,93.2,88.2,0,83,1957,9,3,3,3,5,5,3,0,87,0,71.2,50.4,60.3,86.7,3.0,36.0,0.0,Placement Ready,69.65297805637042
6.67,82.1,78.1,0,115,1437,2,2,4,1,2,4,2,1,127,0,62.2,55.0,70.1,73.9,1.0,67.8,0.0,Developing,42.458012928980615
6.91,75.9,57.0,0,390,1646,3,2,3,2,1,2,4,0,126,1,43.5,45.6,39.2,20.2,1.0,58.0,0.7,Developing,45.23787331035339
7.66,80.0,68.0,0,113,1610,3,1,3,1,4,4,0,1,115,0,45.7,36.0,37.8,80.9,0.0,89.8,0.0,Needs Improvement,36.66525514946893
7.11,71.2,84.9,1,40,1535,7,4,5,2,1,5,2,0,14,0,67.9,76.5,88.2,58.2,2.0,76.3,0.0,Developing,55.88940404158333
6.84,85.2,64.0,2,172,1849,9,1,1,5,4,2,3,1,80,0,67.6,70.0,78.4,65.9,1.0,64.7,0.0,Placement Ready,63.887422938401045
8.52,86.7,75.1,0,250,1025,4,2,5,2,5,3,0,0,53,1,55.7,43.1,79.3,64.2,3.0,38.2,3.0,Developing,58.74571016230689
7.1,100.0,81.0,1,48,1303,7,1,4,5,4,5,4,1,32,0,79.7,97.3,63.6,53.3,1.0,26.5,0.0,Placement Ready,64.14989037292153
9.27,77.0,91.2,1,189,1094,2,1,3,5,2,3,3,1,28,1,82.4,46.2,69.3,48.1,1.0,47.2,3.3,Placement Ready,75.39874303206744
7.28,79.9,72.8,3,229,841,6,6,3,3,5,1,1,0,41,1,82.2,72.0,53.4,67.0,1.0,50.4,2.4,Developing,46.61661328369756
8.81,77.4,72.2,2,175,1152,8,1,3,3,1,2,4,2,151,0,82.3,62.1,35.2,40.9,1.0,41.8,0.0,Placement Ready,60.30232470095733
7.52,83.7,77.5,0,57,1912,4,4,3,2,1,2,4,1,27,0,59.8,44.3,36.0,55.5,2.0,64.1,0.0,Developing,53.87326989781625
8.07,85.1,81.2,1,116,1298,2,2,2,4,2,3,2,3,115,0,40.0,66.9,58.1,78.8,1.0,51.6,0.0,Developing,53.114046946643846
6.55,81.6,76.6,2,133,1945,5,1,4,5,3,5,1,1,173,0,55.2,59.4,72.8,34.3,1.0,50.0,0.0,Placement Ready,63.45522092320522
6.43,90.7,87.4,0,220,1976,8,2,2,5,4,5,2,0,41,0,58.3,53.1,55.3,51.6,1.0,80.5,0.0,Placement Ready,60.52888591706421
7.61,77.1,70.8,1,60,2249,10,1,4,1,2,5,0,0,165,0,50.6,80.5,67.7,74.9,1.0,52.1,0.0,Developing,59.3736184051878
8.09,89.9,79.1,0,192,1922,7,2,3,4,5,4,4,2,135,1,54.3,70.7,56.6,41.1,0.0,22.9,1.8,Highly Ready,100.0
7.24,86.3,82.0,0,89,2057,7,5,2,1,5,3,5,0,51,0,42.7,72.1,62.9,22.6,2.0,70.5,0.0,Developing,57.501044726839496
6.04,81.9,74.4,0,74,1448,5,4,5,3,2,4,2,1,74,1,70.7,59.0,70.3,21.3,0.0,54.2,4.4,Placement Ready,61.204050775375265
5.98,79.5,85.6,0,103,1418,10,5,2,1,1,3,1,0,36,0,84.4,66.9,79.3,47.0,0.0,44.5,0.0,Needs Improvement,35.211257721958276
5.92,100.0,79.3,1,8,1438,9,5,4,3,4,1,2,1,62,1,95.7,61.6,62.6,83.6,1.0,30.9,1.0,Placement Ready,73.8727412244261
5.61,75.5,85.1,2,12,1350,10,6,2,5,1,1,2,0,322,1,63.7,69.0,89.0,42.0,2.0,75.2,1.0,Developing,57.41523605029023
7.3,84.4,79.7,1,16,1395,9,1,2,5,2,3,1,0,71,1,57.4,48.4,54.3,50.1,0.0,83.8,2.4,Developing,49.64125365289647
8.21,76.0,81.4,0,137,1576,6,1,3,4,4,4,1,0,44,1,59.4,28.8,79.2,55.9,1.0,36.6,4.9,Placement Ready,74.93613800829854
7.19,96.3,72.3,0,81,1210,10,3,5,3,1,2,2,0,15,0,80.4,81.0,67.3,73.8,2.0,56.0,0.0,Placement Ready,70.00832427989585
5.17,89.1,72.3,1,57,937,7,4,2,4,2,1,2,1,87,1,80.2,61.8,28.7,69.6,1.0,58.8,3.3,Developing,42.86999569129374
7.03,76.6,89.0,0,96,1459,7,5,1,1,5,1,0,0,31,1,56.4,70.0,80.6,52.4,2.0,15.1,4.5,Developing,47.852441903382385
7.05,86.1,83.7,1,195,1142,7,1,1,4,4,2,0,0,23,1,78.1,52.4,43.3,65.2,0.0,49.1,3.9,Developing,40.57672053758905
9.09,84.1,68.8,3,93,1173,2,1,3,4,4,5,2,0,85,1,62.4,58.9,54.0,73.0,1.0,15.2,1.6,Developing,50.863474336198294
5.89,77.9,79.6,0,39,1307,9,5,4,1,5,3,1,2,35,0,49.0,83.3,72.0,27.0,1.0,49.6,0.0,Developing,55.420967150703675
6.85,88.1,56.6,1,431,1238,4,4,4,4,4,5,4,0,118,1,57.7,67.1,46.1,48.6,1.0,95.3,4.3,Highly Ready,95.06743651992771
8.74,85.1,72.8,3,100,1683,7,3,2,2,3,5,1,0,13,1,85.5,92.9,56.9,34.6,2.0,21.0,0.7,Developing,59.61153526908329
7.6,83.7,86.6,0,231,1300,9,2,5,3,4,5,3,0,99,1,70.8,74.5,68.5,42.6,1.0,87.5,1.4,Highly Ready,84.8008164318813
7.71,81.7,76.9,2,176,1698,2,5,1,5,3,5,2,1,193,1,52.4,52.6,44.8,66.1,1.0,85.5,2.1,Placement Ready,71.14268206805671
7.3,85.4,79.1,2,70,1412,4,5,3,2,2,2,1,3,91,1,74.1,68.2,54.2,34.6,1.0,49.9,1.6,Placement Ready,66.09025510544338
7.5,83.8,50.9,0,300,1323,10,1,5,5,5,5,1,1,123,1,70.7,85.6,,94.3,2.0,60.3,0.9,Highly Ready,96.99129789466552
7.9,82.5,74.5,0,61,1397,4,1,5,3,3,5,6,1,39,0,55.4,65.1,73.4,66.2,0.0,44.3,0.0,Placement Ready,61.18397573249696
6.47,76.9,81.0,1,135,963,7,5,4,3,4,4,2,1,126,1,48.8,71.0,83.1,45.1,2.0,41.1,2.0,Placement Ready,78.17121703738817
7.99,95.6,82.2,1,122,1451,6,6,2,1,3,1,5,1,91,0,43.3,81.8,40.4,52.8,0.0,54.1,0.0,Developing,53.79631904020242
5.96,73.6,86.7,0,131,1605,9,2,4,1,1,2,3,0,76,1,35.3,29.2,59.2,33.1,2.0,34.5,3.6,Developing,49.99888952138867
7.5,85.4,76.1,0,266,1647,6,5,2,2,1,4,3,0,152,0,50.2,71.8,49.6,29.9,1.0,59.5,0.0,Placement Ready,70.97014324510818
7.36,79.4,76.5,1,102,944,5,6,2,5,5,1,2,0,104,0,57.3,80.9,58.5,48.4,0.0,50.8,0.0,Developing,42.114964438232164
6.65,96.1,66.0,0,117,894,1,1,3,2,3,5,3,0,33,0,78.9,51.3,86.3,77.2,1.0,28.7,0.0,Needs Improvement,25.355978472682196
7.18,74.8,76.2,0,121,1189,5,2,4,2,3,3,0,1,51,1,72.4,76.6,64.1,31.1,3.0,64.2,2.0,Developing,41.66560380193406
6.64,76.1,66.6,0,379,1765,6,1,2,5,1,1,3,1,176,0,62.9,61.9,49.0,76.0,2.0,64.7,0.0,Placement Ready,71.7593136689298
6.24,74.2,61.4,0,219,1416,7,5,5,2,4,2,6,2,30,1,31.9,38.3,36.1,51.8,0.0,72.5,2.1,Highly Ready,81.170277868664
6.88,84.6,68.2,0,24,1118,8,5,5,5,2,2,2,2,30,0,64.4,73.1,74.0,59.1,2.0,40.4,0.0,Placement Ready,60.61269598574547
6.21,71.0,91.6,0,63,914,8,1,2,1,3,4,5,0,118,1,35.3,61.9,50.7,56.2,0.0,70.6,2.0,Developing,49.67729511447358
7.49,78.2,75.6,0,107,1145,5,2,2,1,2,4,2,2,49,0,73.1,61.0,45.6,68.2,1.0,93.3,0.0,Developing,56.60129899841805
6.16,64.8,80.0,0,263,1125,1,4,1,1,2,2,2,0,196,0,73.5,71.0,62.9,73.7,0.0,50.6,0.0,Needs Improvement,37.57398444979852
7.84,83.9,73.4,2,280,1631,3,6,3,1,1,4,2,0,105,0,60.8,48.7,67.3,51.4,2.0,52.4,0.0,Developing,57.490223974995104
6.14,78.0,61.9,0,97,1654,5,5,1,4,5,5,2,0,52,0,72.3,72.8,52.1,63.7,0.0,63.6,0.0,Developing,50.70191990386258
6.69,70.1,86.4,1,62,1035,10,2,5,1,1,2,2,0,91,1,75.2,49.2,,77.1,0.0,6.7,0.6,Needs Improvement,19.96477734867932
6.64,90.7,58.5,0,87,1576,8,3,5,4,1,2,2,2,39,0,61.6,83.2,79.9,68.8,1.0,22.7,0.0,Placement Ready,66.73666555982805
8.39,71.5,73.0,0,110,1545,9,1,5,3,2,1,3,0,216,1,57.8,77.9,68.9,48.0,2.0,39.0,3.4,Placement Ready,79.79638865908485
7.5,88.4,77.5,3,82,996,10,2,2,2,5,2,3,1,78,1,40.1,83.5,73.8,51.7,0.0,43.2,3.8,Placement Ready,65.9617265448224
7.01,76.4,80.1,1,235,1325,2,4,4,1,4,2,3,2,56,0,54.7,68.5,52.3,38.2,0.0,52.2,0.0,Developing,52.11628353139515
7.65,94.8,71.5,0,76,1452,1,3,3,1,5,4,3,0,44,1,45.1,56.1,44.7,85.9,1.0,55.3,1.4,Needs Improvement,38.400140657421204
5.3,88.0,61.5,1,48,1399,6,4,2,1,2,1,5,0,32,1,44.9,51.9,49.5,60.2,0.0,22.5,5.7,Developing,49.81171245605128
7.16,73.9,70.8,0,86,837,3,2,3,3,5,3,2,1,36,0,49.0,51.1,33.6,31.1,1.0,73.0,0.0,Needs Improvement,27.462879130418948
9.0,74.7,71.3,0,127,1389,9,4,1,5,1,4,2,2,41,1,30.6,59.6,52.6,40.7,0.0,56.7,1.8,Developing,56.541975673987736
7.32,86.8,71.0,0,237,1541,5,4,5,3,1,2,5,0,19,0,74.7,52.4,47.2,52.4,0.0,51.2,0.0,Placement Ready,72.71196047025468
7.26,79.9,86.7,1,45,1824,1,2,1,4,3,1,2,1,52,0,63.3,66.5,56.8,77.8,2.0,59.8,0.0,Developing,51.206738652782704
7.69,80.6,67.1,1,128,1149,3,1,2,2,3,4,2,0,60,0,77.4,50.7,58.8,51.8,2.0,37.7,0.0,Needs Improvement,24.110957672119632
8.01,92.2,80.7,2,130,1186,4,3,2,1,2,3,1,1,92,0,72.0,53.3,59.5,65.3,1.0,45.2,0.0,Needs Improvement,30.088580364076524
5.4,76.0,79.4,0,148,1287,1,1,3,2,1,3,0,1,37,0,67.5,56.7,48.6,42.9,1.0,28.3,0.0,Needs Improvement,17.04114219031806
5.69,82.7,86.6,0,76,1437,4,1,4,3,2,5,1,2,35,0,71.9,51.1,39.0,66.0,0.0,5.9,0.0,Needs Improvement,38.60346528011254
7.39,89.6,76.8,1,147,1379,6,2,5,5,2,1,0,3,65,0,62.3,57.2,34.9,77.1,2.0,45.3,0.0,Placement Ready,64.70449041164274
6.56,88.5,85.1,2,173,1531,9,3,2,2,4,1,6,0,57,1,79.6,70.2,61.1,68.4,2.0,84.5,1.6,Highly Ready,92.13450016795272
8.38,80.7,76.5,1,75,1012,7,2,2,5,2,3,3,0,87,0,52.4,49.6,60.2,13.2,0.0,38.6,0.0,Needs Improvement,31.942738229259366
6.92,79.7,81.9,1,117,1469,1,1,1,4,2,3,5,0,14,0,59.7,45.1,35.7,52.4,0.0,18.9,0.0,Needs Improvement,19.616676713472906
5.46,68.1,64.5,0,90,1127,5,2,3,2,3,5,3,1,91,0,55.8,59.5,80.8,37.0,1.0,61.3,0.0,Needs Improvement,36.961111961790365
6.06,73.6,54.3,3,54,1307,8,6,5,4,3,4,3,0,64,0,90.3,46.1,71.4,66.4,2.0,40.4,0.0,Developing,46.11065048593175
4.73,84.5,81.4,3,32,1862,4,5,1,4,3,2,5,2,8,1,50.5,80.7,41.7,56.2,1.0,58.7,3.3,Placement Ready,68.80489615467206
6.99,80.9,81.9,1,61,931,6,3,5,4,1,5,2,0,53,1,79.3,52.2,62.2,84.1,3.0,63.2,4.1,Placement Ready,68.88843954099477
7.03,82.6,82.3,0,65,1266,10,1,2,5,5,3,1,2,113,0,39.5,,55.8,49.3,0.0,39.9,0.0,Developing,58.335364965461956
6.82,90.3,73.3,1,31,968,2,3,5,4,3,5,2,0,70,1,61.5,68.4,62.2,56.2,1.0,58.3,4.6,Developing,43.974920312706516
8.17,72.5,91.4,1,140,1396,5,6,1,1,2,2,1,1,58,0,57.3,44.3,60.8,52.9,0.0,49.3,0.0,Needs Improvement,35.87686398127538
8.28,80.1,73.9,3,182,1664,7,5,5,2,4,4,0,1,38,0,44.7,50.2,68.7,67.2,1.0,10.6,0.0,Developing,42.84179778774442
7.05,83.5,81.8,0,88,1401,8,5,2,5,3,3,3,0,14,1,50.0,53.2,81.7,38.5,3.0,39.5,5.3,Placement Ready,72.22707424000038
5.28,76.4,83.4,1,98,1315,9,2,2,2,1,3,2,0,67,1,67.5,73.0,62.8,38.0,2.0,33.4,8.4,Developing,51.05107949320734
7.76,93.5,93.5,1,69,1749,3,3,2,3,4,5,2,1,132,1,55.0,87.6,66.5,45.4,1.0,19.8,3.0,Placement Ready,78.09666564639474
7.7,89.3,75.1,0,94,1449,5,1,1,3,1,1,2,1,176,1,45.5,,81.4,64.9,0.0,33.1,1.3,Placement Ready,79.55047668908468
7.48,84.3,72.1,2,147,1596,9,6,4,3,2,2,1,1,29,0,73.5,79.8,49.4,72.7,0.0,63.4,0.0,Placement Ready,61.38470535587039
8.08,96.4,64.5,0,128,1565,9,1,1,5,4,1,0,0,71,1,59.7,44.6,43.1,53.4,2.0,50.3,0.9,Placement Ready,64.73334656028308
6.15,70.0,92.0,0,94,800,9,4,3,3,4,5,2,1,74,1,65.0,49.7,68.8,65.1,3.0,12.9,5.9,Highly Ready,83.95339657317663
9.01,81.9,81.8,2,65,1327,7,2,5,1,5,5,3,0,47,0,76.4,81.4,38.4,63.6,1.0,27.8,0.0,Developing,48.07788693820237
6.34,84.9,82.1,0,171,1027,3,4,3,2,4,5,4,0,133,1,83.2,83.4,45.1,54.0,1.0,50.3,1.7,Placement Ready,71.84886583601462
7.87,74.7,100.0,0,71,1101,4,5,5,4,2,2,6,2,77,0,25.7,73.1,82.1,53.6,0.0,49.9,0.0,Placement Ready,75.29132104434653
5.68,84.4,80.9,0,33,1792,7,2,4,4,4,2,2,0,22,1,58.4,73.3,30.5,68.0,1.0,43.6,1.3,Developing,56.466001493409806
6.36,73.1,66.3,1,112,1238,3,1,4,4,4,3,1,0,59,1,34.8,56.0,62.8,87.6,1.0,65.1,1.3,Needs Improvement,28.323064361405873
8.56,87.5,76.2,0,19,1918,7,4,5,4,4,4,2,0,118,0,100.0,86.0,34.9,71.8,0.0,57.4,0.0,Placement Ready,63.77532238401868
6.97,90.5,69.2,0,124,928,6,4,1,2,4,4,1,2,24,0,62.3,51.8,64.6,75.4,0.0,38.6,0.0,Developing,55.38861029317704
7.96,84.2,74.4,3,131,1025,5,1,2,1,5,5,3,0,64,1,74.6,39.5,87.3,89.7,1.0,36.5,3.4,Developing,47.62338652834796
7.41,67.2,74.4,0,61,1579,4,1,2,5,3,4,3,0,68,0,50.6,73.2,41.8,43.1,3.0,46.0,0.0,Developing,49.377520196369545
7.11,74.3,72.7,1,68,1248,8,4,1,3,5,5,3,1,77,1,54.7,53.8,24.3,66.9,1.0,8.3,1.7,Placement Ready,64.30605233136157
8.43,86.5,65.5,3,189,1442,5,4,1,4,4,2,4,1,107,0,76.5,43.8,63.7,79.8,2.0,55.8,0.0,Developing,54.70078061705535
6.99,82.2,92.3,1,355,1316,4,1,1,5,1,4,5,0,42,0,67.7,74.3,48.0,71.0,1.0,24.9,0.0,Placement Ready,62.54358040753828
5.6,60.4,80.7,2,102,1307,4,4,5,1,1,3,4,1,197,0,85.2,36.4,55.1,44.8,6.0,74.2,0.0,Developing,48.326393066129036
6.48,91.9,76.0,3,62,1259,5,3,5,5,3,1,4,0,84,1,47.5,68.4,63.8,41.5,2.0,15.8,2.0,Developing,55.880042285361895
7.7,83.1,84.8,1,131,1404,7,1,3,2,3,5,0,2,237,1,56.7,55.7,67.0,82.8,1.0,57.4,0.6,Placement Ready,69.27411241014013
7.56,75.4,82.2,2,91,1542,10,4,5,4,5,1,1,1,48,1,67.7,84.4,67.2,62.1,1.0,10.2,7.1,Highly Ready,81.50158408993337
5.79,90.0,80.5,1,125,1834,4,4,2,2,4,5,2,0,96,1,70.0,68.4,57.6,60.2,2.0,37.1,8.6,Placement Ready,79.48309147798501
6.55,76.6,84.2,2,112,1289,2,1,3,1,1,2,2,0,2,1,66.3,77.0,65.0,55.3,3.0,57.9,6.5,Developing,54.95520172001833
6.68,76.5,79.2,1,114,1232,10,5,5,5,3,2,2,0,208,0,40.2,46.8,55.0,80.7,3.0,68.3,0.0,Developing,53.80441048553642
6.87,84.9,84.0,0,13,1193,2,2,1,2,3,4,1,0,87,0,45.9,38.3,52.7,71.6,2.0,67.3,0.0,Needs Improvement,27.02317262543114
5.96,96.2,84.8,1,68,1791,10,4,1,1,5,3,5,1,47,0,65.1,56.9,57.7,51.8,3.0,63.7,0.0,Placement Ready,74.76814311593554
6.63,95.0,79.5,0,63,1557,2,5,3,1,4,2,2,0,18,1,36.9,70.6,67.2,70.5,1.0,66.0,5.1,Placement Ready,61.812593381291045
6.54,84.9,76.0,0,62,800,4,6,2,5,1,5,1,2,88,0,46.7,63.0,47.6,58.0,1.0,67.7,0.0,Needs Improvement,30.60945816967628
7.89,85.7,91.8,0,155,800,10,2,4,5,1,4,6,0,43,1,60.6,78.1,61.4,69.8,1.0,38.7,4.2,Highly Ready,95.59505616803504
7.93,88.3,73.7,0,36,1101,2,3,4,4,2,4,5,0,129,0,48.4,69.6,50.7,78.1,2.0,42.2,0.0,Developing,46.210053221931084
7.07,71.9,81.5,0,13,1419,2,1,2,4,3,4,1,1,192,0,63.4,47.3,46.2,76.0,2.0,63.4,0.0,Needs Improvement,32.81383428712982
6.85,87.2,81.7,1,61,1340,7,6,1,4,1,5,3,2,78,1,58.7,68.5,74.8,25.7,1.0,71.7,4.3,Highly Ready,92.24991983907879
7.33,76.1,72.5,0,51,1504,2,2,1,5,4,1,3,1,116,1,48.2,64.4,63.9,63.7,6.0,46.6,,Developing,56.8844999806879
6.47,84.5,70.7,0,103,1297,1,5,3,1,1,3,3,0,54,0,48.5,79.8,64.1,80.1,2.0,38.9,0.0,Needs Improvement,33.07835607765029
6.17,80.2,74.8,0,51,1769,7,6,2,1,1,5,5,0,6,1,79.2,49.0,42.9,42.8,1.0,38.2,2.5,Developing,52.67327139869544
6.35,86.0,73.6,0,81,1582,10,3,1,4,1,5,1,1,93,1,65.8,52.7,54.1,88.8,3.0,32.9,3.2,Placement Ready,69.33935975155944
6.63,82.9,64.9,0,72,1373,8,5,4,5,1,1,2,0,110,0,63.7,67.6,67.6,65.6,0.0,58.9,0.0,Needs Improvement,32.00863971689727
6.15,57.4,72.1,3,229,1694,10,3,5,3,3,2,3,1,54,1,60.8,81.8,64.0,71.3,,72.2,4.3,Highly Ready,100.0
7.35,83.4,80.4,0,52,855,6,4,5,5,5,2,4,1,15,0,46.4,59.2,99.0,71.3,0.0,59.2,0.0,Developing,58.53158116985267
7.86,87.1,89.4,0,149,1324,7,2,1,3,5,3,2,0,43,0,51.5,70.4,61.5,32.1,2.0,49.1,0.0,Developing,54.584479147297074
5.77,85.6,83.0,0,93,1391,10,6,1,4,5,5,1,0,89,1,24.0,62.5,47.4,71.9,2.0,87.8,0.8,Developing,58.65495245542232
7.22,81.2,54.6,1,191,1531,6,1,3,3,4,3,1,1,53,1,50.5,61.4,51.0,63.4,0.0,49.6,0.8,Developing,43.31111968912231
7.0,95.1,83.8,0,277,835,1,4,5,5,3,1,1,0,59,1,50.7,78.1,,47.4,1.0,77.4,1.0,Developing,53.76862868881073
7.51,84.5,73.0,0,92,1272,3,6,3,4,2,3,6,1,174,0,68.2,63.5,47.7,82.6,2.0,28.0,0.0,Placement Ready,71.44788116323186
7.19,85.5,82.1,0,20,1470,7,5,3,3,3,2,3,0,86,0,51.0,55.8,59.6,22.8,5.0,54.2,0.0,Developing,50.94551502923471
5.89,90.4,77.9,0,37,1493,9,5,5,2,5,4,1,0,227,0,71.8,55.0,50.6,44.6,0.0,30.2,0.0,Needs Improvement,24.42379832619732
6.06,84.9,76.3,0,29,1706,7,4,4,2,1,5,1,2,20,1,56.1,,,79.7,1.0,31.5,9.6,Placement Ready,75.98216090233642
7.23,74.8,77.1,0,68,1578,5,6,5,1,5,4,2,1,16,1,62.2,52.3,72.1,72.2,1.0,33.7,1.0,Developing,58.75501777737645
8.13,62.5,77.8,1,60,1332,4,6,5,1,5,5,3,0,104,1,59.5,58.7,71.8,45.9,1.0,51.2,1.8,Placement Ready,60.46642047615504
5.21,78.2,90.1,0,116,1552,7,2,5,3,1,3,4,0,139,0,70.5,62.8,54.0,42.9,1.0,40.7,0.0,Developing,40.718605459237004
7.51,88.1,77.8,1,181,1290,9,4,3,1,2,5,2,2,101,1,78.1,66.0,72.6,52.2,3.0,8.6,1.3,Highly Ready,100.0
8.27,79.2,87.8,1,18,1394,3,3,2,3,2,5,2,0,263,1,45.2,,74.4,61.7,,41.3,1.8,Developing,49.99551174471114
7.06,88.4,86.5,0,98,1588,6,2,1,1,5,1,3,1,179,1,86.4,56.1,83.5,49.2,0.0,37.5,1.1,Highly Ready,80.00767819366187
7.7,83.2,84.0,0,53,1336,5,5,4,1,3,4,1,0,148,1,47.1,56.8,49.3,55.2,0.0,15.0,1.6,Developing,51.50063752014219
6.57,92.3,61.9,0,101,1459,3,1,2,4,4,2,0,4,37,1,57.2,51.3,58.2,58.3,0.0,59.1,1.3,Developing,56.80593609850688
7.09,79.6,88.0,1,69,1638,5,1,1,1,4,1,1,0,34,0,52.1,53.9,46.0,51.2,0.0,63.3,0.0,Needs Improvement,10.77042077116052
5.74,85.7,73.9,0,161,1564,1,1,5,2,1,2,2,1,152,1,82.6,74.6,100.0,49.4,0.0,62.3,1.6,Placement Ready,67.22934146166993
5.09,86.0,84.4,0,39,1720,6,2,3,1,4,1,4,0,58,1,44.1,81.1,54.8,37.2,0.0,84.1,0.5,Developing,42.148144689053765
8.05,94.0,69.2,0,56,2049,2,4,3,1,4,1,3,0,125,0,70.8,57.6,78.4,56.7,5.0,27.6,0.0,Developing,57.821782821618044
6.31,68.3,67.3,0,87,1561,5,6,4,2,5,1,2,1,58,1,26.9,52.0,60.5,56.4,2.0,28.1,0.5,Developing,50.82041834440893
6.79,78.3,95.8,0,74,1212,9,6,2,1,5,5,3,1,13,1,72.2,60.9,72.1,41.2,0.0,49.3,3.5,Placement Ready,72.57218104236237
5.95,88.8,69.4,0,87,1504,2,6,5,1,3,3,2,0,161,0,57.1,63.2,57.8,62.0,0.0,47.6,0.0,Needs Improvement,30.531447327459013
5.93,94.4,88.3,3,23,1491,3,5,3,4,5,1,6,2,107,1,54.4,71.7,72.8,77.2,3.0,52.7,2.7,Highly Ready,96.62406083132954
7.04,83.9,79.1,0,250,1534,8,3,3,1,1,2,2,0,44,1,49.6,56.5,62.4,58.2,0.0,66.7,0.5,Developing,48.85696210650577
6.54,79.7,74.2,0,64,1799,10,5,2,5,4,4,2,1,8,0,59.0,54.4,85.3,64.5,2.0,44.9,0.0,Placement Ready,64.35425314079902
7.54,88.1,77.6,1,41,845,10,2,4,3,3,4,3,0,220,0,54.7,96.3,62.9,73.9,2.0,70.7,0.0,Developing,59.215765388403725
7.61,88.9,66.3,0,89,1804,2,4,2,3,1,1,0,1,124,0,37.6,43.9,46.4,56.6,1.0,34.6,0.0,Needs Improvement,29.729916749590238
7.49,79.1,77.9,0,99,1905,3,1,4,5,3,1,3,0,111,1,48.2,74.6,66.3,72.3,1.0,39.9,2.5,Placement Ready,73.66520597854664
7.41,84.6,68.3,1,323,1520,10,6,5,4,4,3,8,0,129,0,72.0,82.9,58.1,18.0,0.0,27.8,0.0,Highly Ready,84.94558540356911
8.62,91.4,74.4,0,202,1528,6,6,1,3,3,5,1,0,23,1,54.0,58.4,42.2,45.1,1.0,0.0,1.8,Developing,46.58732420924589
6.24,97.1,86.3,1,73,1278,9,5,3,5,4,1,1,0,179,1,48.1,68.2,64.1,38.4,1.0,15.0,0.5,Developing,54.76511164588092
7.15,87.9,80.3,0,286,1352,1,2,4,3,4,5,5,0,36,0,60.7,38.5,48.1,81.1,,67.9,,Developing,48.71173250673982
8.22,82.4,64.7,0,250,1559,2,2,2,4,3,1,3,2,41,0,67.3,62.3,54.2,67.9,1.0,72.1,0.0,Placement Ready,72.43564052200276
8.34,81.6,85.7,0,42,1540,3,5,1,5,2,3,1,1,40,1,69.8,78.2,58.7,36.6,0.0,24.4,11.6,Placement Ready,74.766435541386
5.92,86.5,77.9,0,373,1566,1,3,3,4,2,2,2,0,63,0,65.1,63.7,25.6,40.5,2.0,68.6,0.0,Developing,50.65320451274778
6.92,81.1,73.1,0,65,1538,9,4,3,3,4,3,3,1,119,0,78.1,62.5,51.1,33.8,0.0,1.4,0.0,Developing,57.67181808074196
8.42,83.5,84.7,3,108,1620,9,3,5,4,5,5,2,3,23,0,60.7,86.3,72.8,62.7,2.0,29.4,0.0,Highly Ready,87.2994311570843
7.66,73.5,76.5,3,225,1586,4,6,5,4,3,2,2,0,17,0,56.5,73.5,54.9,60.4,3.0,40.6,0.0,Developing,51.41386288024486
7.38,92.4,67.5,0,18,1043,1,1,1,5,3,4,4,0,136,0,73.1,71.9,27.6,49.9,1.0,71.1,0.0,Needs Improvement,36.18249143242084
7.0,72.9,94.6,3,87,1600,2,3,2,4,5,2,1,1,51,0,49.4,50.7,56.7,42.2,1.0,86.1,0.0,Needs Improvement,31.196137955118218
6.85,78.5,77.8,1,121,1908,3,2,1,2,2,4,4,0,38,0,53.9,27.8,65.7,56.6,0.0,40.7,0.0,Needs Improvement,15.046706423841773
7.46,82.8,77.3,1,196,1342,8,5,5,1,5,1,2,2,195,0,36.1,67.2,53.2,100.0,1.0,48.6,0.0,Placement Ready,72.97999086309181
6.97,97.9,74.4,2,96,1800,9,2,2,4,2,2,1,0,126,1,87.2,62.1,53.8,50.6,2.0,70.8,2.2,Placement Ready,71.61509907312407
7.16,78.6,88.6,0,18,1075,6,2,5,3,2,5,2,2,36,0,91.3,72.7,50.9,76.6,2.0,95.0,0.0,Placement Ready,60.61865701660248
7.27,76.7,73.3,0,322,1341,10,2,1,3,2,4,1,0,6,0,57.4,63.7,67.9,52.0,1.0,73.8,0.0,Developing,57.980661783993874
6.59,77.6,64.1,1,98,1158,10,6,3,5,1,5,1,0,79,1,71.5,62.6,44.8,73.6,2.0,25.8,3.2,Placement Ready,67.37605303731232
7.68,95.3,71.9,1,124,1764,8,2,1,1,3,4,1,0,37,1,70.5,62.4,66.7,67.4,0.0,67.5,1.1,Developing,57.38940791798524
9.82,59.5,89.9,1,25,1842,1,6,3,1,2,1,2,3,123,1,62.8,46.5,53.7,56.5,2.0,37.1,0.7,Placement Ready,61.35205457991638
5.6,74.0,85.5,0,243,1320,9,6,1,4,2,3,2,0,130,1,78.2,36.2,78.1,68.0,2.0,78.0,7.0,Placement Ready,77.44775507324152
7.49,100.0,75.7,3,66,1701,10,6,1,5,4,5,2,1,62,0,41.0,49.6,50.2,77.5,2.0,62.7,,Developing,59.628996993134685
6.52,86.7,90.4,0,53,1845,6,3,1,5,3,4,1,0,44,1,57.2,46.6,40.2,58.2,1.0,29.5,5.4,Placement Ready,61.15199286366825
7.72,73.2,84.7,2,207,1340,6,4,4,5,1,3,3,1,64,1,28.7,61.4,67.9,54.0,2.0,72.1,4.9,Placement Ready,76.68978595482778
7.24,81.7,75.6,0,28,1389,8,5,4,5,1,5,4,1,56,0,44.8,39.1,65.9,68.4,2.0,60.6,0.0,Developing,57.836554328090024
7.89,82.5,76.5,0,125,1570,6,1,3,4,5,1,2,0,96,0,35.6,55.3,64.6,84.8,2.0,58.0,0.0,Developing,53.93071632922535
8.26,88.8,81.0,3,52,1097,4,1,1,5,2,5,4,1,66,0,32.4,89.0,71.5,33.4,1.0,50.6,0.0,Developing,44.60036443428387
7.37,96.7,70.5,1,136,1383,7,2,2,2,2,1,0,0,98,1,52.6,61.0,42.0,35.5,0.0,39.5,1.8,Needs Improvement,36.35445749321748
8.22,85.1,78.0,0,162,1993,8,6,2,4,1,5,4,2,59,0,65.5,62.7,45.4,81.1,2.0,62.3,0.0,Highly Ready,86.56309656003519
5.09,77.7,80.8,0,64,1200,2,1,5,1,5,5,5,1,36,1,50.0,62.2,79.1,47.9,0.0,94.0,1.8,Placement Ready,61.405679643244795
8.63,88.3,62.8,0,233,1606,7,5,4,3,2,3,3,1,77,1,51.8,65.0,65.0,78.2,0.0,88.2,1.9,Highly Ready,80.15708364724173
7.54,76.4,76.3,0,98,1507,2,6,1,2,4,3,2,0,42,1,49.0,54.6,50.7,45.6,1.0,46.3,1.5,Needs Improvement,39.68649509456893
8.17,73.7,75.3,3,325,1301,6,6,1,5,3,1,2,0,165,0,62.1,59.7,29.8,49.1,0.0,7.9,0.0,Developing,56.983383164449094
6.1,67.9,87.3,0,209,1416,2,4,2,3,5,2,3,2,91,0,50.9,54.4,38.1,74.8,0.0,39.0,0.0,Developing,57.65311590203216
6.45,69.5,61.4,0,107,1876,10,4,2,2,3,2,3,1,39,0,44.9,41.1,42.7,69.6,1.0,52.9,0.0,Developing,53.299527566809
7.33,74.8,74.6,2,106,1516,7,5,3,3,5,4,1,0,95,1,74.0,,49.0,37.8,2.0,55.7,4.0,Placement Ready,60.610292337484914
7.18,72.6,73.7,3,31,1563,5,4,5,1,4,1,3,0,96,1,46.9,49.6,62.9,67.2,1.0,68.0,9.0,Placement Ready,71.05159324697465
7.45,84.5,86.6,0,207,1830,6,5,1,1,3,5,1,1,83,0,40.9,84.4,36.1,45.7,0.0,64.5,0.0,Developing,59.521946964245934
8.18,72.4,77.6,1,59,1263,7,3,3,3,3,2,3,0,43,0,71.1,51.3,49.6,64.5,2.0,64.8,,Needs Improvement,27.444249465028214
5.61,56.9,94.2,1,115,1036,2,6,3,4,4,5,2,1,125,1,34.7,43.0,37.8,58.1,,37.3,1.6,Needs Improvement,36.20482518548158
8.08,73.6,84.0,1,323,1881,6,3,4,3,4,2,0,0,126,0,78.4,,51.3,54.2,2.0,39.5,0.0,Placement Ready,71.39991496316108
7.21,78.2,74.3,0,230,1391,8,2,3,1,4,4,2,2,35,1,44.6,41.3,96.2,46.6,2.0,28.4,2.0,Placement Ready,77.27968926277994
7.02,77.2,80.2,2,44,1618,3,5,3,4,1,4,2,0,25,0,61.2,30.3,77.0,28.7,2.0,55.2,0.0,Needs Improvement,33.10310182957021
5.88,94.2,74.8,3,99,1121,5,4,2,1,2,5,4,1,47,1,45.1,41.8,67.2,46.4,2.0,67.3,3.1,Developing,45.41566491372451
7.65,77.1,85.7,1,124,1467,4,1,5,5,3,3,5,1,104,0,60.2,60.1,49.6,68.9,0.0,71.4,0.0,Placement Ready,66.54728225969625
5.03,89.0,66.0,3,249,1021,2,1,2,1,3,2,2,1,46,0,52.2,43.3,40.8,64.8,1.0,0.0,0.0,Needs Improvement,8.858714297655627
7.78,81.8,70.6,0,225,1369,10,1,1,1,1,4,3,0,96,0,45.3,54.1,56.6,42.9,0.0,59.4,0.0,Developing,48.15798785811101
5.86,81.7,82.1,1,148,1156,6,4,1,3,1,1,5,1,125,0,35.9,33.5,33.1,75.9,0.0,29.2,0.0,Needs Improvement,32.81009945048729
7.25,75.3,89.0,3,138,1087,4,6,1,5,3,5,1,2,19,0,51.9,77.2,68.4,63.4,1.0,61.8,0.0,Developing,49.22948665614504
7.09,81.5,58.2,1,97,1259,4,2,2,4,3,4,4,0,121,0,67.1,,54.8,67.7,2.0,29.0,0.0,Developing,55.9915464944642
8.25,75.9,90.4,3,122,800,7,1,5,4,4,1,2,1,62,0,70.1,44.3,57.6,39.6,2.0,64.7,0.0,Needs Improvement,29.180040502369813
7.04,83.4,76.7,0,81,1002,2,6,1,1,1,1,2,0,233,0,49.2,29.6,31.4,88.0,1.0,37.1,0.0,Needs Improvement,30.87596166958797
6.58,80.1,61.0,3,173,1585,6,5,1,5,4,1,2,0,61,0,49.3,49.3,58.8,65.5,0.0,37.5,0.0,Developing,54.63787874136854
6.74,74.4,51.0,3,143,1454,3,4,3,1,2,4,1,1,41,1,57.4,71.1,54.2,83.5,0.0,66.1,5.8,Developing,49.216049267923566
8.35,89.9,64.2,1,202,1028,9,2,3,2,3,4,4,0,89,1,60.0,77.1,42.7,46.7,,39.0,12.0,Highly Ready,98.20613748686876
7.68,85.4,77.8,1,198,1514,8,5,3,4,5,1,3,0,93,0,60.0,58.7,61.6,26.3,1.0,69.2,,Placement Ready,65.84693425112523
6.85,78.4,77.4,1,59,1087,8,3,1,4,2,3,5,0,264,0,53.5,55.0,51.6,41.4,1.0,64.8,0.0,Developing,51.68621076233321
6.99,83.2,83.7,0,10,1567,2,2,2,4,2,3,3,1,53,0,54.5,53.9,62.7,75.2,2.0,47.8,0.0,Needs Improvement,38.70465277056137
5.79,81.3,73.1,1,55,1315,1,2,2,4,2,3,3,1,60,1,55.7,66.3,67.9,38.3,1.0,40.9,5.7,Developing,45.14336210739363
7.55,75.1,68.0,3,121,1252,5,1,4,5,4,4,2,1,46,1,23.8,74.3,40.6,82.8,2.0,75.5,1.5,Developing,50.18803432663525
5.62,82.6,74.3,0,81,1323,4,3,4,3,5,5,1,0,79,1,53.9,60.0,59.7,45.2,,66.6,5.5,Developing,50.207534550956424
7.88,77.0,78.3,0,78,2118,8,5,5,5,3,5,3,0,60,1,71.7,56.8,59.4,64.1,1.0,82.8,6.0,Highly Ready,90.92445252081325
7.32,74.4,80.1,0,52,1122,8,5,3,1,1,1,3,2,60,1,80.9,72.9,77.9,61.5,2.0,15.1,4.2,Placement Ready,76.98843376357993
9.35,69.0,70.9,0,133,1418,4,5,3,1,5,5,5,0,188,0,77.6,82.9,71.5,52.2,0.0,44.2,0.0,Highly Ready,80.52105088680507
6.21,79.1,86.1,1,19,1584,2,6,3,1,1,3,6,0,45,0,61.4,58.0,52.4,52.3,0.0,40.9,0.0,Developing,48.01573690438122
7.11,86.5,72.4,0,147,1061,4,6,2,2,3,1,7,0,90,1,42.2,,51.2,40.7,3.0,60.2,1.6,Developing,58.57303843416166
8.82,76.4,70.2,1,149,872,6,2,1,1,1,5,2,1,180,0,51.8,51.5,60.4,90.8,3.0,31.0,0.0,Placement Ready,65.69605829298673
8.27,100.0,73.1,0,199,1170,3,3,3,5,1,2,4,0,53,0,48.6,63.1,40.0,66.3,0.0,33.8,0.0,Needs Improvement,36.42947271391996
6.57,89.1,87.7,0,584,1578,4,3,2,3,5,3,2,1,61,1,38.9,49.0,42.4,29.9,1.0,50.8,3.7,Placement Ready,70.42171764051204
7.4,92.4,76.8,1,8,1247,3,5,2,3,1,5,2,0,64,1,45.9,81.9,50.5,34.4,,12.5,4.0,Needs Improvement,34.0473715884406
7.2,88.4,71.7,0,144,1281,1,6,4,4,5,3,7,0,27,0,49.1,74.4,19.9,66.5,2.0,9.8,0.0,Developing,42.803253781732266
7.45,96.8,86.3,1,165,1623,7,6,1,2,3,1,0,3,57,0,39.1,86.3,,57.3,,47.7,0.0,Placement Ready,74.44482652437252
6.57,75.7,97.3,1,55,1108,10,1,1,3,2,1,2,0,25,0,74.0,54.2,52.7,26.6,0.0,100.0,0.0,Needs Improvement,22.960316534721873
7.12,61.5,79.9,0,85,1323,10,4,2,1,5,5,2,0,226,0,69.1,91.0,100.0,100.0,2.0,52.3,0.0,Placement Ready,73.00975499369568
5.76,78.4,89.1,0,67,896,10,1,3,4,1,2,1,0,49,0,59.3,65.4,47.7,10.0,1.0,42.5,0.0,Needs Improvement,15.247933663944076
7.32,86.5,87.3,3,151,1446,7,2,5,5,4,1,1,0,126,1,65.7,60.1,68.6,49.6,1.0,58.6,2.9,Developing,52.115535406573265
7.61,83.2,72.5,3,214,1419,8,3,3,1,4,1,3,1,78,0,64.6,79.6,54.8,57.8,1.0,61.6,0.0,Developing,48.321641069526635
7.0,84.2,78.2,0,35,1589,1,4,2,1,2,5,3,0,35,1,49.0,47.7,65.0,45.8,1.0,47.4,3.5,Needs Improvement,29.645867603315054
5.75,92.6,66.5,1,135,1006,3,5,2,1,2,3,1,0,56,0,87.0,62.5,40.7,71.9,2.0,36.5,0.0,Needs Improvement,21.647681436432265
8.09,85.1,76.2,0,244,1292,8,6,2,4,1,3,1,2,43,0,48.5,59.8,33.3,66.2,1.0,18.6,0.0,Placement Ready,63.86698404939537
7.53,88.4,72.4,0,59,966,10,3,2,4,1,3,2,0,38,0,35.0,67.8,80.0,59.8,,68.0,0.0,Needs Improvement,30.45920099043967
6.55,74.5,74.4,1,47,1276,10,4,4,5,1,3,2,2,45,1,62.4,55.8,36.7,56.2,4.0,40.6,1.6,Developing,52.99531780718199
6.95,73.2,71.3,0,42,1795,7,1,4,4,3,5,1,1,87,1,68.5,54.4,81.7,66.6,0.0,59.5,3.5,Placement Ready,76.12651342925261
5.85,94.9,75.4,0,49,1254,2,1,4,3,3,4,6,2,93,0,55.5,56.7,52.1,53.9,1.0,71.1,0.0,Placement Ready,66.17043686228128
6.28,82.8,82.8,1,319,940,10,6,2,4,3,4,2,0,91,1,78.7,57.9,44.8,31.7,1.0,43.9,7.7,Placement Ready,71.70195526222516
6.72,77.0,76.9,2,369,1146,4,6,2,2,4,5,2,0,87,0,62.7,63.1,49.7,73.9,0.0,20.7,0.0,Needs Improvement,38.48511393454108
8.31,77.0,61.2,0,266,867,1,6,1,4,2,1,2,1,92,0,47.7,80.0,83.6,87.2,2.0,45.5,0.0,Developing,59.051928984819604
6.62,76.8,71.3,2,79,961,8,2,4,1,4,2,2,2,44,0,51.1,31.8,46.8,58.9,2.0,46.9,0.0,Needs Improvement,19.003269012895718
7.78,76.3,64.3,2,273,1551,2,4,5,5,4,5,2,1,105,0,62.2,72.7,51.9,59.2,3.0,59.9,0.0,Developing,58.92689870825144
6.72,71.7,80.2,0,40,916,4,2,1,1,5,1,2,0,36,1,61.2,55.4,73.6,56.8,0.0,38.6,0.8,Needs Improvement,32.07730129137645
7.42,70.0,82.5,0,176,1444,7,5,1,5,4,2,3,0,47,1,78.2,59.5,65.6,35.0,2.0,37.5,0.9,Placement Ready,62.87647258646704
7.07,80.4,80.3,1,63,1358,10,3,2,3,1,1,4,1,14,1,72.5,46.8,91.2,48.2,1.0,42.3,4.4,Placement Ready,74.10789848872204
7.99,77.3,70.9,0,36,1191,10,6,4,4,3,4,2,0,33,1,36.5,62.6,76.6,71.0,1.0,57.4,2.2,Developing,53.15498737632252
6.72,90.9,80.2,3,132,1418,2,3,2,1,4,5,5,1,92,1,57.5,56.5,46.9,61.8,0.0,68.0,2.6,Placement Ready,71.00638847185664
5.78,84.3,73.8,0,134,1069,2,4,1,2,1,2,2,1,99,0,41.4,58.9,78.8,86.7,2.0,96.7,0.0,Needs Improvement,36.14237457592865
5.96,84.1,67.8,2,144,1602,9,4,2,5,1,4,3,1,144,0,81.9,70.2,27.2,70.2,2.0,88.6,0.0,Placement Ready,73.81843292585803
6.72,76.1,84.7,1,156,1140,4,5,2,1,1,4,2,0,34,0,45.4,70.9,70.3,50.6,,47.3,0.0,Needs Improvement,24.742908834974674
6.08,81.0,85.4,0,127,1234,1,1,2,1,1,5,0,2,37,0,63.0,81.9,47.5,69.0,2.0,35.6,0.0,Needs Improvement,27.012858377944156
7.57,84.9,86.5,3,92,1198,6,3,3,4,5,5,3,0,28,0,49.5,53.7,67.5,54.2,2.0,37.5,0.0,Needs Improvement,39.4212070104398
6.78,87.7,72.5,2,105,1557,7,3,2,5,2,3,3,2,94,0,30.3,71.6,89.4,29.5,2.0,23.7,0.0,Developing,51.27389719824553
9.34,81.2,88.6,3,178,1513,10,2,1,3,1,1,1,0,31,1,41.2,70.9,31.3,75.3,1.0,52.5,5.2,Developing,57.83013617793262
5.64,90.6,73.6,0,124,800,5,5,1,1,3,4,4,0,141,0,56.3,63.2,72.8,66.2,2.0,30.2,0.0,Needs Improvement,34.732734189808596
7.38,82.1,83.9,0,69,1426,8,5,4,1,2,3,1,1,45,0,68.5,85.6,71.4,100.0,2.0,27.9,0.0,Developing,52.94301592564699
6.18,88.3,73.4,3,55,827,6,1,4,5,5,3,2,0,66,0,68.0,53.1,68.6,48.4,1.0,29.2,0.0,Needs Improvement,25.338586802613293
6.76,78.1,76.0,2,104,1248,10,5,2,2,1,3,1,1,77,0,40.0,64.1,42.3,70.0,1.0,67.8,0.0,Needs Improvement,39.28692213895723
7.33,67.5,56.2,0,244,1318,5,6,5,3,5,4,2,0,142,0,64.7,66.3,56.6,45.0,0.0,48.3,0.0,Developing,44.38996311944685
5.11,84.1,75.3,0,157,1244,7,2,3,5,2,2,0,2,188,0,74.2,45.2,42.6,42.8,4.0,22.7,0.0,Placement Ready,60.67024435148561
7.41,87.8,78.8,0,252,1500,10,4,4,2,2,2,3,0,85,1,67.7,79.7,64.9,97.2,2.0,67.6,4.8,Highly Ready,97.92088565057846
8.91,86.6,74.3,1,78,1566,9,4,4,1,3,2,1,2,107,1,54.6,60.5,37.1,22.5,4.0,73.8,3.1,Highly Ready,85.41581060672699
6.79,85.4,93.8,1,117,1118,5,1,2,5,5,3,3,0,33,1,60.7,68.1,51.0,56.9,0.0,40.8,3.3,Needs Improvement,36.78455823632427
7.43,79.2,67.5,3,130,1107,6,5,3,4,2,4,1,1,176,0,62.3,84.1,68.1,87.1,1.0,34.3,0.0,Developing,46.46244988172731
8.12,75.5,72.9,0,184,1339,6,5,3,4,2,1,4,0,111,1,81.0,65.0,46.3,31.2,1.0,32.6,4.6,Placement Ready,64.01627275598557
7.05,86.4,69.9,0,78,887,2,2,3,5,4,2,3,1,305,1,85.5,62.6,51.7,48.8,1.0,55.3,1.9,Developing,56.20938050783519
6.68,85.4,72.9,0,157,1207,3,2,4,4,4,4,5,0,69,1,69.7,62.9,43.5,72.9,1.0,68.2,,Placement Ready,75.92156831923815
5.15,77.5,87.3,3,234,1754,8,5,2,4,2,1,1,2,37,0,60.8,47.9,62.1,37.0,1.0,53.4,0.0,Developing,51.30189217855118
7.78,90.9,91.3,0,96,898,1,5,1,2,1,4,3,1,53,1,59.5,56.7,55.8,63.0,3.0,23.1,1.2,Developing,46.68367122163077
7.1,74.9,71.7,0,49,1248,7,1,1,1,4,4,2,1,140,0,61.1,59.9,46.3,44.0,0.0,71.3,0.0,Needs Improvement,35.48955545487167
6.29,77.3,71.5,0,240,1172,5,3,3,4,5,2,1,0,178,0,63.1,63.4,47.9,80.2,0.0,48.9,0.0,Developing,44.35547376893579
7.31,95.1,67.6,0,167,1952,5,4,5,5,4,4,4,0,226,0,52.3,81.3,60.5,79.6,1.0,46.0,0.0,Placement Ready,77.37084913136829
6.67,88.9,89.8,1,28,1189,9,1,2,4,5,3,4,1,39,0,89.5,75.0,41.1,49.3,0.0,58.6,0.0,Placement Ready,61.01842156894844
6.72,79.1,88.1,1,97,1206,3,6,3,4,2,2,4,0,22,1,48.1,53.8,57.3,8.6,1.0,70.9,5.0,Developing,52.06557343925929
7.75,84.3,77.0,1,332,1041,8,2,1,4,5,1,3,0,63,1,79.4,61.7,58.5,66.2,3.0,27.2,4.7,Highly Ready,83.38103136166983
6.0,83.2,65.4,3,148,1353,8,6,4,2,5,5,2,1,33,1,27.0,81.6,60.5,74.8,3.0,23.2,0.8,Placement Ready,72.61506910899425
8.14,60.0,66.2,0,104,1431,10,1,1,1,5,5,5,1,127,0,55.9,37.9,49.5,66.3,0.0,49.0,0.0,Developing,56.752357419418665
5.94,74.7,79.5,0,43,1084,9,6,3,4,5,5,1,0,60,0,54.9,58.8,67.7,64.2,2.0,49.3,0.0,Needs Improvement,31.88407914597978
6.6,81.6,82.9,0,43,1647,6,1,5,5,2,1,3,1,55,0,63.4,43.7,73.4,61.9,3.0,68.0,0.0,Placement Ready,63.60685456333689
8.93,79.1,59.4,2,176,1431,4,5,2,1,1,5,4,1,55,1,54.5,96.2,68.4,51.6,2.0,75.4,2.8,Highly Ready,86.75179921892234
8.21,84.0,75.1,1,47,1606,8,3,5,1,4,4,1,2,51,0,80.8,72.8,61.4,44.4,3.0,39.9,0.0,Developing,53.15713768711076
7.29,91.0,92.6,0,131,1252,10,3,1,4,4,3,1,1,21,1,56.4,55.1,35.2,58.0,3.0,56.6,,Placement Ready,66.79914863196751
6.35,79.4,76.0,1,95,1423,3,1,1,3,4,2,4,1,35,0,44.6,61.5,84.8,53.2,1.0,59.2,0.0,Developing,44.33452060686887
6.72,73.5,91.4,1,125,1286,4,5,1,5,4,2,0,0,110,0,45.5,50.5,58.9,68.8,2.0,61.1,0.0,Needs Improvement,22.867689166621137
7.27,84.6,83.8,0,89,1787,5,4,2,3,1,2,1,1,29,0,52.9,89.9,63.0,42.6,0.0,17.6,0.0,Developing,44.523403918056815
7.23,79.4,68.2,1,143,1385,2,2,3,3,4,1,0,2,107,0,70.9,29.9,46.7,49.7,2.0,60.4,0.0,Needs Improvement,31.269458507810658
7.12,80.8,75.4,1,198,1353,4,3,5,1,3,4,1,0,75,1,73.6,66.6,54.6,58.4,1.0,33.4,1.8,Developing,56.07489220472069
7.17,79.7,76.8,0,90,1213,2,4,2,5,1,5,7,3,140,1,42.0,61.0,76.9,44.0,0.0,61.4,4.0,Highly Ready,96.36248934413355
7.01,99.9,69.4,0,186,1195,8,5,2,2,5,5,3,0,69,1,48.0,47.6,70.5,33.2,1.0,26.9,2.4,Developing,51.036890428272585
5.9,64.1,69.3,1,260,1421,5,4,1,3,1,5,4,0,37,0,44.0,58.5,53.0,67.7,1.0,51.2,0.0,Needs Improvement,35.57058932486504
6.74,78.9,91.6,1,130,1596,7,1,4,4,2,1,2,1,35,1,55.7,39.3,82.4,34.6,2.0,43.8,4.6,Placement Ready,78.1459558771336
8.02,82.0,69.2,1,173,1145,1,4,3,5,2,4,3,0,16,0,74.4,84.0,41.9,59.9,0.0,92.6,0.0,Developing,47.030427906232774
5.97,75.8,87.7,0,36,1388,6,3,1,4,4,5,3,0,39,0,62.6,62.4,31.1,65.8,2.0,32.1,0.0,Developing,42.83105385077895
7.03,89.2,74.1,1,92,1405,8,3,3,4,1,3,2,0,58,1,68.3,74.8,27.1,80.9,2.0,30.6,1.5,Placement Ready,72.57555337548484
6.46,88.5,77.8,3,25,1458,7,3,2,1,2,3,5,1,151,0,71.2,55.2,70.7,95.9,1.0,79.3,0.0,Placement Ready,66.36464304728132
7.3,81.6,83.1,0,68,838,8,3,3,1,2,2,0,1,110,1,51.2,80.8,46.9,79.1,0.0,66.9,3.3,Developing,50.74312497944233
6.85,79.8,72.6,1,93,1073,2,2,2,5,3,5,0,0,54,1,40.8,62.5,55.8,44.7,3.0,54.8,2.6,Needs Improvement,23.548588710140276
8.53,81.1,83.1,0,351,940,6,2,4,5,5,4,0,0,31,0,51.2,77.0,75.5,51.7,1.0,39.6,0.0,Placement Ready,64.73310946012109
7.66,81.2,59.6,0,55,1360,5,5,1,4,2,4,1,2,95,0,72.3,69.9,63.3,61.8,4.0,26.1,0.0,Placement Ready,68.01513184735053
6.02,81.4,82.0,3,101,1080,9,2,3,5,2,1,3,0,41,0,69.0,61.5,39.0,55.7,2.0,40.5,0.0,Needs Improvement,34.026648359201474
7.8,80.5,55.8,0,47,1201,7,5,4,2,3,5,2,1,31,1,61.2,76.0,84.0,59.3,1.0,38.4,2.7,Highly Ready,81.57445943667355
6.5,84.0,76.0,1,87,992,10,3,1,2,2,3,3,0,96,0,74.2,100.0,53.3,77.9,1.0,35.1,0.0,Developing,51.25923506691544
6.68,88.0,85.7,1,145,1229,1,4,5,1,5,5,3,0,35,1,62.2,46.2,57.0,58.9,0.0,38.9,4.7,Developing,56.718509854946944
7.48,72.2,83.6,2,162,1013,5,1,4,4,2,4,6,0,122,1,55.0,60.3,46.6,72.2,0.0,37.9,4.0,Placement Ready,77.81359647509203
6.76,73.6,66.3,1,78,1577,8,2,2,4,1,3,1,0,17,0,36.5,43.9,40.1,37.4,2.0,68.4,0.0,Needs Improvement,23.008098721280714
8.0,68.0,67.5,1,62,1494,1,6,3,2,3,4,3,1,34,0,79.1,67.8,61.7,64.8,1.0,21.3,0.0,Developing,52.164458349282114
6.5,88.9,71.8,3,283,1395,7,5,4,5,1,2,1,0,33,0,58.6,65.2,34.9,28.2,4.0,57.0,0.0,Needs Improvement,29.131017923634595
6.64,84.0,79.7,2,74,1259,3,1,3,1,4,3,5,1,115,0,53.2,89.2,56.7,75.6,1.0,54.5,0.0,Developing,55.20403041953317
6.61,86.0,59.7,1,12,800,1,6,4,4,5,1,4,0,67,1,58.5,58.4,83.4,53.4,0.0,47.9,4.2,Developing,40.73034003437947
6.69,70.6,77.9,0,235,1213,7,6,5,2,5,4,3,0,113,1,82.5,75.3,70.0,33.1,0.0,62.5,1.2,Placement Ready,71.8771007858483
8.19,96.3,80.8,0,16,1122,5,1,2,4,5,2,1,0,28,1,74.9,32.9,61.2,51.8,1.0,57.8,2.6,Needs Improvement,33.0349775380327
7.77,77.1,75.5,0,235,1424,5,2,1,3,3,1,2,1,110,0,54.6,64.1,40.4,64.6,0.0,51.2,0.0,Developing,45.089958378328326
8.74,83.3,82.7,1,25,1536,4,2,3,2,4,4,3,0,103,0,67.0,49.8,57.0,35.5,2.0,71.3,0.0,Developing,41.641326638055304
9.24,88.8,80.0,1,31,1447,7,6,3,1,2,2,3,1,35,0,78.4,70.3,45.3,41.6,2.0,0.1,0.0,Developing,47.26425297942535
6.27,74.1,73.1,2,39,1729,7,6,4,4,5,2,3,0,37,1,65.2,78.1,81.1,49.8,1.0,93.0,9.6,Placement Ready,71.45912161934348
7.26,77.6,60.6,0,69,1180,7,5,2,1,1,1,0,0,38,1,61.8,53.6,50.4,70.7,2.0,72.7,1.8,Needs Improvement,33.71582659897616
6.14,83.4,79.2,0,237,1167,8,2,5,3,1,4,1,0,199,0,28.6,69.6,45.4,22.3,2.0,83.7,0.0,Developing,51.602759453420916
6.5,100.0,69.4,0,40,1661,7,6,1,5,5,2,3,0,64,1,78.7,57.0,54.5,64.3,2.0,31.8,3.9,Placement Ready,72.02659265664269
6.63,84.4,72.8,1,145,1400,1,6,3,5,2,3,2,1,25,0,44.6,,45.5,52.2,,50.8,0.0,Needs Improvement,32.180280073349564
6.25,94.9,82.3,1,123,1276,2,6,3,3,2,2,1,0,36,1,31.9,67.8,61.8,74.7,1.0,55.6,2.1,Needs Improvement,37.49594278449473
6.25,91.6,90.8,0,108,1904,10,3,4,4,4,4,3,1,275,1,32.9,47.9,87.1,63.3,5.0,42.0,0.7,Highly Ready,100.0
7.07,84.9,77.7,2,208,1523,3,5,2,5,2,2,3,0,75,1,47.2,48.0,58.1,79.6,2.0,53.0,1.7,Placement Ready,66.33308325321616
6.1,74.1,83.0,0,115,1293,5,5,5,4,4,4,2,0,58,1,67.3,74.1,43.2,63.5,2.0,54.7,2.1,Developing,59.092305426875114
7.96,90.5,65.0,1,121,1144,4,1,1,2,3,3,3,0,16,1,77.4,52.5,55.5,35.9,3.0,25.5,2.6,Developing,48.38347099148392
6.37,70.0,80.2,2,172,1748,10,4,5,5,4,1,2,1,32,0,65.1,79.9,37.7,63.8,4.0,64.3,0.0,Placement Ready,67.38224220328584
9.73,94.8,77.5,0,71,1412,9,4,3,1,1,3,3,0,143,1,86.0,37.1,100.0,64.9,1.0,62.7,2.4,Highly Ready,95.77466092283919
6.79,83.6,89.1,2,101,1357,5,4,3,3,4,2,0,0,77,1,54.0,75.1,86.8,44.6,1.0,35.9,0.5,Needs Improvement,26.106814416209577
7.26,60.8,73.1,3,130,1553,7,3,2,4,2,3,4,1,33,0,56.5,62.1,78.0,47.2,1.0,23.5,0.0,Developing,42.637699805164914
6.03,79.3,75.8,3,194,1614,6,5,2,3,3,1,0,0,261,1,32.0,60.7,70.0,15.5,0.0,52.1,3.8,Developing,47.93925627349249
8.74,87.2,87.5,0,92,1515,7,6,3,2,5,4,4,0,76,1,51.4,64.1,55.4,68.8,1.0,33.1,3.3,Highly Ready,96.40626122634086
8.21,80.1,77.2,0,100,1615,10,4,2,3,3,4,0,0,302,0,29.4,41.8,55.7,53.9,1.0,55.4,0.0,Developing,44.59523080852463
7.47,87.7,68.0,0,142,1485,7,6,1,3,1,1,4,0,28,0,39.9,77.7,54.5,46.5,1.0,34.1,0.0,Developing,45.99073625760605
5.99,75.2,100.0,0,93,1516,2,5,3,4,3,5,1,0,21,0,69.5,56.0,96.0,39.1,1.0,80.0,0.0,Developing,40.005459406010615
7.39,71.6,68.3,3,56,1131,6,2,3,5,2,2,5,0,63,0,34.7,50.3,54.9,47.7,1.0,36.3,0.0,Needs Improvement,26.457910566532743
6.19,81.4,77.4,2,172,1893,9,5,4,4,3,2,1,2,17,1,36.2,92.3,,63.6,1.0,32.1,3.9,Highly Ready,98.14917379976497
8.52,82.3,81.1,2,115,980,1,5,3,2,2,1,1,1,49,1,33.6,57.1,56.3,59.2,0.0,50.5,,Developing,47.93342836056405
7.93,79.2,80.4,0,75,1443,4,6,3,1,4,2,2,1,99,0,71.6,49.9,66.3,50.4,1.0,18.0,0.0,Developing,44.788307683741856
7.29,91.8,76.3,3,39,949,3,3,3,3,2,1,3,1,91,0,84.6,73.4,2.3,35.3,1.0,32.7,0.0,Needs Improvement,26.73034616696394
5.01,75.2,76.3,3,16,1321,8,1,3,5,3,3,2,1,74,0,58.9,65.7,64.3,50.2,1.0,16.9,0.0,Needs Improvement,34.582744853870345
6.31,84.5,75.9,2,148,1179,2,5,4,4,5,4,2,1,34,1,74.1,76.1,17.3,41.8,,54.2,1.4,Developing,47.48269115679398
7.82,82.5,68.0,2,55,1391,7,4,4,2,4,2,2,0,124,1,42.5,63.2,81.6,52.2,1.0,68.6,1.0,Developing,50.61249993073758
8.29,69.5,97.4,1,24,1453,1,4,5,1,4,5,7,0,58,0,78.4,75.4,30.4,66.5,1.0,41.4,0.0,Developing,48.87955124101367
8.2,71.4,76.0,0,50,1063,10,5,3,2,4,5,1,0,7,0,49.3,90.7,45.1,46.7,0.0,75.1,0.0,Needs Improvement,31.113576127077348
5.77,82.1,83.4,0,129,1341,4,4,1,4,5,2,0,0,29,1,70.0,51.4,27.3,84.3,2.0,33.0,1.5,Needs Improvement,36.18986904434198
7.47,97.8,75.0,2,55,1768,5,1,3,4,5,4,4,0,30,0,59.6,55.6,86.8,46.1,1.0,40.7,0.0,Developing,48.19370857074071
8.11,86.6,74.8,0,131,956,8,6,2,3,5,3,0,0,138,1,31.2,39.6,57.8,26.6,2.0,67.9,0.6,Needs Improvement,35.104041332950665
5.71,68.2,73.9,0,65,1094,4,2,1,2,2,2,1,0,29,0,46.7,67.3,93.6,52.0,2.0,64.3,,Needs Improvement,29.10872447278896
7.19,57.1,64.1,3,101,1608,2,2,5,1,4,2,2,0,88,0,62.6,63.8,89.8,45.5,1.0,59.1,0.0,Needs Improvement,27.444351035974464
7.45,87.9,76.6,0,108,1373,10,5,4,5,5,3,0,0,12,1,32.3,79.7,78.0,100.0,1.0,72.2,3.6,Placement Ready,77.44634653916108
6.93,81.2,74.3,2,165,1395,2,5,4,3,3,1,4,1,97,0,64.4,61.6,35.6,47.9,1.0,49.0,0.0,Developing,52.26293318182205
5.53,91.1,88.5,0,169,1657,5,4,4,4,1,4,2,1,16,1,38.8,60.8,60.6,29.7,1.0,56.1,1.0,Developing,57.21883371953326
6.91,75.0,67.2,0,104,1112,2,5,5,3,3,5,4,0,135,1,68.1,64.7,79.9,55.7,0.0,36.4,2.1,Developing,57.73566484481971
6.91,84.8,72.8,0,45,1194,7,1,4,3,2,2,0,0,58,0,39.6,58.7,64.2,52.2,1.0,88.5,0.0,Needs Improvement,30.922589115686165
7.07,88.8,69.9,0,223,1157,3,2,4,4,4,3,1,0,112,0,66.6,67.2,52.1,35.2,2.0,41.0,0.0,Developing,51.70943396973502
6.69,78.4,91.0,0,74,1246,10,2,4,2,5,5,6,1,55,1,72.2,65.2,63.6,61.1,1.0,45.7,3.8,Highly Ready,100.0
6.8,78.6,70.2,0,7,1752,3,3,4,5,4,4,1,0,39,1,57.5,69.5,65.2,64.6,,54.2,6.1,Placement Ready,62.36486994207561
7.16,82.2,83.1,2,126,840,7,3,4,3,3,3,1,1,15,0,58.8,58.8,34.4,56.4,2.0,63.3,0.0,Needs Improvement,36.786374005473114
7.6,86.3,86.7,0,130,992,1,1,1,4,3,5,3,1,10,0,82.3,69.7,48.9,50.5,1.0,63.1,0.0,Developing,41.385732472855445
6.93,81.9,76.7,0,76,940,2,5,3,5,3,1,3,1,38,0,48.3,70.6,68.5,48.7,0.0,0.0,0.0,Needs Improvement,32.712172032607604
6.83,89.8,65.6,2,26,1771,3,4,2,2,3,3,3,0,65,0,52.0,57.4,72.0,44.4,0.0,85.3,0.0,Needs Improvement,21.908629136589227
7.28,78.3,65.7,0,20,1166,9,3,5,2,2,2,0,3,23,1,69.6,60.9,61.9,33.2,0.0,82.2,0.7,Placement Ready,60.12074499197892
5.47,71.4,85.7,0,81,1252,10,6,3,5,4,1,2,1,220,1,66.3,59.5,51.5,80.2,1.0,75.0,7.2,Highly Ready,99.42284723570609
7.63,97.8,66.7,0,41,866,7,3,3,4,2,3,3,2,157,1,56.4,44.8,54.9,96.4,1.0,52.9,1.1,Placement Ready,60.39558136549444
7.2,77.2,81.5,0,194,1271,4,1,3,4,1,4,2,0,57,1,41.8,55.2,45.9,37.5,2.0,75.0,1.7,Placement Ready,60.527279575389734
7.24,77.5,79.0,1,79,1610,4,6,4,5,5,4,0,1,171,1,74.6,72.6,56.3,44.8,1.0,55.2,9.7,Highly Ready,88.67861543943279
8.06,81.5,81.4,3,71,1426,3,1,4,1,3,4,2,3,59,0,41.4,73.8,71.6,36.6,1.0,55.0,0.0,Developing,44.38848576248371
5.44,82.5,82.2,0,327,1318,4,1,2,5,3,2,2,1,23,0,94.2,66.7,96.9,70.1,1.0,64.0,0.0,Placement Ready,70.50996000027398
5.42,78.9,69.6,1,9,881,5,3,5,1,3,3,2,0,51,0,42.1,47.8,38.7,37.7,1.0,60.9,0.0,Needs Improvement,13.85884194067423
7.45,81.9,69.2,0,100,1252,7,4,4,1,1,1,1,0,104,0,43.4,75.7,78.3,66.9,2.0,70.5,0.0,Developing,48.589793365153355
7.19,81.7,84.4,0,17,1394,3,2,2,2,3,4,3,1,34,1,65.1,87.9,64.1,62.3,2.0,7.0,2.3,Placement Ready,71.7312148214794
7.35,83.4,72.3,0,239,1052,1,6,4,1,3,5,2,0,189,1,68.2,70.3,32.4,52.4,1.0,48.2,1.2,Developing,53.17307124426983
6.78,63.1,53.2,0,23,1546,6,2,3,1,3,3,4,0,43,0,45.4,62.0,56.4,78.1,0.0,25.6,0.0,Needs Improvement,23.57226519465967
7.8,97.0,83.8,0,133,1616,3,6,2,1,1,2,3,0,113,0,85.4,49.9,55.1,49.1,0.0,68.6,0.0,Developing,49.78946457734109
8.04,80.8,68.7,0,120,1191,5,4,5,3,4,2,4,0,55,0,64.9,61.8,58.0,55.0,1.0,31.8,0.0,Developing,51.95607229199684
7.64,86.6,82.2,1,17,1568,8,2,2,2,4,4,1,0,31,0,56.3,55.1,74.8,34.3,1.0,44.3,,Needs Improvement,30.883139617089228
6.97,71.0,90.5,0,134,1317,9,3,5,2,4,4,2,1,20,1,65.8,59.2,89.6,13.5,1.0,68.7,1.4,Placement Ready,65.77033647146649
5.3,78.2,78.2,0,65,1694,6,1,4,1,3,3,2,1,122,1,78.2,80.0,78.7,73.0,1.0,76.2,,Placement Ready,62.03634334600896
7.89,76.6,87.0,0,153,1960,10,6,5,5,2,2,2,0,82,0,84.1,74.4,61.4,44.5,5.0,67.7,0.0,Highly Ready,90.98427211495986
8.3,93.8,79.4,0,61,1022,3,4,4,2,5,3,2,0,36,1,62.9,57.2,63.2,74.7,0.0,65.1,0.8,Developing,41.449038885303686
7.78,77.3,92.3,0,135,1581,8,3,4,3,2,2,3,1,124,1,40.9,63.2,91.3,49.0,1.0,26.3,4.0,Highly Ready,91.41689449763292
6.41,88.1,68.4,0,93,1741,10,5,1,1,3,1,3,1,37,0,41.1,61.9,41.1,53.1,2.0,29.7,0.0,Developing,49.28559576034026
7.81,76.8,77.9,0,134,1059,3,4,5,2,1,3,2,0,79,0,38.8,55.9,77.9,58.5,1.0,23.2,0.0,Needs Improvement,29.934416530926242
7.97,78.4,84.1,0,151,1177,8,4,4,2,1,5,2,4,88,0,50.4,43.2,39.6,45.8,1.0,28.9,0.0,Developing,54.95971691314083
8.6,80.0,76.3,0,85,1174,5,3,2,5,1,4,1,1,242,1,60.6,73.6,33.6,27.5,2.0,53.2,1.2,Placement Ready,60.707112018238114
6.41,92.3,88.4,0,74,1310,9,3,2,1,3,1,4,0,233,1,63.2,78.5,68.1,40.2,0.0,70.1,1.1,Placement Ready,63.974030852711934
7.0,66.9,74.1,0,148,1243,4,2,1,3,2,5,1,1,38,1,76.9,53.5,31.5,38.8,2.0,70.0,1.8,Developing,40.91158306106405
7.87,71.5,96.6,0,66,1291,10,5,2,3,2,2,3,0,31,1,28.9,52.9,,54.4,2.0,13.0,1.5,Developing,51.48178820517926
7.25,66.4,97.1,3,86,1601,8,3,1,1,4,4,4,0,74,0,59.8,74.7,80.0,74.0,0.0,49.3,0.0,Developing,46.48504718223409
6.19,73.3,80.5,1,271,800,8,3,5,2,4,3,2,0,134,0,66.9,52.7,43.4,42.7,0.0,44.5,0.0,Needs Improvement,27.564777090259426
7.57,75.5,83.0,0,101,1058,1,5,3,1,4,4,3,0,10,0,17.9,42.6,86.7,53.3,2.0,3.7,0.0,Needs Improvement,28.90522531564781
7.72,69.1,88.7,0,169,1551,1,4,4,1,5,4,2,1,197,1,66.8,55.8,21.9,59.1,2.0,66.6,2.3,Placement Ready,63.810414859825975
7.28,76.1,67.3,0,57,1516,7,6,5,4,2,2,2,1,45,0,100.0,81.0,74.7,41.5,1.0,66.0,0.0,Placement Ready,68.07958266254174
7.4,65.9,66.2,3,133,1032,5,2,5,3,4,4,3,0,131,1,71.6,54.7,35.9,61.6,1.0,37.8,2.2,Placement Ready,63.47828703696378
6.97,73.9,89.3,3,88,1518,4,1,3,3,5,3,4,1,46,0,64.6,52.9,54.9,73.7,0.0,43.8,0.0,Needs Improvement,39.15093775976262
8.53,91.6,80.5,2,76,1748,9,3,1,2,2,2,3,3,184,0,55.9,55.4,61.5,61.7,2.0,52.9,0.0,Highly Ready,83.6097161615347
6.39,85.2,76.0,0,15,1335,5,4,4,4,2,1,3,1,45,1,63.5,45.9,53.5,54.1,2.0,58.3,3.2,Developing,56.482458554271226
6.67,83.5,78.1,0,42,1048,5,5,5,5,3,3,0,1,107,1,83.1,43.6,53.9,40.7,3.0,37.0,2.1,Developing,54.674714331395
7.21,74.0,56.5,0,341,1612,4,4,2,5,4,3,1,1,66,1,54.8,58.3,34.8,53.0,1.0,32.8,5.0,Placement Ready,63.89957746090002
7.99,69.7,76.3,1,92,1867,10,6,1,1,1,3,5,2,22,0,77.9,42.4,80.6,42.2,1.0,28.3,0.0,Placement Ready,79.43921449605611
5.85,72.9,71.2,2,102,1084,4,1,4,4,3,4,1,0,43,0,67.0,56.4,38.3,45.0,1.0,79.8,0.0,Needs Improvement,15.795962569564963
6.02,81.7,86.3,0,190,1362,3,4,4,2,2,4,1,2,8,1,84.4,65.7,38.3,52.9,0.0,74.4,2.7,Highly Ready,84.9680680063564
5.37,88.9,87.0,1,124,1677,7,5,1,5,4,1,5,1,38,0,76.3,67.3,56.4,51.5,0.0,28.2,0.0,Developing,50.22030470955298
7.23,89.2,83.2,0,76,1385,1,4,1,3,2,2,0,0,86,0,62.8,60.0,46.9,72.6,0.0,32.1,0.0,Needs Improvement,14.557204432738397
6.19,87.0,81.6,0,76,826,6,2,3,4,2,5,4,0,178,0,61.9,45.2,71.4,45.0,0.0,28.8,0.0,Needs Improvement,39.97801960324528
6.85,76.1,64.5,0,39,1483,6,5,1,3,2,3,1,1,63,1,55.3,56.2,49.5,61.6,1.0,20.3,0.7,Developing,45.78807354970714
7.8,82.2,83.3,1,141,1056,3,6,1,4,1,3,5,1,294,0,74.7,66.8,58.0,47.1,1.0,89.0,0.0,Placement Ready,67.70173835420248
6.62,79.4,83.7,0,145,969,8,2,2,5,4,5,2,1,144,0,51.1,70.7,59.8,39.5,3.0,35.3,0.0,Placement Ready,65.93175362643464
7.41,80.4,89.2,1,103,832,1,4,3,1,2,4,1,1,32,1,61.7,58.2,73.6,65.3,1.0,65.2,3.0,Developing,46.18790030929595
6.93,98.3,97.1,1,90,1707,10,5,5,5,3,5,4,0,67,0,57.1,52.1,49.6,62.1,0.0,43.2,0.0,Placement Ready,69.11762462680811
7.8,67.9,62.8,0,146,1100,9,1,3,3,4,3,1,0,99,0,39.9,63.2,31.3,44.8,0.0,45.6,0.0,Needs Improvement,14.575963355685367
7.63,80.1,74.5,3,38,1450,2,1,5,1,4,1,3,1,46,0,63.3,57.0,45.0,1.9,,44.2,0.0,Needs Improvement,26.09426256718152
6.58,91.7,71.3,0,129,1524,5,5,4,3,5,4,2,0,85,0,37.1,47.7,76.2,74.1,3.0,57.3,0.0,Placement Ready,63.697333951541
7.05,70.3,79.6,3,281,1399,2,5,2,1,1,5,2,0,40,1,53.3,66.3,63.6,68.2,0.0,46.3,,Developing,54.44990448034849
8.14,76.9,78.1,0,59,1439,7,1,3,3,4,3,3,0,65,0,70.0,62.3,52.1,74.6,1.0,64.9,0.0,Developing,49.17133454060915
7.55,77.8,75.9,0,83,1464,4,4,1,3,2,3,5,0,163,0,62.5,46.5,59.0,75.5,2.0,73.1,0.0,Developing,46.87199222214909
5.94,80.2,87.2,2,232,1391,5,5,5,2,4,1,1,0,43,0,62.3,53.2,53.7,55.3,3.0,37.6,0.0,Developing,43.111724333735815
7.79,69.2,68.1,1,103,1122,10,6,2,3,2,2,2,0,16,0,47.0,59.3,70.6,47.9,1.0,54.1,0.0,Needs Improvement,34.502957949692515
6.22,86.8,68.6,0,178,1095,7,5,5,4,1,5,5,0,239,0,75.7,40.7,63.4,24.5,0.0,17.3,0.0,Placement Ready,61.829038120216985
8.47,87.3,68.8,3,135,1319,9,2,4,5,5,1,3,0,125,0,46.7,51.8,53.5,57.3,1.0,39.6,0.0,Developing,46.69374054352022
8.12,86.1,74.8,0,143,1312,7,4,2,2,4,4,2,0,96,0,70.6,70.8,72.7,47.4,4.0,50.4,0.0,Placement Ready,62.57800859053372
7.46,75.0,66.9,1,56,1479,5,5,3,1,2,4,2,2,193,1,79.5,55.1,76.8,41.7,0.0,46.0,1.3,Placement Ready,64.2876367899919
7.34,82.7,77.6,1,55,1680,1,2,1,3,5,3,2,0,130,0,37.0,50.8,43.3,31.9,1.0,47.8,0.0,Needs Improvement,21.718093378070787
7.01,74.8,76.5,0,162,1453,1,1,4,5,3,5,0,0,46,0,53.9,77.2,43.6,37.5,2.0,60.3,0.0,Needs Improvement,31.128776823368394
7.81,79.3,70.9,3,28,1107,6,3,1,2,3,4,3,0,237,0,52.5,66.9,96.4,32.1,2.0,64.5,0.0,Developing,40.21934104533218
6.87,99.2,85.9,2,86,800,6,5,4,1,2,5,2,1,86,0,64.1,71.7,68.0,71.9,1.0,7.5,0.0,Developing,53.30162351372536
7.41,82.8,77.5,0,146,1119,6,4,1,5,3,2,0,2,116,0,45.8,51.0,84.7,74.0,0.0,53.7,0.0,Developing,55.32320960137794
7.98,72.5,87.6,0,83,947,9,4,1,3,5,4,2,0,11,0,42.5,58.0,72.3,42.4,0.0,43.7,0.0,Developing,46.95238012053324
6.69,83.4,76.2,0,91,1131,1,4,2,2,1,4,5,0,26,0,59.2,61.8,65.4,75.8,1.0,40.4,0.0,Needs Improvement,30.51925085061063
6.65,71.2,77.8,0,184,1423,7,6,1,2,3,5,2,0,21,0,51.6,65.2,23.8,56.7,1.0,77.9,0.0,Needs Improvement,37.56317138442559
6.13,72.4,72.9,0,251,1375,8,4,5,4,1,3,2,0,19,0,57.8,94.0,38.5,80.0,2.0,14.9,0.0,Placement Ready,65.04182253035485
6.24,73.7,77.9,1,432,1907,7,1,5,1,1,2,2,1,102,0,73.4,63.2,68.4,65.1,1.0,48.9,0.0,Placement Ready,67.68936479356722
5.55,78.4,84.4,1,237,1495,3,3,5,4,1,5,1,4,31,0,35.7,77.2,43.5,65.7,0.0,78.8,0.0,Placement Ready,70.0059511454799
7.86,89.5,74.3,0,70,1923,5,2,4,2,2,4,5,2,83,0,58.3,94.0,55.6,59.2,0.0,51.4,0.0,Placement Ready,78.52037853454392
8.83,86.6,82.7,0,48,1565,1,5,2,2,4,2,2,2,128,1,51.1,86.0,72.6,42.7,3.0,31.0,3.1,Highly Ready,80.05683581722158
8.48,86.2,70.7,2,71,1676,2,6,4,2,4,2,3,0,38,1,60.4,64.2,60.2,32.6,1.0,45.7,3.0,Developing,53.82735798359207
5.74,73.2,84.8,3,148,1242,9,5,4,5,4,4,1,0,31,1,51.2,78.1,,58.5,1.0,85.4,3.6,Placement Ready,61.07787337186489
7.85,77.7,72.8,0,77,1028,7,2,2,3,1,3,0,0,12,0,42.3,63.8,80.2,53.4,0.0,73.4,0.0,Needs Improvement,31.13379027147273
8.48,84.2,85.7,0,58,1215,9,5,5,5,1,5,3,1,155,1,65.9,61.5,81.8,99.2,0.0,39.6,1.2,Highly Ready,96.9993223787343
6.79,77.0,78.5,0,272,1346,7,1,5,5,5,4,0,1,39,1,100.0,73.8,57.1,67.7,0.0,80.7,0.6,Highly Ready,90.48715241165809
7.29,79.8,91.7,0,75,1162,3,2,2,4,5,5,1,2,200,0,58.5,74.4,78.4,40.6,1.0,62.7,0.0,Placement Ready,72.86054184894176
5.39,85.5,67.6,0,139,1050,9,2,3,3,4,2,3,0,94,1,49.1,69.1,42.6,53.6,0.0,0.0,5.1,Developing,51.561897257916584
7.44,79.2,64.7,0,137,1475,7,3,5,5,5,4,3,1,173,1,49.1,59.7,61.6,48.7,1.0,47.9,5.1,Highly Ready,82.23666208587751
6.24,83.8,72.5,0,16,1048,2,2,2,3,5,1,6,0,17,0,74.0,55.2,67.1,54.3,2.0,86.5,,Developing,42.208440006883905
7.38,94.7,65.5,0,261,890,1,3,5,3,3,4,1,2,112,0,46.8,45.1,,32.7,0.0,46.9,0.0,Developing,43.66051132990508
5.79,80.6,65.6,0,36,1013,8,1,2,2,3,3,4,0,115,0,79.5,64.3,54.4,70.4,0.0,80.4,0.0,Needs Improvement,29.03197245690595
7.69,91.4,83.6,0,25,1280,8,5,5,5,5,3,4,2,149,0,35.4,65.3,40.1,48.3,0.0,21.3,0.0,Placement Ready,72.93930589514905
8.12,86.5,78.0,0,68,1053,1,3,2,2,4,5,2,2,32,1,62.9,73.6,57.4,66.1,0.0,23.8,0.6,Developing,45.36028631346111
6.5,70.3,73.7,2,49,1282,5,5,4,5,5,1,3,0,41,1,70.0,41.6,32.3,44.7,1.0,72.7,1.7,Needs Improvement,37.76708037333358
6.18,73.2,74.5,0,234,1530,10,1,3,2,2,2,6,2,152,0,71.4,63.5,55.9,48.2,1.0,67.0,0.0,Highly Ready,94.17698566918449
5.26,75.3,72.6,0,123,1522,8,6,2,4,2,3,2,0,14,0,70.4,59.2,59.0,65.1,0.0,49.5,0.0,Developing,44.05221436734008
6.96,75.2,92.9,3,63,1152,9,4,3,2,4,3,1,1,29,1,64.0,61.2,69.9,19.8,2.0,67.4,0.7,Developing,46.106124592180606
6.68,81.3,71.4,1,24,959,4,2,2,5,5,3,7,0,110,0,77.3,79.4,39.2,71.8,1.0,38.1,0.0,Developing,50.12879475935427
5.8,86.9,66.1,0,133,1177,2,5,4,5,4,3,1,2,46,1,45.1,79.9,63.4,80.0,2.0,27.5,2.5,Placement Ready,71.12516781005701
7.61,92.0,85.2,0,80,1547,4,5,5,4,3,1,1,0,53,1,50.3,76.2,,79.7,1.0,57.7,5.1,Placement Ready,65.78261978047362
6.8,84.5,76.1,0,147,1617,7,5,3,5,1,5,2,0,4,1,54.0,63.3,57.6,43.1,0.0,44.3,3.5,Placement Ready,66.60109301176239
6.23,78.4,96.3,1,123,1456,9,6,2,3,1,4,5,0,190,1,82.3,59.3,65.2,60.1,0.0,58.3,1.5,Highly Ready,80.41205671076366
6.7,65.3,73.3,0,50,1710,7,6,4,5,2,4,5,2,49,1,67.0,78.9,62.3,47.4,0.0,54.1,2.7,Highly Ready,94.6242332778776
8.16,82.6,85.6,0,160,1869,1,1,3,3,2,1,1,2,105,1,70.2,85.9,16.4,29.7,1.0,43.3,2.6,Placement Ready,77.5126259939947
7.74,82.2,87.7,1,32,1205,6,2,5,1,4,1,0,0,155,1,57.3,84.4,43.2,56.5,1.0,87.7,1.0,Developing,42.935957762413906
7.08,83.5,73.3,1,78,1796,2,1,2,3,4,3,5,0,52,1,72.3,68.8,92.3,30.2,1.0,29.2,2.1,Placement Ready,74.71397119180818
7.76,98.8,71.3,0,86,1272,7,1,3,1,2,1,4,0,106,0,36.7,62.6,68.5,65.2,0.0,53.1,,Needs Improvement,38.78477523271991
6.16,91.9,84.7,0,96,1656,5,1,3,4,5,3,1,0,193,1,53.9,71.7,48.4,68.9,0.0,48.1,2.9,Developing,59.16975406036828
7.23,88.3,83.2,2,30,1563,6,5,5,1,2,5,3,1,122,1,56.7,72.6,63.9,77.0,1.0,56.1,2.0,Placement Ready,62.64017385877716
7.33,74.3,65.3,3,226,800,6,4,1,2,3,5,4,0,91,0,52.9,56.4,69.4,63.7,2.0,50.9,0.0,Needs Improvement,35.900491251123235
6.78,77.9,67.8,2,50,1060,7,1,4,5,3,3,1,0,121,1,55.2,59.3,82.7,48.0,0.0,71.6,0.8,Needs Improvement,30.205631084664763
7.59,81.2,55.2,3,19,984,1,3,5,4,3,2,4,1,134,1,68.2,100.0,51.8,51.8,,56.3,5.1,Placement Ready,65.61421341708058
6.5,75.8,83.4,0,126,815,10,1,2,2,1,1,2,1,63,0,63.6,56.4,48.5,57.1,2.0,37.0,0.0,Needs Improvement,34.24570935749955
7.66,86.0,75.6,2,338,1614,6,2,3,3,2,1,4,0,196,0,77.9,73.9,50.0,79.9,1.0,29.5,0.0,Placement Ready,66.80014381595743
7.7,84.9,76.5,3,15,1971,6,1,2,3,4,2,4,0,78,0,28.7,54.8,48.9,80.0,3.0,34.6,0.0,Developing,45.344615452617575
4.57,73.3,62.8,3,186,1273,4,4,3,2,5,3,1,0,140,1,82.3,60.3,48.3,53.6,2.0,33.7,2.7,Needs Improvement,29.973887999666765
8.27,91.6,68.1,0,101,1606,2,1,5,4,3,4,5,0,27,1,50.3,49.1,61.0,71.7,1.0,63.6,0.6,Developing,51.90946511313661
4.46,82.8,73.7,0,31,1795,7,5,2,1,1,3,5,0,65,0,79.7,49.1,51.3,46.2,5.0,48.3,0.0,Developing,45.46307971964511
6.65,68.2,71.9,0,86,1412,4,6,2,3,5,5,4,1,34,1,53.7,70.6,57.0,62.4,0.0,57.9,3.0,Placement Ready,74.00204159863723
8.12,81.6,79.1,1,285,1342,10,6,3,2,3,1,1,0,97,1,65.5,69.0,88.0,49.1,1.0,22.4,3.8,Placement Ready,74.8199341677227
6.91,84.2,83.3,3,243,1276,7,5,3,4,3,3,5,0,24,1,43.8,87.8,42.7,59.1,3.0,43.7,2.6,Highly Ready,81.19046917131496
5.88,89.8,98.4,0,486,1511,5,5,4,4,3,4,4,1,122,1,41.8,62.4,63.4,41.0,3.0,59.7,0.5,Highly Ready,100.0
6.22,79.3,77.8,2,165,1612,1,6,1,5,5,1,2,1,103,1,68.7,64.2,39.8,30.9,3.0,70.8,6.4,Placement Ready,75.03094293060464
8.12,88.6,88.0,3,66,1489,6,6,5,2,1,5,2,0,58,0,20.0,61.4,72.8,33.8,0.0,20.3,0.0,Developing,40.79159217435117
5.47,83.5,70.5,3,184,1478,9,2,4,2,2,5,4,0,130,0,41.8,48.4,75.9,64.9,3.0,81.4,,Developing,56.436771342273516
8.22,71.5,62.9,0,55,1335,5,4,5,1,5,4,1,1,27,0,71.5,70.3,44.1,36.1,3.0,78.8,0.0,Developing,58.242798217115876
7.15,70.7,74.8,0,91,872,7,2,3,5,2,4,2,1,121,0,53.8,59.6,46.9,49.2,0.0,70.4,0.0,Developing,42.35214670116413
6.13,91.0,63.6,0,55,1619,2,6,3,2,5,2,2,0,30,1,46.8,41.9,68.7,70.1,0.0,75.3,1.0,Needs Improvement,35.00655333028987
6.68,91.6,78.1,1,165,965,5,1,2,4,2,1,4,0,39,1,82.8,77.5,53.6,74.0,0.0,42.4,2.6,Developing,53.329283254063114
6.28,84.6,71.0,1,155,1536,8,3,5,2,3,2,2,0,155,0,88.1,54.0,80.7,38.4,0.0,34.0,0.0,Developing,50.247740710135155
7.98,94.0,60.4,0,60,1577,5,3,1,2,1,1,5,1,157,1,60.0,66.6,38.8,14.2,0.0,51.7,4.2,Developing,59.134385362335635
7.86,90.5,93.6,0,214,1008,9,6,3,2,4,3,0,0,96,0,79.1,67.1,75.2,41.3,1.0,56.0,,Developing,54.84490901709178
5.65,87.5,73.2,1,261,1168,5,2,2,4,2,5,1,0,289,0,82.8,64.9,93.8,58.4,2.0,37.5,0.0,Developing,54.52789248938646
6.84,74.7,63.3,1,67,1986,9,6,4,2,5,4,2,1,209,0,59.8,47.9,64.3,66.4,3.0,61.8,0.0,Placement Ready,79.54836124100767
6.42,95.9,86.1,0,135,1326,7,3,5,2,1,5,2,0,58,0,52.3,81.5,47.8,34.9,0.0,78.2,0.0,Needs Improvement,39.59617071286566
8.36,86.3,71.4,0,272,984,10,5,4,4,1,5,1,0,29,1,61.3,51.8,45.6,25.0,3.0,67.9,1.4,Placement Ready,70.4925690192628
5.98,78.9,87.8,1,127,1590,6,4,1,3,3,4,1,0,122,0,38.2,27.6,55.4,39.6,4.0,50.9,0.0,Needs Improvement,24.997281344654983
8.64,76.7,71.4,1,78,1118,5,3,2,4,1,1,3,0,80,0,68.5,73.9,68.8,46.2,0.0,1.2,0.0,Needs Improvement,38.814346756923555
7.17,84.1,73.1,1,94,800,4,2,1,1,2,5,0,2,106,0,55.1,73.4,34.1,90.5,4.0,19.3,0.0,Developing,47.565475203078364
6.15,68.6,81.1,2,66,1506,7,2,3,5,4,3,3,0,113,1,60.8,45.3,53.0,56.9,2.0,48.1,1.1,Developing,44.050680712721274
6.59,87.6,83.3,0,218,1075,10,4,1,2,3,3,3,0,36,0,60.6,61.9,,66.0,4.0,62.8,0.0,Placement Ready,64.39493323514954
6.48,74.4,84.9,1,200,1446,2,2,4,1,3,5,1,1,27,1,47.3,77.1,82.9,73.7,1.0,21.6,3.1,Placement Ready,79.45154525252593
6.05,85.0,77.2,2,54,1106,10,6,3,1,1,4,2,1,108,1,59.5,81.8,87.8,47.4,3.0,51.9,3.7,Placement Ready,66.83560756791391
7.29,77.8,82.8,0,63,1562,10,1,2,2,4,1,2,0,105,0,39.6,70.6,55.9,56.7,2.0,64.2,0.0,Needs Improvement,35.67749308034683
6.09,79.9,84.7,0,26,1405,8,2,5,3,1,4,4,0,19,0,52.8,73.6,40.3,59.3,1.0,48.7,0.0,Developing,45.35403388817192
5.24,75.9,79.8,0,148,800,6,1,4,1,3,5,2,2,39,1,43.3,72.0,60.2,65.3,1.0,37.6,5.0,Developing,56.62882689779774
6.86,80.7,76.7,0,37,1465,9,6,4,4,4,2,4,0,27,1,46.9,60.1,60.8,52.8,1.0,20.3,3.4,Placement Ready,71.11913722960968
5.58,97.1,65.0,0,369,1263,3,3,2,4,4,3,7,1,73,0,26.1,46.8,77.0,72.7,1.0,65.5,0.0,Placement Ready,78.11912231620715
6.52,93.1,83.4,1,49,1775,7,1,2,4,2,1,4,0,65,0,53.6,58.3,50.9,73.8,1.0,36.9,,Needs Improvement,38.31745877722248
6.38,84.8,78.4,0,14,1469,9,1,3,1,1,4,1,2,10,0,67.3,77.7,42.2,50.2,2.0,82.9,0.0,Needs Improvement,39.92121138199523
6.42,81.8,74.3,1,35,1577,9,6,4,1,5,1,1,0,73,1,62.7,77.6,57.8,67.9,1.0,53.5,3.2,Placement Ready,67.25217237895694
9.0,88.8,89.5,1,124,1137,6,6,5,2,2,3,1,0,86,1,76.3,64.8,52.6,61.6,2.0,57.4,3.9,Highly Ready,83.85916675567684
7.25,91.0,65.1,3,93,1113,4,2,4,3,3,4,3,1,90,0,45.7,57.3,52.1,100.0,1.0,66.7,0.0,Needs Improvement,39.67674675196716
7.42,75.4,92.8,0,48,1342,10,4,1,3,2,5,2,2,27,0,52.8,86.3,44.1,70.2,2.0,42.7,0.0,Placement Ready,76.28062677786662
5.6,81.4,77.8,0,90,1242,7,2,5,2,1,2,5,0,67,0,73.8,63.7,37.9,61.6,0.0,59.4,0.0,Developing,56.7129814363976
6.61,67.4,80.9,0,61,1751,8,6,2,2,3,5,7,0,171,1,58.7,70.9,67.8,45.3,0.0,37.1,3.0,Highly Ready,89.13970340872766
7.39,91.0,74.4,1,146,1304,7,5,1,3,3,1,3,1,39,0,62.8,45.1,62.2,37.4,2.0,34.0,0.0,Developing,50.62258031170764
6.28,98.5,63.0,0,38,983,9,3,3,3,4,1,3,1,164,0,91.7,61.2,45.1,64.0,2.0,31.8,,Developing,59.760475583566866
8.02,82.6,76.7,0,111,1102,5,6,3,3,4,1,2,1,47,1,56.2,77.2,71.1,26.0,3.0,40.2,5.5,Highly Ready,81.76984904241607
6.12,65.0,81.0,3,114,1640,6,2,1,4,5,4,2,0,142,0,52.7,42.8,28.5,82.6,0.0,91.2,0.0,Needs Improvement,15.083526121454566
6.94,86.9,84.1,1,95,1300,9,6,2,4,5,2,2,0,104,1,45.1,61.5,51.5,20.0,1.0,31.9,1.3,Developing,49.40759260749659
6.67,74.8,76.2,0,134,1284,6,2,2,5,3,1,2,1,71,0,55.7,67.7,61.4,37.5,0.0,62.3,0.0,Needs Improvement,32.36082577513693
7.35,76.7,58.3,1,89,1668,3,6,3,5,2,4,2,0,92,1,75.3,82.0,75.7,72.0,1.0,45.5,2.0,Developing,59.01454406052739
6.62,87.0,64.1,0,164,1076,8,6,4,2,4,2,3,1,132,1,68.6,75.7,49.1,54.4,0.0,27.3,5.7,Highly Ready,84.17160864663082
6.96,84.0,96.5,0,95,800,4,4,4,2,3,4,6,1,23,0,81.5,85.7,76.0,58.1,1.0,65.8,0.0,Placement Ready,70.61251202462603
6.99,78.1,68.2,0,225,1094,2,1,1,2,2,3,1,0,181,1,65.4,73.6,47.6,43.3,2.0,39.9,0.5,Needs Improvement,37.60228015998
6.54,76.8,90.8,2,111,1423,4,5,1,2,1,1,4,0,95,1,26.4,74.5,71.1,52.8,1.0,41.1,3.4,Developing,50.25121050292697
7.64,83.0,69.6,0,215,1275,1,5,4,3,3,4,4,3,27,0,69.4,48.6,84.9,66.6,0.0,71.7,0.0,Placement Ready,77.5850061672721
7.41,78.7,76.4,0,62,882,9,6,5,4,3,5,3,1,132,1,61.6,48.2,42.0,40.9,1.0,44.8,2.1,Placement Ready,67.39954664830259
7.12,73.1,83.6,3,42,1655,10,2,1,1,5,2,3,0,75,1,60.0,85.5,60.4,50.5,0.0,54.5,0.5,Placement Ready,60.05079880958739
6.81,79.3,70.6,0,163,1399,3,2,2,5,5,5,1,0,111,0,78.3,55.7,66.6,55.1,1.0,49.4,0.0,Developing,48.04304998001102
7.92,84.7,92.3,0,97,1467,10,3,1,1,2,2,2,1,64,0,55.9,54.4,38.1,50.4,1.0,48.1,0.0,Developing,43.20348368961747
6.99,80.6,78.7,0,9,1476,8,3,3,3,1,2,6,0,121,0,68.7,29.7,64.9,67.8,2.0,23.6,0.0,Developing,51.08504249149729
6.92,70.7,82.1,1,53,960,10,1,2,3,4,1,2,1,41,0,43.8,76.8,48.9,62.8,3.0,67.2,0.0,Developing,46.94762235815765
7.29,89.9,75.6,3,124,1441,2,1,1,2,3,2,3,0,52,1,37.2,46.3,44.5,53.2,4.0,54.4,2.0,Needs Improvement,37.13943340962837
8.73,60.1,83.9,1,90,1622,1,3,5,2,1,2,2,0,104,1,51.0,,51.2,26.0,1.0,66.3,3.0,Developing,46.82082741561104
5.99,78.4,92.2,0,51,1692,10,6,4,3,4,4,4,1,183,0,55.3,77.3,50.1,75.1,0.0,52.3,0.0,Placement Ready,76.80679857267204
7.89,77.0,76.8,2,96,1566,3,1,3,1,2,1,2,0,70,1,68.2,31.1,70.8,39.3,1.0,71.1,1.1,Needs Improvement,34.6355033392548
5.5,83.2,93.6,2,108,1504,6,2,4,4,1,3,2,2,125,0,43.5,81.0,58.0,85.2,0.0,53.0,0.0,Placement Ready,63.685489158675246
7.4,86.5,72.5,1,19,829,10,6,2,4,4,2,4,1,117,0,82.6,50.4,95.0,40.6,0.0,77.4,0.0,Placement Ready,61.2911866885496
8.62,91.0,84.9,3,211,1346,4,1,5,4,4,1,3,0,175,0,45.5,59.9,49.4,59.3,2.0,31.9,0.0,Placement Ready,64.20617840315833
7.64,76.3,82.4,2,244,1063,1,1,3,5,4,5,1,1,31,0,58.7,51.1,65.6,65.8,2.0,34.2,0.0,Needs Improvement,36.80386147699372
7.35,86.7,68.4,0,53,1735,8,6,2,5,2,3,2,0,91,1,60.2,43.4,55.6,51.7,1.0,85.7,7.5,Placement Ready,69.32810996149314
6.7,83.6,79.9,0,330,1689,5,2,3,1,3,2,4,0,85,0,64.5,51.4,37.6,60.3,0.0,66.5,0.0,Placement Ready,62.96189856977362
7.23,68.3,78.1,1,91,1065,1,2,3,5,3,4,0,0,91,1,66.8,50.4,83.4,50.2,1.0,87.3,1.3,Needs Improvement,30.41804247986436
6.97,97.2,70.3,0,58,1336,4,1,4,3,5,5,3,2,46,0,93.9,44.8,59.9,87.1,1.0,62.3,0.0,Placement Ready,68.40304852778029
6.49,70.5,81.2,1,56,1425,6,3,5,1,1,2,2,0,72,0,51.0,83.6,45.5,58.4,3.0,44.4,0.0,Needs Improvement,37.487448801565726
6.94,85.4,79.3,1,316,1620,9,6,2,5,5,2,6,1,141,0,64.7,48.4,,53.0,3.0,87.3,0.0,Highly Ready,95.00967569168732
7.38,85.1,77.3,0,39,847,3,6,4,5,2,4,2,0,33,1,58.7,35.6,74.5,59.2,2.0,13.6,1.4,Needs Improvement,23.59356417385075
6.51,84.2,77.4,1,110,800,6,4,1,2,4,3,1,1,103,0,74.7,33.1,44.4,74.2,,66.0,0.0,Developing,40.568482875857406
6.47,78.0,77.2,0,120,1361,2,5,2,5,3,4,2,0,60,0,66.7,68.1,58.8,61.6,1.0,0.0,0.0,Needs Improvement,26.539340956012687
5.98,88.6,74.7,1,164,800,3,4,3,4,2,1,2,2,87,0,63.3,37.7,74.6,58.1,1.0,80.1,0.0,Needs Improvement,37.28365461579237
7.55,69.5,79.3,0,104,1398,3,5,3,3,2,5,2,0,58,1,37.6,,,30.6,0.0,29.4,7.1,Developing,51.913200515943814
7.69,81.5,72.2,0,301,1528,6,4,4,1,2,1,1,1,141,0,53.2,89.6,66.9,74.6,0.0,43.9,0.0,Placement Ready,65.46278541121322
7.41,77.5,100.0,3,339,1721,7,2,1,4,4,2,6,1,28,1,45.4,64.5,,61.0,0.0,30.7,4.4,Highly Ready,100.0
8.07,76.6,65.3,0,256,1163,2,6,5,5,4,4,4,0,87,0,53.3,66.5,32.8,47.4,1.0,61.8,0.0,Placement Ready,62.73926313947686
7.28,85.4,72.7,0,129,1398,1,6,3,1,4,3,6,1,150,0,47.6,54.6,54.0,60.6,,46.3,0.0,Placement Ready,60.69635382215807
7.55,90.6,73.4,0,188,1545,8,1,3,1,4,2,0,1,92,1,52.2,61.8,49.0,78.6,2.0,77.6,3.2,Placement Ready,77.48441582590522
7.47,79.3,96.4,2,77,997,3,1,4,2,1,5,1,0,38,0,53.8,59.0,56.3,67.2,0.0,36.8,0.0,Needs Improvement,7.805040967573693
7.12,88.2,66.1,0,217,1625,7,5,4,2,2,2,4,0,37,0,54.1,66.3,49.2,88.5,1.0,26.4,0.0,Developing,58.11546469774063
6.72,82.4,81.8,0,61,1432,1,1,3,2,2,4,4,0,86,1,55.6,85.2,,69.9,3.0,40.6,0.5,Placement Ready,78.9615392101922
9.19,74.9,80.2,0,45,1168,7,5,3,5,2,3,1,1,15,0,46.1,56.0,52.5,22.2,0.0,82.8,0.0,Needs Improvement,38.276425307160025
6.79,79.9,81.0,2,44,1392,10,6,2,5,2,3,1,0,106,0,60.6,51.0,70.9,76.4,2.0,70.9,0.0,Developing,50.63913532712038
6.6,79.6,89.1,0,149,1308,5,1,3,4,1,4,1,1,20,0,46.5,,67.9,25.4,2.0,73.1,0.0,Needs Improvement,31.649723385819215
7.59,76.4,88.9,0,277,1584,6,5,2,2,5,2,3,0,28,1,51.0,75.4,43.2,78.0,0.0,39.0,1.3,Placement Ready,78.75752728165467
7.43,85.4,73.9,1,291,1242,3,1,4,2,1,2,5,0,205,1,59.2,,78.1,70.0,2.0,23.6,5.1,Highly Ready,83.1475469398605
5.94,83.9,79.7,0,10,1418,3,2,3,1,3,4,3,1,180,1,21.3,65.7,46.4,83.6,2.0,78.4,3.6,Developing,55.305722404315496
8.21,69.3,61.2,1,196,1164,1,4,2,4,3,1,6,0,53,1,97.4,69.2,40.0,62.5,3.0,22.4,3.0,Highly Ready,88.3386445152553
7.12,68.8,78.9,0,42,1069,5,5,3,2,4,3,1,1,157,1,67.9,92.1,74.9,59.9,1.0,50.1,2.1,Placement Ready,72.65625365016632
6.2,85.4,70.9,1,428,1401,10,1,5,5,5,2,1,1,38,0,64.8,74.9,48.5,76.1,0.0,36.7,0.0,Placement Ready,71.79691045388317
8.27,75.5,76.3,0,31,1081,2,1,3,4,4,3,0,0,107,1,52.2,49.8,59.6,35.0,1.0,51.5,4.4,Needs Improvement,35.44712803051688
7.76,84.4,62.8,1,19,1590,5,2,2,3,4,3,2,1,165,1,61.4,31.3,37.4,55.7,3.0,15.8,1.6,Developing,48.32737124595047
6.06,88.2,81.6,1,199,1528,9,5,3,5,2,3,1,0,43,0,41.9,64.1,52.1,51.1,2.0,67.0,0.0,Developing,40.33320867265452
8.8,71.8,62.7,0,73,1120,5,3,4,1,5,5,1,0,20,1,67.4,52.1,56.2,47.7,1.0,77.4,0.7,Developing,41.30585008998257
7.79,70.7,79.3,0,69,1414,8,2,1,3,1,5,3,0,80,0,34.7,55.2,51.7,45.3,0.0,70.9,0.0,Needs Improvement,36.99854327315569
7.19,95.4,67.0,0,52,1119,4,1,3,2,4,1,1,2,42,0,41.0,48.1,49.8,57.7,1.0,27.7,0.0,Needs Improvement,35.05547973866017
8.63,84.8,70.4,0,60,869,7,6,1,1,1,4,4,0,44,1,49.4,54.9,58.7,67.2,2.0,58.7,1.0,Developing,57.02144203512839
7.34,78.6,88.4,1,205,1171,10,5,5,5,2,2,4,1,28,0,82.6,54.6,73.8,80.3,2.0,46.6,0.0,Placement Ready,76.29481054763569
7.17,74.5,83.3,0,44,1335,6,6,4,4,5,4,2,1,4,0,43.5,60.4,42.9,50.2,1.0,50.0,0.0,Needs Improvement,30.589572056119405
6.61,77.9,88.3,2,88,1506,8,3,1,1,4,3,3,0,47,0,65.0,52.6,17.6,48.8,3.0,83.2,0.0,Needs Improvement,37.854874641554446
7.72,72.5,92.0,0,40,1395,7,5,3,1,4,5,2,0,52,1,29.1,52.0,77.8,7.0,0.0,41.3,1.8,Needs Improvement,33.38659639532894
7.63,89.1,71.0,1,107,1622,1,4,5,2,5,5,1,1,38,1,60.4,69.4,47.5,79.9,2.0,63.6,2.6,Placement Ready,67.45326755656282
7.21,75.8,91.5,1,69,1056,2,4,5,5,2,1,2,2,27,1,86.0,62.0,48.8,31.9,1.0,15.1,2.1,Developing,58.38030091748579
6.49,90.7,64.8,1,139,1237,7,3,1,1,4,1,2,1,133,1,67.5,62.1,49.3,63.2,3.0,51.4,5.7,Placement Ready,74.6000445440679
7.32,78.8,84.7,2,153,1843,4,4,2,4,2,1,0,1,92,1,28.9,61.3,36.7,60.0,1.0,68.6,2.4,Developing,46.279754667095794
7.14,73.7,73.6,1,280,800,5,3,1,1,3,4,3,0,21,0,60.7,49.5,51.7,71.8,3.0,47.0,0.0,Developing,44.550006263989104
6.0,78.6,69.6,1,410,1214,5,4,2,2,3,2,4,2,83,0,53.0,82.1,53.5,40.0,0.0,62.3,0.0,Highly Ready,80.89281907758993
5.88,61.0,83.5,1,57,1029,8,3,5,3,4,4,4,2,34,1,78.4,90.5,65.0,64.8,1.0,33.8,0.5,Placement Ready,76.14598329770145
7.71,81.0,86.5,0,166,1291,10,6,4,1,1,2,1,1,125,1,58.5,79.3,,82.7,3.0,40.7,0.5,Placement Ready,78.55780287482685
4.86,80.6,86.2,1,68,1220,10,6,2,2,1,2,2,0,38,1,38.4,37.3,18.9,59.0,2.0,47.3,1.2,Needs Improvement,25.427979209086185
7.38,88.6,79.9,2,150,1531,1,3,2,2,1,4,3,0,142,1,58.0,52.7,36.6,40.1,2.0,39.2,2.8,Developing,50.826480670968465
6.77,66.9,79.2,1,145,1427,8,3,4,1,2,4,2,1,136,0,49.6,71.9,75.8,30.1,1.0,68.0,0.0,Placement Ready,62.53692971187551
8.38,91.3,82.7,1,142,958,8,5,3,1,3,3,1,0,100,1,27.6,51.5,44.6,80.3,0.0,71.9,3.9,Developing,52.28637037553311
6.76,88.6,80.7,0,175,1174,9,4,3,1,1,3,4,0,38,0,57.4,52.2,66.7,47.5,3.0,63.0,0.0,Developing,54.875017286901624
7.79,92.0,82.9,0,112,1350,5,2,3,4,5,4,1,0,58,0,60.1,42.8,46.6,50.9,2.0,0.0,0.0,Developing,45.4688249799287
6.84,81.6,79.8,0,73,1572,6,6,5,1,3,1,3,1,64,1,65.7,56.9,71.0,98.0,3.0,43.6,2.2,Highly Ready,80.8066455520815
7.3,90.1,85.6,0,108,2080,5,5,3,3,2,3,5,2,77,1,75.3,50.5,59.6,70.7,1.0,66.8,3.6,Highly Ready,100.0
7.86,70.2,63.4,0,390,1561,4,4,4,1,5,2,1,0,150,0,55.8,28.5,34.8,74.5,0.0,46.7,0.0,Developing,49.309134378843964
6.78,87.7,76.8,0,62,1046,3,5,5,2,1,1,3,1,53,1,37.5,78.1,39.3,82.9,1.0,45.5,6.8,Placement Ready,67.15314506991622
8.1,75.8,65.5,1,78,1322,7,2,2,1,1,2,1,0,124,1,47.4,67.8,34.2,28.5,3.0,68.7,2.5,Developing,46.78457683519612
6.31,68.8,80.5,3,53,1404,1,5,4,2,2,1,2,0,25,0,59.7,43.3,72.6,81.1,,69.7,0.0,Needs Improvement,28.140962482452785
7.47,73.0,92.8,2,15,1194,8,1,5,4,1,2,2,0,41,0,78.2,74.2,37.9,83.4,1.0,62.0,0.0,Developing,45.45721991297845
8.03,82.0,73.7,0,95,1491,9,5,2,3,4,1,3,1,35,0,60.1,63.8,52.1,47.4,1.0,20.2,0.0,Placement Ready,68.39850966436074
7.79,75.4,79.1,0,157,800,3,4,2,1,4,4,2,1,125,0,58.0,78.2,56.7,67.8,1.0,27.6,0.0,Developing,43.41861657084914
8.92,85.0,84.8,1,46,1516,3,4,1,1,2,2,4,0,169,0,56.5,72.3,61.6,71.4,0.0,57.9,0.0,Needs Improvement,39.403346468661354
6.51,67.5,59.4,0,251,1207,6,5,4,2,5,4,2,0,46,0,59.9,51.1,50.6,43.0,0.0,8.4,0.0,Needs Improvement,35.50256292361582
5.96,65.0,73.3,3,136,1317,9,2,4,2,1,4,3,1,37,0,88.7,71.4,32.8,70.5,1.0,82.8,0.0,Placement Ready,70.73861770560134
6.31,93.0,81.3,2,206,1790,2,5,4,3,3,5,6,0,59,0,58.7,72.0,38.7,44.2,1.0,52.7,0.0,Placement Ready,63.50968809185658
7.79,89.2,51.9,1,127,972,5,1,2,2,4,1,5,1,33,0,56.0,76.8,41.2,99.1,1.0,35.9,0.0,Needs Improvement,38.27858585480778
7.65,73.6,69.2,0,88,1432,3,5,4,4,2,3,2,0,47,1,60.6,76.0,15.6,57.7,1.0,39.4,0.5,Placement Ready,60.041229305725466
7.29,82.0,87.9,1,75,1588,9,5,1,2,5,3,3,0,59,0,49.9,91.1,64.9,64.6,0.0,74.1,0.0,Developing,59.70321305716506
6.19,90.2,87.0,2,123,1401,9,1,4,4,3,2,4,1,60,0,36.6,75.3,66.1,27.3,1.0,24.8,0.0,Developing,46.95790359749771
7.89,85.4,81.4,0,132,866,1,5,3,1,5,5,3,1,16,0,33.9,51.0,40.9,61.7,2.0,11.5,0.0,Needs Improvement,28.667768029434196
6.1,83.2,85.9,0,66,1755,2,5,5,5,4,1,4,0,46,1,49.1,64.5,78.9,75.7,0.0,30.1,4.5,Placement Ready,72.09814940147922
8.24,90.8,79.9,1,86,1287,2,4,5,5,2,2,4,1,197,0,77.7,47.3,56.3,39.8,3.0,55.9,0.0,Placement Ready,69.06155625317913
9.77,76.2,83.0,0,341,1192,9,4,3,2,5,4,2,1,19,1,77.5,78.9,71.6,46.1,3.0,82.0,0.7,Highly Ready,100.0
7.53,82.2,75.2,1,109,1257,10,1,4,2,1,2,2,0,76,0,43.3,50.0,70.4,42.9,1.0,74.3,0.0,Developing,42.45592482961012
7.72,81.9,79.0,0,118,1235,4,6,5,1,1,1,2,2,71,0,57.6,93.2,55.9,35.4,1.0,41.3,0.0,Developing,45.43404470074966
6.76,79.8,72.3,3,287,993,2,6,2,5,4,1,6,1,236,0,62.0,57.9,25.5,33.0,1.0,55.7,0.0,Developing,50.379797501908676
5.57,78.9,89.4,0,133,1399,7,5,1,1,5,2,2,0,74,1,49.1,61.4,61.2,72.5,1.0,57.0,4.4,Placement Ready,62.419374157386315
6.66,82.6,91.7,0,99,1171,9,1,3,1,2,2,0,1,187,1,79.6,55.5,66.4,33.5,2.0,54.4,2.8,Placement Ready,68.76334494094758
6.22,82.3,90.4,0,202,1551,10,3,2,1,4,4,3,0,72,0,71.4,52.0,47.6,24.7,1.0,10.6,0.0,Developing,50.43582394733467
5.9,73.6,74.3,0,171,1505,5,5,4,2,4,1,2,0,44,1,65.4,54.6,60.6,46.0,0.0,43.7,,Needs Improvement,31.21284424378951
8.75,88.4,69.4,0,120,1838,8,5,4,5,4,4,1,0,75,0,61.0,65.2,57.5,55.9,1.0,65.8,0.0,Placement Ready,70.93482822803131
7.45,74.2,89.5,2,128,1287,10,6,3,1,5,2,3,0,24,0,36.6,62.2,42.7,64.9,2.0,87.3,0.0,Needs Improvement,30.81424342036196
7.54,80.3,82.9,0,80,1109,9,4,2,3,1,1,4,0,80,1,80.4,56.0,56.4,39.9,1.0,58.0,5.4,Placement Ready,68.4062688800276
6.92,79.6,81.0,0,37,909,5,5,3,4,1,1,3,0,48,0,68.7,66.3,49.9,45.0,0.0,71.9,0.0,Needs Improvement,34.22029419191598
7.04,84.9,72.3,0,154,2008,3,3,3,4,5,4,2,1,44,1,66.1,54.4,64.0,64.2,1.0,67.7,6.4,Highly Ready,94.59077270701735
8.07,65.0,81.8,1,24,1549,4,5,1,4,3,4,4,0,132,1,48.9,61.9,48.6,70.4,,42.4,3.7,Developing,46.83849458778887
7.17,89.1,68.2,2,39,1142,4,4,4,5,3,1,2,1,55,0,50.2,86.7,46.6,76.1,1.0,23.3,0.0,Developing,42.856114225759406
7.68,76.6,83.7,3,85,1858,10,5,2,4,3,2,2,0,11,0,67.4,54.0,31.8,63.2,2.0,72.6,0.0,Developing,59.048016903480026
7.02,91.8,90.4,0,79,1757,8,2,3,5,2,4,2,2,95,1,76.5,57.8,93.3,26.8,0.0,87.0,5.2,Highly Ready,100.0
6.89,78.2,92.7,2,166,945,9,2,5,2,2,5,1,1,109,1,85.9,45.8,50.8,40.1,2.0,41.6,,Placement Ready,69.0376203597586
5.93,81.6,84.4,0,197,1124,8,1,1,3,2,4,3,0,257,1,49.0,57.3,,76.3,1.0,73.8,4.8,Placement Ready,75.42920720700064
5.42,97.3,65.6,2,373,1310,5,5,3,4,1,4,1,0,80,1,57.6,67.2,67.7,85.1,,53.0,2.1,Developing,58.316796887504665
6.96,79.8,79.8,0,21,1029,8,5,1,5,2,4,4,0,51,1,28.6,54.6,61.0,53.5,0.0,22.4,4.0,Developing,59.1313377581076
7.25,91.9,97.3,1,141,1321,7,2,3,1,5,2,2,2,96,0,23.1,46.1,66.8,52.0,0.0,50.9,0.0,Placement Ready,60.949018831596874
6.04,82.3,70.2,3,137,1564,8,3,2,3,1,1,1,1,26,1,67.9,67.1,68.5,38.0,0.0,38.6,3.6,Developing,47.648829038083576
7.17,85.3,77.5,0,125,938,4,4,5,5,4,3,2,0,44,0,47.2,68.5,75.6,79.1,0.0,58.9,0.0,Developing,47.87383774526834
7.25,82.6,90.7,2,154,1438,3,5,2,1,1,3,5,1,103,0,30.4,70.6,41.0,37.0,1.0,58.0,0.0,Developing,55.661008235267666
5.26,88.8,83.6,0,178,1701,2,2,4,2,4,5,2,1,58,1,42.6,44.7,60.3,88.3,1.0,37.1,,Developing,59.340268656020804
6.38,76.5,100.0,3,256,1470,3,3,1,3,2,2,3,0,14,0,65.1,81.2,32.7,53.6,1.0,23.8,0.0,Needs Improvement,22.283196102925217
7.57,74.1,71.4,1,128,1327,10,2,3,1,4,5,4,0,55,0,65.8,55.2,53.1,40.4,,40.8,0.0,Developing,52.773085770746405
7.55,76.9,69.1,3,310,1150,10,5,5,5,3,3,4,0,74,1,35.4,47.9,68.7,24.7,2.0,81.0,1.6,Developing,52.31879028608391
6.16,82.8,89.0,3,129,1599,2,6,4,2,4,3,0,2,56,1,78.5,76.3,43.7,50.4,2.0,26.5,3.7,Placement Ready,76.67644723945978
7.34,80.2,67.2,0,70,997,6,5,2,4,4,5,2,0,16,0,49.6,80.7,93.7,52.9,0.0,64.5,0.0,Developing,45.01012110094712
8.12,87.7,76.2,0,120,1423,10,5,5,3,3,3,3,0,6,0,64.1,57.6,58.3,49.6,3.0,62.0,0.0,Placement Ready,65.39324889052742
7.9,92.4,77.4,1,49,1358,8,5,5,3,4,1,2,0,116,1,60.6,50.3,29.0,55.1,1.0,39.0,3.1,Placement Ready,64.82456655181419
7.11,74.2,87.3,0,51,1688,7,6,3,5,5,2,1,0,108,0,59.8,68.2,69.3,78.6,2.0,33.1,0.0,Developing,47.71799245679672
6.78,76.1,83.5,0,91,1175,6,3,5,5,3,3,4,0,41,0,45.9,43.3,93.5,65.5,1.0,61.9,0.0,Developing,58.03214716560536
6.63,70.5,82.1,0,81,1201,4,2,1,3,1,2,3,0,39,1,59.6,97.7,22.2,58.3,,49.4,3.6,Developing,52.929942627384854
7.62,98.2,74.4,3,252,977,10,6,2,3,1,1,4,0,52,0,64.0,47.6,69.4,74.4,3.0,39.9,0.0,Placement Ready,62.76231705818412
7.38,84.4,88.9,0,90,1481,1,1,5,4,3,2,2,0,120,0,57.0,67.0,42.2,39.4,1.0,59.4,0.0,Needs Improvement,32.623740509440694
7.77,85.8,100.0,0,43,1223,9,3,5,4,3,3,0,0,75,0,61.5,59.7,57.1,67.1,1.0,82.5,0.0,Developing,43.277284243758196
7.32,71.3,84.2,0,104,1091,9,5,5,5,4,1,2,3,160,1,76.5,49.1,37.1,66.8,0.0,74.8,2.6,Highly Ready,93.81740186323215
7.94,82.0,78.9,0,128,1120,3,5,1,2,4,3,3,0,74,1,52.9,48.9,71.7,80.5,1.0,52.6,5.9,Placement Ready,60.27370885876038
7.29,86.1,66.3,2,113,1511,6,5,2,1,1,4,3,1,34,1,69.8,77.8,52.9,31.7,,0.0,3.2,Placement Ready,61.23100220596423
7.91,80.0,72.3,3,41,1019,9,3,4,1,4,3,3,1,42,1,56.8,67.1,76.6,40.3,1.0,45.2,3.1,Placement Ready,67.15104197364909
7.98,90.6,76.1,1,270,1046,5,6,1,3,5,4,3,0,97,0,81.4,52.3,41.5,41.2,2.0,29.9,0.0,Placement Ready,60.81722426777563
6.48,100.0,73.2,2,18,1619,4,2,5,2,2,4,1,2,186,0,38.9,54.2,54.7,63.1,3.0,45.9,,Needs Improvement,38.63346065295756
5.57,74.4,77.9,0,111,1300,1,1,5,5,5,3,0,0,78,0,79.6,50.6,21.0,58.8,3.0,43.0,0.0,Needs Improvement,24.286008138921453
8.59,73.8,94.0,3,40,1637,5,4,5,5,5,5,3,1,135,0,52.0,74.3,99.6,64.7,0.0,43.7,,Placement Ready,68.26249358405234
7.43,75.0,89.2,0,210,1242,3,2,5,1,3,4,4,0,90,0,91.7,74.9,88.7,19.2,2.0,71.5,0.0,Placement Ready,60.8889230399682
5.66,94.8,76.6,0,142,1350,9,3,2,5,4,5,4,1,84,1,66.5,69.4,92.9,80.0,3.0,45.4,0.9,Highly Ready,95.44610977149459
6.56,90.3,67.1,0,128,1397,9,3,5,4,5,4,2,1,200,0,72.8,65.6,82.5,59.0,3.0,44.6,0.0,Placement Ready,78.23074413042215
7.89,80.9,90.0,0,85,1766,4,2,2,2,5,5,1,1,29,0,57.6,70.8,48.5,64.4,2.0,59.5,0.0,Placement Ready,61.47136144922943
6.95,82.3,77.6,2,254,1742,3,6,1,2,2,3,2,1,53,0,70.2,38.9,57.3,61.3,1.0,28.8,0.0,Developing,51.730760756655656
6.74,75.5,62.5,0,85,1696,3,3,2,1,4,1,4,0,46,0,70.2,65.9,62.7,44.3,2.0,43.2,0.0,Needs Improvement,38.50689519835766
8.46,89.1,84.4,2,328,1161,5,5,4,3,3,1,0,1,66,0,57.9,77.0,64.0,63.8,0.0,22.6,0.0,Developing,49.66909299398142
6.26,79.0,87.2,0,50,1054,7,1,5,1,3,5,2,1,19,1,71.5,65.2,40.5,56.3,,62.5,3.6,Placement Ready,62.57182453735232
6.48,79.9,56.2,0,105,1578,2,6,4,1,4,4,3,0,64,0,9.6,62.7,39.7,56.1,3.0,54.6,0.0,Needs Improvement,20.273217283710917
7.39,86.9,70.6,0,174,1763,10,6,2,4,5,2,4,1,39,1,50.3,53.1,36.6,63.4,0.0,91.4,9.2,Highly Ready,97.37122827028408
7.55,80.5,77.0,0,149,1699,8,1,4,3,1,3,0,1,42,1,60.3,54.0,51.2,53.3,1.0,17.3,5.2,Placement Ready,65.30722830691622
7.65,80.1,84.6,0,98,1354,2,4,3,3,5,1,6,1,143,0,67.5,,52.9,31.9,1.0,69.4,0.0,Placement Ready,62.48966725411563
8.02,82.1,73.4,1,21,1568,4,4,3,2,2,5,0,0,36,0,74.6,65.1,50.8,51.9,4.0,14.9,0.0,Needs Improvement,31.729283516424413
7.38,88.4,70.5,2,117,1574,8,2,2,3,5,3,2,0,237,0,56.2,55.2,62.0,82.6,2.0,30.1,0.0,Developing,43.73312444415725
7.64,95.2,84.5,1,77,1395,6,5,1,2,1,2,7,1,75,1,54.1,36.5,35.9,45.6,1.0,7.1,5.6,Placement Ready,69.8802246582664
6.97,86.7,73.8,0,63,1408,6,5,2,1,5,2,6,2,8,1,73.1,73.2,44.3,56.6,2.0,51.4,0.9,Highly Ready,85.60791016573043
7.26,88.4,82.9,1,182,1379,1,6,5,3,3,1,1,0,135,0,77.3,69.3,45.8,69.2,1.0,55.5,0.0,Developing,42.02715340074983
7.3,80.4,68.0,1,16,1114,5,4,3,1,5,4,5,2,5,0,71.1,67.0,71.1,91.0,1.0,43.6,0.0,Developing,59.19669372350482
7.39,76.3,65.8,0,101,1144,7,5,1,4,3,2,0,1,24,1,57.7,48.9,61.2,50.7,1.0,6.3,1.0,Needs Improvement,33.296614747708865
7.9,87.2,84.8,2,5,1140,8,5,2,5,4,1,4,1,88,0,98.2,55.1,63.4,34.1,2.0,39.3,0.0,Placement Ready,61.19322445532701
7.7,83.4,80.3,2,150,870,5,5,3,4,3,5,2,0,56,0,61.2,69.3,43.1,66.4,1.0,52.6,0.0,Needs Improvement,37.006959920598746
7.24,70.6,86.3,1,183,1393,6,4,3,3,2,3,3,0,107,1,63.2,62.4,58.6,41.2,3.0,31.7,2.3,Placement Ready,65.34775504467481
6.47,79.4,73.2,0,116,1338,3,5,4,5,2,1,0,0,42,1,84.5,52.2,45.6,60.0,1.0,49.4,4.9,Developing,40.43451244151569
7.26,81.3,70.8,0,71,1579,8,1,3,2,3,2,1,0,42,1,82.9,80.2,46.2,65.3,0.0,71.6,0.8,Placement Ready,66.98694046794893
7.17,77.9,90.2,0,252,1728,7,4,1,4,3,3,0,0,48,1,70.6,50.1,63.9,46.9,1.0,38.5,1.7,Placement Ready,63.4748738761539
7.37,93.9,64.3,0,264,1747,8,2,3,2,4,2,1,1,91,1,46.5,20.2,47.6,50.4,1.0,28.3,0.5,Placement Ready,67.9758871899962
9.19,85.8,89.3,0,132,1776,7,3,1,1,5,5,2,1,109,0,61.7,63.2,56.3,68.9,0.0,48.4,0.0,Placement Ready,68.19102660324096
6.73,93.0,89.9,0,290,1123,10,5,3,2,4,5,2,1,25,0,67.8,63.8,53.7,73.6,1.0,86.3,0.0,Placement Ready,78.86653236647255
7.58,84.1,85.7,0,50,920,9,1,3,3,1,5,1,0,147,0,89.3,62.8,39.2,55.8,0.0,60.1,0.0,Developing,40.51327171968034
8.16,82.7,71.8,1,94,1629,9,5,2,1,3,3,4,1,229,1,100.0,67.6,48.8,57.9,0.0,19.8,3.0,Highly Ready,91.03754170487605
7.29,74.5,70.7,0,9,1765,4,2,4,2,1,5,2,0,65,1,51.0,54.2,49.0,35.9,1.0,77.1,3.7,Developing,48.451693098799886
9.3,82.1,76.1,0,37,1817,1,5,4,1,3,2,5,0,80,1,72.8,76.4,51.9,57.0,2.0,41.7,1.7,Placement Ready,76.9484895771765
6.86,82.1,66.3,0,34,1495,1,5,2,2,3,3,2,0,39,0,47.8,42.9,29.2,48.3,0.0,45.3,0.0,Needs Improvement,9.342635083970421
7.49,71.1,69.3,0,149,800,8,1,3,4,5,4,2,0,131,0,58.1,61.7,46.3,56.3,2.0,24.2,0.0,Developing,40.372878836394754
6.48,77.7,83.8,2,40,1460,9,2,3,1,2,3,2,1,6,0,47.0,53.2,72.6,79.1,0.0,53.0,0.0,Developing,42.97883092981927
6.88,79.4,83.8,3,59,1517,7,5,3,2,3,5,4,0,178,1,85.0,76.1,65.0,35.9,0.0,10.9,0.8,Developing,53.0645275126783
7.42,85.3,68.6,1,65,1726,8,3,3,1,3,1,1,0,165,1,63.6,50.9,51.6,75.0,1.0,27.5,12.0,Highly Ready,83.99619181816695
7.96,85.7,84.1,1,31,1779,1,3,2,2,1,3,1,0,23,1,64.4,63.0,,58.3,1.0,62.2,3.4,Developing,46.43767047890425
7.49,77.3,82.1,0,109,1623,6,1,1,4,1,5,4,0,35,0,60.7,63.2,59.6,54.5,,52.5,0.0,Developing,50.24982012908222
8.33,85.8,91.6,2,125,1174,7,5,1,3,4,1,1,0,58,0,65.6,64.7,73.5,40.2,0.0,34.9,0.0,Developing,41.23859304400198
7.11,80.5,83.1,2,24,1041,2,1,1,2,2,2,5,0,121,0,66.2,51.8,82.3,59.8,1.0,46.1,0.0,Needs Improvement,34.44744614671812
6.9,59.0,87.5,0,166,1510,8,2,5,2,2,5,3,1,17,0,49.7,67.1,49.6,91.9,3.0,63.9,0.0,Placement Ready,72.00817262532571
9.63,78.1,82.3,1,47,1112,4,3,1,4,5,4,1,0,43,0,34.7,62.4,,11.7,0.0,57.7,0.0,Needs Improvement,16.4843540267033
7.55,90.6,86.8,3,64,1793,2,5,5,3,2,2,3,1,99,1,40.1,66.8,65.7,21.8,1.0,63.2,4.5,Developing,53.75010725112046
6.55,68.5,66.4,1,143,839,7,3,5,3,5,2,1,0,21,1,35.8,84.0,63.7,52.0,1.0,26.2,5.3,Developing,42.36630371354846
6.58,82.9,76.9,0,65,1520,5,6,2,5,4,2,2,2,61,1,62.9,63.6,58.2,60.6,0.0,35.8,5.6,Placement Ready,79.3807724430037
6.35,94.7,77.6,0,38,1446,6,4,3,5,2,4,2,0,70,0,47.8,48.1,47.8,71.0,3.0,88.7,0.0,Developing,47.54496140338746
8.04,75.9,75.8,0,104,1288,6,2,2,2,5,1,1,1,28,0,74.7,89.5,37.1,62.7,5.0,42.1,0.0,Developing,54.96899152916605
6.87,82.0,82.0,0,212,1072,7,2,2,4,4,2,2,1,68,0,63.6,75.7,68.8,27.2,0.0,40.8,0.0,Developing,54.048734961904586
7.31,71.6,83.7,3,194,800,5,5,2,4,2,1,1,0,72,0,32.5,71.2,72.3,65.5,0.0,52.5,0.0,Needs Improvement,18.274329113617497
7.14,95.0,81.5,0,60,1191,9,3,2,5,3,4,0,0,39,0,53.8,59.4,,52.1,0.0,54.4,0.0,Needs Improvement,35.35148007759451
7.86,81.3,76.4,3,44,1196,9,4,4,2,2,5,0,2,15,0,28.2,72.4,85.4,70.1,0.0,30.1,0.0,Developing,53.69266246327602
6.44,82.4,71.4,0,53,1684,5,3,3,4,5,1,3,0,13,1,42.8,33.2,61.8,42.8,0.0,0.2,4.4,Developing,46.791945449615774
6.23,92.8,87.9,0,196,1115,2,2,1,1,3,5,6,2,94,1,52.6,83.6,55.2,29.0,0.0,43.6,1.1,Placement Ready,74.44558151929482
7.4,87.3,81.1,1,52,1486,3,4,2,3,1,5,2,0,94,1,45.8,,39.1,47.3,0.0,49.6,5.2,Developing,50.413002017701274
7.74,75.0,68.8,0,281,962,8,2,5,1,4,3,1,0,50,0,88.3,59.5,30.8,63.3,1.0,14.6,0.0,Developing,51.73873324241296
7.5,76.8,76.3,0,141,1494,3,6,5,4,4,1,5,1,57,0,71.2,74.2,49.8,61.5,3.0,55.3,0.0,Placement Ready,77.4474219941825
6.47,86.0,62.3,0,96,800,8,5,1,4,2,4,1,0,44,0,55.1,70.7,63.9,55.3,0.0,56.7,0.0,Needs Improvement,31.865689631278915
7.81,77.0,78.3,0,59,1979,7,5,3,3,5,3,2,1,151,1,81.4,47.9,95.3,44.6,2.0,69.5,0.5,Highly Ready,89.00648781810943
6.53,65.1,76.2,2,106,1308,5,2,5,3,3,5,3,0,45,0,45.4,64.5,59.1,52.8,3.0,28.0,0.0,Developing,49.36073026498006
6.73,81.6,72.8,1,38,800,2,1,1,2,2,2,2,1,205,0,55.0,67.3,67.5,80.2,1.0,57.3,0.0,Needs Improvement,28.593518946430347
6.35,70.2,92.3,2,24,1135,6,1,1,4,4,3,4,0,33,0,72.8,,44.8,98.4,0.0,61.0,0.0,Needs Improvement,35.57497148707684
8.37,94.9,67.6,2,142,1087,7,6,2,5,1,5,6,0,132,0,43.3,58.9,61.3,62.2,0.0,79.6,0.0,Placement Ready,64.85346541014373
7.77,83.4,84.4,0,95,1153,2,6,2,1,5,4,2,0,21,0,70.3,74.6,59.2,72.4,0.0,67.0,0.0,Developing,41.153250524682925
7.74,74.8,97.7,2,170,1241,9,5,5,2,4,4,0,1,84,0,64.4,64.5,42.9,42.6,1.0,71.1,0.0,Developing,53.97268690098187
8.32,76.4,87.7,0,122,1151,2,4,2,4,2,5,3,1,19,0,68.8,88.3,79.4,78.0,3.0,53.0,0.0,Placement Ready,78.38474798088885
9.73,66.9,77.7,0,58,1105,5,2,2,2,1,3,2,0,39,1,87.0,52.9,55.9,49.1,3.0,41.0,2.1,Developing,49.74953564406406
5.66,73.2,67.8,1,194,1002,6,5,2,1,3,1,2,0,130,0,66.8,,75.7,33.5,,75.4,0.0,Needs Improvement,23.890769123879572
6.54,90.1,65.7,0,64,1597,8,4,2,1,3,5,4,0,19,0,61.9,49.1,58.2,74.6,0.0,24.6,0.0,Developing,47.462973581141796
6.65,99.9,74.3,1,233,1710,3,4,5,2,4,1,3,2,171,1,37.5,71.5,52.7,56.5,1.0,80.5,,Highly Ready,85.41695707305128
6.43,87.8,71.8,2,62,1274,4,1,1,5,2,3,3,1,115,1,63.2,46.4,45.5,78.7,2.0,65.8,2.6,Placement Ready,61.88518381974024
6.23,81.3,71.5,0,29,1345,9,4,3,4,2,4,2,1,114,0,52.8,66.0,52.4,69.0,1.0,43.3,0.0,Developing,47.65096882166295
6.93,78.5,75.1,0,261,1012,4,5,4,2,3,4,1,3,114,1,58.2,78.5,81.4,33.0,0.0,18.2,2.1,Placement Ready,75.70861686822896
6.11,74.3,77.1,1,61,1371,7,5,1,1,5,4,2,2,180,0,52.9,62.7,43.6,58.1,0.0,48.6,0.0,Developing,43.39648959519702
7.5,98.5,82.4,2,64,1419,4,1,1,4,5,3,2,0,84,1,67.4,48.1,68.7,39.8,0.0,37.3,0.5,Needs Improvement,32.169884019275656
7.25,80.5,66.9,3,30,1284,1,1,5,2,2,1,0,2,39,1,45.1,75.2,53.0,76.5,0.0,18.3,1.0,Needs Improvement,18.470894351056884
7.63,98.9,71.9,2,89,1469,6,6,2,2,1,1,3,0,99,0,63.2,,,56.5,1.0,38.6,0.0,Needs Improvement,35.408633557501325
7.66,93.1,76.6,0,34,1443,4,2,2,3,1,2,4,0,61,0,44.4,60.8,61.3,43.8,2.0,68.1,0.0,Needs Improvement,24.40703312199565
7.74,68.1,76.2,0,251,1034,3,3,2,2,3,5,3,0,157,1,33.0,48.5,36.7,20.5,1.0,49.8,2.5,Developing,53.815233258823724
6.86,76.7,94.5,1,72,1708,9,4,1,4,1,4,1,1,65,1,54.9,39.5,60.7,74.8,2.0,45.2,1.8,Placement Ready,64.31869779415064
9.11,76.6,80.1,0,45,1288,8,3,1,2,4,3,2,1,119,1,67.0,93.5,92.7,49.2,1.0,18.6,1.9,Highly Ready,91.05091333850324
7.41,81.4,63.5,1,102,1853,3,6,1,4,1,3,2,1,28,0,48.3,54.0,62.9,50.5,1.0,46.4,0.0,Needs Improvement,30.629213008455682
5.52,81.5,81.8,3,404,1476,6,6,3,3,3,2,0,1,60,0,62.0,48.1,72.8,63.2,2.0,81.5,0.0,Placement Ready,70.79584460876193
6.3,100.0,82.9,1,105,1941,8,3,3,1,4,5,3,0,62,1,54.6,66.4,62.8,40.0,0.0,50.8,5.6,Placement Ready,76.19634684957572
5.63,73.4,76.9,0,81,1703,1,2,2,4,3,3,2,0,158,0,44.5,47.7,70.6,29.2,0.0,42.8,0.0,Needs Improvement,9.213947513810497
7.22,83.8,67.1,2,100,1418,1,6,5,1,4,5,2,2,113,0,68.4,69.0,46.5,58.3,2.0,65.0,0.0,Developing,42.03946190389934
7.09,86.9,93.8,0,176,1133,6,5,2,4,2,1,4,0,29,0,50.2,80.9,56.1,39.2,0.0,75.3,0.0,Developing,47.29676493120048
6.78,82.0,68.4,1,165,1140,10,5,1,2,4,3,1,1,67,0,65.6,47.2,72.1,53.7,0.0,77.6,0.0,Developing,52.29371106076171
9.01,82.9,83.9,0,119,1510,10,3,1,4,3,4,1,1,49,0,38.1,57.8,52.4,40.3,2.0,56.9,0.0,Developing,59.018912425420325
7.69,73.6,79.8,1,200,1393,5,3,4,2,4,4,1,1,115,1,62.1,68.0,75.2,31.9,2.0,17.2,2.5,Placement Ready,66.62832521535931
7.85,82.9,83.4,0,104,1173,8,2,3,3,5,1,4,1,124,0,69.4,44.9,41.9,27.1,2.0,69.8,0.0,Placement Ready,67.6924935113378
6.36,86.1,93.4,0,86,1600,5,3,2,2,2,4,4,0,147,0,65.3,49.2,58.9,56.7,2.0,42.2,0.0,Developing,53.680290495889736
6.3,84.6,83.1,0,102,1362,10,4,2,2,2,5,4,0,122,1,73.4,60.4,53.9,73.6,0.0,39.5,2.9,Placement Ready,64.43295993442123
7.23,86.6,73.0,1,63,1602,6,1,2,2,5,1,2,0,33,0,69.7,89.5,100.0,71.6,1.0,30.5,0.0,Developing,57.26931498324727
7.36,93.3,88.0,0,179,1057,9,4,3,1,4,2,0,3,62,1,64.5,50.1,51.8,55.4,3.0,60.8,0.5,Placement Ready,68.11059258540149
5.53,89.5,72.3,0,60,1650,4,4,4,2,5,3,6,0,131,1,72.7,58.0,64.7,79.2,1.0,69.1,,Placement Ready,64.60613879992538
7.04,82.6,79.5,0,13,1500,10,6,4,1,2,2,1,1,165,0,54.4,96.7,26.1,45.9,3.0,36.6,0.0,Developing,53.300024932960646
7.21,72.6,66.4,0,24,1709,8,1,4,3,2,3,6,1,20,1,67.8,73.1,39.3,68.9,3.0,62.9,1.0,Highly Ready,85.22085137812823
7.01,77.2,68.7,0,128,1643,8,2,1,1,1,5,3,0,97,1,60.3,38.3,62.9,46.6,0.0,72.0,2.0,Developing,50.88503994878573
6.47,80.2,78.5,0,52,1325,1,3,3,1,4,5,3,2,63,0,87.8,58.7,53.8,42.7,1.0,57.3,0.0,Needs Improvement,38.00902150326414
6.71,84.0,81.3,1,168,1300,9,6,4,3,5,4,4,0,80,1,64.1,70.2,54.1,68.8,2.0,50.0,1.7,Placement Ready,79.60524721464661
7.04,78.2,62.7,1,96,1885,2,2,2,2,5,5,3,0,113,0,40.7,82.3,52.8,62.4,0.0,47.0,0.0,Developing,47.612870838816704
7.28,74.5,82.5,1,178,1263,10,6,3,5,2,5,0,1,68,1,63.8,81.5,55.0,65.7,0.0,36.9,5.3,Highly Ready,80.17019144130225
7.74,72.5,70.6,3,15,1575,2,6,1,2,3,1,4,1,75,1,45.7,69.8,30.6,29.7,4.0,65.2,4.8,Placement Ready,65.91864492416991
8.17,68.8,89.5,0,60,1236,9,1,5,2,3,2,3,0,27,1,70.9,72.0,56.6,72.5,0.0,72.8,2.9,Placement Ready,71.8016724844219
6.94,80.1,74.8,1,43,800,7,3,4,2,1,5,4,0,62,0,71.2,43.8,54.5,66.5,1.0,52.6,0.0,Needs Improvement,30.478328909189177
6.79,70.2,67.9,0,456,982,4,2,4,5,1,3,2,0,59,1,50.9,52.3,75.1,48.2,0.0,41.1,0.9,Developing,46.652587848024346
7.59,74.0,78.7,2,68,1472,9,3,3,4,2,4,5,0,57,0,44.4,43.8,71.4,64.9,1.0,59.8,0.0,Developing,53.42710702923188
7.75,78.8,69.8,0,24,1560,4,6,4,1,3,3,5,1,56,1,62.0,76.4,12.7,73.6,0.0,31.9,8.2,Highly Ready,83.84799997859679
6.81,71.3,89.4,0,126,1473,1,3,3,2,5,1,4,0,194,0,46.4,67.3,46.2,42.5,1.0,75.1,0.0,Developing,44.316977288376805
7.91,85.0,78.0,0,40,1694,1,4,5,1,5,3,4,1,112,0,47.4,63.5,86.8,42.6,2.0,72.8,0.0,Placement Ready,63.69131680378279
8.08,87.9,76.6,1,191,1467,9,1,2,1,4,2,4,0,23,1,52.4,83.6,,50.1,2.0,59.9,2.0,Placement Ready,78.07590163582098
8.36,77.6,83.3,0,213,1117,4,4,5,2,5,4,2,1,11,0,69.4,69.5,65.9,17.2,0.0,41.4,0.0,Developing,53.37220927777779
8.8,78.5,69.0,3,44,1528,9,3,4,5,4,5,2,0,60,1,37.7,77.9,50.0,60.6,0.0,46.2,1.4,Developing,48.91650112821729
6.42,86.3,66.4,0,53,1401,1,6,5,3,3,1,1,0,140,0,48.7,72.6,69.8,70.5,2.0,15.2,0.0,Needs Improvement,22.888833192607105
7.21,76.3,81.7,0,118,1177,1,5,1,2,5,2,5,0,29,1,96.0,74.0,33.8,64.7,1.0,34.7,3.4,Placement Ready,72.47873612593334
7.21,75.7,68.1,3,195,1492,10,2,3,1,5,2,1,0,125,1,89.3,47.4,48.9,63.1,1.0,64.7,3.7,Developing,57.37265790609154
7.11,91.6,68.1,2,128,1374,2,4,4,1,2,4,6,1,34,1,78.1,75.6,63.5,72.4,0.0,34.5,2.7,Placement Ready,64.33894299923834
6.62,89.1,85.5,2,69,1168,7,3,4,3,2,2,1,1,49,0,60.7,68.6,67.7,53.3,0.0,97.7,0.0,Needs Improvement,35.159662091554104
5.86,86.8,82.7,1,29,1297,4,3,4,4,5,3,2,0,57,1,71.3,,61.5,28.3,2.0,40.1,1.2,Developing,42.946507908131444
7.28,89.4,66.7,2,298,1774,6,3,4,3,1,5,3,0,68,0,54.2,71.6,64.3,57.2,0.0,31.4,0.0,Developing,58.74211757028082
6.51,66.2,72.4,0,130,1764,2,5,2,4,3,3,4,0,18,1,19.4,80.0,60.6,77.1,1.0,56.7,5.1,Developing,59.057701304702846
7.28,92.8,69.9,2,341,1406,3,2,5,2,2,1,3,0,22,1,51.4,60.6,53.0,61.1,1.0,57.6,3.1,Placement Ready,72.29730898186148
6.49,85.1,94.0,1,144,1367,8,1,3,5,4,3,1,1,48,0,52.9,51.5,79.5,48.7,3.0,77.3,0.0,Developing,57.596372014624556
6.21,90.1,86.2,0,311,920,6,2,5,5,5,5,3,0,14,0,60.4,52.2,87.6,68.3,0.0,44.9,0.0,Placement Ready,69.4699110712566
7.41,85.1,74.2,0,49,1866,6,5,3,5,2,3,3,0,45,0,67.2,42.5,57.2,61.6,1.0,32.2,0.0,Developing,49.84581319960283
7.34,82.4,83.2,1,52,1661,10,2,3,4,2,5,0,1,80,1,84.8,59.6,39.2,51.3,2.0,38.3,0.7,Placement Ready,64.01728945792807
7.72,79.8,65.8,0,84,1576,5,1,3,4,2,5,3,0,27,0,60.5,70.3,54.2,57.0,1.0,74.1,0.0,Needs Improvement,39.74462465242098
9.17,84.9,71.9,1,46,800,9,3,5,1,4,2,1,0,44,0,44.9,86.3,59.4,49.6,2.0,82.8,0.0,Needs Improvement,16.607517417404832
7.45,79.5,78.9,0,20,1362,8,6,5,1,2,3,3,1,73,0,57.1,50.7,,65.5,1.0,38.1,0.0,Developing,47.293962567264686
7.64,88.9,82.1,0,57,1312,5,6,3,1,4,1,4,0,20,1,69.7,67.0,79.4,39.7,1.0,47.0,1.4,Developing,51.74297777286434
6.23,69.3,77.1,0,143,1555,3,6,3,3,2,1,2,2,81,1,58.3,62.3,47.8,60.6,1.0,77.7,0.9,Placement Ready,68.50111999929427
6.04,77.7,80.2,0,32,1215,4,5,1,3,4,2,3,1,62,0,47.9,61.9,44.8,69.8,0.0,64.7,0.0,Developing,40.65010276303791
8.62,98.4,78.7,0,36,1280,9,5,1,1,1,3,1,2,33,0,67.9,40.6,52.6,59.0,1.0,38.2,0.0,Developing,51.75776169199188
6.37,77.0,76.5,0,61,1536,4,5,4,4,2,2,2,0,150,0,42.9,47.8,50.4,59.2,1.0,26.3,0.0,Needs Improvement,24.057602944854278
6.26,80.1,75.3,3,41,1118,7,1,2,3,2,4,5,0,26,1,46.8,87.4,58.9,56.2,1.0,36.5,1.9,Developing,47.07891891499063
7.16,74.9,74.2,2,63,1178,2,3,3,3,3,1,7,0,85,1,66.2,76.1,70.6,64.1,1.0,66.5,3.4,Placement Ready,67.69719663016149
7.12,84.7,80.1,0,89,1408,4,4,4,5,4,3,3,0,87,1,48.2,66.0,78.4,48.9,,19.6,3.2,Placement Ready,68.02563856262267
6.39,76.1,81.7,0,35,1752,10,3,2,3,4,5,3,1,26,0,54.7,68.5,70.6,52.8,0.0,53.5,0.0,Developing,53.18427105261806
6.93,80.5,79.8,2,62,1593,6,5,2,1,5,4,4,0,34,0,60.2,72.4,42.9,39.7,1.0,42.1,0.0,Needs Improvement,30.02494351491221
8.31,88.8,67.4,1,95,1673,9,6,1,4,4,2,2,0,96,0,59.4,55.7,56.3,50.4,2.0,34.8,0.0,Developing,56.21395536288708
6.47,76.4,69.0,1,47,1369,3,4,4,5,1,2,1,0,119,1,45.5,56.3,,20.9,1.0,39.7,2.8,Needs Improvement,29.696723960720796
5.95,88.3,81.6,1,29,1799,8,1,3,1,4,5,4,0,82,1,64.9,53.4,62.9,55.5,1.0,67.0,0.5,Placement Ready,62.142307665898976
8.05,88.6,91.2,0,51,828,10,3,1,3,1,3,2,1,96,0,46.2,64.4,65.8,65.5,2.0,60.1,0.0,Developing,50.05823475368211
7.64,90.4,79.4,0,72,1957,10,2,3,3,3,5,2,0,45,0,84.8,45.9,59.2,53.9,3.0,70.2,0.0,Placement Ready,66.73741118506808
6.64,83.1,74.3,0,19,1996,5,3,1,1,3,5,2,0,136,0,54.0,52.7,56.6,70.7,1.0,33.2,0.0,Needs Improvement,37.465124382708936
5.78,100.0,80.0,1,144,1487,7,2,4,2,2,3,3,0,15,0,69.1,69.1,72.6,77.7,2.0,15.9,0.0,Developing,50.87855276803055
6.53,90.4,67.8,3,75,1600,9,1,2,5,4,3,3,0,76,1,71.0,57.1,55.9,54.7,2.0,53.1,3.7,Highly Ready,82.45719763026555
7.15,84.6,89.8,1,51,1339,9,2,2,2,4,2,1,0,133,0,54.7,37.5,73.3,38.1,4.0,49.2,0.0,Needs Improvement,36.101255036921934
8.25,75.0,79.7,1,22,1287,10,3,5,3,4,4,1,0,123,1,45.5,56.7,71.0,73.6,0.0,39.6,6.1,Developing,54.88421816555493
6.27,81.2,72.0,1,131,1167,1,1,4,4,3,4,0,0,4,1,70.9,69.6,81.2,70.1,,9.9,1.7,Developing,43.99906700779837
7.12,93.4,76.5,3,215,1335,6,1,4,3,5,4,2,0,114,0,38.7,63.6,61.5,62.6,0.0,66.7,0.0,Developing,45.895481781736436
7.81,95.7,73.3,0,59,1517,8,2,4,5,4,5,1,2,44,0,41.0,38.3,81.1,46.1,0.0,0.0,0.0,Developing,52.64947316834283
5.06,93.8,89.8,0,321,1476,8,4,3,3,2,4,4,1,43,0,69.1,76.5,53.1,61.4,0.0,63.7,0.0,Placement Ready,73.85457174660583
8.13,88.3,76.2,0,91,1946,2,4,1,5,4,1,1,0,79,1,57.0,58.5,63.5,49.7,0.0,62.8,0.5,Needs Improvement,36.91192488531668
6.14,72.0,79.4,1,94,1380,6,3,2,1,3,2,3,1,25,0,49.4,66.7,70.2,42.5,0.0,61.5,0.0,Needs Improvement,35.94831728375666
7.5,85.9,83.2,0,173,903,2,4,5,5,1,3,2,0,87,1,52.5,76.6,41.8,61.1,0.0,48.1,2.9,Developing,51.60514452937979
7.42,72.1,71.3,2,136,1843,1,2,5,1,5,4,1,0,129,1,48.1,60.3,51.7,38.5,1.0,3.9,3.0,Needs Improvement,39.52858404291347
8.18,70.1,79.7,0,32,984,2,5,4,5,4,5,3,0,165,1,92.7,35.3,47.3,67.8,1.0,17.3,3.5,Placement Ready,65.45572635913604
7.7,83.9,80.5,3,57,1182,10,1,5,4,4,3,2,0,215,1,75.3,86.6,57.1,59.8,1.0,32.7,3.1,Placement Ready,76.01041517910913
5.06,86.2,64.0,2,194,1432,3,1,5,3,4,5,2,0,81,0,47.6,31.1,49.5,53.1,1.0,86.4,0.0,Needs Improvement,33.98873959707724
6.49,89.2,80.3,0,138,1475,5,6,2,5,3,2,2,1,39,1,55.3,57.3,59.7,54.3,1.0,68.5,1.4,Developing,57.1460826254191
7.32,86.0,77.6,3,323,916,3,3,4,4,2,1,1,2,30,1,69.0,80.1,56.8,36.8,0.0,45.8,1.2,Placement Ready,64.647165839154
7.02,86.3,79.2,3,123,1126,9,4,4,4,5,3,0,0,241,0,45.4,52.2,53.5,37.8,0.0,37.1,0.0,Needs Improvement,14.707478163344401
7.63,74.1,78.3,0,142,906,9,3,1,4,3,1,0,0,51,0,51.6,53.1,60.4,84.5,0.0,52.1,0.0,Needs Improvement,27.217184308626884
7.91,81.2,80.3,0,50,1537,7,4,5,5,2,3,1,1,6,0,55.5,59.0,47.1,52.4,0.0,66.3,0.0,Developing,52.06002061624022
7.75,69.9,90.0,3,213,1705,9,5,3,2,4,2,0,1,33,0,46.8,59.5,44.2,30.8,1.0,55.4,0.0,Needs Improvement,36.97376616583503
7.01,66.0,67.4,2,9,983,2,5,2,5,1,1,4,1,41,0,76.4,50.0,38.9,70.6,1.0,21.6,0.0,Needs Improvement,14.502273494869701
5.54,87.9,74.9,0,107,1649,10,2,3,3,2,4,2,2,115,0,49.3,53.1,29.4,37.6,2.0,78.1,0.0,Developing,58.533012931108075
6.79,76.0,84.0,1,145,1629,5,4,2,1,1,4,2,0,172,1,58.3,77.0,47.1,64.8,0.0,59.0,4.8,Placement Ready,76.17123886810508
7.57,89.0,82.3,0,117,1152,5,5,2,5,1,1,5,0,124,0,61.8,54.6,66.6,80.1,2.0,39.3,0.0,Placement Ready,71.69518483318136
6.22,90.9,82.1,1,92,800,2,3,3,4,5,3,2,1,99,0,83.8,69.0,54.8,51.3,2.0,56.5,0.0,Developing,50.0874475885842
7.77,77.0,100.0,1,84,1029,9,3,5,5,3,3,0,0,175,0,58.7,49.2,58.2,74.7,1.0,73.7,0.0,Needs Improvement,36.254905722639535
8.02,86.7,83.5,0,95,1171,2,4,3,4,5,1,2,1,121,0,92.1,81.4,51.5,67.5,2.0,57.1,0.0,Placement Ready,61.723272262494554
7.31,76.7,88.2,0,37,1813,9,4,2,2,4,4,1,1,149,1,54.6,75.1,88.9,81.7,3.0,58.2,7.1,Highly Ready,100.0
4.44,67.2,75.2,2,117,1315,8,2,4,2,2,2,5,1,41,0,56.7,60.7,,64.9,1.0,80.1,0.0,Developing,53.74608138595963
6.05,83.0,69.1,0,51,1048,8,6,2,2,2,5,4,0,23,0,74.1,71.0,48.9,46.0,1.0,36.9,0.0,Needs Improvement,31.01838168871636
8.9,78.2,75.2,0,59,1394,1,4,3,3,3,4,5,0,29,0,88.8,83.3,41.1,19.6,0.0,30.3,0.0,Developing,53.919217980921374
6.71,78.5,84.4,0,33,961,8,4,2,1,1,1,5,1,59,0,56.0,48.0,85.4,41.5,2.0,40.6,0.0,Developing,41.246138872177085
5.41,97.8,81.7,0,523,1504,10,2,2,4,3,3,3,0,219,1,78.5,47.2,35.6,46.5,0.0,66.8,3.1,Highly Ready,88.56013776143696
8.31,69.8,81.6,0,111,1057,4,5,2,4,3,1,4,0,44,0,72.7,67.2,45.3,71.9,2.0,69.2,0.0,Developing,57.17812951985743
7.21,85.1,76.1,1,27,1100,5,6,2,5,1,4,1,1,30,1,48.6,43.9,45.3,75.6,0.0,53.2,2.4,Needs Improvement,38.19106037339079
8.19,74.0,74.6,2,102,1463,2,5,5,3,3,2,3,0,292,1,59.7,40.3,57.4,36.4,2.0,33.1,4.7,Developing,59.26271885886456
7.45,89.3,76.4,1,211,1875,5,4,4,5,5,3,0,0,84,1,59.4,39.6,63.7,75.8,4.0,85.6,3.9,Highly Ready,89.23412746494071
7.61,84.4,84.5,0,116,2009,7,4,4,2,5,4,2,0,48,0,44.5,64.1,59.1,41.9,2.0,26.8,0.0,Placement Ready,63.14154421613979
7.53,85.0,85.6,0,90,1038,3,2,1,3,3,5,3,0,20,0,62.5,33.5,52.2,40.8,3.0,40.8,0.0,Needs Improvement,33.61392588400776
7.83,74.4,68.9,1,47,1171,8,1,1,4,1,3,0,0,18,0,61.2,56.4,35.6,31.5,0.0,35.9,0.0,Needs Improvement,22.02025265967457
9.25,75.9,84.9,1,116,1505,1,4,2,4,5,1,2,0,132,0,65.6,14.0,87.7,60.7,0.0,71.2,0.0,Needs Improvement,39.783228477526855
8.07,89.4,72.1,2,161,1701,7,2,5,4,3,2,4,0,9,0,61.0,68.1,62.2,45.0,0.0,46.5,0.0,Developing,59.1371591906439
5.78,96.2,82.2,0,162,800,6,1,1,3,4,4,2,0,64,1,50.0,69.1,67.1,77.3,1.0,82.9,2.2,Developing,51.34227496239687
7.6,85.8,76.3,0,108,1376,3,5,4,1,1,1,3,0,168,1,96.7,59.0,47.2,39.6,4.0,66.0,8.6,Placement Ready,76.5360455927769
8.23,74.8,92.1,1,108,1204,4,3,5,5,2,2,4,0,43,1,63.3,78.5,53.2,67.4,1.0,31.4,3.4,Placement Ready,60.52389269005824
8.28,84.7,74.2,0,235,800,3,6,2,2,2,2,0,0,84,0,79.5,73.1,76.8,34.4,0.0,43.7,0.0,Needs Improvement,38.85700577907896
6.82,100.0,79.6,1,219,949,7,6,1,4,4,2,1,0,36,0,66.6,50.9,22.7,72.5,1.0,39.3,0.0,Needs Improvement,33.372411464992986
8.25,82.8,83.5,3,80,1180,7,1,1,1,4,5,1,0,224,1,82.6,49.7,70.2,57.0,1.0,77.7,0.5,Placement Ready,63.70377292771852
8.03,93.7,70.1,1,305,1368,6,5,1,5,4,5,1,0,91,0,48.4,74.4,54.0,60.0,0.0,66.9,0.0,Developing,51.462097694423676
9.52,76.1,77.3,0,27,1652,2,3,5,2,2,5,5,0,165,0,58.7,71.6,64.7,48.9,1.0,18.3,0.0,Developing,45.9336174731115
6.52,81.7,75.6,2,112,1456,3,5,4,5,2,5,4,0,70,1,53.3,58.2,84.6,47.9,1.0,60.5,6.1,Placement Ready,74.02480021063971
6.74,87.0,73.4,1,120,1634,9,1,4,4,1,5,3,1,82,0,51.4,37.4,50.4,63.4,1.0,48.7,0.0,Developing,47.531406778733064
6.92,85.2,74.0,1,45,1358,5,3,1,2,2,1,2,1,100,1,64.0,75.0,14.8,85.7,1.0,24.5,3.4,Developing,41.0545235746051
6.76,75.9,88.0,2,22,1139,5,4,5,2,1,2,2,0,58,0,56.3,62.9,40.5,37.2,1.0,33.5,0.0,Needs Improvement,20.449793206166888
6.4,75.5,72.6,0,46,1295,4,3,4,5,5,1,1,0,121,1,38.6,61.2,58.2,49.2,1.0,45.7,,Needs Improvement,28.174469711993133
4.71,89.9,83.1,2,184,1559,10,4,5,3,4,4,3,0,65,0,55.5,22.3,84.4,44.6,2.0,5.7,0.0,Developing,50.232088091735704
6.81,91.5,80.8,1,188,1660,3,1,2,4,4,5,2,1,108,1,54.2,69.5,51.8,29.3,1.0,54.4,5.0,Placement Ready,75.77391381470098
7.53,94.1,65.4,1,155,1306,8,1,1,4,5,1,3,1,170,0,73.2,61.1,82.8,29.1,0.0,51.7,0.0,Placement Ready,65.38167607886956
6.76,96.4,82.7,0,52,1071,8,4,5,2,4,1,1,1,77,0,38.3,54.4,20.8,42.5,3.0,44.9,0.0,Needs Improvement,38.646924242909215
8.94,83.1,65.3,2,189,1451,3,3,1,1,2,1,0,0,41,1,52.3,50.3,49.9,48.3,0.0,50.7,4.7,Developing,55.8528054685106
7.21,79.5,83.7,0,55,1493,1,4,1,1,2,5,1,1,161,1,48.7,63.6,74.6,79.1,0.0,45.5,0.5,Developing,40.63868296488039
8.36,92.8,73.4,3,117,1720,3,3,1,3,1,4,3,1,100,0,71.2,68.6,73.1,71.8,0.0,27.5,0.0,Developing,44.057949453970544
7.44,87.7,78.1,2,95,1146,3,1,1,4,4,2,3,1,50,0,51.8,56.7,26.7,41.1,1.0,37.2,0.0,Developing,46.51434150986293
7.94,74.1,66.4,0,69,1150,8,5,3,2,5,1,4,0,36,0,75.7,69.8,44.6,68.1,2.0,34.5,0.0,Developing,54.290980194001655
7.45,73.7,79.1,0,149,1577,6,1,2,2,4,3,1,2,1,1,59.3,45.9,55.8,41.4,1.0,62.6,3.4,Placement Ready,60.898264661961655
8.43,85.9,86.3,0,171,1228,5,5,5,2,3,3,3,0,70,1,67.3,52.9,47.4,53.5,2.0,28.7,2.6,Placement Ready,60.54501608248633
7.25,80.6,70.7,0,49,1215,5,1,5,2,2,1,2,1,67,0,76.6,71.6,76.7,60.5,1.0,38.9,0.0,Developing,41.28248841822332
7.65,81.8,72.5,0,99,1726,10,6,1,3,3,3,2,2,32,0,42.0,56.3,58.2,90.9,1.0,50.5,0.0,Placement Ready,64.59456040857572
7.53,90.6,82.1,3,165,939,10,2,5,3,2,3,0,0,33,0,56.3,86.0,34.9,59.6,2.0,19.5,,Needs Improvement,28.107542155703428
6.94,88.1,82.3,1,4,1967,1,6,1,2,1,5,0,0,35,1,66.3,65.9,65.4,29.9,3.0,40.9,10.6,Developing,43.92843879359032
7.56,92.6,56.1,0,128,1166,9,1,2,1,3,1,2,0,64,0,63.0,45.6,66.2,67.7,0.0,50.5,0.0,Needs Improvement,31.46660116448757
9.21,66.5,96.1,2,167,1610,4,3,4,1,2,1,2,3,134,0,40.5,40.0,39.6,74.3,4.0,53.1,0.0,Placement Ready,71.95888211343092
6.96,84.0,82.8,0,133,1317,8,3,2,3,4,3,0,1,58,0,70.4,73.0,43.7,70.1,3.0,56.8,0.0,Developing,48.38279051616962
7.58,87.6,84.3,1,137,1431,10,1,1,1,5,2,7,1,48,1,60.7,53.5,46.6,38.1,0.0,34.5,1.4,Placement Ready,72.05468671162508
8.33,69.8,76.7,0,89,1271,6,3,1,4,1,5,7,1,25,1,61.9,74.8,79.9,57.1,1.0,27.9,3.4,Highly Ready,83.65407492359074
8.23,76.8,61.3,0,159,1607,7,2,4,1,1,4,4,1,9,1,56.7,54.4,56.6,54.7,0.0,40.4,5.4,Highly Ready,80.3410915453233
7.21,75.3,84.1,0,31,1246,5,3,2,1,5,2,1,0,25,1,12.3,65.4,22.7,85.1,0.0,53.7,0.5,Needs Improvement,30.65148073393351
5.05,82.2,72.9,0,46,1178,1,3,2,4,2,2,5,0,44,1,68.2,57.3,38.7,65.5,0.0,44.0,4.5,Developing,46.61498927744551
7.67,95.0,82.9,1,135,1894,1,2,2,4,2,4,2,0,38,1,68.8,65.6,69.5,84.2,1.0,27.4,4.0,Placement Ready,61.1881869957916
5.2,98.2,76.0,3,160,1359,4,5,5,4,5,5,1,1,80,0,53.7,72.2,51.5,42.9,0.0,94.1,0.0,Developing,41.58994370091566
8.52,75.5,80.1,2,212,1147,9,4,5,1,5,2,2,0,72,0,37.7,62.3,38.4,51.3,2.0,34.0,0.0,Developing,48.20673630824347
7.35,86.2,71.0,1,275,903,4,6,5,4,3,2,1,0,26,0,52.0,71.3,51.9,45.9,0.0,23.3,0.0,Needs Improvement,25.036738810515786
8.1,86.5,85.8,1,52,1910,5,5,1,5,1,4,2,0,80,1,74.9,38.2,73.7,71.6,2.0,35.9,1.7,Developing,58.8966348993021
6.39,85.1,67.3,0,37,1184,6,2,2,4,4,5,5,1,33,0,53.9,67.8,92.8,74.4,2.0,67.3,0.0,Developing,57.50424020431514
5.8,85.2,98.2,0,181,1969,4,2,5,2,4,2,1,0,59,0,60.3,62.3,57.1,61.6,2.0,61.4,0.0,Developing,50.44679026343066
7.43,84.4,98.1,3,67,1470,5,6,3,3,3,3,4,1,25,1,55.0,58.3,,56.6,2.0,85.7,1.4,Placement Ready,67.42172301293445
7.17,95.5,92.7,1,92,1393,7,2,1,5,3,4,1,3,80,0,64.7,28.5,56.4,62.1,0.0,29.8,0.0,Developing,43.98831214691258
6.76,90.8,89.5,1,169,1401,9,1,2,1,3,3,4,1,37,1,40.2,38.6,61.5,31.5,3.0,44.0,0.5,Developing,57.708296030412185
7.28,73.5,77.2,0,111,2015,8,4,5,4,4,4,4,0,161,1,57.0,,43.2,48.0,1.0,70.3,4.6,Highly Ready,93.37863535158141
9.69,88.4,88.5,0,156,800,9,6,5,2,3,3,2,0,39,1,76.4,66.9,81.1,49.4,2.0,29.0,1.6,Highly Ready,84.39192764515867
7.95,89.1,77.1,1,48,1414,6,2,3,5,5,5,4,0,23,1,46.2,67.7,50.7,54.8,0.0,73.2,3.1,Developing,57.551292269675656
8.14,84.5,64.0,0,121,1270,7,4,1,1,1,4,2,0,38,0,55.9,61.9,40.4,43.9,3.0,50.7,0.0,Needs Improvement,32.102301423212644
7.96,91.1,91.5,1,119,1286,2,3,1,3,1,5,1,1,31,0,75.8,45.2,45.7,40.6,1.0,34.0,0.0,Needs Improvement,24.693758963195727
8.53,83.5,88.2,2,209,1395,2,3,2,3,1,5,1,0,7,0,71.2,47.6,68.6,27.8,0.0,15.7,0.0,Needs Improvement,16.243475326693986
7.03,83.6,77.7,0,242,1270,10,3,4,3,1,2,0,0,172,0,66.8,32.5,46.8,62.3,2.0,60.4,0.0,Needs Improvement,28.30375730402563
5.35,83.0,67.0,3,66,1406,7,1,5,2,3,5,0,0,92,1,65.8,63.7,82.3,31.7,,79.5,8.1,Developing,58.36403899456072
7.03,65.9,72.7,2,41,1343,2,3,2,1,1,1,0,2,72,1,65.6,88.7,68.2,72.0,1.0,56.8,1.6,Developing,42.243243780436856
7.93,81.4,61.6,0,162,956,5,2,5,5,1,2,5,2,52,1,56.5,60.7,71.8,60.5,2.0,57.9,0.9,Highly Ready,83.3644430655542
6.33,76.7,86.5,2,20,1464,10,5,5,3,3,1,6,0,25,1,76.5,51.4,51.3,70.1,4.0,55.3,3.0,Highly Ready,84.50790243165997
7.04,72.5,63.6,0,170,1565,1,2,5,4,5,1,3,0,12,1,53.0,62.4,48.1,39.8,0.0,68.4,1.4,Developing,43.58395550588222
6.58,93.5,80.6,0,180,1187,5,6,4,3,5,4,2,0,59,1,45.1,60.1,58.5,86.7,1.0,74.5,2.2,Placement Ready,63.12690860336514
8.55,86.0,70.4,0,61,1910,9,1,3,3,2,1,2,2,64,0,39.2,37.7,39.0,92.7,3.0,0.0,0.0,Placement Ready,68.87536948792683
7.87,81.8,65.2,1,6,1751,10,3,5,4,1,1,3,0,49,0,50.8,65.6,65.6,55.5,0.0,43.6,0.0,Developing,49.17385472522581
7.79,77.5,80.1,2,193,1603,4,2,4,3,4,3,2,3,231,0,50.6,60.5,72.7,61.7,1.0,37.6,0.0,Placement Ready,74.07644003620726
7.76,84.4,75.0,1,253,1600,10,3,5,1,4,5,4,1,7,1,49.3,59.6,46.9,54.8,2.0,53.8,5.1,Highly Ready,94.75453427626289
7.17,89.9,85.5,1,242,1359,8,5,3,1,5,5,2,0,55,1,42.4,89.8,69.0,72.1,4.0,42.1,0.5,Placement Ready,79.50393258235997
7.38,75.4,66.6,0,247,1692,5,6,2,3,3,5,2,0,8,1,65.6,60.6,62.1,68.5,2.0,58.9,1.8,Placement Ready,75.959756344298
6.13,82.0,71.2,3,29,1821,8,5,3,1,1,1,1,1,47,0,45.8,87.5,75.9,24.8,2.0,56.7,0.0,Needs Improvement,30.485089925615913
5.23,88.9,56.5,0,101,1592,9,4,3,3,5,1,4,1,43,1,68.2,50.4,84.3,40.9,0.0,11.7,2.0,Placement Ready,69.7125822714695
7.34,66.5,58.3,1,119,1179,3,4,2,4,2,2,3,0,15,1,70.8,40.9,70.5,61.7,,6.5,2.3,Developing,41.30730603541476
7.49,81.5,94.2,1,106,1338,1,6,4,3,2,2,2,0,28,0,98.6,50.7,57.1,68.2,2.0,65.1,0.0,Developing,47.606262958706104
8.29,78.6,96.8,2,157,1522,8,6,4,1,3,1,4,0,49,1,53.2,78.4,77.3,57.5,1.0,33.4,4.9,Highly Ready,92.48762838078788
8.61,80.9,78.8,3,38,1601,1,5,2,4,5,3,2,3,52,1,57.6,51.4,58.8,26.2,2.0,84.4,1.3,Placement Ready,71.62841922126854
8.61,78.0,70.6,1,19,1327,8,1,2,5,2,3,2,2,35,0,48.8,42.0,53.8,64.5,2.0,67.0,0.0,Developing,48.61343389020255
6.3,83.1,75.3,1,13,1180,4,2,3,2,3,3,5,0,146,1,42.4,66.8,48.2,86.0,2.0,14.2,2.9,Developing,49.93714876537954
6.88,97.4,85.9,0,196,1825,8,2,2,1,3,1,4,0,118,0,53.7,56.6,,16.0,1.0,34.1,0.0,Placement Ready,62.351279220027266
7.63,79.4,73.4,1,29,1028,7,2,2,3,5,3,2,0,21,0,48.4,70.0,74.1,71.0,2.0,54.8,0.0,Needs Improvement,38.65660342578965
9.48,84.3,80.1,1,105,1068,1,6,2,4,5,3,3,0,21,0,42.2,52.6,41.5,86.1,1.0,41.1,0.0,Developing,43.75213086641743
8.53,98.0,77.9,1,59,952,1,1,4,2,4,2,5,0,31,0,63.6,49.1,38.2,71.0,2.0,46.5,0.0,Needs Improvement,38.460679844821
8.21,77.6,72.9,1,61,1067,7,6,3,3,1,4,3,1,74,1,43.9,85.2,38.5,53.6,1.0,27.8,2.6,Placement Ready,65.63626401916973
6.85,96.5,73.3,0,83,1724,6,5,2,4,2,5,1,0,44,0,68.5,50.3,74.4,70.2,0.0,56.9,0.0,Needs Improvement,38.47647537612931
6.41,82.0,80.6,0,64,1734,1,4,1,3,4,5,2,0,67,0,72.8,50.3,64.4,53.5,1.0,50.4,0.0,Needs Improvement,39.64651571298747
7.91,96.3,69.2,0,19,1328,10,2,1,4,5,4,2,1,121,1,47.0,68.5,,64.2,3.0,65.1,7.1,Highly Ready,100.0
6.21,88.0,82.1,0,83,1499,3,2,4,1,4,4,2,0,28,0,81.0,23.0,49.7,56.4,2.0,49.0,0.0,Developing,43.33076162412459
6.99,84.5,73.8,0,49,1347,9,5,5,2,3,1,0,1,10,0,66.0,72.3,38.4,56.9,3.0,37.4,0.0,Developing,43.69724595103345
7.1,81.5,79.1,1,47,992,2,5,2,3,4,2,1,0,84,1,58.9,87.0,82.9,42.0,1.0,52.7,,Developing,46.280467484493876
8.63,77.0,90.5,3,303,2015,3,4,5,2,2,1,1,1,27,1,33.3,74.1,46.2,47.1,0.0,57.3,3.6,Placement Ready,69.02439981148511
6.88,82.6,76.5,1,24,1762,6,4,4,5,4,3,3,0,80,1,34.3,47.4,68.8,82.6,0.0,50.0,0.9,Developing,57.6109754393746
5.0,89.2,86.3,2,79,1456,6,5,2,4,3,4,3,1,72,0,83.6,51.9,36.7,44.5,1.0,74.6,0.0,Developing,47.32526175585216
7.65,81.9,61.9,1,112,1093,7,5,3,3,4,4,1,0,130,0,79.8,62.9,60.9,21.8,0.0,28.3,0.0,Developing,42.67805465289678
6.57,79.5,73.8,3,303,1283,2,5,1,4,5,1,1,0,76,1,84.0,67.1,55.4,100.0,0.0,68.2,0.5,Developing,51.240810238681064
7.24,80.0,78.2,3,35,1142,3,2,2,5,5,3,2,0,62,1,87.9,84.6,35.2,47.6,2.0,25.6,3.8,Developing,43.941448479557515
7.12,89.9,95.3,0,233,1379,3,1,4,1,4,5,2,0,59,1,80.6,84.0,88.3,50.4,0.0,63.1,2.6,Highly Ready,83.55337315371708
6.95,91.8,60.4,1,82,1443,5,3,5,3,4,1,2,0,192,0,63.6,59.0,43.8,48.2,2.0,8.9,0.0,Needs Improvement,33.4640663931981
7.91,76.7,77.1,1,85,1248,10,3,2,3,1,3,2,0,68,1,68.4,54.6,43.0,55.3,1.0,44.0,8.1,Placement Ready,68.52675005933716
5.82,76.7,91.1,3,150,914,5,3,5,4,1,2,4,1,48,1,49.7,51.1,47.5,42.1,1.0,69.1,2.6,Needs Improvement,38.60457526933401
6.73,85.0,70.9,1,258,1990,10,4,4,2,5,5,5,1,39,1,63.6,71.0,23.1,80.3,,41.7,2.9,Highly Ready,100.0
7.82,94.2,76.1,0,63,1421,3,6,2,2,3,3,9,0,84,0,71.2,77.1,52.8,51.6,2.0,47.9,0.0,Developing,50.873733884760526
6.65,91.2,81.0,0,119,1487,3,5,4,4,3,4,2,0,173,0,71.5,63.0,47.5,37.2,2.0,55.3,0.0,Developing,46.80333612698175
5.75,72.0,79.7,0,107,1223,2,5,5,5,4,3,3,0,96,0,58.1,62.0,73.9,6.2,1.0,3.3,0.0,Needs Improvement,22.036685365224372
7.8,79.9,92.1,0,103,881,3,5,2,1,1,5,1,0,154,1,29.6,,63.1,73.6,0.0,55.6,0.9,Needs Improvement,31.73568476626978
8.21,74.6,82.0,0,169,1325,4,3,1,4,1,2,4,0,101,1,37.3,71.5,37.7,47.5,0.0,30.6,2.7,Developing,55.74895471536629
7.16,79.9,89.9,2,52,1253,4,4,2,4,1,4,3,1,16,0,67.1,,47.5,61.4,2.0,68.5,0.0,Needs Improvement,33.20697329748757
5.44,94.8,74.8,0,71,1563,8,3,4,1,3,3,6,0,243,0,52.4,61.5,92.5,39.2,2.0,47.5,0.0,Placement Ready,72.93496146484189
7.84,70.6,71.3,1,20,1622,5,5,1,4,1,3,3,1,73,1,70.0,64.8,43.4,56.6,0.0,54.9,1.0,Developing,51.93607828279979
5.71,69.0,76.0,3,142,1580,7,6,2,5,1,4,2,2,194,0,41.7,58.2,71.2,54.5,4.0,25.6,0.0,Placement Ready,61.31774778280949
7.48,75.4,67.6,1,99,1646,1,3,2,5,4,1,2,0,153,1,80.4,79.7,,70.7,0.0,65.3,5.6,Developing,59.434405371989946
6.4,84.3,82.4,0,254,1891,10,5,1,1,4,5,0,3,14,0,45.9,57.4,42.0,57.8,1.0,48.6,0.0,Placement Ready,79.45363757903496
6.16,87.0,74.5,0,34,1467,2,1,3,5,2,4,0,1,60,1,82.1,48.2,49.3,35.9,2.0,19.0,6.2,Developing,50.82771805634096
6.8,85.5,72.0,2,328,1680,1,3,5,2,4,3,1,0,34,0,36.7,52.1,81.5,95.8,2.0,38.8,0.0,Developing,50.529449992031786
7.04,91.4,82.5,1,159,1498,5,6,1,3,1,3,1,0,30,1,69.1,71.4,,62.4,0.0,62.4,4.3,Placement Ready,62.83438027386549
6.62,67.9,67.7,2,154,800,7,5,5,2,3,4,5,1,80,0,46.0,43.0,68.5,38.9,1.0,51.7,0.0,Developing,51.629459489056984
7.73,91.5,84.9,0,58,1304,3,4,5,4,2,3,3,1,113,0,59.9,55.1,77.5,58.2,0.0,63.2,0.0,Developing,56.98329290571211
6.8,79.5,73.7,0,77,1090,2,2,5,1,2,4,2,1,20,0,76.1,73.9,49.2,61.6,1.0,41.7,0.0,Needs Improvement,36.96717201148106
8.08,87.9,88.4,0,67,1419,9,5,4,4,5,3,5,2,18,0,73.5,43.0,74.0,63.2,0.0,73.1,0.0,Highly Ready,94.7431026531842
7.45,71.4,74.5,1,224,1113,9,6,3,1,1,4,1,1,66,1,47.7,47.5,71.5,61.2,1.0,77.1,1.8,Placement Ready,63.45889020499463
6.57,82.0,83.7,1,16,1532,8,3,2,5,4,2,1,0,101,1,50.8,38.3,45.1,59.2,0.0,13.8,1.0,Needs Improvement,29.3067009402002
6.42,83.9,79.6,0,86,1644,3,5,5,2,2,1,4,0,127,0,36.4,49.5,42.8,70.6,0.0,60.7,0.0,Developing,45.126917206549614
5.72,91.2,84.7,0,92,1711,6,4,3,3,3,3,3,2,186,1,33.1,54.7,55.5,67.4,2.0,79.2,0.5,Highly Ready,82.54923746156192
7.46,69.3,79.0,1,65,1836,7,3,3,2,2,5,2,0,171,0,47.5,58.7,59.7,67.7,,58.5,0.0,Developing,49.11688866261674
6.88,82.2,63.0,3,42,847,5,2,2,1,4,1,4,0,88,0,47.2,49.2,52.1,24.8,1.0,48.1,0.0,Needs Improvement,13.183896705810612
5.07,73.3,87.1,3,8,990,2,4,2,1,1,5,4,0,100,0,37.4,56.6,67.0,25.5,0.0,22.4,0.0,Needs Improvement,3.871296235752006
6.72,86.0,77.2,0,87,2228,9,3,2,5,1,3,4,1,122,1,56.9,75.7,45.6,41.5,2.0,42.7,2.2,Highly Ready,91.84898199949538
6.39,88.2,85.1,1,142,1653,10,4,4,1,2,2,0,0,19,0,59.5,66.7,43.4,50.8,2.0,38.7,0.0,Needs Improvement,29.069077015635436
8.62,92.3,84.2,0,99,1417,2,1,3,1,5,3,4,2,57,0,59.8,91.9,58.1,42.1,3.0,66.5,0.0,Placement Ready,68.02967586908397
5.67,77.7,71.0,3,42,1360,8,3,2,3,1,5,2,0,153,0,48.0,52.6,61.7,37.7,2.0,68.8,0.0,Needs Improvement,21.90571333939829
5.9,89.4,69.8,0,92,1333,9,5,1,5,1,5,2,0,30,0,51.3,55.7,79.0,59.1,2.0,45.6,0.0,Developing,44.63272601475851
8.2,92.9,83.9,0,256,800,6,6,3,1,3,4,0,0,14,0,55.2,64.2,65.3,40.2,3.0,29.9,0.0,Needs Improvement,34.70475427880212
8.42,68.9,75.3,1,54,1118,1,2,2,2,1,3,2,0,30,0,72.3,54.8,69.4,14.1,3.0,6.4,0.0,Needs Improvement,1.0719533667670227
6.53,86.9,86.4,3,111,1316,7,4,2,3,3,5,2,0,38,1,49.8,61.6,52.5,31.9,3.0,60.7,2.1,Developing,49.4309278116217
6.63,89.7,76.4,0,123,1135,10,2,1,3,2,5,4,0,66,0,34.8,,52.6,44.6,1.0,59.0,0.0,Developing,40.19762336984025
7.75,79.9,87.2,1,26,1174,3,5,5,1,4,4,6,1,99,0,55.2,56.8,47.8,50.6,2.0,7.2,0.0,Placement Ready,61.34073529814597
5.11,72.3,81.8,0,74,2118,2,3,1,5,1,5,4,1,125,1,53.5,74.3,60.9,70.3,0.0,59.3,1.7,Highly Ready,83.07330773095448
5.52,89.5,80.6,0,74,1275,3,5,1,2,1,5,1,1,90,0,35.8,88.7,60.3,62.4,3.0,66.4,0.0,Needs Improvement,29.673674302753554
6.95,72.4,74.6,0,96,1433,9,3,4,4,1,1,3,1,161,0,54.0,82.3,59.5,20.9,2.0,0.0,0.0,Developing,57.60445368396649
8.59,80.6,80.1,1,218,1423,6,2,2,3,4,1,2,1,37,1,46.7,63.8,54.8,79.7,1.0,28.8,1.8,Highly Ready,85.22757542169487
6.81,81.7,88.7,0,33,1527,1,4,5,3,4,3,1,0,36,0,58.8,68.7,57.3,51.6,2.0,98.7,0.0,Needs Improvement,26.750747170343907
7.29,87.7,77.5,3,228,1207,6,4,3,5,1,5,1,0,23,1,66.3,66.6,84.5,56.2,4.0,50.5,4.3,Placement Ready,65.72637024894773
8.22,77.0,82.8,1,149,1724,9,5,4,2,3,2,1,0,61,1,52.0,54.2,62.4,57.1,0.0,94.9,4.6,Placement Ready,78.66201235826532
9.1,76.5,78.4,0,334,1483,2,5,5,5,4,5,2,1,33,1,67.7,48.6,67.3,40.5,2.0,53.9,1.3,Highly Ready,89.33325785989463
6.68,82.8,79.1,0,11,964,6,5,5,2,1,5,1,0,132,0,55.4,65.5,65.5,64.6,1.0,71.5,0.0,Needs Improvement,33.52423233197959
7.18,90.1,93.5,0,458,1318,3,6,5,2,1,1,6,1,18,1,56.0,60.5,55.2,21.9,4.0,43.4,4.2,Highly Ready,100.0
8.84,100.0,88.8,0,25,1298,1,3,3,1,4,3,4,0,154,1,55.4,73.8,66.6,77.8,1.0,36.2,1.0,Developing,59.073676998458026
5.83,69.9,78.7,1,45,1285,5,4,5,2,3,2,2,1,29,1,57.1,28.7,58.3,58.2,1.0,17.6,1.8,Needs Improvement,39.58855318335853
8.12,84.5,79.9,2,46,1503,8,3,2,3,4,1,0,0,141,0,39.4,59.6,38.0,61.2,0.0,60.4,0.0,Needs Improvement,27.824624246920937
6.28,73.3,71.7,0,144,1540,7,4,5,4,3,4,2,0,38,1,32.6,78.9,48.7,64.0,0.0,32.6,3.1,Developing,51.20852879122618
7.29,90.2,76.4,0,79,1505,2,1,5,3,5,2,2,1,111,0,76.8,70.1,89.9,47.5,1.0,30.5,0.0,Placement Ready,61.27160341245627
6.98,74.5,80.8,3,52,1452,2,6,2,2,1,3,2,0,66,0,63.2,48.2,76.7,76.6,2.0,18.5,0.0,Needs Improvement,34.998341579904476
6.34,76.6,85.7,1,294,1376,6,4,1,2,1,4,1,0,107,0,51.9,43.7,53.2,42.7,3.0,50.4,0.0,Developing,48.107844930217745
6.32,77.3,84.7,0,9,800,4,4,4,5,4,3,2,1,10,1,75.9,61.4,68.8,38.0,0.0,65.0,5.6,Developing,59.13190185983149
7.45,81.4,68.0,0,190,1583,4,6,1,2,5,1,4,2,51,1,100.0,73.0,61.5,57.5,6.0,45.0,5.9,Highly Ready,100.0
8.1,84.6,86.8,2,90,1497,5,3,1,2,1,1,2,1,147,1,37.5,69.2,85.9,31.6,2.0,43.3,3.9,Placement Ready,62.811773190470696
7.08,85.9,77.2,1,51,1055,8,3,5,5,4,2,3,1,59,1,59.4,,55.9,45.4,0.0,80.4,4.7,Placement Ready,77.46180698877157
7.26,82.0,69.1,1,57,1434,6,4,3,4,5,1,6,0,36,0,70.0,71.0,61.6,59.4,2.0,17.6,0.0,Placement Ready,71.78606605868305
7.71,71.4,90.0,0,73,1544,9,6,4,5,3,5,2,1,17,0,35.5,65.6,45.2,67.5,1.0,86.1,0.0,Placement Ready,60.551664527719076
6.33,87.8,91.2,0,46,1701,2,2,5,2,5,1,1,2,31,1,37.1,70.4,55.8,54.4,3.0,22.9,1.8,Placement Ready,68.41603139437292
7.87,81.6,80.4,0,170,1503,5,1,5,3,2,1,2,1,163,1,74.3,75.1,14.1,39.6,0.0,47.5,6.7,Placement Ready,69.63251924219526
7.94,91.3,84.4,2,68,1446,6,1,5,4,5,1,3,1,94,1,59.2,55.8,62.2,49.3,1.0,57.3,2.0,Placement Ready,61.80527922822614
9.54,76.3,84.9,0,153,1634,8,5,1,5,3,4,3,1,113,0,49.6,,74.1,43.6,0.0,69.5,,Placement Ready,66.28975975616228
6.86,69.2,90.6,1,57,1258,6,1,2,4,2,3,2,0,48,1,35.4,72.2,85.1,53.3,1.0,18.0,1.6,Needs Improvement,24.34937909748041
6.79,81.7,84.6,3,109,1474,10,5,4,3,1,4,1,0,45,1,64.9,54.8,65.7,44.5,2.0,53.3,0.7,Developing,44.13920907636887
7.89,92.4,66.1,0,109,1164,9,6,1,3,5,2,5,0,113,0,39.0,34.7,52.2,38.4,1.0,37.7,0.0,Developing,50.04619511320601
7.94,83.3,96.1,0,96,1683,7,5,2,2,4,2,2,0,135,1,44.7,82.0,44.9,36.3,1.0,69.9,2.2,Placement Ready,65.95640426881516
6.72,80.4,87.6,0,233,867,4,2,3,3,4,4,3,0,41,0,45.7,65.6,50.4,23.7,1.0,37.4,0.0,Needs Improvement,26.87295414319359
6.84,75.0,73.4,3,249,1595,4,4,2,2,4,1,0,0,96,0,54.9,64.9,32.4,73.4,2.0,11.2,0.0,Needs Improvement,10.92985625993316
7.69,96.1,68.7,1,164,1355,6,3,1,1,2,2,2,0,83,1,43.5,59.4,54.0,67.2,1.0,57.3,0.6,Needs Improvement,38.66687010438876
6.46,73.8,82.5,3,202,1640,5,1,5,5,1,1,1,1,16,0,45.8,73.7,38.4,34.1,0.0,49.3,0.0,Needs Improvement,24.704833385785438
6.83,76.2,75.5,3,157,1116,1,2,3,1,4,3,4,0,79,1,74.2,44.0,48.4,66.1,1.0,85.5,0.8,Developing,52.742341935752336
7.28,86.6,81.0,0,64,1377,3,5,3,2,2,5,0,2,63,1,62.5,62.0,54.7,55.7,2.0,69.2,1.1,Developing,58.01240814394534
8.1,67.2,84.7,0,84,1368,9,4,4,2,4,5,3,0,19,0,60.2,66.0,63.3,33.0,0.0,32.4,0.0,Placement Ready,61.910121686053024
6.66,92.2,72.9,0,12,1480,5,3,4,2,5,4,6,0,106,1,66.5,69.7,31.6,37.1,2.0,69.4,1.0,Placement Ready,62.79443683616039
5.54,87.0,68.0,1,40,1036,10,5,3,3,4,4,1,0,25,0,44.1,38.1,52.5,52.5,0.0,51.9,0.0,Needs Improvement,23.82967972386612
5.48,89.2,81.5,0,25,1541,3,4,5,5,3,2,4,1,37,0,65.5,70.3,69.0,67.6,2.0,64.2,0.0,Placement Ready,61.24987153004871
6.07,86.5,73.2,0,51,800,10,6,2,2,5,4,2,0,358,0,66.4,56.1,80.4,65.1,1.0,34.8,0.0,Developing,44.17886481401475
6.02,80.7,79.3,3,116,1150,9,1,5,4,3,5,1,0,35,1,44.6,52.9,56.8,45.8,,42.4,3.4,Developing,46.17277641246067
7.06,73.5,65.9,0,62,881,4,2,5,4,3,3,6,0,50,0,69.0,40.1,93.2,62.8,1.0,63.0,0.0,Developing,46.29346053482276
6.13,80.9,75.7,1,176,1598,7,2,1,4,5,1,1,0,15,0,63.5,93.3,69.2,52.2,0.0,64.6,0.0,Developing,41.14172995562829
6.57,74.2,84.4,3,41,1470,10,3,4,4,2,4,1,0,233,1,63.9,60.2,59.0,42.5,0.0,7.9,2.7,Needs Improvement,36.793259421516005
6.5,85.9,83.5,1,148,1487,7,6,1,4,2,1,6,0,171,1,85.0,65.4,77.9,71.3,3.0,61.6,3.6,Highly Ready,100.0
6.8,88.5,70.9,1,38,1792,10,3,3,4,1,2,1,0,6,1,61.8,,49.9,57.6,1.0,33.1,2.0,Developing,50.54110004619367
8.39,93.8,67.5,0,222,1255,2,2,5,4,4,1,2,0,324,0,46.1,40.6,41.2,63.7,0.0,54.7,,Needs Improvement,37.19167976982982
7.8,85.0,78.1,1,41,1533,2,1,1,3,3,1,4,0,207,1,62.0,73.4,72.9,36.3,0.0,16.9,2.4,Developing,54.635624268371295
7.21,89.4,83.0,2,133,1370,1,3,3,1,4,4,2,1,73,1,60.2,43.1,66.5,46.2,1.0,67.7,2.3,Developing,49.42102753039113
6.79,79.6,81.6,3,52,1324,4,2,4,3,1,4,1,0,30,0,43.4,80.3,74.7,68.9,0.0,63.5,0.0,Needs Improvement,29.97272855706383
6.81,78.2,73.4,0,274,1742,8,2,3,4,2,3,4,1,161,0,29.6,87.2,74.3,50.2,2.0,33.5,0.0,Placement Ready,79.6441606345835
7.49,85.8,80.7,0,267,1975,10,1,1,2,1,2,1,0,113,0,59.0,51.1,90.2,51.2,1.0,58.0,0.0,Placement Ready,61.31758836175454
7.73,78.9,91.5,0,129,1221,6,4,1,2,2,4,0,0,254,1,74.1,55.5,34.8,37.0,0.0,49.3,2.3,Developing,43.13581386533713
6.38,84.2,79.8,3,127,1600,5,5,3,3,5,3,0,1,236,1,74.3,26.4,52.3,58.3,0.0,62.1,1.6,Developing,53.2945065952325
7.23,73.5,63.3,0,167,1446,10,5,1,1,5,2,1,0,64,0,64.2,37.6,53.4,36.7,1.0,22.3,0.0,Needs Improvement,35.02092415730657
5.37,74.9,79.8,1,146,1449,6,1,1,4,3,3,2,0,74,0,83.6,70.8,76.7,61.2,1.0,25.7,0.0,Developing,50.03027928909155
7.39,87.1,96.4,0,183,1424,6,6,5,5,1,4,1,1,28,1,62.6,79.6,64.0,38.1,1.0,35.4,2.1,Placement Ready,79.7458824999136
7.89,89.1,66.4,1,40,1250,1,4,3,3,5,3,1,1,31,1,57.0,51.1,76.7,51.4,0.0,49.0,1.8,Developing,57.58165376127501
6.95,74.1,78.3,3,96,800,3,4,3,1,1,5,1,0,57,1,63.1,53.2,62.5,81.8,2.0,82.6,1.4,Needs Improvement,28.56788411223135
8.83,87.4,76.0,0,55,1810,7,6,1,2,1,3,1,1,105,0,49.0,39.9,57.7,61.2,0.0,53.4,0.0,Developing,40.697343967487555
6.41,77.7,78.9,2,264,1142,7,2,4,1,3,3,5,0,251,1,41.0,46.2,68.9,49.1,2.0,68.9,1.5,Placement Ready,64.66014039157461
7.4,82.1,79.7,0,30,1278,5,4,3,3,5,4,1,2,32,0,45.3,80.6,62.2,69.6,3.0,32.5,0.0,Developing,51.19905853741445
7.17,93.3,88.3,0,296,1284,8,1,2,2,4,2,4,1,60,0,52.8,66.3,64.2,42.7,2.0,38.6,0.0,Placement Ready,68.20712342254764
7.11,88.5,78.8,0,97,1115,7,3,4,4,2,4,5,1,123,1,73.0,36.9,68.4,38.2,0.0,36.5,1.3,Highly Ready,80.89059474213236
7.1,88.4,89.5,0,185,1422,1,2,2,5,3,4,2,1,73,0,38.3,69.9,64.9,48.8,1.0,46.0,0.0,Developing,46.77224193986734
7.3,97.3,76.9,1,61,1337,9,2,3,3,1,2,4,0,99,1,45.4,95.2,73.7,73.7,1.0,63.3,0.6,Placement Ready,68.08961848095434
7.96,76.4,74.8,2,27,1135,7,4,3,5,2,2,5,0,69,0,72.1,56.5,58.8,72.7,1.0,43.3,0.0,Needs Improvement,39.06033673812384
8.44,74.1,72.0,2,257,1395,3,1,2,3,4,1,4,1,21,1,54.6,52.7,60.7,46.6,1.0,43.9,,Placement Ready,71.9727892580228
7.2,76.2,61.6,1,138,1340,3,6,5,1,3,1,2,0,157,0,57.0,70.1,42.0,50.2,0.0,61.6,0.0,Needs Improvement,15.394620305960164
7.93,80.0,80.5,0,33,1628,10,2,4,5,5,1,2,0,100,0,54.4,76.1,73.7,62.1,0.0,39.9,0.0,Developing,58.22020306939417
6.57,63.2,96.5,0,87,948,3,1,2,2,3,4,3,1,40,0,89.0,73.5,85.4,96.3,1.0,34.5,0.0,Developing,47.440790156940515
7.89,80.3,82.1,3,82,1108,1,3,1,5,5,1,0,1,55,1,68.4,57.6,,51.0,2.0,43.3,1.2,Developing,40.42684829043304
6.51,77.6,84.2,0,134,1568,1,3,2,4,4,3,1,1,37,1,63.8,56.1,68.3,78.5,0.0,86.5,5.0,Placement Ready,71.47707284879327
8.18,88.3,74.3,2,40,1158,3,4,3,5,3,1,2,0,110,1,63.0,37.9,55.7,59.2,1.0,67.6,3.3,Developing,49.83473520488952
9.19,84.8,75.8,1,32,1079,7,5,3,4,5,4,3,1,13,1,66.1,44.8,,69.5,3.0,88.0,0.7,Placement Ready,64.69459856765953
7.09,77.2,86.9,3,106,1173,5,4,3,3,5,4,4,0,35,1,87.7,67.0,68.0,72.2,2.0,24.0,1.4,Placement Ready,67.18138569424434
5.23,86.7,96.1,3,42,1320,8,4,1,2,2,2,3,1,49,0,54.4,54.5,57.5,58.0,0.0,57.8,0.0,Developing,45.06152340392974
6.71,87.8,91.4,1,262,1321,3,5,4,2,2,4,1,1,49,0,62.5,65.4,64.3,54.5,0.0,42.6,0.0,Developing,44.16350409569849
8.31,75.9,85.2,1,172,1287,3,4,2,2,4,2,2,2,26,1,60.4,58.7,52.2,51.5,2.0,43.7,2.6,Placement Ready,64.50467332382364
7.7,78.1,78.3,0,169,1041,5,1,2,2,1,4,1,0,68,0,73.6,62.9,82.1,61.0,1.0,19.2,0.0,Needs Improvement,35.520089740993214
7.42,64.2,79.9,0,11,1582,8,3,3,3,4,4,4,1,13,0,85.6,62.3,54.3,75.2,3.0,76.0,0.0,Placement Ready,73.85169418354441
8.11,73.3,71.2,1,63,1748,6,5,5,5,3,3,3,0,112,0,51.2,72.4,45.8,77.5,,17.6,0.0,Developing,57.11853723213708
7.64,76.1,65.0,1,75,800,8,2,1,1,4,4,2,1,196,1,66.8,73.9,63.6,75.6,2.0,67.8,3.8,Placement Ready,72.87575620305343
8.3,82.6,67.9,1,36,884,1,6,5,4,1,5,2,2,84,0,62.6,61.8,44.6,47.1,0.0,42.1,0.0,Needs Improvement,38.959869893217956
8.03,74.4,78.4,0,146,1651,5,3,4,4,3,3,4,0,26,0,39.1,59.1,61.8,45.3,2.0,31.8,0.0,Developing,49.74892343939134
8.57,77.9,75.4,1,132,1821,5,2,3,3,3,2,0,1,104,1,74.6,61.5,84.4,40.9,1.0,30.9,2.5,Highly Ready,80.43059722775659
7.52,72.2,64.8,2,164,800,1,3,1,2,1,3,0,1,50,1,83.5,51.0,57.3,57.6,0.0,51.0,5.2,Developing,45.30769732466901
8.01,83.4,77.7,0,199,1595,4,4,4,3,3,3,2,0,84,0,72.3,77.2,36.3,70.9,1.0,42.7,0.0,Placement Ready,61.92040253390688
6.92,85.4,75.1,0,192,1841,3,5,4,5,4,1,4,0,70,1,50.5,54.1,,45.4,3.0,50.1,6.9,Highly Ready,96.98582091205216
6.66,85.2,67.4,3,484,1091,5,2,3,5,3,5,3,0,121,0,39.6,59.8,71.0,51.9,1.0,10.3,0.0,Developing,49.556406265844295
8.74,82.1,74.7,0,93,1824,2,2,5,4,4,3,2,0,83,0,69.6,64.5,59.7,66.0,4.0,8.7,0.0,Developing,50.72701888433588
7.39,69.7,75.1,0,81,1297,3,1,5,3,2,5,5,0,47,1,43.8,66.3,69.2,49.5,1.0,13.6,7.3,Placement Ready,75.13441696946323
7.92,77.0,72.5,0,145,1444,10,3,5,4,4,5,7,0,34,1,45.3,65.8,47.9,51.8,1.0,66.0,0.8,Placement Ready,75.31199468987865
7.31,78.7,86.3,1,224,1134,2,6,2,4,2,1,3,0,53,1,63.1,60.1,51.4,73.9,,79.0,2.5,Placement Ready,78.12912476891898
6.67,78.8,60.9,0,19,1650,9,6,4,4,2,1,6,0,133,0,71.0,85.0,68.1,55.4,0.0,44.7,0.0,Placement Ready,60.21595658592796
7.21,82.6,60.1,2,48,1600,6,4,1,1,1,1,3,0,51,0,55.0,63.1,83.8,42.8,2.0,64.9,0.0,Developing,42.81345558776754
8.49,93.4,78.0,0,58,1867,1,4,3,1,1,3,4,0,97,0,56.9,58.5,51.8,56.6,1.0,56.9,0.0,Placement Ready,61.6710009095665
7.7,88.5,78.9,0,101,1782,5,4,1,2,1,2,2,0,102,0,58.3,87.2,58.6,62.4,1.0,73.4,0.0,Developing,42.26303481314933
5.66,74.1,81.6,1,64,1347,6,2,2,2,1,1,3,1,57,0,46.3,51.1,75.6,97.6,2.0,74.1,0.0,Needs Improvement,31.005393333575576
7.01,87.4,73.1,0,201,2283,3,3,4,4,4,3,4,0,53,0,54.3,87.1,60.1,80.8,0.0,25.3,0.0,Placement Ready,76.77384005272017
8.8,87.1,69.7,2,112,1755,3,6,3,3,2,2,2,2,62,0,35.7,,68.2,100.0,0.0,53.9,0.0,Placement Ready,64.4342198297642
7.01,75.6,77.9,1,86,1512,8,4,5,5,2,5,3,3,15,0,71.0,56.4,46.2,36.9,0.0,67.1,0.0,Placement Ready,76.5180065152529
5.58,88.8,74.0,2,133,1051,1,2,1,4,1,4,2,2,91,0,100.0,38.6,58.1,78.7,2.0,67.2,0.0,Needs Improvement,37.492389821994514
8.9,80.7,92.0,0,13,891,10,1,5,1,3,5,5,1,43,0,60.9,42.9,48.1,81.4,1.0,65.3,0.0,Placement Ready,66.81075387514456
7.81,70.7,75.1,0,129,916,4,5,4,5,2,3,1,2,76,0,77.9,68.3,31.0,55.5,2.0,49.3,0.0,Placement Ready,68.56952450149174
7.14,85.6,77.5,3,43,1070,4,6,3,4,2,4,5,0,40,0,56.1,66.0,43.8,48.3,1.0,63.5,0.0,Needs Improvement,30.011267478427165
6.87,83.7,100.0,0,176,1763,2,1,1,2,1,1,3,2,168,0,39.8,53.5,65.2,67.5,,21.6,0.0,Placement Ready,60.02386354661605
8.17,80.2,76.2,0,16,1496,9,3,1,1,3,4,3,1,171,0,93.8,84.9,66.8,49.5,3.0,22.6,0.0,Placement Ready,69.99707321270893
6.71,81.7,83.0,0,140,1166,3,6,3,4,2,3,1,1,102,0,47.3,77.9,70.3,35.6,1.0,80.2,0.0,Developing,42.71362028676741
8.23,76.2,83.8,0,45,1309,9,2,3,1,4,1,1,0,5,0,74.2,61.3,66.1,30.9,1.0,71.8,0.0,Needs Improvement,30.210637641131292
7.69,86.9,84.6,0,227,1273,4,2,3,2,5,1,3,0,59,1,63.2,36.7,54.4,29.6,1.0,81.7,4.2,Developing,57.94808983452468
7.42,81.7,80.6,1,21,1590,1,3,2,3,3,2,2,1,122,0,77.8,75.4,28.7,59.0,0.0,46.9,0.0,Needs Improvement,24.155952358521652
7.33,83.3,79.7,0,98,1086,5,3,4,1,3,2,1,1,275,1,59.0,55.2,39.7,66.4,2.0,30.4,1.7,Placement Ready,62.04366157313967
7.04,84.9,78.9,3,159,1455,6,3,4,2,5,2,3,1,20,1,42.5,66.1,75.7,38.4,0.0,46.3,0.6,Developing,50.08262901530985
8.14,72.8,72.8,3,123,1440,5,6,2,2,2,4,4,0,6,1,50.0,73.2,44.5,63.2,1.0,88.8,1.1,Placement Ready,67.1198542563135
6.42,74.8,80.9,0,123,1095,10,6,2,1,1,3,1,1,43,1,95.3,56.4,56.8,63.1,1.0,33.2,1.1,Placement Ready,62.49370950560839
5.74,64.3,96.3,3,30,1826,6,4,3,5,4,2,3,1,39,0,64.8,79.9,59.0,60.9,1.0,46.5,0.0,Developing,50.685870746814146
7.75,86.5,88.9,0,28,1261,8,1,4,2,4,4,0,2,101,0,92.7,56.7,35.8,66.6,0.0,74.4,0.0,Placement Ready,64.87321933939509
7.77,72.3,80.7,0,119,1052,4,2,3,3,3,3,3,0,25,0,54.5,69.5,63.3,58.7,0.0,51.6,0.0,Needs Improvement,36.07315776685761
7.63,83.1,85.7,0,106,1606,2,2,1,5,2,4,2,1,40,0,70.7,72.6,82.4,77.7,2.0,42.2,0.0,Developing,56.64312115232635
7.57,85.0,70.2,2,38,1366,5,1,5,3,1,3,1,1,44,0,40.7,74.8,57.7,65.6,,65.1,,Needs Improvement,34.692855034663715
6.91,86.8,75.7,2,36,1473,6,3,2,2,3,4,1,0,78,0,60.4,86.4,53.7,33.7,0.0,40.5,0.0,Needs Improvement,21.81004950217445
7.91,72.4,86.5,1,88,995,5,1,4,4,3,5,6,1,97,0,93.3,50.5,39.5,86.3,1.0,59.5,0.0,Placement Ready,70.82852061059252
7.16,81.5,91.4,2,69,1594,8,4,1,4,3,1,4,0,35,1,48.2,46.1,53.6,38.7,3.0,1.7,3.6,Placement Ready,63.05967363982261
6.76,95.4,71.1,0,327,2002,10,2,2,1,2,1,4,0,78,0,49.6,57.5,66.7,54.7,1.0,15.0,,Placement Ready,71.85081866838104
6.92,95.7,73.6,3,236,971,1,5,3,5,1,4,2,1,6,0,72.4,100.0,57.9,98.4,1.0,45.3,0.0,Developing,56.34967450359765
9.02,89.9,97.6,1,172,1456,1,4,5,1,3,3,3,1,179,1,61.7,80.9,51.0,63.3,0.0,76.7,0.8,Placement Ready,79.92141913064872
5.64,84.7,78.9,0,256,1114,3,6,3,4,4,2,5,0,29,1,88.4,54.3,74.1,41.0,0.0,46.7,0.9,Placement Ready,67.7377709968118
7.65,74.0,94.4,0,55,2157,6,3,1,1,1,1,1,0,141,0,56.4,57.1,53.8,60.7,4.0,49.0,0.0,Developing,44.18142867310869
5.69,87.7,79.9,0,62,1722,1,1,5,1,1,5,2,0,38,1,61.0,61.8,51.2,63.9,1.0,55.0,1.5,Needs Improvement,34.096149157596535
7.1,80.7,80.2,0,213,1435,2,6,2,1,3,1,2,0,100,0,64.8,65.8,60.3,58.4,0.0,41.8,0.0,Needs Improvement,35.58559614064243
6.81,86.5,75.3,0,98,982,5,2,2,4,1,3,3,0,50,1,43.9,71.0,78.9,46.4,1.0,17.8,1.7,Needs Improvement,39.115498920151005
5.32,76.9,86.5,3,102,1054,4,5,1,3,1,2,2,0,116,1,40.5,71.6,55.5,33.2,3.0,63.8,6.4,Developing,46.916804634280595
7.55,80.6,90.2,0,34,1574,9,5,4,4,4,2,1,0,135,0,39.2,78.8,43.8,35.2,,55.3,0.0,Developing,57.64488257595764
6.86,83.3,68.7,1,206,941,6,6,3,2,2,4,2,1,167,1,10.4,90.0,66.7,41.8,0.0,56.9,1.1,Developing,53.522014004678965
5.31,84.0,74.8,3,145,951,9,4,2,1,3,3,2,0,89,0,58.7,60.1,52.7,77.0,1.0,27.7,0.0,Needs Improvement,35.454181545665655
7.96,85.9,86.2,0,76,1353,8,4,4,4,4,1,1,0,10,0,40.5,59.0,66.9,34.3,1.0,80.5,0.0,Needs Improvement,34.44499759820401
8.49,77.4,76.8,1,62,1390,5,3,1,5,1,1,3,2,26,0,51.9,56.9,25.2,57.6,3.0,41.4,0.0,Developing,48.84038257611739
8.54,71.3,73.6,0,230,1464,10,3,3,5,2,5,2,0,172,1,75.3,58.1,58.6,78.8,1.0,78.6,1.8,Highly Ready,88.45388484822232
7.52,95.0,87.1,0,55,1218,9,5,4,1,2,2,1,1,56,1,45.8,67.2,54.0,66.1,1.0,7.8,1.3,Developing,59.16751589672238
7.24,100.0,87.9,3,24,1626,5,4,5,5,3,3,2,1,53,0,70.3,70.9,42.6,79.2,1.0,41.5,0.0,Developing,48.64573747369317
8.4,85.6,74.0,1,238,1091,9,1,4,3,3,4,4,2,104,1,36.3,86.2,38.6,45.0,3.0,80.5,3.2,Highly Ready,100.0
8.71,71.4,79.9,0,242,1538,3,3,3,1,1,5,2,0,93,1,49.7,52.1,53.5,65.7,3.0,47.2,1.8,Placement Ready,68.36867925505119
8.22,75.8,67.1,2,55,1414,3,6,1,1,3,2,2,1,237,0,86.1,67.0,40.9,74.6,0.0,0.9,0.0,Developing,41.302744717967855
6.35,86.1,69.9,3,369,1530,8,2,2,3,4,2,1,0,62,1,53.6,50.2,10.5,71.0,2.0,30.8,2.0,Developing,51.286063633962826
7.38,92.7,79.1,2,89,1705,8,3,3,4,5,3,2,0,55,1,79.3,67.7,,70.1,2.0,55.6,2.2,Placement Ready,60.56560694311509
7.6,72.3,78.3,2,56,1213,3,6,3,1,3,2,3,1,131,1,95.3,99.4,38.5,34.7,1.0,78.7,7.9,Placement Ready,74.8857098091216
5.57,81.0,69.3,0,141,1152,8,2,3,3,4,4,0,0,108,0,53.7,60.1,58.5,66.3,1.0,44.2,0.0,Needs Improvement,35.825992948986986
7.62,83.6,71.6,0,29,843,6,5,4,2,5,4,3,2,20,1,50.0,96.3,39.0,63.3,2.0,71.9,0.5,Developing,55.53692753382083
9.25,88.9,68.4,0,42,800,6,5,5,5,4,2,3,2,56,1,27.6,50.3,58.0,52.4,2.0,57.9,2.3,Developing,59.62319117863292
7.78,79.3,82.1,1,120,1297,9,2,3,4,3,2,0,2,248,0,64.4,55.6,42.7,44.7,1.0,41.8,0.0,Developing,52.0853125327508
8.53,69.5,60.3,2,104,1318,2,6,1,2,3,4,3,0,32,0,65.7,57.2,70.5,62.7,3.0,65.7,0.0,Needs Improvement,34.82641019623024
7.36,87.0,68.9,1,184,1024,5,3,3,3,5,3,1,0,54,1,71.6,64.4,64.0,38.2,2.0,69.2,2.4,Placement Ready,77.80716386253253
7.13,91.0,61.2,1,33,1089,3,2,2,5,4,3,6,0,208,0,80.9,59.8,53.2,47.7,0.0,44.3,0.0,Developing,47.857439006214314
7.54,81.3,81.8,2,328,1807,6,2,3,4,2,5,3,0,205,1,44.6,72.7,60.3,71.0,0.0,35.6,3.1,Highly Ready,84.09121951981791
6.47,85.2,61.8,0,68,1613,2,2,3,2,3,4,1,0,156,0,88.1,23.5,67.2,72.7,2.0,17.7,0.0,Needs Improvement,38.292152030916824
6.33,78.2,78.3,0,101,972,2,4,3,5,4,4,2,0,48,0,55.8,48.3,59.0,63.2,0.0,58.4,0.0,Needs Improvement,24.852850395314377
8.34,75.2,92.8,1,66,1217,7,2,3,4,3,3,1,0,37,1,65.5,88.5,60.3,47.2,0.0,38.5,4.1,Developing,57.29947411160022
8.44,90.2,93.1,0,29,1472,1,3,2,1,3,5,0,0,128,0,59.0,42.3,24.3,36.1,1.0,60.4,0.0,Needs Improvement,22.872689371648754
6.31,85.1,61.7,3,93,1162,5,5,1,4,4,1,1,1,178,0,48.4,57.0,49.7,41.7,2.0,55.9,0.0,Needs Improvement,11.102708923550402
8.07,85.9,80.7,0,157,1107,10,6,5,5,2,1,2,1,61,0,42.0,70.6,45.5,76.9,1.0,57.0,0.0,Developing,57.75279713343684
7.12,94.0,69.1,2,82,1249,10,5,3,5,4,4,1,1,87,1,63.2,61.4,74.8,58.3,4.0,46.7,,Placement Ready,74.4942055448681
7.51,73.6,67.3,1,46,1677,2,4,2,1,4,4,3,0,34,0,45.5,50.1,51.8,53.3,4.0,24.5,0.0,Needs Improvement,26.15047885936596
7.61,77.6,77.0,2,188,1704,10,5,5,5,5,2,1,1,16,1,56.7,68.2,47.2,57.8,2.0,59.5,2.1,Placement Ready,75.22803188876495
8.09,83.3,89.1,2,193,1129,4,3,1,5,5,4,2,1,17,1,53.8,73.7,67.3,66.6,3.0,66.8,3.8,Highly Ready,85.59120408422966
7.27,77.5,83.4,1,79,1488,2,2,2,1,4,1,1,0,62,1,54.6,53.6,33.7,37.5,1.0,96.5,2.4,Needs Improvement,26.666122653137478
8.47,88.3,71.6,2,125,1348,6,5,4,4,4,4,6,0,31,0,33.0,67.7,56.6,46.7,3.0,38.1,0.0,Placement Ready,66.82558636768489
7.48,80.5,84.3,0,187,1048,5,1,3,4,4,2,3,1,82,0,12.5,74.1,,66.0,0.0,29.1,0.0,Needs Improvement,38.88974840503973
7.76,74.1,57.8,1,156,1261,4,6,5,1,2,3,5,0,36,0,72.6,77.1,46.5,59.1,0.0,26.7,0.0,Developing,51.85801099129024
6.45,82.5,71.2,3,123,971,5,3,2,5,5,2,5,1,151,0,76.9,67.2,50.6,73.8,2.0,49.0,0.0,Developing,57.97464410999422
9.14,83.4,70.6,0,151,1699,1,5,4,2,3,4,2,0,46,0,21.6,85.9,81.3,67.8,2.0,66.1,0.0,Placement Ready,60.850196056154324
7.62,89.5,78.7,0,132,1816,3,1,3,2,5,1,4,0,52,0,66.3,62.7,55.6,41.9,2.0,67.8,0.0,Placement Ready,63.17270983285353
7.84,85.1,76.2,0,97,1227,2,3,3,2,2,5,3,1,172,1,63.3,48.2,43.8,0.0,2.0,81.4,4.0,Developing,58.17655878123682
5.75,85.7,76.7,1,33,1155,10,3,3,3,2,3,2,0,77,1,40.1,58.9,55.9,58.5,3.0,57.7,2.9,Needs Improvement,38.786083432279405
6.46,84.6,76.4,2,40,1666,5,3,5,4,4,2,4,0,84,1,73.5,79.0,81.1,37.2,0.0,26.0,6.0,Placement Ready,71.42609108345621
8.31,80.5,78.2,0,136,1715,6,4,4,5,3,5,7,1,53,0,77.1,49.5,25.1,63.6,2.0,54.8,0.0,Highly Ready,82.25211389277709
7.46,76.3,82.9,1,65,1016,5,4,2,2,3,1,3,0,71,0,75.9,30.6,70.4,82.0,2.0,8.0,0.0,Needs Improvement,27.15622062963748
5.48,84.3,79.3,0,132,1306,9,6,3,5,2,3,0,1,23,1,86.2,68.4,64.1,37.5,2.0,43.1,5.2,Placement Ready,61.983715060456525
8.13,79.3,75.4,2,32,1332,8,5,3,5,2,1,2,2,131,1,75.0,55.8,56.1,66.0,0.0,41.5,2.0,Placement Ready,66.19279286861328
6.71,95.5,81.6,0,50,1119,7,2,4,1,4,5,3,1,39,0,47.5,93.5,53.0,69.8,0.0,59.2,0.0,Developing,53.41886508170198
8.47,92.7,85.4,0,82,1466,4,6,3,2,1,1,1,1,19,0,60.3,65.7,81.0,60.9,1.0,58.8,0.0,Developing,45.29408825870145
7.12,87.1,73.0,0,9,1140,4,3,3,1,1,2,5,0,93,1,65.8,79.3,69.5,60.6,1.0,35.2,0.8,Developing,50.259196485659906
7.38,85.0,77.5,0,45,1188,10,3,3,5,5,4,2,0,103,0,82.8,55.1,41.4,19.7,1.0,35.8,0.0,Developing,49.840801630453704
8.26,81.3,88.5,0,56,1320,10,1,2,3,5,5,3,0,65,0,56.2,70.3,58.4,56.1,0.0,51.3,0.0,Placement Ready,64.54179000075735
6.39,71.9,68.1,3,110,903,3,5,3,2,1,3,4,0,183,0,50.5,67.2,77.9,54.9,2.0,59.5,,Developing,42.12283622988106
6.31,80.3,94.2,0,78,800,4,6,5,5,1,2,6,0,38,0,35.2,81.3,66.6,72.8,3.0,64.7,0.0,Developing,52.23207350969048
7.02,82.8,65.9,0,114,1625,4,2,5,4,2,2,4,0,60,0,73.1,64.7,62.2,71.3,0.0,40.3,0.0,Developing,46.821597203660204
7.94,83.8,74.9,1,100,1128,8,6,1,5,3,5,4,1,8,0,63.1,54.7,37.2,46.3,1.0,49.0,0.0,Developing,46.632718008701794
6.0,85.8,69.4,0,76,1990,10,1,2,5,1,5,3,0,3,0,47.0,76.5,95.0,22.7,1.0,29.2,0.0,Developing,58.354147187380924
5.7,89.4,97.7,0,57,1942,9,6,4,5,5,1,0,0,77,1,71.6,52.0,69.5,27.9,0.0,29.4,2.6,Placement Ready,61.4981255163852
7.94,76.5,73.5,1,102,1198,9,2,1,2,3,5,2,1,94,1,54.9,50.6,86.5,78.9,3.0,11.3,1.2,Placement Ready,75.86655932212672
6.66,76.5,73.5,0,224,2052,4,3,4,2,3,5,2,0,73,0,40.1,61.4,62.8,53.7,3.0,37.3,0.0,Developing,58.23113957472932
6.85,93.6,74.7,1,56,1631,4,1,3,1,1,3,2,1,95,0,80.0,57.4,57.7,30.4,2.0,75.6,0.0,Needs Improvement,38.255913544315284
5.53,88.2,78.9,0,319,1156,9,6,1,2,2,2,3,0,128,0,29.1,,47.7,32.5,3.0,78.3,0.0,Developing,54.05221867379899
6.59,78.9,75.0,3,104,800,4,4,3,3,4,3,3,0,60,1,62.2,52.6,73.6,58.9,1.0,61.3,9.4,Developing,54.98544617590089
7.19,81.1,76.8,0,178,1556,3,6,3,3,4,4,2,2,50,0,58.3,77.7,82.0,57.1,3.0,70.1,0.0,Placement Ready,72.86716354650142
8.04,81.2,46.2,3,126,1359,9,3,4,4,2,2,3,0,27,1,35.4,77.5,,83.2,1.0,66.2,0.9,Developing,55.9997477512322
6.51,82.3,78.5,1,140,1479,5,1,5,4,3,2,0,0,83,1,64.9,73.6,94.1,53.6,3.0,53.5,5.0,Placement Ready,60.41459706581398
8.69,85.8,78.2,1,44,1281,1,5,5,5,1,3,5,0,140,1,49.6,72.2,60.1,61.6,3.0,1.3,2.5,Placement Ready,78.91506007541614
6.58,100.0,87.3,0,65,1007,9,1,3,3,3,1,5,0,109,0,85.3,36.1,48.1,54.3,0.0,95.3,0.0,Needs Improvement,38.519541044697895
6.59,83.5,89.8,0,19,1222,3,4,4,2,2,3,0,2,236,1,75.1,,62.1,68.9,0.0,45.9,4.4,Placement Ready,72.5368034328305
8.58,87.3,76.3,1,81,1562,4,1,4,3,5,1,2,1,69,0,63.3,74.0,70.9,84.9,3.0,45.8,0.0,Developing,59.49718300305254
7.39,68.5,85.3,0,150,1244,6,2,5,5,2,1,2,0,46,1,22.6,80.8,53.8,71.1,1.0,79.2,2.5,Needs Improvement,37.06312079517922
6.7,78.1,68.1,0,81,1242,3,4,4,5,3,2,4,0,58,1,51.7,59.1,57.3,88.5,1.0,53.2,1.6,Developing,43.05979094069229
7.06,91.8,84.9,3,184,894,9,5,2,5,4,4,2,1,116,1,50.5,80.2,61.4,64.2,1.0,100.0,2.4,Placement Ready,76.56470366148878
8.42,85.2,72.8,0,70,1377,7,1,2,3,1,5,1,0,94,1,78.2,,65.9,28.0,2.0,33.4,1.9,Developing,52.03995934673154
8.52,46.9,67.3,0,53,1016,6,2,2,4,2,3,5,0,39,1,62.7,25.8,60.2,41.0,2.0,70.7,4.8,Developing,59.47847670032803
6.46,87.4,76.3,1,62,1626,3,6,1,3,5,4,4,1,79,0,64.8,60.6,61.4,69.0,0.0,45.1,0.0,Developing,51.583350573174485
7.16,97.3,90.6,3,160,1130,5,1,2,1,4,2,3,2,36,1,75.3,50.2,68.2,50.9,1.0,52.0,6.7,Highly Ready,81.46269619916737
7.28,66.0,79.6,3,274,1261,3,2,3,4,2,4,5,0,95,0,84.5,53.4,70.3,55.0,0.0,32.4,0.0,Developing,52.383800609765856
6.31,94.2,91.5,1,341,1999,10,6,4,1,3,4,2,0,11,0,81.9,76.7,50.1,41.2,1.0,37.4,0.0,Highly Ready,83.67861980427335
7.15,59.8,71.3,0,148,1258,8,4,2,4,5,2,1,0,15,0,68.2,66.2,28.6,79.6,1.0,75.8,0.0,Developing,47.09340610250172
7.2,89.5,87.4,0,179,1218,2,1,1,5,1,3,3,2,19,0,55.9,,41.4,81.0,1.0,60.4,0.0,Developing,57.85582405606349
8.23,81.9,72.1,1,24,1526,6,6,1,1,2,4,2,0,28,0,66.5,52.5,65.4,51.1,1.0,58.5,0.0,Needs Improvement,25.22232432890035
8.29,63.2,80.0,1,31,814,8,3,1,4,2,2,1,0,88,0,59.5,68.1,46.3,51.3,5.0,17.4,0.0,Needs Improvement,36.23559587234272
6.9,85.6,80.0,0,46,1725,6,5,3,5,4,4,2,0,114,0,71.8,59.4,62.2,76.7,3.0,17.9,0.0,Developing,59.398117404277464
7.01,91.2,84.0,1,233,1648,2,4,3,4,3,2,1,0,63,1,51.5,71.8,57.1,72.8,2.0,31.5,2.5,Developing,57.97040568533425
7.8,84.9,80.3,3,231,1507,2,3,2,4,3,3,2,1,19,0,73.6,50.4,59.1,27.3,1.0,42.1,0.0,Needs Improvement,39.99175296151344
6.67,86.7,71.3,0,392,800,8,3,2,5,2,1,0,0,132,1,60.7,56.7,65.9,66.6,0.0,47.9,2.3,Placement Ready,62.07211394993727
7.73,78.7,85.9,2,45,1272,6,4,3,4,2,3,2,0,59,0,65.8,46.3,77.0,63.4,1.0,56.3,0.0,Developing,42.80629918853289
7.12,67.1,93.6,0,89,968,6,3,4,1,3,3,0,1,152,0,42.1,54.3,57.7,58.2,0.0,70.4,0.0,Needs Improvement,33.20395853868075
6.33,87.5,72.7,0,19,1687,3,2,1,4,4,5,5,1,69,1,55.9,92.5,41.3,40.1,0.0,79.4,1.8,Placement Ready,73.76217737349728
6.34,96.0,61.5,1,26,1666,3,5,5,4,5,2,3,1,13,1,66.7,51.7,63.0,40.5,2.0,53.9,3.2,Placement Ready,62.67394967284339
8.5,91.0,82.5,0,76,1466,5,5,2,2,4,1,2,1,33,0,57.3,55.4,69.4,2.3,0.0,33.1,0.0,Developing,47.53390904541843
7.06,66.1,75.0,0,47,989,6,4,1,4,1,1,1,0,11,0,24.8,50.5,21.9,43.8,0.0,64.6,0.0,Needs Improvement,0.0
8.68,69.9,76.8,3,48,1798,5,5,1,5,3,3,2,1,5,1,41.5,59.4,46.4,21.5,1.0,53.7,2.9,Developing,47.73266958384199
6.74,75.2,83.0,0,58,1271,9,4,3,5,2,5,1,0,47,1,65.1,61.0,58.5,45.8,0.0,59.3,2.9,Developing,40.86166493579339
7.46,69.3,73.9,0,251,1892,2,6,3,5,5,5,2,0,70,1,82.6,79.1,50.3,61.8,1.0,74.1,1.1,Highly Ready,86.0024298689969
9.35,82.4,75.6,1,202,1430,5,6,1,4,3,5,2,1,89,0,56.5,56.3,60.2,35.1,3.0,42.2,0.0,Placement Ready,61.26655984226406
6.25,85.1,77.1,0,40,1502,3,6,3,1,2,2,5,1,119,0,52.7,63.6,48.0,77.6,3.0,79.1,0.0,Developing,52.45290748174703
5.49,70.6,91.2,2,199,1212,1,1,2,3,2,3,4,0,41,0,75.8,35.8,73.0,88.3,2.0,21.5,0.0,Needs Improvement,25.77263741672904
8.36,88.2,78.3,0,50,1772,5,1,5,2,1,5,1,1,20,1,60.2,49.9,58.8,59.0,0.0,64.6,1.1,Placement Ready,61.557303498891855
6.46,86.8,66.9,1,24,1533,1,3,2,1,3,5,5,0,69,0,71.1,77.2,29.2,65.3,2.0,37.0,0.0,Developing,41.32529285015738
7.18,77.6,67.2,0,57,1783,4,5,5,2,2,3,3,2,41,0,55.6,50.0,69.7,27.5,1.0,54.5,0.0,Developing,58.48511610069708
6.67,80.6,79.3,3,118,1403,7,2,3,5,3,3,2,0,110,1,53.9,72.7,,58.1,0.0,56.6,,Developing,44.21274338295121
7.44,66.4,67.8,1,44,1336,4,1,5,3,2,1,1,1,43,0,72.3,49.0,57.4,31.1,1.0,43.0,0.0,Needs Improvement,22.433121975555082
6.34,79.3,63.9,3,146,1529,7,1,3,4,3,1,2,1,89,0,70.1,59.6,28.6,25.7,1.0,37.2,0.0,Needs Improvement,32.68584670942695
7.04,82.1,83.7,0,60,1783,3,4,1,3,4,3,3,0,204,1,55.2,86.0,72.4,33.5,1.0,33.0,4.9,Placement Ready,64.5279570239333
7.6,83.3,84.2,0,124,1655,5,6,4,2,4,3,2,0,107,1,43.1,72.4,41.6,52.4,0.0,55.7,1.5,Placement Ready,65.7123668097813
6.29,85.0,74.7,2,40,1391,9,3,3,3,5,3,2,0,164,1,35.0,34.7,52.2,54.3,0.0,62.7,0.8,Needs Improvement,29.34311308716131
6.57,84.0,80.6,0,95,800,3,5,5,5,1,2,3,0,14,0,36.9,100.0,48.8,53.8,3.0,86.4,,Needs Improvement,36.71298799374698
6.89,79.9,79.7,3,45,1593,6,1,2,2,1,2,1,0,18,1,50.5,47.5,35.0,35.2,0.0,44.9,2.8,Needs Improvement,22.4736498385796
5.91,84.3,83.4,2,77,918,8,2,1,2,3,3,2,1,72,1,64.7,88.1,58.1,56.8,,19.3,4.0,Placement Ready,62.46449546237459
6.82,90.0,83.4,1,322,1361,4,5,1,5,3,5,7,0,106,1,35.0,55.8,61.2,43.2,1.0,59.4,5.8,Highly Ready,88.35187937162455
7.31,81.2,54.5,0,67,1315,4,3,4,2,4,5,0,0,87,0,36.0,44.8,59.8,57.2,1.0,15.2,0.0,Needs Improvement,20.984792486750564
6.84,84.5,75.8,2,30,925,7,1,2,5,2,1,3,0,31,1,65.7,55.7,54.7,51.0,0.0,82.0,9.6,Developing,54.620263179227265
6.96,80.5,82.7,2,100,1462,1,2,4,5,3,2,1,1,101,0,83.5,52.9,46.1,24.4,3.0,65.2,0.0,Needs Improvement,35.79314948699235
7.18,76.8,74.3,0,101,1996,3,5,1,1,4,3,3,0,76,0,76.3,54.3,81.5,43.5,3.0,29.8,0.0,Developing,54.00697910056109
6.61,86.2,78.3,1,101,1256,5,5,1,4,4,2,4,1,43,0,32.4,62.8,61.0,64.3,2.0,18.3,0.0,Developing,46.80222906668284
7.82,77.6,84.8,0,140,1580,3,5,4,1,3,2,1,1,157,0,65.9,68.7,43.0,69.3,1.0,32.8,0.0,Developing,53.60550337477302
8.49,85.1,78.7,0,64,2057,6,3,2,5,3,1,5,0,105,1,74.3,81.9,65.0,34.1,1.0,60.6,4.7,Highly Ready,100.0
6.78,82.2,91.6,0,150,1609,7,6,3,1,1,3,1,0,141,0,52.6,65.0,63.8,42.0,1.0,34.6,0.0,Developing,46.580299340617124
7.64,79.6,88.1,1,93,1157,10,6,1,5,3,5,0,0,72,0,56.4,,67.8,47.4,3.0,64.9,0.0,Developing,45.32888875461479
6.98,79.4,76.9,1,29,1421,7,3,1,4,3,5,4,3,96,0,65.0,51.9,57.5,74.9,0.0,68.8,0.0,Placement Ready,67.12034655501593
7.53,77.9,76.2,1,165,1494,6,2,1,3,1,1,3,1,86,1,67.3,58.1,48.0,63.0,1.0,38.6,0.8,Developing,59.53093654867169
8.61,68.8,52.3,1,107,1780,8,6,2,2,5,4,2,1,12,1,65.7,54.9,36.1,33.2,3.0,67.7,1.5,Placement Ready,66.51156057343002
7.66,85.1,75.1,3,145,1714,3,3,2,2,4,5,0,3,64,1,70.9,42.8,49.5,63.4,2.0,74.2,1.2,Developing,54.75958159174497
5.6,83.9,65.8,0,32,800,5,3,2,3,4,4,0,1,83,1,63.2,97.7,31.5,76.6,1.0,61.3,5.9,Developing,59.14864712531323
7.61,88.8,80.0,0,172,1093,9,6,2,5,3,1,3,0,125,1,50.6,65.4,62.8,58.7,0.0,60.9,0.9,Placement Ready,65.38145792374594
8.31,77.7,79.4,0,379,1329,2,2,3,5,5,2,0,1,31,1,53.3,65.6,32.3,41.8,0.0,38.8,1.8,Developing,59.79754742918069
7.0,97.2,84.3,3,30,1045,3,6,5,3,1,4,2,0,68,1,48.3,79.0,52.3,69.4,3.0,90.6,1.5,Developing,56.62100330021962
8.1,79.0,90.6,0,189,800,3,1,1,2,5,5,1,0,150,0,53.1,25.9,69.7,58.1,2.0,30.4,0.0,Needs Improvement,26.352109793523404
6.58,75.0,77.8,0,108,1132,10,2,5,3,2,2,0,0,53,0,68.4,93.3,54.1,50.8,2.0,41.1,0.0,Developing,43.30732683976093
5.86,74.1,98.5,0,93,1349,4,3,3,5,5,2,4,2,15,0,48.4,50.0,57.1,70.2,1.0,68.8,0.0,Developing,59.80176500695156
7.33,68.1,80.1,2,174,1192,4,3,3,3,1,2,6,0,105,1,76.0,49.6,65.1,54.9,3.0,42.5,2.9,Placement Ready,74.5565923447069
5.62,94.3,66.2,1,161,1051,9,2,4,5,2,5,2,0,72,1,45.2,54.4,66.2,56.4,3.0,44.0,3.7,Developing,58.30826450924158
6.98,93.0,72.9,3,222,1362,10,6,4,1,3,1,4,0,11,0,63.0,75.8,74.6,69.6,0.0,22.8,,Placement Ready,65.36216153588622
8.36,86.8,74.6,0,33,1453,1,4,5,3,4,2,2,0,57,1,72.5,92.0,67.0,46.5,2.0,40.6,0.5,Placement Ready,66.28196718467623
5.48,74.8,83.3,0,228,1209,9,5,5,1,1,1,4,0,66,1,66.7,85.0,63.7,35.3,0.0,98.3,3.9,Placement Ready,71.20174475358438
6.05,96.5,69.5,1,123,1762,8,5,1,4,2,5,1,0,53,0,32.3,55.3,26.6,60.5,3.0,42.8,0.0,Developing,43.411955168160915
6.27,79.2,75.3,0,19,1367,9,4,3,4,5,1,2,0,69,1,62.0,36.8,61.9,81.5,3.0,75.6,6.2,Placement Ready,70.72283674396233
7.14,79.8,76.6,3,67,1089,1,4,3,2,1,3,2,0,75,0,48.9,56.2,84.5,16.3,0.0,40.0,,Needs Improvement,8.29308204233914
6.87,93.5,74.0,2,110,1013,1,4,3,4,5,1,3,1,79,0,40.2,53.0,68.4,67.5,2.0,28.7,0.0,Needs Improvement,38.88909902569512
8.46,87.3,85.3,0,66,1286,4,5,5,5,4,3,1,0,60,1,63.3,39.0,73.5,55.6,2.0,34.4,3.2,Developing,52.357352022666305
8.06,99.6,83.8,2,85,1684,9,6,4,3,5,3,3,1,112,0,41.3,70.2,47.2,45.9,0.0,64.5,0.0,Placement Ready,60.86654019900241
7.65,84.0,88.5,0,59,1103,5,2,3,3,5,4,3,1,109,1,63.7,62.1,56.9,44.0,1.0,6.4,0.8,Developing,55.9427778215466
7.33,78.8,75.0,0,512,1529,8,4,5,1,2,3,4,0,39,1,81.8,69.0,67.0,70.4,,84.1,2.8,Highly Ready,100.0
7.55,77.1,88.8,3,152,1378,3,2,4,1,5,3,1,0,174,0,64.5,72.2,65.1,66.6,3.0,59.5,0.0,Developing,42.29418300948428
6.42,67.2,65.7,1,100,1948,4,2,4,3,3,2,1,2,36,0,56.5,71.6,70.6,37.4,2.0,42.5,0.0,Developing,51.9523386766469
7.97,79.8,65.5,0,39,1467,9,6,4,3,2,5,3,1,79,0,57.6,61.1,39.9,60.2,0.0,34.1,0.0,Developing,56.72702490161857
6.2,91.2,67.1,2,223,1141,5,3,1,4,5,4,1,1,83,0,73.7,85.0,45.3,78.3,3.0,39.6,0.0,Developing,55.85226071325041
7.95,86.8,78.1,1,138,1571,8,5,5,5,3,4,3,1,22,1,55.4,55.1,37.3,66.9,1.0,73.0,1.3,Highly Ready,80.97514500241391
8.27,82.2,88.8,0,43,1581,7,5,4,1,4,4,3,1,18,1,53.0,53.1,62.1,26.6,1.0,18.4,2.9,Placement Ready,64.35800610441646
7.39,74.0,72.6,1,43,1231,2,1,1,1,4,2,1,1,42,1,46.0,58.8,55.0,66.0,1.0,48.9,3.2,Needs Improvement,33.1121987267804
7.04,83.8,73.7,1,86,1001,10,3,2,3,2,5,3,0,102,0,46.6,69.5,54.9,33.8,1.0,72.6,0.0,Needs Improvement,37.860791013049415
7.56,90.1,76.1,0,100,1511,10,2,2,2,5,5,4,0,4,0,73.4,71.6,47.1,58.7,0.0,9.5,0.0,Developing,59.38000474016202
4.62,85.4,83.2,0,149,1369,8,2,2,4,5,3,1,0,49,0,52.7,57.2,44.5,42.3,1.0,37.4,0.0,Needs Improvement,25.612729642763732
7.47,83.3,73.7,2,91,895,5,2,4,2,3,2,1,0,21,1,68.3,57.5,58.0,61.8,0.0,19.7,7.9,Developing,55.46849278057035
7.1,75.6,73.2,0,159,1426,5,4,3,3,3,2,2,0,121,0,69.5,80.3,75.7,43.6,2.0,24.2,0.0,Needs Improvement,39.41631394689937
7.15,88.9,65.9,1,66,1159,3,1,2,3,1,2,1,0,47,0,45.7,43.7,83.1,37.2,1.0,54.3,0.0,Needs Improvement,0.0
7.84,56.9,72.9,2,91,895,7,3,4,4,4,5,3,0,85,0,48.1,100.0,83.1,60.4,1.0,63.0,0.0,Developing,51.266571891321526
7.13,85.1,88.6,3,228,1244,4,2,2,1,5,2,4,0,61,1,68.7,57.8,50.5,57.0,1.0,41.8,0.5,Developing,56.59215548508738
6.17,100.0,78.8,0,164,1735,2,6,1,5,5,5,5,0,111,0,62.1,59.1,39.1,69.0,5.0,20.0,0.0,Highly Ready,83.37431536026787
7.07,69.9,71.3,0,95,1712,1,5,5,2,3,2,3,0,45,0,57.3,67.2,72.1,46.0,0.0,32.7,0.0,Needs Improvement,35.15678901385533
7.26,80.1,89.1,3,120,1634,5,3,2,2,5,5,2,0,37,1,66.9,69.4,78.4,29.3,0.0,57.9,1.2,Developing,51.11395993516415
7.3,81.9,72.7,0,91,1431,9,2,2,4,4,5,4,1,21,1,75.2,52.8,64.7,66.5,2.0,49.3,1.4,Highly Ready,86.03042332500273
7.35,78.3,90.8,1,27,1529,8,5,4,1,3,4,2,0,76,0,59.4,66.7,57.6,79.6,0.0,26.4,0.0,Developing,53.60725150824249
8.14,90.3,90.6,1,282,1380,9,4,4,3,5,1,2,0,102,1,51.5,48.9,48.0,45.2,0.0,40.2,0.5,Developing,54.84357200023531
6.22,85.8,78.5,1,45,1018,7,4,1,1,1,4,1,1,26,1,61.8,53.6,67.7,63.3,1.0,65.6,12.0,Placement Ready,62.869886015695
7.36,83.2,64.5,1,71,1078,9,1,1,2,4,5,2,0,59,1,47.9,39.5,67.2,49.7,,54.0,2.4,Developing,54.566853579134374
8.36,88.4,98.6,0,455,1168,8,1,5,4,4,5,5,0,172,1,62.1,64.0,62.5,87.9,0.0,29.1,0.5,Highly Ready,100.0
5.64,82.1,81.5,0,37,1770,9,4,3,2,3,3,0,1,49,1,60.0,59.5,40.3,46.1,,55.1,8.0,Placement Ready,74.04195173770658
7.36,100.0,75.1,0,87,1673,6,3,3,5,4,3,5,0,24,1,47.8,33.8,42.1,54.2,1.0,38.8,3.1,Placement Ready,65.90489431542322
6.67,83.2,86.6,1,239,1026,1,5,3,2,5,2,2,0,47,0,53.9,,56.5,20.6,1.0,37.1,0.0,Needs Improvement,34.937651694833605
6.87,83.6,84.3,2,324,1366,4,1,3,4,3,2,1,0,45,0,55.1,61.6,74.7,81.7,0.0,52.6,0.0,Needs Improvement,31.226357160351174
6.39,68.3,89.8,1,137,1229,9,2,4,1,2,4,4,0,108,1,71.0,74.0,72.6,45.9,0.0,28.0,2.6,Placement Ready,65.0536235627599
7.05,77.7,72.0,1,224,1303,8,5,1,5,3,5,1,1,70,0,46.9,44.1,51.6,77.1,3.0,41.2,0.0,Placement Ready,60.055640241121125
8.86,91.2,80.9,0,80,1189,1,6,2,4,3,2,0,2,11,0,47.9,57.8,28.8,43.6,1.0,70.9,0.0,Needs Improvement,33.06254775565197
6.06,71.3,67.3,2,5,1772,1,5,5,4,3,5,1,0,129,0,54.4,46.6,79.4,53.7,1.0,99.4,0.0,Needs Improvement,32.34202431053261
6.15,64.7,84.0,0,211,1344,7,1,1,2,2,1,4,0,31,1,68.5,72.2,77.9,41.7,2.0,15.7,1.7,Placement Ready,61.896435496184225
6.03,82.3,77.8,0,93,1415,10,1,5,2,3,1,1,1,22,1,70.9,52.6,60.0,39.1,0.0,32.4,1.7,Developing,52.90800208272586
8.75,93.0,80.5,0,73,1417,8,6,3,3,2,5,3,0,61,1,63.9,69.3,51.1,50.0,0.0,72.6,5.1,Highly Ready,85.85631796995831
6.78,82.3,76.7,0,68,1042,10,3,1,2,5,1,3,0,37,0,70.7,57.0,53.1,52.6,0.0,24.9,0.0,Needs Improvement,34.775046771735454
7.18,79.3,75.7,1,156,1383,1,3,3,1,3,3,3,0,115,1,77.4,38.1,72.9,48.8,2.0,47.4,4.3,Developing,47.74758886555203
6.84,67.1,70.2,0,155,1669,9,6,4,4,5,5,1,0,73,0,62.4,61.0,66.6,29.1,0.0,85.9,0.0,Placement Ready,66.39937709487405
6.35,85.6,85.1,0,96,1792,2,2,2,4,2,2,4,0,48,1,48.0,,51.2,59.8,0.0,35.4,4.2,Placement Ready,64.4527906539675
6.99,87.3,91.4,2,132,1006,9,2,4,4,2,2,2,3,32,0,58.8,,93.2,21.7,1.0,45.0,0.0,Placement Ready,69.9402985347794
9.41,67.7,73.0,2,37,894,10,5,1,3,2,1,0,0,177,0,39.6,87.5,33.5,49.3,1.0,24.2,0.0,Needs Improvement,18.403956521809
8.45,91.1,83.0,0,81,1369,6,6,1,3,3,4,5,0,148,0,65.9,70.9,48.4,28.1,0.0,63.7,0.0,Placement Ready,64.4381412279973
6.43,88.1,81.9,0,38,1683,6,3,4,5,4,2,2,0,59,1,52.6,53.0,48.7,70.3,1.0,14.2,3.6,Developing,45.904374591336556
7.78,91.1,78.1,1,37,1458,5,1,3,3,3,1,2,2,10,1,61.7,,59.7,75.9,1.0,36.2,1.1,Developing,48.6423453923487
6.45,86.7,64.3,2,123,1554,6,1,4,4,5,3,1,1,47,1,58.7,66.1,76.1,65.1,1.0,24.0,2.8,Placement Ready,77.90928485748276
5.6,87.2,66.3,0,100,942,9,1,5,3,3,1,1,1,107,1,54.3,77.2,71.3,46.9,,43.6,1.0,Developing,42.087458957082205
8.12,86.2,71.0,0,66,1178,3,3,5,1,5,5,5,2,27,0,63.4,59.4,60.0,42.4,0.0,87.1,0.0,Placement Ready,62.87292218342974
8.24,88.9,58.7,0,78,800,3,4,3,2,1,4,6,1,187,0,58.1,,36.8,50.7,1.0,57.7,0.0,Developing,54.52047429121802
8.14,67.4,90.7,0,131,1307,10,3,3,4,2,5,3,1,170,0,50.5,38.5,73.3,54.1,0.0,54.8,0.0,Placement Ready,66.499747322672
6.78,70.0,81.3,1,159,800,9,2,5,4,4,5,4,2,38,1,43.5,65.4,39.8,63.2,0.0,55.9,3.1,Placement Ready,77.90843462542554
7.05,76.1,77.7,0,141,1750,6,5,5,4,2,5,3,0,30,0,65.3,50.0,,61.8,1.0,49.5,0.0,Developing,54.96224440981861
7.87,81.0,58.3,1,18,1816,3,6,1,4,4,3,3,1,119,0,41.9,62.6,56.8,20.3,1.0,75.7,0.0,Developing,42.97721861925413
7.55,85.1,61.6,0,8,1392,10,2,3,2,3,1,2,0,90,1,86.9,47.5,45.1,66.3,1.0,65.5,2.3,Placement Ready,63.51457869070281
6.85,84.6,78.0,3,49,896,9,5,5,5,3,1,2,0,51,0,79.3,67.8,44.8,61.6,2.0,24.0,0.0,Developing,40.0760332029642
5.74,90.9,95.7,1,8,1463,4,4,1,4,3,1,4,0,125,1,36.2,70.9,72.2,41.7,2.0,69.5,4.1,Placement Ready,63.537367150360346
7.3,91.2,71.7,0,260,1908,6,5,5,2,5,2,1,0,20,0,69.4,58.7,81.3,38.6,3.0,54.7,0.0,Developing,54.49487911881214
8.17,75.0,85.8,3,76,1493,5,1,4,3,4,5,1,0,56,0,77.1,49.9,56.8,56.0,1.0,59.1,0.0,Needs Improvement,38.188469384488975
6.12,83.9,73.7,1,29,1705,9,5,1,5,5,2,2,0,149,0,51.2,70.0,29.5,58.1,0.0,9.8,0.0,Needs Improvement,38.022837601443804
7.77,75.2,78.5,1,75,1204,7,5,4,1,1,1,3,0,102,1,65.3,83.8,62.5,36.3,1.0,50.0,1.8,Developing,50.8867353119787
7.5,80.5,88.9,0,14,1089,5,5,3,2,5,5,5,1,118,0,58.1,88.9,46.9,56.0,0.0,47.2,0.0,Placement Ready,74.5687065961713
7.88,84.6,74.9,0,29,1329,10,6,2,1,5,3,3,0,298,0,70.2,67.5,63.8,58.1,,36.1,0.0,Developing,55.049582817645415
7.98,54.7,71.8,2,71,800,7,5,4,2,5,3,2,2,83,0,53.3,65.9,,69.6,0.0,71.5,0.0,Developing,45.26760496865066
6.57,100.0,90.8,0,62,2029,5,6,4,2,3,2,2,1,84,1,75.2,43.6,27.9,53.1,1.0,17.3,4.6,Highly Ready,82.81748971738702
5.74,86.5,78.4,1,70,1392,10,5,5,5,3,5,3,1,21,0,57.8,80.4,51.8,20.5,1.0,100.0,0.0,Placement Ready,62.44565758883728
6.72,77.2,87.8,3,134,1610,5,3,3,5,3,2,1,0,47,1,55.2,29.5,67.9,59.3,0.0,27.6,3.2,Needs Improvement,26.818126143210524
8.0,97.4,71.8,0,187,1212,5,6,1,5,5,5,3,1,97,0,69.7,78.7,56.5,26.3,2.0,59.4,0.0,Highly Ready,83.71956806629586
6.71,79.2,90.7,0,104,887,4,5,5,2,5,5,5,0,93,1,73.5,62.4,40.5,40.6,1.0,54.3,5.9,Placement Ready,64.04091450217005
6.58,83.1,80.5,2,194,1778,3,4,2,5,5,3,0,1,123,0,25.0,28.0,68.5,32.0,1.0,73.4,0.0,Needs Improvement,24.935680260387215
5.56,78.1,81.9,0,63,1013,3,4,4,1,5,4,3,0,66,0,16.4,66.7,31.4,63.4,1.0,83.4,0.0,Needs Improvement,28.621336341926916
8.78,95.2,79.2,0,212,1455,1,3,4,1,4,1,2,0,66,1,65.1,59.8,61.7,36.5,1.0,41.3,0.9,Developing,47.65653895090936
7.94,81.2,73.5,2,106,1483,8,4,1,2,2,4,2,1,57,0,50.1,55.7,49.4,72.0,0.0,53.5,0.0,Developing,41.916997743851624
7.89,83.2,78.0,0,176,1372,6,3,3,2,1,5,1,0,11,1,40.2,58.2,64.9,35.3,0.0,41.5,1.9,Needs Improvement,38.68419207019376
8.07,91.6,74.0,0,64,1115,10,1,1,5,5,1,1,0,23,1,54.4,61.7,54.3,20.8,0.0,30.7,1.2,Needs Improvement,38.733656120593615
7.72,86.7,86.6,0,102,1305,7,3,4,4,1,1,0,0,55,0,100.0,61.7,65.8,49.1,3.0,50.7,0.0,Developing,56.23022086421737
6.98,81.6,76.2,0,352,1065,1,6,4,4,1,1,2,0,136,1,40.0,41.3,79.8,32.4,1.0,49.5,2.3,Developing,42.89460840498363
7.05,90.9,64.5,0,101,1593,7,2,3,5,3,5,2,0,69,0,73.3,67.6,69.1,77.4,2.0,50.2,0.0,Placement Ready,62.06917834171966
6.82,100.0,62.9,0,186,1521,2,5,2,4,4,2,1,0,58,0,48.6,56.7,68.8,43.4,0.0,42.4,0.0,Needs Improvement,20.364570576610177
9.57,84.5,62.5,3,202,1344,1,3,5,3,4,3,2,2,62,0,38.2,84.2,67.3,74.6,3.0,56.8,0.0,Highly Ready,80.71658775880525
7.7,82.9,83.6,0,149,1179,7,2,1,1,2,2,3,0,53,1,50.8,74.0,30.5,49.8,,65.6,2.0,Developing,46.771676434863124
6.78,83.4,67.6,1,168,1982,1,3,1,1,3,2,3,1,52,0,38.7,75.6,59.3,61.1,3.0,25.9,0.0,Developing,53.81974773281732
7.62,92.5,80.7,0,64,959,5,6,2,5,5,1,4,1,34,0,36.5,88.1,62.3,46.0,1.0,62.3,0.0,Developing,57.20798338460222
6.29,77.2,79.2,2,48,887,9,1,5,3,4,3,3,0,75,1,49.1,72.3,66.8,95.4,0.0,81.2,1.4,Developing,51.433383160874705
8.55,79.8,77.4,0,39,1325,3,5,5,5,5,5,0,0,137,0,43.6,60.0,56.6,35.5,0.0,24.5,0.0,Needs Improvement,26.10895097970329
6.61,69.7,81.9,2,129,1273,7,5,3,1,4,2,5,1,65,0,57.8,26.2,69.4,3.1,2.0,53.1,0.0,Needs Improvement,35.75322064042926
7.65,72.5,79.4,0,99,1679,4,2,5,4,1,5,4,0,81,0,62.5,65.4,,59.4,0.0,59.1,0.0,Placement Ready,62.99425978716783
8.16,77.9,53.6,2,123,1544,2,5,5,2,2,4,2,0,69,0,48.2,86.2,89.9,37.6,0.0,65.7,0.0,Needs Improvement,31.215092714613377
7.55,81.6,75.1,2,33,1359,2,4,3,2,1,4,1,2,93,0,69.4,74.5,,58.5,1.0,67.9,0.0,Developing,41.723627419346656
7.29,96.2,81.8,0,54,1500,1,3,1,4,1,3,4,1,56,0,50.0,54.9,43.3,53.8,2.0,74.1,0.0,Developing,43.5702198511567
7.21,86.3,92.8,1,182,1495,2,2,5,3,5,2,2,0,10,1,57.7,62.8,79.7,46.0,1.0,52.7,0.5,Developing,58.71987704780195
7.15,74.7,93.2,0,111,1981,2,6,4,1,4,2,1,0,31,1,27.5,54.2,40.1,48.1,1.0,30.1,3.5,Placement Ready,63.09938515301794
6.68,76.2,65.7,0,106,1426,9,2,1,5,5,2,2,0,59,1,61.2,66.3,58.2,62.0,0.0,42.8,2.0,Developing,51.292249029741484
6.8,93.0,74.9,0,81,1146,9,6,5,4,2,3,3,1,196,1,93.8,54.9,59.8,48.9,2.0,78.9,1.8,Highly Ready,87.92165940630257
8.53,91.0,63.9,3,50,1410,4,4,2,2,5,3,1,1,33,1,71.9,82.2,51.4,52.4,0.0,32.4,4.7,Placement Ready,63.977542266322715
7.1,82.2,91.7,3,217,800,8,6,4,4,5,3,0,2,41,0,57.4,63.7,56.0,46.5,1.0,60.4,0.0,Placement Ready,60.517375128090585
6.49,78.5,87.1,2,242,1340,3,2,2,1,1,2,6,0,39,0,42.6,65.6,59.0,82.7,2.0,66.9,0.0,Developing,51.28644808468798
6.74,91.0,81.2,3,102,1678,7,1,1,3,5,5,1,1,13,0,84.5,50.4,40.8,77.3,2.0,62.2,0.0,Developing,48.27993944885474
8.19,74.1,79.5,3,88,1531,3,4,3,3,1,4,5,1,60,0,57.6,56.2,,30.0,0.0,68.6,0.0,Developing,56.05976852057032
7.81,85.1,90.4,2,254,1440,7,3,3,2,3,5,2,1,8,1,49.9,45.8,58.0,55.0,1.0,49.4,2.1,Developing,57.65266982515582
7.7,100.0,88.9,1,56,1545,4,4,5,3,1,5,4,1,76,0,50.3,81.8,89.1,41.2,2.0,48.0,0.0,Placement Ready,75.34921207031505
6.97,83.6,88.4,0,67,1681,9,3,1,5,3,4,0,0,95,1,91.1,54.8,81.7,33.8,2.0,86.3,1.0,Developing,58.09945109839097
7.72,75.8,82.1,2,176,1778,9,2,5,1,1,1,4,0,7,0,58.2,64.2,46.3,0.6,1.0,89.4,0.0,Developing,50.38621086454415
6.62,85.3,74.9,0,66,1484,4,5,1,3,5,5,1,1,298,1,66.8,40.3,55.7,49.5,0.0,78.9,1.5,Developing,58.74930717307239
6.97,78.2,84.9,0,98,1255,1,4,5,5,3,3,1,0,16,1,57.0,44.8,46.9,50.8,1.0,61.0,2.2,Needs Improvement,34.65957067263374
8.07,70.8,85.3,3,11,800,4,4,4,5,5,2,2,1,26,0,59.0,58.5,53.9,78.1,1.0,38.5,0.0,Needs Improvement,24.04490385257796
7.99,87.6,76.3,0,246,1643,3,5,2,5,3,3,2,0,232,1,53.6,57.6,71.8,72.8,1.0,52.7,5.8,Highly Ready,86.53621629684635
6.32,90.9,74.8,0,166,1505,5,5,5,3,3,1,2,0,15,1,81.3,65.4,56.4,63.4,2.0,47.4,4.2,Highly Ready,80.2963625401235
6.43,79.5,88.2,1,207,1396,6,2,2,3,4,4,2,2,67,0,60.7,90.2,50.0,67.5,0.0,72.0,0.0,Placement Ready,61.6159941264239
7.3,79.0,93.0,1,44,1144,10,5,4,3,5,1,3,2,84,0,38.9,33.8,67.7,69.5,1.0,57.8,0.0,Developing,51.345948475775955
8.75,74.3,71.3,0,282,1640,1,2,1,5,2,4,3,0,49,1,65.9,75.7,27.0,63.3,1.0,61.7,10.0,Highly Ready,89.09690232033319
5.48,80.8,75.6,0,91,1273,6,6,1,5,3,5,3,0,49,1,58.3,69.0,51.8,78.5,2.0,49.3,6.8,Placement Ready,73.31436681119744
7.45,77.5,81.2,0,219,1340,2,5,2,2,2,3,4,2,83,0,65.7,53.3,79.9,33.4,0.0,0.1,0.0,Placement Ready,70.82576102664181
5.96,73.9,82.4,0,127,1333,6,4,2,1,1,2,1,0,144,1,55.0,55.9,80.7,46.7,0.0,76.2,1.8,Developing,41.47077871679582
6.63,97.1,73.3,0,171,1485,7,2,2,2,5,4,1,0,67,0,51.9,77.7,78.9,44.3,3.0,48.7,0.0,Developing,53.45213195402308
6.87,85.7,95.0,1,134,1005,9,6,2,2,3,5,4,0,205,0,73.4,61.1,38.3,45.6,2.0,69.4,0.0,Developing,53.98953694838741
6.82,86.6,81.8,0,66,1519,6,4,4,2,2,1,2,3,15,0,87.9,57.5,38.2,52.4,0.0,43.2,0.0,Placement Ready,60.87415932452582
6.72,89.1,82.8,3,21,1134,2,5,1,5,4,3,3,2,201,0,32.1,47.3,50.1,82.8,0.0,82.4,0.0,Needs Improvement,30.934304704301404
7.21,88.2,93.8,0,231,1144,10,1,4,2,5,2,8,1,45,0,61.2,50.3,58.2,70.2,3.0,39.3,0.0,Highly Ready,85.8096611293982
6.72,78.7,74.0,2,5,1616,5,3,5,3,5,1,3,0,200,1,51.9,45.0,46.3,75.8,,48.6,3.2,Developing,44.420647018919475
5.88,84.2,77.2,3,185,1051,5,2,5,2,3,1,3,0,99,1,46.3,74.4,31.1,53.7,2.0,50.3,5.0,Developing,55.6349646339399
7.9,79.8,66.7,0,231,1615,7,5,1,2,1,3,4,1,27,1,27.7,51.0,72.8,52.9,1.0,19.8,1.5,Placement Ready,70.17280783257667
7.88,85.5,76.4,1,27,1380,3,3,5,1,3,4,2,1,77,0,65.4,45.3,70.2,64.8,2.0,58.2,0.0,Developing,52.1528996048559
7.96,84.7,64.6,0,69,856,10,1,1,5,3,3,2,1,10,1,52.7,64.4,48.5,62.3,2.0,66.5,1.0,Developing,48.1508817035532
5.81,78.9,84.7,1,24,1759,1,4,1,4,2,2,5,0,35,1,51.9,50.6,69.4,62.3,1.0,58.4,3.2,Developing,53.065623836096954
7.47,71.4,81.8,3,58,1443,2,1,4,1,3,3,1,0,50,0,78.0,83.7,73.1,94.4,0.0,96.3,,Needs Improvement,32.43543620678476
7.81,83.2,75.5,1,205,1468,10,3,4,4,3,5,4,2,61,0,53.4,62.6,19.9,65.0,0.0,32.2,0.0,Placement Ready,76.54877993863553
6.27,80.4,77.1,1,170,1652,5,6,1,4,5,5,3,0,147,0,52.8,64.9,68.3,41.6,0.0,15.5,0.0,Developing,57.979616562723805
7.21,66.9,84.9,3,154,1800,9,3,3,2,1,1,3,1,40,0,40.0,64.9,57.0,43.0,1.0,26.2,0.0,Developing,45.714852235867745
7.1,86.1,67.8,0,70,1410,10,3,3,4,4,4,5,0,30,1,46.4,70.0,17.8,69.3,0.0,51.7,9.8,Placement Ready,78.0492895171453
8.86,89.7,79.8,0,6,1535,10,1,4,5,4,4,4,2,29,0,82.0,71.9,74.3,68.0,2.0,74.0,0.0,Highly Ready,88.98614320516617
8.93,100.0,84.3,1,32,1461,8,3,3,4,2,2,3,2,73,0,69.2,62.4,59.3,71.6,0.0,53.5,0.0,Highly Ready,82.79460828700675
5.7,78.9,62.0,1,81,1247,7,6,4,4,2,2,2,0,110,1,79.3,47.8,32.5,63.9,1.0,40.1,7.0,Developing,52.56134071928069
9.44,77.7,84.2,0,39,875,7,6,1,3,5,4,7,2,36,1,47.4,59.8,64.4,37.3,,79.9,0.5,Placement Ready,77.65966350446259
6.38,73.1,62.9,1,186,1414,7,6,5,2,2,5,0,0,74,0,65.4,62.8,60.9,81.1,2.0,47.7,0.0,Developing,45.95073510183654
8.08,83.7,76.9,0,288,1764,3,3,3,1,4,2,3,0,42,1,75.7,39.1,66.7,77.8,0.0,22.5,0.7,Placement Ready,73.08529846954508
8.07,83.6,67.5,0,126,1525,9,1,4,5,3,5,2,1,11,0,68.7,32.5,27.1,48.4,1.0,70.0,0.0,Developing,59.732024232834675
6.3,75.5,90.9,2,27,1030,2,2,3,5,5,5,3,1,187,0,83.7,45.0,53.2,61.2,2.0,62.9,0.0,Developing,44.864709671234515
7.64,80.6,67.6,1,237,1679,5,2,2,2,4,1,2,0,192,0,66.0,34.7,42.3,58.2,2.0,54.8,0.0,Developing,44.291859775892114
7.1,66.2,63.1,1,106,1257,4,1,4,5,5,2,1,0,72,1,60.0,55.2,55.4,48.7,1.0,82.4,1.3,Needs Improvement,34.00054850088046
7.7,89.4,79.2,1,96,800,8,5,2,1,5,3,0,1,14,0,24.7,51.2,30.8,35.3,0.0,47.9,0.0,Needs Improvement,18.651199344401334
7.41,75.8,74.3,0,145,1655,3,4,2,2,1,4,4,0,18,0,66.3,63.2,40.1,64.8,1.0,55.6,0.0,Developing,43.16929952337044
8.28,81.7,64.5,3,33,1066,3,5,3,1,5,2,0,0,69,1,69.0,71.9,82.6,29.6,2.0,30.5,,Needs Improvement,21.4516371653716
7.27,70.6,82.7,0,71,1884,9,2,2,2,5,3,3,1,67,1,77.2,66.1,76.6,44.9,2.0,35.9,0.9,Placement Ready,78.1286991117291
7.05,77.3,60.1,2,91,1694,5,5,5,2,1,1,2,0,10,0,48.1,68.1,73.5,84.1,0.0,40.5,,Needs Improvement,28.516809167600364
8.19,79.8,68.7,3,118,1282,8,1,4,3,3,1,0,0,39,0,59.5,75.2,81.5,62.1,1.0,63.9,0.0,Needs Improvement,29.6636097100005
7.72,81.9,72.8,0,127,1488,9,5,2,3,2,3,3,1,57,0,36.1,57.4,28.1,61.5,1.0,36.5,0.0,Developing,56.850765151069176
7.86,85.8,85.2,1,145,2077,9,5,1,1,5,4,3,1,150,0,35.8,25.5,57.1,50.0,1.0,48.1,0.0,Placement Ready,65.84093369515422
6.6,93.5,89.7,0,59,1650,4,2,2,1,2,3,6,2,88,0,67.7,37.6,61.9,28.5,3.0,45.5,0.0,Placement Ready,66.6715999606205
6.26,87.9,87.9,1,17,1421,2,2,1,5,1,2,3,0,42,1,79.0,69.0,51.8,62.0,0.0,48.9,6.8,Developing,44.89037476105117
6.69,89.7,76.6,0,80,2217,10,3,2,3,1,3,3,0,159,0,79.5,64.7,28.2,63.5,0.0,34.7,0.0,Developing,58.86791745292413
6.64,93.6,56.2,0,88,1385,4,4,2,5,4,4,3,0,181,0,66.6,71.7,72.1,68.5,1.0,45.9,,Developing,42.07186681851802
7.91,86.6,81.5,1,16,1525,8,4,4,1,1,4,2,0,108,1,90.7,100.0,67.9,48.3,3.0,26.9,0.5,Placement Ready,61.93850666741421
8.08,81.7,91.2,3,57,1069,8,1,1,2,2,3,2,0,14,0,54.1,65.1,48.1,48.1,2.0,49.2,0.0,Needs Improvement,19.255671230362072
7.06,90.1,89.1,0,110,848,5,3,1,1,3,1,3,1,52,0,73.5,60.7,71.5,64.7,0.0,49.4,0.0,Developing,42.578349820022154
8.49,90.6,82.2,3,65,1264,2,4,1,5,1,1,2,0,40,1,40.2,66.8,60.0,33.6,1.0,51.5,2.2,Needs Improvement,32.89122893580092
8.43,87.2,67.3,2,107,1362,5,4,5,1,1,2,4,1,35,0,12.8,45.3,68.1,68.8,0.0,61.2,0.0,Needs Improvement,37.5764272288476
7.42,70.4,73.3,1,62,1449,2,4,5,5,5,2,2,1,163,1,52.8,72.6,43.4,52.3,1.0,86.2,0.8,Developing,47.932189858006346
6.46,75.3,95.4,3,153,924,4,4,2,1,3,3,2,0,175,0,58.2,59.6,61.8,60.0,3.0,16.8,0.0,Needs Improvement,17.737259906523985
8.62,79.8,65.2,0,41,1548,4,3,3,4,2,4,3,2,41,0,63.5,85.6,62.0,94.2,2.0,42.6,0.0,Highly Ready,82.36670207981948
7.15,88.2,67.7,1,97,1101,6,4,2,3,5,2,4,0,49,0,57.2,39.6,54.3,50.4,1.0,31.7,0.0,Needs Improvement,29.275712755533277
7.31,81.8,86.5,1,100,1533,2,3,3,5,1,3,1,0,17,1,65.4,62.1,15.2,57.4,1.0,56.2,12.0,Developing,57.651162133190255
6.89,91.1,74.1,1,181,1630,9,2,3,1,2,2,1,0,151,0,86.1,53.2,60.7,55.5,2.0,64.2,0.0,Developing,50.172541507708345
6.4,92.5,67.4,2,74,1231,1,2,2,2,5,3,3,0,126,1,71.1,47.1,61.8,21.4,3.0,25.7,2.9,Developing,47.03646057430881
5.88,91.6,91.8,3,286,1061,10,3,4,4,4,2,4,0,32,1,48.5,70.7,42.9,65.4,0.0,56.4,1.2,Placement Ready,68.14896534356923
7.77,91.6,82.1,2,278,1813,4,1,1,5,3,1,2,2,36,0,22.3,57.6,67.2,15.3,1.0,67.3,0.0,Developing,50.000531999698154
6.49,73.7,74.6,1,44,1612,5,2,4,3,5,4,1,0,83,0,43.9,80.6,61.9,67.9,3.0,58.5,0.0,Developing,44.12492260846207
9.95,85.9,67.7,3,94,1396,9,1,4,1,3,2,2,0,82,0,80.1,54.6,64.6,43.2,2.0,43.2,0.0,Needs Improvement,37.278179539169614
6.22,77.1,96.4,1,30,1791,7,3,1,4,4,4,3,0,62,1,52.4,56.5,52.0,42.4,1.0,63.5,5.2,Placement Ready,64.0100301890809
6.07,68.8,77.8,1,137,1375,1,3,4,3,5,4,5,1,119,0,70.2,90.2,30.7,54.3,0.0,44.9,0.0,Needs Improvement,34.63007227770751
7.66,79.7,90.6,0,64,1164,7,1,4,4,3,1,3,0,93,0,69.6,43.1,31.0,32.5,0.0,68.1,0.0,Needs Improvement,36.18094067873451
8.58,92.6,86.0,0,105,1049,6,1,5,3,3,5,2,0,75,0,59.2,51.0,69.0,53.1,3.0,57.1,0.0,Developing,49.11838594387032
7.26,85.7,73.3,3,79,1318,10,4,5,5,4,1,2,0,40,0,58.7,18.7,40.5,36.4,1.0,46.2,0.0,Needs Improvement,25.831342178280156
7.72,98.1,73.4,0,499,1582,6,2,1,1,1,3,4,0,95,0,50.0,55.7,45.2,33.1,0.0,24.8,0.0,Placement Ready,67.65220844768326
5.54,83.4,91.0,1,86,1767,10,6,1,4,3,5,2,0,74,0,93.4,71.7,71.4,51.3,1.0,50.3,0.0,Developing,57.242764925942765
6.59,100.0,91.2,2,80,1357,6,1,1,4,4,3,6,2,42,1,45.7,67.7,23.8,75.8,2.0,28.6,5.4,Highly Ready,84.21764716924693
6.23,83.4,61.1,0,190,1714,2,3,3,3,2,3,3,1,45,0,76.8,64.0,32.3,67.3,0.0,28.3,0.0,Needs Improvement,38.118433419005555
5.49,82.2,82.9,0,209,1286,6,5,4,3,4,3,1,0,32,1,72.5,49.7,70.6,45.8,1.0,43.0,3.2,Developing,59.59995056367835
7.31,71.8,76.9,0,117,1116,10,1,4,4,3,1,3,0,69,0,69.2,59.3,59.3,52.2,2.0,48.5,0.0,Developing,49.833072766544205
5.18,90.9,68.7,0,213,958,1,3,2,3,1,4,3,0,108,0,58.2,56.4,26.1,45.8,1.0,26.1,0.0,Needs Improvement,26.79792504051501
6.01,78.0,80.4,1,445,1198,4,3,2,2,1,5,0,2,22,1,37.8,61.9,,34.7,,46.7,3.4,Placement Ready,61.71888014884691
6.72,76.8,65.9,1,75,969,1,4,1,3,3,4,0,0,44,1,42.8,64.4,60.8,37.2,2.0,45.2,2.5,Needs Improvement,21.866088656754897
6.45,92.2,73.8,0,34,1953,9,6,2,5,1,1,1,0,113,1,48.4,57.1,40.4,59.5,1.0,38.0,1.6,Developing,56.09028402679839
7.56,91.3,70.8,0,129,1482,6,4,2,1,2,2,3,0,50,0,65.5,62.3,34.9,42.6,3.0,44.9,0.0,Developing,49.21721430007932
7.48,91.1,73.5,0,199,1321,8,3,2,5,3,5,5,0,63,1,73.4,60.6,31.0,54.0,1.0,62.9,1.8,Highly Ready,82.0437825475587
8.0,79.1,77.4,2,270,1867,10,3,1,2,1,4,3,1,27,1,64.7,52.6,,37.6,0.0,42.2,8.5,Highly Ready,99.35122396889223
7.88,81.6,68.9,1,147,959,9,4,2,1,3,2,0,1,25,1,63.9,63.1,74.7,68.5,1.0,61.6,2.8,Placement Ready,62.07092053600559
8.23,81.5,92.2,0,98,1309,5,2,5,1,2,2,2,0,42,1,75.6,44.1,70.1,65.9,0.0,48.4,1.4,Developing,58.6143715874615
7.2,88.3,82.4,1,50,1950,10,5,2,1,2,3,4,0,53,0,28.7,64.5,77.7,81.5,0.0,70.4,0.0,Placement Ready,74.05446767509694
7.47,94.4,94.2,0,232,1307,5,3,5,5,5,1,0,0,81,1,26.9,46.4,78.5,78.1,3.0,66.2,1.4,Developing,56.980969358130224
7.66,84.9,76.6,2,122,2084,10,1,1,2,5,1,1,0,163,0,36.8,61.6,33.7,39.3,1.0,45.8,0.0,Developing,43.62546662753641
7.33,97.8,73.1,0,18,1586,10,4,4,4,2,1,5,1,25,0,73.9,68.5,74.0,40.4,1.0,36.4,,Placement Ready,71.63972095784271
6.84,89.2,93.8,2,352,1742,3,2,1,1,5,5,3,0,15,1,29.9,49.0,59.8,61.0,1.0,59.7,1.6,Placement Ready,65.61149148619602
6.9,80.1,72.8,1,36,1750,8,3,2,3,2,1,2,0,13,0,59.9,76.5,88.4,39.9,1.0,39.5,0.0,Developing,44.1351244636005
6.46,88.6,76.4,0,202,1350,7,2,5,3,2,3,0,0,68,0,46.3,87.0,100.0,59.0,0.0,18.7,0.0,Developing,45.00039937936588
7.58,95.6,84.5,2,114,1204,8,1,4,4,5,2,0,1,82,0,62.3,52.9,54.9,49.1,1.0,64.7,0.0,Needs Improvement,34.47751627103655
7.12,98.0,66.9,1,19,1315,2,2,3,5,1,4,0,0,35,0,57.9,60.0,53.1,70.6,0.0,37.8,0.0,Needs Improvement,8.816698396327105
6.6,91.5,84.4,0,90,1054,6,6,4,4,2,1,3,1,65,1,63.8,79.0,51.9,71.1,1.0,8.6,1.9,Placement Ready,71.016356441265
6.6,82.2,83.3,0,75,1330,2,2,4,4,5,5,1,1,120,1,54.0,36.8,59.2,49.8,2.0,48.5,3.3,Developing,50.18497919967823
6.11,80.3,89.4,0,24,1349,9,5,4,2,5,1,3,1,49,1,70.6,62.5,61.7,23.9,0.0,68.7,2.4,Developing,57.61888065501006
8.08,86.6,86.0,1,137,1857,9,3,3,1,5,5,0,1,46,1,82.0,57.8,100.0,72.2,1.0,38.2,0.9,Placement Ready,78.20196108450621
7.27,95.4,89.7,0,182,1528,6,1,3,1,5,1,2,0,21,0,79.0,74.6,60.3,44.6,0.0,43.0,0.0,Developing,40.319564660751894
6.42,85.5,77.0,0,95,2059,2,6,1,2,5,1,4,0,79,1,54.6,58.6,51.1,54.6,1.0,60.0,0.5,Developing,50.773359273343424
7.93,85.6,70.2,1,74,800,7,6,5,3,3,1,1,1,32,0,47.0,68.3,,52.7,1.0,40.9,0.0,Developing,47.893143507004126
6.7,82.4,97.0,1,144,985,5,2,3,1,2,4,1,1,93,1,62.9,50.5,44.8,61.5,2.0,47.9,1.2,Developing,43.02516930556354
5.93,79.4,64.3,3,3,1243,8,2,2,2,2,2,1,0,48,1,89.6,75.3,31.2,44.4,1.0,67.9,1.4,Needs Improvement,28.690829372741383
8.12,80.7,65.2,0,67,1798,1,6,1,4,1,3,5,1,53,1,59.2,46.3,55.6,36.0,0.0,63.5,1.4,Developing,55.91843757586949
6.72,83.1,83.1,2,71,1317,5,1,4,5,1,5,1,0,10,1,72.6,74.2,95.3,57.6,1.0,54.5,4.0,Placement Ready,60.66251237213032
6.83,95.7,92.6,0,97,910,4,6,4,5,5,2,3,0,123,0,71.8,63.1,72.2,69.1,0.0,16.7,,Developing,48.14655803979781
7.24,80.1,79.7,0,23,1276,10,2,5,2,1,3,5,1,105,1,71.6,29.0,50.3,52.9,1.0,61.7,1.0,Placement Ready,72.74272457233354
8.23,82.4,87.0,3,12,991,3,6,5,1,4,2,3,0,31,0,79.1,62.9,63.6,52.9,0.0,42.1,0.0,Needs Improvement,18.174344555738752
7.22,75.1,60.0,1,39,932,10,6,5,3,2,1,3,1,94,0,40.2,70.5,98.2,34.8,0.0,59.8,0.0,Developing,40.8403959397278
6.12,87.7,73.5,1,135,1950,10,2,4,5,4,5,5,0,24,0,45.6,44.8,61.2,63.7,0.0,19.7,0.0,Placement Ready,61.8865489136993
7.69,92.9,61.1,0,70,1245,6,2,5,3,3,2,3,0,96,0,60.7,50.1,43.8,65.0,1.0,68.8,0.0,Developing,42.02195219420577
6.76,95.0,85.0,3,39,1402,2,1,1,5,1,5,2,0,83,1,78.5,63.2,59.1,53.2,0.0,33.2,2.4,Needs Improvement,39.55827895156925
8.9,83.6,64.1,0,316,1322,3,5,2,4,2,3,4,3,155,0,78.4,54.8,68.3,38.4,2.0,58.6,0.0,Highly Ready,90.9914500722254
7.2,86.6,66.5,0,74,1275,1,3,3,5,4,5,0,0,81,0,59.3,66.6,64.7,56.4,1.0,68.7,0.0,Needs Improvement,22.1845693090876
5.19,80.8,82.6,0,98,1098,8,4,4,5,5,1,1,1,29,0,75.0,59.1,81.2,57.8,2.0,57.8,0.0,Developing,40.254225032611586
7.52,86.2,87.6,1,229,1257,8,4,2,1,2,3,0,2,65,0,53.7,43.5,59.6,54.3,1.0,57.7,0.0,Developing,47.410022924290566
8.95,84.5,76.6,0,109,1451,4,4,2,3,2,2,4,1,48,0,47.6,94.6,20.5,36.6,1.0,51.8,0.0,Developing,44.350186760889486
8.62,82.5,83.1,2,143,1776,8,2,5,1,4,5,6,1,149,1,40.1,57.2,65.5,59.3,0.0,25.6,6.2,Highly Ready,94.31875654748143
8.85,83.1,82.8,0,48,1634,6,3,4,1,3,2,1,0,16,1,57.9,63.7,64.5,57.8,1.0,76.5,1.2,Developing,51.706508342266424
6.28,85.6,76.1,1,102,984,9,4,4,3,1,4,2,1,63,0,54.8,86.8,63.4,62.1,0.0,71.9,0.0,Developing,52.786828628265745
8.02,79.6,68.1,2,289,1647,1,1,1,4,1,3,4,0,28,0,75.1,74.1,44.4,52.7,2.0,42.3,,Developing,50.58386995499773
6.55,80.1,83.1,3,130,1493,2,3,3,5,2,3,5,1,175,0,68.4,69.7,89.9,76.8,1.0,0.0,0.0,Placement Ready,76.06922669682065
7.4,95.7,83.5,0,117,1163,9,5,3,1,2,4,6,0,68,1,60.8,76.8,40.6,55.0,0.0,70.1,1.2,Placement Ready,79.04715225991326
6.05,100.0,86.0,0,80,1405,4,3,4,1,1,4,0,0,87,0,60.9,69.7,42.3,78.7,,13.6,0.0,Needs Improvement,28.2197714539177
6.62,72.4,80.8,2,30,1522,10,3,5,1,4,3,3,0,48,0,53.7,69.7,54.3,58.8,0.0,60.6,0.0,Needs Improvement,32.89308119660052
6.59,71.9,67.5,0,213,1364,9,6,2,5,3,1,3,0,97,0,33.3,69.9,79.2,35.3,0.0,35.4,0.0,Developing,53.37626161457367
8.01,74.3,84.2,3,92,1494,1,4,5,4,4,1,3,2,29,0,42.3,,79.9,69.2,0.0,59.6,0.0,Developing,53.6406342055827
7.92,81.2,78.0,0,54,1091,5,5,4,3,1,3,3,0,31,0,71.8,77.0,68.2,48.8,1.0,29.9,0.0,Needs Improvement,36.31953398916985
7.45,89.2,73.7,1,26,1948,8,1,3,1,3,1,3,1,148,1,57.9,71.4,72.3,47.5,2.0,50.1,3.1,Placement Ready,78.25479586207521
5.98,86.7,75.3,0,121,800,2,6,5,2,3,4,4,3,258,0,40.3,29.8,37.2,72.6,1.0,15.9,0.0,Placement Ready,65.25262901637774
6.92,83.4,71.8,0,34,1523,9,5,1,1,3,5,1,0,11,1,80.5,73.9,30.8,33.8,2.0,50.3,1.4,Developing,51.79853369945659
6.53,86.2,86.0,0,214,1460,1,5,4,1,5,4,4,1,38,0,85.5,50.9,52.0,25.2,0.0,49.9,0.0,Placement Ready,63.766743272403545
7.98,76.5,65.2,2,57,1543,2,5,2,3,3,4,2,0,120,0,78.1,65.4,,51.3,0.0,64.4,0.0,Needs Improvement,33.56856017553683
8.26,80.0,69.1,1,103,1137,6,4,4,3,3,2,2,1,83,0,66.4,38.6,72.6,60.1,1.0,40.4,0.0,Needs Improvement,32.68675406880797
8.15,81.8,75.0,0,129,1701,3,4,1,3,5,4,4,0,32,0,64.3,53.8,44.1,69.7,2.0,55.7,0.0,Placement Ready,61.70103518883766
6.52,69.3,92.5,0,118,1318,7,4,4,5,2,1,6,0,46,0,59.6,56.9,42.4,57.5,1.0,42.1,0.0,Developing,55.52592406027425
4.73,72.7,87.5,0,183,994,4,3,1,5,2,5,1,1,34,0,62.5,69.5,76.7,16.7,3.0,59.1,0.0,Needs Improvement,39.67379067105085
5.61,73.0,63.2,1,62,1022,3,5,2,1,1,1,4,2,91,1,69.4,53.8,61.0,38.5,0.0,57.8,2.4,Developing,46.79293246456659
8.48,88.1,90.2,0,98,1387,9,3,5,2,4,3,2,1,32,1,70.6,31.7,24.9,33.6,1.0,67.6,7.1,Placement Ready,74.06613423183009
6.84,84.0,90.1,0,149,871,2,5,4,3,1,3,3,1,46,1,66.8,55.1,40.0,23.0,1.0,26.5,10.8,Placement Ready,68.03276406475605
6.52,86.9,67.4,2,271,1890,5,3,3,3,2,1,2,1,103,0,10.8,56.7,65.8,52.1,1.0,48.2,0.0,Developing,41.609990396718196
8.68,67.3,55.3,1,174,1665,2,3,2,3,3,1,2,1,74,0,77.3,70.9,39.0,63.7,0.0,55.7,0.0,Needs Improvement,39.097911649552806
8.34,70.1,77.4,2,197,1898,2,1,1,4,3,4,4,0,130,0,63.0,64.1,42.3,71.5,0.0,86.4,0.0,Placement Ready,61.4403944033466
7.22,87.3,88.1,3,75,1866,3,6,1,1,1,3,2,0,31,0,39.6,51.3,42.8,63.4,1.0,89.7,0.0,Needs Improvement,20.340050217448358
6.94,59.8,92.3,2,130,1244,3,5,4,5,3,1,7,0,45,0,63.0,65.9,72.0,45.5,1.0,22.8,0.0,Developing,48.27144937954917
7.08,91.8,70.2,3,245,1089,5,2,2,2,5,1,3,0,28,0,64.5,87.7,57.8,73.4,1.0,37.7,0.0,Needs Improvement,38.58051874659313
7.4,67.4,93.8,1,94,800,5,1,1,2,1,4,2,1,40,1,36.4,78.4,84.8,51.4,1.0,0.0,1.1,Developing,47.09387257434273
8.64,88.7,57.9,1,131,1228,2,6,3,2,3,4,5,2,18,0,50.4,35.3,51.1,56.0,1.0,93.9,0.0,Placement Ready,63.21759619626714
7.58,74.9,74.7,1,20,1880,1,1,2,4,3,3,3,1,5,0,43.4,96.7,54.6,43.7,2.0,56.4,0.0,Needs Improvement,37.47592108141556
7.85,90.4,74.2,0,160,1102,1,3,5,4,2,1,1,0,16,1,45.4,78.6,63.4,50.8,1.0,61.6,3.4,Developing,48.729574358980784
8.25,100.0,88.4,2,116,1287,7,1,2,4,3,1,3,0,106,1,68.6,84.2,48.0,47.8,0.0,43.7,8.4,Placement Ready,77.0410989020542
6.15,63.8,89.7,1,152,1184,10,5,2,3,2,1,0,1,17,0,50.7,40.7,32.4,31.5,2.0,49.9,0.0,Needs Improvement,26.43414545547508
7.88,87.6,86.6,2,77,1462,1,2,1,2,1,1,3,0,80,0,61.4,56.2,52.4,65.8,4.0,72.6,0.0,Needs Improvement,31.46568648320028
6.93,67.5,65.8,1,15,1736,1,3,1,4,5,3,3,1,42,0,71.1,70.2,46.0,57.9,0.0,29.1,0.0,Needs Improvement,30.655232070685045
4.94,85.4,85.8,0,165,888,8,4,3,1,5,2,4,1,48,0,53.5,46.3,56.0,68.5,0.0,27.4,0.0,Developing,55.6687702104837
5.28,80.3,82.6,0,54,946,8,3,2,2,2,2,2,0,19,0,71.7,69.4,48.4,43.0,0.0,45.2,0.0,Needs Improvement,14.075057858737708
6.28,83.0,63.0,3,23,1796,8,5,4,4,1,3,7,2,36,1,80.3,84.9,65.2,67.0,2.0,50.2,,Highly Ready,100.0
7.68,74.7,59.4,1,110,1570,2,4,5,4,1,4,1,1,69,1,72.7,57.3,52.4,28.3,1.0,61.1,0.7,Needs Improvement,32.882527994282356
7.3,88.2,87.3,2,295,1272,9,3,3,2,5,1,1,0,17,1,69.0,85.8,32.1,64.2,2.0,50.4,1.2,Placement Ready,65.2391417363412
7.37,70.4,76.4,1,47,1862,7,2,2,2,5,4,1,0,34,0,72.8,,48.0,66.5,,33.1,0.0,Needs Improvement,31.77180462394856
8.96,91.9,66.4,1,56,940,2,3,5,2,3,1,2,2,61,1,65.9,36.0,38.8,37.3,0.0,42.4,0.9,Developing,54.20165165319452
6.06,78.7,76.1,0,171,1629,2,2,5,5,5,3,2,1,82,0,72.7,49.8,88.7,74.0,1.0,53.5,0.0,Developing,50.95264054845107
7.18,70.8,81.3,0,83,1330,7,4,5,3,2,2,3,0,49,0,42.4,77.5,58.7,81.5,0.0,63.2,0.0,Developing,41.03186001576363
7.47,94.8,77.3,1,165,1532,8,5,5,1,3,1,2,1,179,0,58.9,47.5,68.7,45.2,1.0,70.0,0.0,Placement Ready,77.25067084473682
6.54,81.5,64.0,0,79,800,8,4,5,1,1,5,2,2,59,0,65.9,77.1,56.5,79.6,1.0,44.5,0.0,Placement Ready,61.04272051289139
7.23,97.3,95.0,0,69,1272,6,1,4,1,3,1,3,1,95,1,58.9,70.6,87.3,26.1,0.0,35.9,5.6,Developing,59.534846219063695
5.76,91.8,87.0,2,49,1571,6,6,5,2,4,4,4,0,70,0,97.5,66.4,37.8,52.7,1.0,32.0,0.0,Developing,53.96053222144742
8.47,75.6,75.0,1,124,1331,7,5,2,2,5,2,1,1,42,0,57.1,,45.3,10.6,1.0,73.3,0.0,Developing,40.76368066437451
6.59,81.3,75.3,0,49,1727,2,5,5,3,4,4,4,1,9,1,33.3,66.2,75.8,70.8,0.0,41.3,1.9,Developing,58.99820867479311
9.03,83.0,81.2,0,66,1717,4,1,1,4,4,4,3,0,104,0,60.8,85.6,49.7,29.0,2.0,34.7,0.0,Developing,58.815052878898314
7.17,94.2,67.8,0,211,1062,1,5,5,5,4,3,0,0,103,1,72.4,56.5,46.0,21.8,1.0,53.3,1.8,Needs Improvement,34.72936039809347
8.13,85.5,80.9,0,381,1597,9,3,2,3,4,4,4,2,175,1,46.9,70.5,49.0,59.5,5.0,82.3,6.8,Highly Ready,100.0
7.15,83.4,66.0,1,135,1052,7,6,2,4,3,3,1,0,43,0,59.4,90.1,88.9,72.6,3.0,31.5,0.0,Developing,56.34263914767755
7.17,80.4,77.4,0,217,1366,8,5,4,4,3,4,5,3,220,0,58.9,65.7,90.7,48.1,1.0,61.8,0.0,Highly Ready,100.0
6.67,81.6,67.5,3,72,1547,5,6,1,2,1,2,2,0,99,0,59.1,55.1,64.6,57.3,1.0,40.9,0.0,Needs Improvement,36.99858929645143
7.31,92.4,67.9,0,81,1099,10,1,5,4,1,3,4,0,131,1,51.0,55.0,61.1,85.0,6.0,52.2,0.8,Placement Ready,70.88310017436426
7.49,82.0,92.8,2,114,1586,10,4,4,2,4,1,1,1,20,1,76.5,32.8,70.5,38.8,2.0,66.2,3.2,Highly Ready,81.60608036220378
6.49,78.8,78.5,0,54,1198,7,5,1,2,3,3,2,2,64,1,92.5,,64.3,38.3,7.0,74.3,7.1,Highly Ready,81.84154080215113
7.09,77.5,79.9,2,68,1176,9,4,5,5,5,1,2,0,157,1,47.4,66.7,60.8,73.5,3.0,39.4,1.9,Placement Ready,71.34733686136325
6.65,77.6,59.9,2,161,1562,7,5,1,5,1,3,1,0,20,0,40.4,75.6,50.8,58.8,1.0,65.0,0.0,Developing,45.02870296361268
9.27,70.8,72.6,0,100,1099,8,5,5,4,2,5,3,1,1,1,53.4,56.0,48.1,79.2,2.0,54.7,5.9,Highly Ready,81.89039162808295
7.12,76.0,82.2,0,88,1084,3,1,5,3,2,2,2,0,40,1,81.1,75.4,65.9,33.0,1.0,58.1,6.2,Developing,44.683880777172604
8.59,94.0,79.7,0,84,1662,10,2,4,4,5,3,2,0,180,0,56.1,74.5,60.2,24.6,2.0,74.7,0.0,Placement Ready,70.41527332433843
7.02,80.3,58.6,0,39,1383,2,4,4,4,2,5,2,1,140,1,65.5,51.2,,30.6,0.0,35.8,2.7,Developing,53.68910546667174
7.43,87.6,79.9,1,111,914,7,3,5,1,4,1,1,0,59,1,46.3,53.7,53.9,67.0,2.0,65.5,4.0,Developing,48.74184379088565
6.01,62.2,81.3,1,54,1607,7,3,5,2,1,4,0,1,34,1,86.8,43.2,43.2,75.4,1.0,53.1,5.8,Placement Ready,64.712549197207
6.8,86.5,89.6,0,20,1228,1,6,4,1,3,3,6,0,88,1,55.6,72.4,34.6,73.2,2.0,73.7,3.8,Placement Ready,62.54640161560419
7.39,80.7,72.1,0,34,929,8,1,1,3,3,2,5,1,141,1,63.7,62.1,45.7,64.4,1.0,58.2,3.6,Placement Ready,69.8353239212886
8.63,78.1,57.8,1,85,800,1,4,4,2,4,2,1,0,99,1,48.1,74.4,35.0,76.3,3.0,47.0,1.5,Needs Improvement,29.283528183114687
7.4,83.4,69.0,1,151,1621,6,2,2,2,3,3,2,0,155,0,46.6,61.2,76.4,44.7,0.0,67.4,0.0,Developing,53.23069432389218
8.45,78.0,68.1,3,180,1092,9,1,1,5,1,3,1,0,155,1,59.9,48.8,51.2,21.2,1.0,38.6,3.1,Developing,49.35632155760997
7.78,65.0,84.6,2,27,977,2,3,1,2,1,2,2,1,82,1,61.6,72.9,45.7,27.5,0.0,42.0,9.1,Needs Improvement,37.29503879207989
8.66,89.4,53.5,1,141,1542,4,3,3,5,1,4,5,2,102,1,72.9,34.3,65.7,30.3,2.0,35.0,4.2,Highly Ready,91.4136222543776
7.15,83.9,74.0,1,307,1592,6,3,5,3,2,2,4,0,70,1,34.7,57.3,89.2,22.1,2.0,37.5,3.2,Placement Ready,77.31405338860998
9.35,79.5,90.8,1,187,1114,10,1,1,1,4,5,2,1,10,0,45.7,51.2,51.2,31.9,,0.0,0.0,Developing,40.44042003821133
6.76,74.3,78.1,0,108,1624,4,5,1,1,2,2,2,1,71,0,49.7,83.4,39.9,39.3,2.0,39.8,0.0,Developing,52.827212245615684
6.51,70.2,86.1,1,114,1966,2,3,1,4,5,4,2,1,20,0,61.8,86.5,51.7,65.3,2.0,48.5,0.0,Developing,52.93197436412318
6.11,83.8,63.2,0,105,1754,2,4,1,5,1,3,1,1,17,0,43.1,67.9,28.3,60.0,4.0,65.2,0.0,Developing,59.48151296462004
9.3,94.9,63.6,2,64,1707,2,4,3,5,3,5,1,1,119,1,58.6,53.9,66.2,80.6,2.0,31.6,2.0,Placement Ready,67.56755111038791
7.94,83.6,90.9,2,193,1444,9,4,5,1,4,3,4,0,38,0,50.3,86.1,67.2,33.9,2.0,40.0,0.0,Placement Ready,76.35093606783698
6.9,70.9,78.9,0,42,1217,8,4,1,5,1,2,1,0,50,0,58.0,52.2,51.0,61.3,0.0,46.5,0.0,Needs Improvement,22.58104651840741
